case,regime,query,context,method,expected,returned,id_error,value_error,unsafe_return
trace-128,clock-interval,0,0,direct,node-0081,node-0081,0,0,0
trace-128,clock-interval,0,0,verified,node-0081,node-0081,0,0,0
trace-128,clock-interval,0,0,full-compiled,node-0081,node-0081,0,0,0
trace-128,clock-interval,0,0,timestamp-only,node-0081,node-0081,0,0,0
trace-128,clock-interval,0,0,no-ancestor-expiry,node-0081,node-0081,0,0,0
trace-128,clock-interval,0,0,no-ancestor-revocation,node-0081,node-0081,0,0,0
trace-128,clock-interval,0,0,no-alias-obligations,node-0081,node-0081,0,0,0
trace-128,clock-interval,0,0,top-one,node-0081,node-0081,0,0,0
trace-128,clock-interval,0,0,expiry-skyline,node-0081,node-0081,0,0,0
trace-128,clock-interval,0,1,direct,node-0081,node-0081,0,0,0
trace-128,clock-interval,0,1,verified,node-0081,node-0081,0,0,0
trace-128,clock-interval,0,1,full-compiled,node-0081,node-0081,0,0,0
trace-128,clock-interval,0,1,timestamp-only,node-0081,node-0081,0,0,0
trace-128,clock-interval,0,1,no-ancestor-expiry,node-0081,node-0081,0,0,0
trace-128,clock-interval,0,1,no-ancestor-revocation,node-0081,node-0081,0,0,0
trace-128,clock-interval,0,1,no-alias-obligations,node-0081,node-0081,0,0,0
trace-128,clock-interval,0,1,top-one,node-0081,node-0081,0,0,0
trace-128,clock-interval,0,1,expiry-skyline,node-0081,node-0081,0,0,0
trace-128,clock-interval,0,2,direct,node-0032,node-0032,0,0,0
trace-128,clock-interval,0,2,verified,node-0032,node-0032,0,0,0
trace-128,clock-interval,0,2,full-compiled,node-0032,node-0032,0,0,0
trace-128,clock-interval,0,2,timestamp-only,node-0032,node-0087,1,1,1
trace-128,clock-interval,0,2,no-ancestor-expiry,node-0032,node-0032,0,0,0
trace-128,clock-interval,0,2,no-ancestor-revocation,node-0032,node-0080,1,1,1
trace-128,clock-interval,0,2,no-alias-obligations,node-0032,node-0087,1,1,1
trace-128,clock-interval,0,2,top-one,node-0032,,1,1,0
trace-128,clock-interval,0,2,expiry-skyline,node-0032,node-0032,0,0,0
trace-128,clock-interval,0,3,direct,node-0048,node-0048,0,0,0
trace-128,clock-interval,0,3,verified,node-0048,node-0048,0,0,0
trace-128,clock-interval,0,3,full-compiled,node-0048,node-0048,0,0,0
trace-128,clock-interval,0,3,timestamp-only,node-0048,node-0081,1,1,1
trace-128,clock-interval,0,3,no-ancestor-expiry,node-0048,node-0048,0,0,0
trace-128,clock-interval,0,3,no-ancestor-revocation,node-0048,node-0048,0,0,0
trace-128,clock-interval,0,3,no-alias-obligations,node-0048,node-0048,0,0,0
trace-128,clock-interval,0,3,top-one,node-0048,,1,1,0
trace-128,clock-interval,0,3,expiry-skyline,node-0048,node-0048,0,0,0
trace-128,clock-interval,0,4,direct,node-0000,node-0000,0,0,0
trace-128,clock-interval,0,4,verified,node-0000,node-0000,0,0,0
trace-128,clock-interval,0,4,full-compiled,node-0000,node-0000,0,0,0
trace-128,clock-interval,0,4,timestamp-only,node-0000,node-0000,0,0,0
trace-128,clock-interval,0,4,no-ancestor-expiry,node-0000,node-0000,0,0,0
trace-128,clock-interval,0,4,no-ancestor-revocation,node-0000,node-0000,0,0,0
trace-128,clock-interval,0,4,no-alias-obligations,node-0000,node-0000,0,0,0
trace-128,clock-interval,0,4,top-one,node-0000,,1,1,0
trace-128,clock-interval,0,4,expiry-skyline,node-0000,node-0000,0,0,0
trace-128,clock-interval,0,5,direct,node-0049,node-0049,0,0,0
trace-128,clock-interval,0,5,verified,node-0049,node-0049,0,0,0
trace-128,clock-interval,0,5,full-compiled,node-0049,node-0049,0,0,0
trace-128,clock-interval,0,5,timestamp-only,node-0049,node-0049,0,0,0
trace-128,clock-interval,0,5,no-ancestor-expiry,node-0049,node-0049,0,0,0
trace-128,clock-interval,0,5,no-ancestor-revocation,node-0049,node-0049,0,0,0
trace-128,clock-interval,0,5,no-alias-obligations,node-0049,node-0049,0,0,0
trace-128,clock-interval,0,5,top-one,node-0049,,1,1,0
trace-128,clock-interval,0,5,expiry-skyline,node-0049,node-0049,0,0,0
trace-128,clock-interval,0,6,direct,node-0032,node-0032,0,0,0
trace-128,clock-interval,0,6,verified,node-0032,node-0032,0,0,0
trace-128,clock-interval,0,6,full-compiled,node-0032,node-0032,0,0,0
trace-128,clock-interval,0,6,timestamp-only,node-0032,node-0018,1,1,1
trace-128,clock-interval,0,6,no-ancestor-expiry,node-0032,node-0032,0,0,0
trace-128,clock-interval,0,6,no-ancestor-revocation,node-0032,node-0032,0,0,0
trace-128,clock-interval,0,6,no-alias-obligations,node-0032,node-0021,1,1,1
trace-128,clock-interval,0,6,top-one,node-0032,,1,1,0
trace-128,clock-interval,0,6,expiry-skyline,node-0032,node-0032,0,0,0
trace-128,clock-interval,0,7,direct,,,0,0,0
trace-128,clock-interval,0,7,verified,,,0,0,0
trace-128,clock-interval,0,7,full-compiled,,,0,0,0
trace-128,clock-interval,0,7,timestamp-only,,,0,0,0
trace-128,clock-interval,0,7,no-ancestor-expiry,,,0,0,0
trace-128,clock-interval,0,7,no-ancestor-revocation,,,0,0,0
trace-128,clock-interval,0,7,no-alias-obligations,,,0,0,0
trace-128,clock-interval,0,7,top-one,,,0,0,0
trace-128,clock-interval,0,7,expiry-skyline,,,0,0,0
trace-128,clock-interval,0,8,direct,node-0081,node-0081,0,0,0
trace-128,clock-interval,0,8,verified,node-0081,node-0081,0,0,0
trace-128,clock-interval,0,8,full-compiled,node-0081,node-0081,0,0,0
trace-128,clock-interval,0,8,timestamp-only,node-0081,node-0081,0,0,0
trace-128,clock-interval,0,8,no-ancestor-expiry,node-0081,node-0081,0,0,0
trace-128,clock-interval,0,8,no-ancestor-revocation,node-0081,node-0081,0,0,0
trace-128,clock-interval,0,8,no-alias-obligations,node-0081,node-0081,0,0,0
trace-128,clock-interval,0,8,top-one,node-0081,node-0081,0,0,0
trace-128,clock-interval,0,8,expiry-skyline,node-0081,node-0081,0,0,0
trace-128,clock-interval,0,9,direct,node-0048,node-0048,0,0,0
trace-128,clock-interval,0,9,verified,node-0048,node-0048,0,0,0
trace-128,clock-interval,0,9,full-compiled,node-0048,node-0048,0,0,0
trace-128,clock-interval,0,9,timestamp-only,node-0048,node-0081,1,1,1
trace-128,clock-interval,0,9,no-ancestor-expiry,node-0048,node-0081,1,1,1
trace-128,clock-interval,0,9,no-ancestor-revocation,node-0048,node-0048,0,0,0
trace-128,clock-interval,0,9,no-alias-obligations,node-0048,node-0048,0,0,0
trace-128,clock-interval,0,9,top-one,node-0048,,1,1,0
trace-128,clock-interval,0,9,expiry-skyline,node-0048,node-0048,0,0,0
trace-128,clock-interval,0,10,direct,node-0032,node-0032,0,0,0
trace-128,clock-interval,0,10,verified,node-0032,node-0032,0,0,0
trace-128,clock-interval,0,10,full-compiled,node-0032,node-0032,0,0,0
trace-128,clock-interval,0,10,timestamp-only,node-0032,node-0087,1,1,1
trace-128,clock-interval,0,10,no-ancestor-expiry,node-0032,node-0032,0,0,0
trace-128,clock-interval,0,10,no-ancestor-revocation,node-0032,node-0080,1,1,1
trace-128,clock-interval,0,10,no-alias-obligations,node-0032,node-0087,1,1,1
trace-128,clock-interval,0,10,top-one,node-0032,,1,1,0
trace-128,clock-interval,0,10,expiry-skyline,node-0032,node-0032,0,0,0
trace-128,clock-interval,0,11,direct,,,0,0,0
trace-128,clock-interval,0,11,verified,,,0,0,0
trace-128,clock-interval,0,11,full-compiled,,,0,0,0
trace-128,clock-interval,0,11,timestamp-only,,node-0080,1,1,1
trace-128,clock-interval,0,11,no-ancestor-expiry,,,0,0,0
trace-128,clock-interval,0,11,no-ancestor-revocation,,,0,0,0
trace-128,clock-interval,0,11,no-alias-obligations,,node-0003,1,1,1
trace-128,clock-interval,0,11,top-one,,,0,0,0
trace-128,clock-interval,0,11,expiry-skyline,,,0,0,0
trace-128,clock-interval,1,0,direct,node-0058,node-0058,0,0,0
trace-128,clock-interval,1,0,verified,node-0058,node-0058,0,0,0
trace-128,clock-interval,1,0,full-compiled,node-0058,node-0058,0,0,0
trace-128,clock-interval,1,0,timestamp-only,node-0058,node-0058,0,0,0
trace-128,clock-interval,1,0,no-ancestor-expiry,node-0058,node-0058,0,0,0
trace-128,clock-interval,1,0,no-ancestor-revocation,node-0058,node-0058,0,0,0
trace-128,clock-interval,1,0,no-alias-obligations,node-0058,node-0058,0,0,0
trace-128,clock-interval,1,0,top-one,node-0058,node-0058,0,0,0
trace-128,clock-interval,1,0,expiry-skyline,node-0058,node-0058,0,0,0
trace-128,clock-interval,1,1,direct,node-0058,node-0058,0,0,0
trace-128,clock-interval,1,1,verified,node-0058,node-0058,0,0,0
trace-128,clock-interval,1,1,full-compiled,node-0058,node-0058,0,0,0
trace-128,clock-interval,1,1,timestamp-only,node-0058,node-0058,0,0,0
trace-128,clock-interval,1,1,no-ancestor-expiry,node-0058,node-0058,0,0,0
trace-128,clock-interval,1,1,no-ancestor-revocation,node-0058,node-0058,0,0,0
trace-128,clock-interval,1,1,no-alias-obligations,node-0058,node-0058,0,0,0
trace-128,clock-interval,1,1,top-one,node-0058,node-0058,0,0,0
trace-128,clock-interval,1,1,expiry-skyline,node-0058,node-0058,0,0,0
trace-128,clock-interval,1,2,direct,node-0095,node-0095,0,0,0
trace-128,clock-interval,1,2,verified,node-0095,node-0095,0,0,0
trace-128,clock-interval,1,2,full-compiled,node-0095,node-0095,0,0,0
trace-128,clock-interval,1,2,timestamp-only,node-0095,node-0094,1,1,1
trace-128,clock-interval,1,2,no-ancestor-expiry,node-0095,node-0095,0,0,0
trace-128,clock-interval,1,2,no-ancestor-revocation,node-0095,node-0095,0,0,0
trace-128,clock-interval,1,2,no-alias-obligations,node-0095,node-0094,1,1,1
trace-128,clock-interval,1,2,top-one,node-0095,,1,1,0
trace-128,clock-interval,1,2,expiry-skyline,node-0095,,1,1,0
trace-128,clock-interval,1,3,direct,node-0058,node-0058,0,0,0
trace-128,clock-interval,1,3,verified,node-0058,node-0058,0,0,0
trace-128,clock-interval,1,3,full-compiled,node-0058,node-0058,0,0,0
trace-128,clock-interval,1,3,timestamp-only,node-0058,node-0058,0,0,0
trace-128,clock-interval,1,3,no-ancestor-expiry,node-0058,node-0058,0,0,0
trace-128,clock-interval,1,3,no-ancestor-revocation,node-0058,node-0058,0,0,0
trace-128,clock-interval,1,3,no-alias-obligations,node-0058,node-0058,0,0,0
trace-128,clock-interval,1,3,top-one,node-0058,node-0058,0,0,0
trace-128,clock-interval,1,3,expiry-skyline,node-0058,node-0058,0,0,0
trace-128,clock-interval,1,4,direct,node-0058,node-0058,0,0,0
trace-128,clock-interval,1,4,verified,node-0058,node-0058,0,0,0
trace-128,clock-interval,1,4,full-compiled,node-0058,node-0058,0,0,0
trace-128,clock-interval,1,4,timestamp-only,node-0058,node-0058,0,0,0
trace-128,clock-interval,1,4,no-ancestor-expiry,node-0058,node-0058,0,0,0
trace-128,clock-interval,1,4,no-ancestor-revocation,node-0058,node-0058,0,0,0
trace-128,clock-interval,1,4,no-alias-obligations,node-0058,node-0058,0,0,0
trace-128,clock-interval,1,4,top-one,node-0058,node-0058,0,0,0
trace-128,clock-interval,1,4,expiry-skyline,node-0058,node-0058,0,0,0
trace-128,clock-interval,1,5,direct,node-0058,node-0058,0,0,0
trace-128,clock-interval,1,5,verified,node-0058,node-0058,0,0,0
trace-128,clock-interval,1,5,full-compiled,node-0058,node-0058,0,0,0
trace-128,clock-interval,1,5,timestamp-only,node-0058,node-0058,0,0,0
trace-128,clock-interval,1,5,no-ancestor-expiry,node-0058,node-0058,0,0,0
trace-128,clock-interval,1,5,no-ancestor-revocation,node-0058,node-0058,0,0,0
trace-128,clock-interval,1,5,no-alias-obligations,node-0058,node-0058,0,0,0
trace-128,clock-interval,1,5,top-one,node-0058,node-0058,0,0,0
trace-128,clock-interval,1,5,expiry-skyline,node-0058,node-0058,0,0,0
trace-128,clock-interval,1,6,direct,,,0,0,0
trace-128,clock-interval,1,6,verified,,,0,0,0
trace-128,clock-interval,1,6,full-compiled,,,0,0,0
trace-128,clock-interval,1,6,timestamp-only,,node-0059,1,1,1
trace-128,clock-interval,1,6,no-ancestor-expiry,,,0,0,0
trace-128,clock-interval,1,6,no-ancestor-revocation,,,0,0,0
trace-128,clock-interval,1,6,no-alias-obligations,,node-0044,1,1,1
trace-128,clock-interval,1,6,top-one,,,0,0,0
trace-128,clock-interval,1,6,expiry-skyline,,,0,0,0
trace-128,clock-interval,1,7,direct,,,0,0,0
trace-128,clock-interval,1,7,verified,,,0,0,0
trace-128,clock-interval,1,7,full-compiled,,,0,0,0
trace-128,clock-interval,1,7,timestamp-only,,,0,0,0
trace-128,clock-interval,1,7,no-ancestor-expiry,,,0,0,0
trace-128,clock-interval,1,7,no-ancestor-revocation,,,0,0,0
trace-128,clock-interval,1,7,no-alias-obligations,,,0,0,0
trace-128,clock-interval,1,7,top-one,,,0,0,0
trace-128,clock-interval,1,7,expiry-skyline,,,0,0,0
trace-128,clock-interval,1,8,direct,node-0058,node-0058,0,0,0
trace-128,clock-interval,1,8,verified,node-0058,node-0058,0,0,0
trace-128,clock-interval,1,8,full-compiled,node-0058,node-0058,0,0,0
trace-128,clock-interval,1,8,timestamp-only,node-0058,node-0058,0,0,0
trace-128,clock-interval,1,8,no-ancestor-expiry,node-0058,node-0058,0,0,0
trace-128,clock-interval,1,8,no-ancestor-revocation,node-0058,node-0058,0,0,0
trace-128,clock-interval,1,8,no-alias-obligations,node-0058,node-0058,0,0,0
trace-128,clock-interval,1,8,top-one,node-0058,node-0058,0,0,0
trace-128,clock-interval,1,8,expiry-skyline,node-0058,node-0058,0,0,0
trace-128,clock-interval,1,9,direct,node-0058,node-0058,0,0,0
trace-128,clock-interval,1,9,verified,node-0058,node-0058,0,0,0
trace-128,clock-interval,1,9,full-compiled,node-0058,node-0058,0,0,0
trace-128,clock-interval,1,9,timestamp-only,node-0058,node-0058,0,0,0
trace-128,clock-interval,1,9,no-ancestor-expiry,node-0058,node-0058,0,0,0
trace-128,clock-interval,1,9,no-ancestor-revocation,node-0058,node-0058,0,0,0
trace-128,clock-interval,1,9,no-alias-obligations,node-0058,node-0058,0,0,0
trace-128,clock-interval,1,9,top-one,node-0058,node-0058,0,0,0
trace-128,clock-interval,1,9,expiry-skyline,node-0058,node-0058,0,0,0
trace-128,clock-interval,1,10,direct,,,0,0,0
trace-128,clock-interval,1,10,verified,,,0,0,0
trace-128,clock-interval,1,10,full-compiled,,,0,0,0
trace-128,clock-interval,1,10,timestamp-only,,node-0094,1,1,1
trace-128,clock-interval,1,10,no-ancestor-expiry,,node-0047,1,1,1
trace-128,clock-interval,1,10,no-ancestor-revocation,,,0,0,0
trace-128,clock-interval,1,10,no-alias-obligations,,node-0094,1,1,1
trace-128,clock-interval,1,10,top-one,,,0,0,0
trace-128,clock-interval,1,10,expiry-skyline,,,0,0,0
trace-128,clock-interval,1,11,direct,,,0,0,0
trace-128,clock-interval,1,11,verified,,,0,0,0
trace-128,clock-interval,1,11,full-compiled,,,0,0,0
trace-128,clock-interval,1,11,timestamp-only,,node-0059,1,1,1
trace-128,clock-interval,1,11,no-ancestor-expiry,,,0,0,0
trace-128,clock-interval,1,11,no-ancestor-revocation,,,0,0,0
trace-128,clock-interval,1,11,no-alias-obligations,,node-0044,1,1,1
trace-128,clock-interval,1,11,top-one,,,0,0,0
trace-128,clock-interval,1,11,expiry-skyline,,,0,0,0
trace-129,clock-interval,0,0,direct,node-0021,node-0021,0,0,0
trace-129,clock-interval,0,0,verified,node-0021,node-0021,0,0,0
trace-129,clock-interval,0,0,full-compiled,node-0021,node-0021,0,0,0
trace-129,clock-interval,0,0,timestamp-only,node-0021,node-0021,0,0,0
trace-129,clock-interval,0,0,no-ancestor-expiry,node-0021,node-0021,0,0,0
trace-129,clock-interval,0,0,no-ancestor-revocation,node-0021,node-0021,0,0,0
trace-129,clock-interval,0,0,no-alias-obligations,node-0021,node-0021,0,0,0
trace-129,clock-interval,0,0,top-one,node-0021,node-0021,0,0,0
trace-129,clock-interval,0,0,expiry-skyline,node-0021,node-0021,0,0,0
trace-129,clock-interval,0,1,direct,node-0021,node-0021,0,0,0
trace-129,clock-interval,0,1,verified,node-0021,node-0021,0,0,0
trace-129,clock-interval,0,1,full-compiled,node-0021,node-0021,0,0,0
trace-129,clock-interval,0,1,timestamp-only,node-0021,node-0021,0,0,0
trace-129,clock-interval,0,1,no-ancestor-expiry,node-0021,node-0021,0,0,0
trace-129,clock-interval,0,1,no-ancestor-revocation,node-0021,node-0021,0,0,0
trace-129,clock-interval,0,1,no-alias-obligations,node-0021,node-0021,0,0,0
trace-129,clock-interval,0,1,top-one,node-0021,node-0021,0,0,0
trace-129,clock-interval,0,1,expiry-skyline,node-0021,node-0021,0,0,0
trace-129,clock-interval,0,2,direct,node-0000,node-0000,0,0,0
trace-129,clock-interval,0,2,verified,node-0000,node-0000,0,0,0
trace-129,clock-interval,0,2,full-compiled,node-0000,node-0000,0,0,0
trace-129,clock-interval,0,2,timestamp-only,node-0000,node-0068,1,1,1
trace-129,clock-interval,0,2,no-ancestor-expiry,node-0000,node-0000,0,0,0
trace-129,clock-interval,0,2,no-ancestor-revocation,node-0000,node-0000,0,0,0
trace-129,clock-interval,0,2,no-alias-obligations,node-0000,node-0068,1,1,1
trace-129,clock-interval,0,2,top-one,node-0000,,1,1,0
trace-129,clock-interval,0,2,expiry-skyline,node-0000,,1,1,0
trace-129,clock-interval,0,3,direct,node-0021,node-0021,0,0,0
trace-129,clock-interval,0,3,verified,node-0021,node-0021,0,0,0
trace-129,clock-interval,0,3,full-compiled,node-0021,node-0021,0,0,0
trace-129,clock-interval,0,3,timestamp-only,node-0021,node-0021,0,0,0
trace-129,clock-interval,0,3,no-ancestor-expiry,node-0021,node-0021,0,0,0
trace-129,clock-interval,0,3,no-ancestor-revocation,node-0021,node-0021,0,0,0
trace-129,clock-interval,0,3,no-alias-obligations,node-0021,node-0021,0,0,0
trace-129,clock-interval,0,3,top-one,node-0021,node-0021,0,0,0
trace-129,clock-interval,0,3,expiry-skyline,node-0021,node-0021,0,0,0
trace-129,clock-interval,0,4,direct,node-0082,node-0082,0,0,0
trace-129,clock-interval,0,4,verified,node-0082,node-0082,0,0,0
trace-129,clock-interval,0,4,full-compiled,node-0082,node-0082,0,0,0
trace-129,clock-interval,0,4,timestamp-only,node-0082,node-0082,0,0,0
trace-129,clock-interval,0,4,no-ancestor-expiry,node-0082,node-0082,0,0,0
trace-129,clock-interval,0,4,no-ancestor-revocation,node-0082,node-0082,0,0,0
trace-129,clock-interval,0,4,no-alias-obligations,node-0082,node-0082,0,0,0
trace-129,clock-interval,0,4,top-one,node-0082,,1,1,0
trace-129,clock-interval,0,4,expiry-skyline,node-0082,node-0082,0,0,0
trace-129,clock-interval,0,5,direct,node-0082,node-0082,0,0,0
trace-129,clock-interval,0,5,verified,node-0082,node-0082,0,0,0
trace-129,clock-interval,0,5,full-compiled,node-0082,node-0082,0,0,0
trace-129,clock-interval,0,5,timestamp-only,node-0082,node-0082,0,0,0
trace-129,clock-interval,0,5,no-ancestor-expiry,node-0082,node-0082,0,0,0
trace-129,clock-interval,0,5,no-ancestor-revocation,node-0082,node-0082,0,0,0
trace-129,clock-interval,0,5,no-alias-obligations,node-0082,node-0082,0,0,0
trace-129,clock-interval,0,5,top-one,node-0082,,1,1,0
trace-129,clock-interval,0,5,expiry-skyline,node-0082,node-0082,0,0,0
trace-129,clock-interval,0,6,direct,,,0,0,0
trace-129,clock-interval,0,6,verified,,,0,0,0
trace-129,clock-interval,0,6,full-compiled,,,0,0,0
trace-129,clock-interval,0,6,timestamp-only,,node-0082,1,1,1
trace-129,clock-interval,0,6,no-ancestor-expiry,,node-0032,1,1,1
trace-129,clock-interval,0,6,no-ancestor-revocation,,,0,0,0
trace-129,clock-interval,0,6,no-alias-obligations,,node-0082,1,1,1
trace-129,clock-interval,0,6,top-one,,,0,0,0
trace-129,clock-interval,0,6,expiry-skyline,,,0,0,0
trace-129,clock-interval,0,7,direct,,,0,0,0
trace-129,clock-interval,0,7,verified,,,0,0,0
trace-129,clock-interval,0,7,full-compiled,,,0,0,0
trace-129,clock-interval,0,7,timestamp-only,,,0,0,0
trace-129,clock-interval,0,7,no-ancestor-expiry,,,0,0,0
trace-129,clock-interval,0,7,no-ancestor-revocation,,,0,0,0
trace-129,clock-interval,0,7,no-alias-obligations,,,0,0,0
trace-129,clock-interval,0,7,top-one,,,0,0,0
trace-129,clock-interval,0,7,expiry-skyline,,,0,0,0
trace-129,clock-interval,0,8,direct,node-0000,node-0000,0,0,0
trace-129,clock-interval,0,8,verified,node-0000,node-0000,0,0,0
trace-129,clock-interval,0,8,full-compiled,node-0000,node-0000,0,0,0
trace-129,clock-interval,0,8,timestamp-only,node-0000,node-0068,1,1,1
trace-129,clock-interval,0,8,no-ancestor-expiry,node-0000,node-0000,0,0,0
trace-129,clock-interval,0,8,no-ancestor-revocation,node-0000,node-0000,0,0,0
trace-129,clock-interval,0,8,no-alias-obligations,node-0000,node-0068,1,1,1
trace-129,clock-interval,0,8,top-one,node-0000,,1,1,0
trace-129,clock-interval,0,8,expiry-skyline,node-0000,,1,1,0
trace-129,clock-interval,0,9,direct,node-0000,node-0000,0,0,0
trace-129,clock-interval,0,9,verified,node-0000,node-0000,0,0,0
trace-129,clock-interval,0,9,full-compiled,node-0000,node-0000,0,0,0
trace-129,clock-interval,0,9,timestamp-only,node-0000,node-0068,1,1,1
trace-129,clock-interval,0,9,no-ancestor-expiry,node-0000,node-0000,0,0,0
trace-129,clock-interval,0,9,no-ancestor-revocation,node-0000,node-0000,0,0,0
trace-129,clock-interval,0,9,no-alias-obligations,node-0000,node-0068,1,1,1
trace-129,clock-interval,0,9,top-one,node-0000,,1,1,0
trace-129,clock-interval,0,9,expiry-skyline,node-0000,,1,1,0
trace-129,clock-interval,0,10,direct,node-0082,node-0082,0,0,0
trace-129,clock-interval,0,10,verified,node-0082,node-0082,0,0,0
trace-129,clock-interval,0,10,full-compiled,node-0082,node-0082,0,0,0
trace-129,clock-interval,0,10,timestamp-only,node-0082,node-0082,0,0,0
trace-129,clock-interval,0,10,no-ancestor-expiry,node-0082,node-0082,0,0,0
trace-129,clock-interval,0,10,no-ancestor-revocation,node-0082,node-0082,0,0,0
trace-129,clock-interval,0,10,no-alias-obligations,node-0082,node-0082,0,0,0
trace-129,clock-interval,0,10,top-one,node-0082,,1,1,0
trace-129,clock-interval,0,10,expiry-skyline,node-0082,node-0082,0,0,0
trace-129,clock-interval,0,11,direct,node-0016,node-0016,0,0,0
trace-129,clock-interval,0,11,verified,node-0016,node-0016,0,0,0
trace-129,clock-interval,0,11,full-compiled,node-0016,node-0016,0,0,0
trace-129,clock-interval,0,11,timestamp-only,node-0016,node-0037,1,1,1
trace-129,clock-interval,0,11,no-ancestor-expiry,node-0016,node-0016,0,0,0
trace-129,clock-interval,0,11,no-ancestor-revocation,node-0016,node-0016,0,0,0
trace-129,clock-interval,0,11,no-alias-obligations,node-0016,node-0037,1,1,1
trace-129,clock-interval,0,11,top-one,node-0016,,1,1,0
trace-129,clock-interval,0,11,expiry-skyline,node-0016,,1,1,0
trace-129,clock-interval,1,0,direct,node-0072,node-0072,0,0,0
trace-129,clock-interval,1,0,verified,node-0072,node-0072,0,0,0
trace-129,clock-interval,1,0,full-compiled,node-0072,node-0072,0,0,0
trace-129,clock-interval,1,0,timestamp-only,node-0072,node-0072,0,0,0
trace-129,clock-interval,1,0,no-ancestor-expiry,node-0072,node-0072,0,0,0
trace-129,clock-interval,1,0,no-ancestor-revocation,node-0072,node-0072,0,0,0
trace-129,clock-interval,1,0,no-alias-obligations,node-0072,node-0072,0,0,0
trace-129,clock-interval,1,0,top-one,node-0072,node-0072,0,0,0
trace-129,clock-interval,1,0,expiry-skyline,node-0072,node-0072,0,0,0
trace-129,clock-interval,1,1,direct,node-0072,node-0072,0,0,0
trace-129,clock-interval,1,1,verified,node-0072,node-0072,0,0,0
trace-129,clock-interval,1,1,full-compiled,node-0072,node-0072,0,0,0
trace-129,clock-interval,1,1,timestamp-only,node-0072,node-0072,0,0,0
trace-129,clock-interval,1,1,no-ancestor-expiry,node-0072,node-0072,0,0,0
trace-129,clock-interval,1,1,no-ancestor-revocation,node-0072,node-0072,0,0,0
trace-129,clock-interval,1,1,no-alias-obligations,node-0072,node-0072,0,0,0
trace-129,clock-interval,1,1,top-one,node-0072,node-0072,0,0,0
trace-129,clock-interval,1,1,expiry-skyline,node-0072,node-0072,0,0,0
trace-129,clock-interval,1,2,direct,node-0015,node-0015,0,0,0
trace-129,clock-interval,1,2,verified,node-0015,node-0015,0,0,0
trace-129,clock-interval,1,2,full-compiled,node-0015,node-0015,0,0,0
trace-129,clock-interval,1,2,timestamp-only,node-0015,node-0073,1,1,1
trace-129,clock-interval,1,2,no-ancestor-expiry,node-0015,node-0015,0,0,0
trace-129,clock-interval,1,2,no-ancestor-revocation,node-0015,node-0063,1,1,1
trace-129,clock-interval,1,2,no-alias-obligations,node-0015,node-0030,1,0,1
trace-129,clock-interval,1,2,top-one,node-0015,,1,1,0
trace-129,clock-interval,1,2,expiry-skyline,node-0015,,1,1,0
trace-129,clock-interval,1,3,direct,node-0072,node-0072,0,0,0
trace-129,clock-interval,1,3,verified,node-0072,node-0072,0,0,0
trace-129,clock-interval,1,3,full-compiled,node-0072,node-0072,0,0,0
trace-129,clock-interval,1,3,timestamp-only,node-0072,node-0072,0,0,0
trace-129,clock-interval,1,3,no-ancestor-expiry,node-0072,node-0072,0,0,0
trace-129,clock-interval,1,3,no-ancestor-revocation,node-0072,node-0072,0,0,0
trace-129,clock-interval,1,3,no-alias-obligations,node-0072,node-0072,0,0,0
trace-129,clock-interval,1,3,top-one,node-0072,node-0072,0,0,0
trace-129,clock-interval,1,3,expiry-skyline,node-0072,node-0072,0,0,0
trace-129,clock-interval,1,4,direct,node-0072,node-0072,0,0,0
trace-129,clock-interval,1,4,verified,node-0072,node-0072,0,0,0
trace-129,clock-interval,1,4,full-compiled,node-0072,node-0072,0,0,0
trace-129,clock-interval,1,4,timestamp-only,node-0072,node-0072,0,0,0
trace-129,clock-interval,1,4,no-ancestor-expiry,node-0072,node-0072,0,0,0
trace-129,clock-interval,1,4,no-ancestor-revocation,node-0072,node-0072,0,0,0
trace-129,clock-interval,1,4,no-alias-obligations,node-0072,node-0072,0,0,0
trace-129,clock-interval,1,4,top-one,node-0072,node-0072,0,0,0
trace-129,clock-interval,1,4,expiry-skyline,node-0072,node-0072,0,0,0
trace-129,clock-interval,1,5,direct,node-0072,node-0072,0,0,0
trace-129,clock-interval,1,5,verified,node-0072,node-0072,0,0,0
trace-129,clock-interval,1,5,full-compiled,node-0072,node-0072,0,0,0
trace-129,clock-interval,1,5,timestamp-only,node-0072,node-0072,0,0,0
trace-129,clock-interval,1,5,no-ancestor-expiry,node-0072,node-0072,0,0,0
trace-129,clock-interval,1,5,no-ancestor-revocation,node-0072,node-0072,0,0,0
trace-129,clock-interval,1,5,no-alias-obligations,node-0072,node-0072,0,0,0
trace-129,clock-interval,1,5,top-one,node-0072,node-0072,0,0,0
trace-129,clock-interval,1,5,expiry-skyline,node-0072,node-0072,0,0,0
trace-129,clock-interval,1,6,direct,,,0,0,0
trace-129,clock-interval,1,6,verified,,,0,0,0
trace-129,clock-interval,1,6,full-compiled,,,0,0,0
trace-129,clock-interval,1,6,timestamp-only,,node-0072,1,1,1
trace-129,clock-interval,1,6,no-ancestor-expiry,,,0,0,0
trace-129,clock-interval,1,6,no-ancestor-revocation,,,0,0,0
trace-129,clock-interval,1,6,no-alias-obligations,,node-0072,1,1,1
trace-129,clock-interval,1,6,top-one,,,0,0,0
trace-129,clock-interval,1,6,expiry-skyline,,,0,0,0
trace-129,clock-interval,1,7,direct,,,0,0,0
trace-129,clock-interval,1,7,verified,,,0,0,0
trace-129,clock-interval,1,7,full-compiled,,,0,0,0
trace-129,clock-interval,1,7,timestamp-only,,,0,0,0
trace-129,clock-interval,1,7,no-ancestor-expiry,,,0,0,0
trace-129,clock-interval,1,7,no-ancestor-revocation,,,0,0,0
trace-129,clock-interval,1,7,no-alias-obligations,,,0,0,0
trace-129,clock-interval,1,7,top-one,,,0,0,0
trace-129,clock-interval,1,7,expiry-skyline,,,0,0,0
trace-129,clock-interval,1,8,direct,node-0015,node-0015,0,0,0
trace-129,clock-interval,1,8,verified,node-0015,node-0015,0,0,0
trace-129,clock-interval,1,8,full-compiled,node-0015,node-0015,0,0,0
trace-129,clock-interval,1,8,timestamp-only,node-0015,node-0073,1,1,1
trace-129,clock-interval,1,8,no-ancestor-expiry,node-0015,node-0015,0,0,0
trace-129,clock-interval,1,8,no-ancestor-revocation,node-0015,node-0063,1,1,1
trace-129,clock-interval,1,8,no-alias-obligations,node-0015,node-0030,1,0,1
trace-129,clock-interval,1,8,top-one,node-0015,,1,1,0
trace-129,clock-interval,1,8,expiry-skyline,node-0015,,1,1,0
trace-129,clock-interval,1,9,direct,node-0015,node-0015,0,0,0
trace-129,clock-interval,1,9,verified,node-0015,node-0015,0,0,0
trace-129,clock-interval,1,9,full-compiled,node-0015,node-0015,0,0,0
trace-129,clock-interval,1,9,timestamp-only,node-0015,node-0073,1,1,1
trace-129,clock-interval,1,9,no-ancestor-expiry,node-0015,node-0015,0,0,0
trace-129,clock-interval,1,9,no-ancestor-revocation,node-0015,node-0063,1,1,1
trace-129,clock-interval,1,9,no-alias-obligations,node-0015,node-0030,1,0,1
trace-129,clock-interval,1,9,top-one,node-0015,,1,1,0
trace-129,clock-interval,1,9,expiry-skyline,node-0015,,1,1,0
trace-129,clock-interval,1,10,direct,node-0072,node-0072,0,0,0
trace-129,clock-interval,1,10,verified,node-0072,node-0072,0,0,0
trace-129,clock-interval,1,10,full-compiled,node-0072,node-0072,0,0,0
trace-129,clock-interval,1,10,timestamp-only,node-0072,node-0072,0,0,0
trace-129,clock-interval,1,10,no-ancestor-expiry,node-0072,node-0072,0,0,0
trace-129,clock-interval,1,10,no-ancestor-revocation,node-0072,node-0072,0,0,0
trace-129,clock-interval,1,10,no-alias-obligations,node-0072,node-0072,0,0,0
trace-129,clock-interval,1,10,top-one,node-0072,node-0072,0,0,0
trace-129,clock-interval,1,10,expiry-skyline,node-0072,node-0072,0,0,0
trace-129,clock-interval,1,11,direct,node-0095,node-0095,0,0,0
trace-129,clock-interval,1,11,verified,node-0095,node-0095,0,0,0
trace-129,clock-interval,1,11,full-compiled,node-0095,node-0095,0,0,0
trace-129,clock-interval,1,11,timestamp-only,node-0095,node-0043,1,1,1
trace-129,clock-interval,1,11,no-ancestor-expiry,node-0095,node-0095,0,0,0
trace-129,clock-interval,1,11,no-ancestor-revocation,node-0095,node-0095,0,0,0
trace-129,clock-interval,1,11,no-alias-obligations,node-0095,node-0043,1,1,1
trace-129,clock-interval,1,11,top-one,node-0095,,1,1,0
trace-129,clock-interval,1,11,expiry-skyline,node-0095,,1,1,0
trace-130,clock-interval,0,0,direct,node-0004,node-0004,0,0,0
trace-130,clock-interval,0,0,verified,node-0004,node-0004,0,0,0
trace-130,clock-interval,0,0,full-compiled,node-0004,node-0004,0,0,0
trace-130,clock-interval,0,0,timestamp-only,node-0004,node-0004,0,0,0
trace-130,clock-interval,0,0,no-ancestor-expiry,node-0004,node-0004,0,0,0
trace-130,clock-interval,0,0,no-ancestor-revocation,node-0004,node-0004,0,0,0
trace-130,clock-interval,0,0,no-alias-obligations,node-0004,node-0004,0,0,0
trace-130,clock-interval,0,0,top-one,node-0004,node-0004,0,0,0
trace-130,clock-interval,0,0,expiry-skyline,node-0004,node-0004,0,0,0
trace-130,clock-interval,0,1,direct,node-0004,node-0004,0,0,0
trace-130,clock-interval,0,1,verified,node-0004,node-0004,0,0,0
trace-130,clock-interval,0,1,full-compiled,node-0004,node-0004,0,0,0
trace-130,clock-interval,0,1,timestamp-only,node-0004,node-0004,0,0,0
trace-130,clock-interval,0,1,no-ancestor-expiry,node-0004,node-0004,0,0,0
trace-130,clock-interval,0,1,no-ancestor-revocation,node-0004,node-0004,0,0,0
trace-130,clock-interval,0,1,no-alias-obligations,node-0004,node-0004,0,0,0
trace-130,clock-interval,0,1,top-one,node-0004,node-0004,0,0,0
trace-130,clock-interval,0,1,expiry-skyline,node-0004,node-0004,0,0,0
trace-130,clock-interval,0,2,direct,node-0080,node-0080,0,0,0
trace-130,clock-interval,0,2,verified,node-0080,node-0080,0,0,0
trace-130,clock-interval,0,2,full-compiled,node-0080,node-0080,0,0,0
trace-130,clock-interval,0,2,timestamp-only,node-0080,node-0051,1,0,1
trace-130,clock-interval,0,2,no-ancestor-expiry,node-0080,node-0080,0,0,0
trace-130,clock-interval,0,2,no-ancestor-revocation,node-0080,node-0080,0,0,0
trace-130,clock-interval,0,2,no-alias-obligations,node-0080,node-0080,0,0,0
trace-130,clock-interval,0,2,top-one,node-0080,,1,1,0
trace-130,clock-interval,0,2,expiry-skyline,node-0080,node-0080,0,0,0
trace-130,clock-interval,0,3,direct,node-0004,node-0004,0,0,0
trace-130,clock-interval,0,3,verified,node-0004,node-0004,0,0,0
trace-130,clock-interval,0,3,full-compiled,node-0004,node-0004,0,0,0
trace-130,clock-interval,0,3,timestamp-only,node-0004,node-0004,0,0,0
trace-130,clock-interval,0,3,no-ancestor-expiry,node-0004,node-0004,0,0,0
trace-130,clock-interval,0,3,no-ancestor-revocation,node-0004,node-0004,0,0,0
trace-130,clock-interval,0,3,no-alias-obligations,node-0004,node-0004,0,0,0
trace-130,clock-interval,0,3,top-one,node-0004,node-0004,0,0,0
trace-130,clock-interval,0,3,expiry-skyline,node-0004,node-0004,0,0,0
trace-130,clock-interval,0,4,direct,node-0004,node-0004,0,0,0
trace-130,clock-interval,0,4,verified,node-0004,node-0004,0,0,0
trace-130,clock-interval,0,4,full-compiled,node-0004,node-0004,0,0,0
trace-130,clock-interval,0,4,timestamp-only,node-0004,node-0004,0,0,0
trace-130,clock-interval,0,4,no-ancestor-expiry,node-0004,node-0004,0,0,0
trace-130,clock-interval,0,4,no-ancestor-revocation,node-0004,node-0004,0,0,0
trace-130,clock-interval,0,4,no-alias-obligations,node-0004,node-0004,0,0,0
trace-130,clock-interval,0,4,top-one,node-0004,node-0004,0,0,0
trace-130,clock-interval,0,4,expiry-skyline,node-0004,node-0004,0,0,0
trace-130,clock-interval,0,5,direct,node-0004,node-0004,0,0,0
trace-130,clock-interval,0,5,verified,node-0004,node-0004,0,0,0
trace-130,clock-interval,0,5,full-compiled,node-0004,node-0004,0,0,0
trace-130,clock-interval,0,5,timestamp-only,node-0004,node-0004,0,0,0
trace-130,clock-interval,0,5,no-ancestor-expiry,node-0004,node-0004,0,0,0
trace-130,clock-interval,0,5,no-ancestor-revocation,node-0004,node-0004,0,0,0
trace-130,clock-interval,0,5,no-alias-obligations,node-0004,node-0004,0,0,0
trace-130,clock-interval,0,5,top-one,node-0004,node-0004,0,0,0
trace-130,clock-interval,0,5,expiry-skyline,node-0004,node-0004,0,0,0
trace-130,clock-interval,0,6,direct,node-0065,node-0065,0,0,0
trace-130,clock-interval,0,6,verified,node-0065,node-0065,0,0,0
trace-130,clock-interval,0,6,full-compiled,node-0065,node-0065,0,0,0
trace-130,clock-interval,0,6,timestamp-only,node-0065,node-0004,1,1,1
trace-130,clock-interval,0,6,no-ancestor-expiry,node-0065,node-0065,0,0,0
trace-130,clock-interval,0,6,no-ancestor-revocation,node-0065,node-0065,0,0,0
trace-130,clock-interval,0,6,no-alias-obligations,node-0065,node-0004,1,1,1
trace-130,clock-interval,0,6,top-one,node-0065,,1,1,0
trace-130,clock-interval,0,6,expiry-skyline,node-0065,node-0065,0,0,0
trace-130,clock-interval,0,7,direct,,,0,0,0
trace-130,clock-interval,0,7,verified,,,0,0,0
trace-130,clock-interval,0,7,full-compiled,,,0,0,0
trace-130,clock-interval,0,7,timestamp-only,,,0,0,0
trace-130,clock-interval,0,7,no-ancestor-expiry,,,0,0,0
trace-130,clock-interval,0,7,no-ancestor-revocation,,,0,0,0
trace-130,clock-interval,0,7,no-alias-obligations,,,0,0,0
trace-130,clock-interval,0,7,top-one,,,0,0,0
trace-130,clock-interval,0,7,expiry-skyline,,,0,0,0
trace-130,clock-interval,0,8,direct,node-0004,node-0004,0,0,0
trace-130,clock-interval,0,8,verified,node-0004,node-0004,0,0,0
trace-130,clock-interval,0,8,full-compiled,node-0004,node-0004,0,0,0
trace-130,clock-interval,0,8,timestamp-only,node-0004,node-0004,0,0,0
trace-130,clock-interval,0,8,no-ancestor-expiry,node-0004,node-0004,0,0,0
trace-130,clock-interval,0,8,no-ancestor-revocation,node-0004,node-0004,0,0,0
trace-130,clock-interval,0,8,no-alias-obligations,node-0004,node-0004,0,0,0
trace-130,clock-interval,0,8,top-one,node-0004,node-0004,0,0,0
trace-130,clock-interval,0,8,expiry-skyline,node-0004,node-0004,0,0,0
trace-130,clock-interval,0,9,direct,node-0004,node-0004,0,0,0
trace-130,clock-interval,0,9,verified,node-0004,node-0004,0,0,0
trace-130,clock-interval,0,9,full-compiled,node-0004,node-0004,0,0,0
trace-130,clock-interval,0,9,timestamp-only,node-0004,node-0004,0,0,0
trace-130,clock-interval,0,9,no-ancestor-expiry,node-0004,node-0004,0,0,0
trace-130,clock-interval,0,9,no-ancestor-revocation,node-0004,node-0004,0,0,0
trace-130,clock-interval,0,9,no-alias-obligations,node-0004,node-0004,0,0,0
trace-130,clock-interval,0,9,top-one,node-0004,node-0004,0,0,0
trace-130,clock-interval,0,9,expiry-skyline,node-0004,node-0004,0,0,0
trace-130,clock-interval,0,10,direct,node-0080,node-0080,0,0,0
trace-130,clock-interval,0,10,verified,node-0080,node-0080,0,0,0
trace-130,clock-interval,0,10,full-compiled,node-0080,node-0080,0,0,0
trace-130,clock-interval,0,10,timestamp-only,node-0080,node-0051,1,0,1
trace-130,clock-interval,0,10,no-ancestor-expiry,node-0080,node-0080,0,0,0
trace-130,clock-interval,0,10,no-ancestor-revocation,node-0080,node-0080,0,0,0
trace-130,clock-interval,0,10,no-alias-obligations,node-0080,node-0080,0,0,0
trace-130,clock-interval,0,10,top-one,node-0080,,1,1,0
trace-130,clock-interval,0,10,expiry-skyline,node-0080,node-0080,0,0,0
trace-130,clock-interval,0,11,direct,node-0080,node-0080,0,0,0
trace-130,clock-interval,0,11,verified,node-0080,node-0080,0,0,0
trace-130,clock-interval,0,11,full-compiled,node-0080,node-0080,0,0,0
trace-130,clock-interval,0,11,timestamp-only,node-0080,node-0051,1,0,1
trace-130,clock-interval,0,11,no-ancestor-expiry,node-0080,node-0080,0,0,0
trace-130,clock-interval,0,11,no-ancestor-revocation,node-0080,node-0080,0,0,0
trace-130,clock-interval,0,11,no-alias-obligations,node-0080,node-0080,0,0,0
trace-130,clock-interval,0,11,top-one,node-0080,,1,1,0
trace-130,clock-interval,0,11,expiry-skyline,node-0080,node-0080,0,0,0
trace-130,clock-interval,1,0,direct,node-0045,node-0045,0,0,0
trace-130,clock-interval,1,0,verified,node-0045,node-0045,0,0,0
trace-130,clock-interval,1,0,full-compiled,node-0045,node-0045,0,0,0
trace-130,clock-interval,1,0,timestamp-only,node-0045,node-0045,0,0,0
trace-130,clock-interval,1,0,no-ancestor-expiry,node-0045,node-0045,0,0,0
trace-130,clock-interval,1,0,no-ancestor-revocation,node-0045,node-0045,0,0,0
trace-130,clock-interval,1,0,no-alias-obligations,node-0045,node-0045,0,0,0
trace-130,clock-interval,1,0,top-one,node-0045,node-0045,0,0,0
trace-130,clock-interval,1,0,expiry-skyline,node-0045,node-0045,0,0,0
trace-130,clock-interval,1,1,direct,node-0045,node-0045,0,0,0
trace-130,clock-interval,1,1,verified,node-0045,node-0045,0,0,0
trace-130,clock-interval,1,1,full-compiled,node-0045,node-0045,0,0,0
trace-130,clock-interval,1,1,timestamp-only,node-0045,node-0045,0,0,0
trace-130,clock-interval,1,1,no-ancestor-expiry,node-0045,node-0045,0,0,0
trace-130,clock-interval,1,1,no-ancestor-revocation,node-0045,node-0045,0,0,0
trace-130,clock-interval,1,1,no-alias-obligations,node-0045,node-0045,0,0,0
trace-130,clock-interval,1,1,top-one,node-0045,node-0045,0,0,0
trace-130,clock-interval,1,1,expiry-skyline,node-0045,node-0045,0,0,0
trace-130,clock-interval,1,2,direct,node-0095,node-0095,0,0,0
trace-130,clock-interval,1,2,verified,node-0095,node-0095,0,0,0
trace-130,clock-interval,1,2,full-compiled,node-0095,node-0095,0,0,0
trace-130,clock-interval,1,2,timestamp-only,node-0095,node-0076,1,1,1
trace-130,clock-interval,1,2,no-ancestor-expiry,node-0095,node-0095,0,0,0
trace-130,clock-interval,1,2,no-ancestor-revocation,node-0095,node-0095,0,0,0
trace-130,clock-interval,1,2,no-alias-obligations,node-0095,node-0076,1,1,1
trace-130,clock-interval,1,2,top-one,node-0095,,1,1,0
trace-130,clock-interval,1,2,expiry-skyline,node-0095,,1,1,0
trace-130,clock-interval,1,3,direct,node-0045,node-0045,0,0,0
trace-130,clock-interval,1,3,verified,node-0045,node-0045,0,0,0
trace-130,clock-interval,1,3,full-compiled,node-0045,node-0045,0,0,0
trace-130,clock-interval,1,3,timestamp-only,node-0045,node-0045,0,0,0
trace-130,clock-interval,1,3,no-ancestor-expiry,node-0045,node-0045,0,0,0
trace-130,clock-interval,1,3,no-ancestor-revocation,node-0045,node-0045,0,0,0
trace-130,clock-interval,1,3,no-alias-obligations,node-0045,node-0045,0,0,0
trace-130,clock-interval,1,3,top-one,node-0045,node-0045,0,0,0
trace-130,clock-interval,1,3,expiry-skyline,node-0045,node-0045,0,0,0
trace-130,clock-interval,1,4,direct,node-0045,node-0045,0,0,0
trace-130,clock-interval,1,4,verified,node-0045,node-0045,0,0,0
trace-130,clock-interval,1,4,full-compiled,node-0045,node-0045,0,0,0
trace-130,clock-interval,1,4,timestamp-only,node-0045,node-0045,0,0,0
trace-130,clock-interval,1,4,no-ancestor-expiry,node-0045,node-0045,0,0,0
trace-130,clock-interval,1,4,no-ancestor-revocation,node-0045,node-0045,0,0,0
trace-130,clock-interval,1,4,no-alias-obligations,node-0045,node-0045,0,0,0
trace-130,clock-interval,1,4,top-one,node-0045,node-0045,0,0,0
trace-130,clock-interval,1,4,expiry-skyline,node-0045,node-0045,0,0,0
trace-130,clock-interval,1,5,direct,node-0042,node-0042,0,0,0
trace-130,clock-interval,1,5,verified,node-0042,node-0042,0,0,0
trace-130,clock-interval,1,5,full-compiled,node-0042,node-0042,0,0,0
trace-130,clock-interval,1,5,timestamp-only,node-0042,node-0042,0,0,0
trace-130,clock-interval,1,5,no-ancestor-expiry,node-0042,node-0042,0,0,0
trace-130,clock-interval,1,5,no-ancestor-revocation,node-0042,node-0042,0,0,0
trace-130,clock-interval,1,5,no-alias-obligations,node-0042,node-0042,0,0,0
trace-130,clock-interval,1,5,top-one,node-0042,,1,1,0
trace-130,clock-interval,1,5,expiry-skyline,node-0042,node-0042,0,0,0
trace-130,clock-interval,1,6,direct,,,0,0,0
trace-130,clock-interval,1,6,verified,,,0,0,0
trace-130,clock-interval,1,6,full-compiled,,,0,0,0
trace-130,clock-interval,1,6,timestamp-only,,node-0040,1,1,1
trace-130,clock-interval,1,6,no-ancestor-expiry,,,0,0,0
trace-130,clock-interval,1,6,no-ancestor-revocation,,,0,0,0
trace-130,clock-interval,1,6,no-alias-obligations,,node-0040,1,1,1
trace-130,clock-interval,1,6,top-one,,,0,0,0
trace-130,clock-interval,1,6,expiry-skyline,,,0,0,0
trace-130,clock-interval,1,7,direct,,,0,0,0
trace-130,clock-interval,1,7,verified,,,0,0,0
trace-130,clock-interval,1,7,full-compiled,,,0,0,0
trace-130,clock-interval,1,7,timestamp-only,,,0,0,0
trace-130,clock-interval,1,7,no-ancestor-expiry,,,0,0,0
trace-130,clock-interval,1,7,no-ancestor-revocation,,,0,0,0
trace-130,clock-interval,1,7,no-alias-obligations,,,0,0,0
trace-130,clock-interval,1,7,top-one,,,0,0,0
trace-130,clock-interval,1,7,expiry-skyline,,,0,0,0
trace-130,clock-interval,1,8,direct,node-0045,node-0045,0,0,0
trace-130,clock-interval,1,8,verified,node-0045,node-0045,0,0,0
trace-130,clock-interval,1,8,full-compiled,node-0045,node-0045,0,0,0
trace-130,clock-interval,1,8,timestamp-only,node-0045,node-0045,0,0,0
trace-130,clock-interval,1,8,no-ancestor-expiry,node-0045,node-0045,0,0,0
trace-130,clock-interval,1,8,no-ancestor-revocation,node-0045,node-0045,0,0,0
trace-130,clock-interval,1,8,no-alias-obligations,node-0045,node-0045,0,0,0
trace-130,clock-interval,1,8,top-one,node-0045,node-0045,0,0,0
trace-130,clock-interval,1,8,expiry-skyline,node-0045,node-0045,0,0,0
trace-130,clock-interval,1,9,direct,node-0045,node-0045,0,0,0
trace-130,clock-interval,1,9,verified,node-0045,node-0045,0,0,0
trace-130,clock-interval,1,9,full-compiled,node-0045,node-0045,0,0,0
trace-130,clock-interval,1,9,timestamp-only,node-0045,node-0045,0,0,0
trace-130,clock-interval,1,9,no-ancestor-expiry,node-0045,node-0045,0,0,0
trace-130,clock-interval,1,9,no-ancestor-revocation,node-0045,node-0045,0,0,0
trace-130,clock-interval,1,9,no-alias-obligations,node-0045,node-0045,0,0,0
trace-130,clock-interval,1,9,top-one,node-0045,node-0045,0,0,0
trace-130,clock-interval,1,9,expiry-skyline,node-0045,node-0045,0,0,0
trace-130,clock-interval,1,10,direct,node-0095,node-0095,0,0,0
trace-130,clock-interval,1,10,verified,node-0095,node-0095,0,0,0
trace-130,clock-interval,1,10,full-compiled,node-0095,node-0095,0,0,0
trace-130,clock-interval,1,10,timestamp-only,node-0095,node-0076,1,1,1
trace-130,clock-interval,1,10,no-ancestor-expiry,node-0095,node-0095,0,0,0
trace-130,clock-interval,1,10,no-ancestor-revocation,node-0095,node-0095,0,0,0
trace-130,clock-interval,1,10,no-alias-obligations,node-0095,node-0076,1,1,1
trace-130,clock-interval,1,10,top-one,node-0095,,1,1,0
trace-130,clock-interval,1,10,expiry-skyline,node-0095,,1,1,0
trace-130,clock-interval,1,11,direct,,,0,0,0
trace-130,clock-interval,1,11,verified,,,0,0,0
trace-130,clock-interval,1,11,full-compiled,,,0,0,0
trace-130,clock-interval,1,11,timestamp-only,,node-0076,1,1,1
trace-130,clock-interval,1,11,no-ancestor-expiry,,,0,0,0
trace-130,clock-interval,1,11,no-ancestor-revocation,,,0,0,0
trace-130,clock-interval,1,11,no-alias-obligations,,node-0076,1,1,1
trace-130,clock-interval,1,11,top-one,,,0,0,0
trace-130,clock-interval,1,11,expiry-skyline,,,0,0,0
trace-131,clock-interval,0,0,direct,node-0018,node-0018,0,0,0
trace-131,clock-interval,0,0,verified,node-0018,node-0018,0,0,0
trace-131,clock-interval,0,0,full-compiled,node-0018,node-0018,0,0,0
trace-131,clock-interval,0,0,timestamp-only,node-0018,node-0018,0,0,0
trace-131,clock-interval,0,0,no-ancestor-expiry,node-0018,node-0018,0,0,0
trace-131,clock-interval,0,0,no-ancestor-revocation,node-0018,node-0018,0,0,0
trace-131,clock-interval,0,0,no-alias-obligations,node-0018,node-0018,0,0,0
trace-131,clock-interval,0,0,top-one,node-0018,node-0018,0,0,0
trace-131,clock-interval,0,0,expiry-skyline,node-0018,node-0018,0,0,0
trace-131,clock-interval,0,1,direct,node-0018,node-0018,0,0,0
trace-131,clock-interval,0,1,verified,node-0018,node-0018,0,0,0
trace-131,clock-interval,0,1,full-compiled,node-0018,node-0018,0,0,0
trace-131,clock-interval,0,1,timestamp-only,node-0018,node-0018,0,0,0
trace-131,clock-interval,0,1,no-ancestor-expiry,node-0018,node-0018,0,0,0
trace-131,clock-interval,0,1,no-ancestor-revocation,node-0018,node-0018,0,0,0
trace-131,clock-interval,0,1,no-alias-obligations,node-0018,node-0018,0,0,0
trace-131,clock-interval,0,1,top-one,node-0018,node-0018,0,0,0
trace-131,clock-interval,0,1,expiry-skyline,node-0018,node-0018,0,0,0
trace-131,clock-interval,0,2,direct,node-0064,node-0064,0,0,0
trace-131,clock-interval,0,2,verified,node-0064,node-0064,0,0,0
trace-131,clock-interval,0,2,full-compiled,node-0064,node-0064,0,0,0
trace-131,clock-interval,0,2,timestamp-only,node-0064,node-0083,1,1,1
trace-131,clock-interval,0,2,no-ancestor-expiry,node-0064,node-0064,0,0,0
trace-131,clock-interval,0,2,no-ancestor-revocation,node-0064,node-0064,0,0,0
trace-131,clock-interval,0,2,no-alias-obligations,node-0064,node-0083,1,1,1
trace-131,clock-interval,0,2,top-one,node-0064,,1,1,0
trace-131,clock-interval,0,2,expiry-skyline,node-0064,,1,1,0
trace-131,clock-interval,0,3,direct,node-0018,node-0018,0,0,0
trace-131,clock-interval,0,3,verified,node-0018,node-0018,0,0,0
trace-131,clock-interval,0,3,full-compiled,node-0018,node-0018,0,0,0
trace-131,clock-interval,0,3,timestamp-only,node-0018,node-0018,0,0,0
trace-131,clock-interval,0,3,no-ancestor-expiry,node-0018,node-0018,0,0,0
trace-131,clock-interval,0,3,no-ancestor-revocation,node-0018,node-0018,0,0,0
trace-131,clock-interval,0,3,no-alias-obligations,node-0018,node-0018,0,0,0
trace-131,clock-interval,0,3,top-one,node-0018,node-0018,0,0,0
trace-131,clock-interval,0,3,expiry-skyline,node-0018,node-0018,0,0,0
trace-131,clock-interval,0,4,direct,node-0039,node-0039,0,0,0
trace-131,clock-interval,0,4,verified,node-0039,node-0039,0,0,0
trace-131,clock-interval,0,4,full-compiled,node-0039,node-0039,0,0,0
trace-131,clock-interval,0,4,timestamp-only,node-0039,node-0039,0,0,0
trace-131,clock-interval,0,4,no-ancestor-expiry,node-0039,node-0039,0,0,0
trace-131,clock-interval,0,4,no-ancestor-revocation,node-0039,node-0039,0,0,0
trace-131,clock-interval,0,4,no-alias-obligations,node-0039,node-0039,0,0,0
trace-131,clock-interval,0,4,top-one,node-0039,,1,1,0
trace-131,clock-interval,0,4,expiry-skyline,node-0039,node-0039,0,0,0
trace-131,clock-interval,0,5,direct,node-0039,node-0039,0,0,0
trace-131,clock-interval,0,5,verified,node-0039,node-0039,0,0,0
trace-131,clock-interval,0,5,full-compiled,node-0039,node-0039,0,0,0
trace-131,clock-interval,0,5,timestamp-only,node-0039,node-0039,0,0,0
trace-131,clock-interval,0,5,no-ancestor-expiry,node-0039,node-0039,0,0,0
trace-131,clock-interval,0,5,no-ancestor-revocation,node-0039,node-0039,0,0,0
trace-131,clock-interval,0,5,no-alias-obligations,node-0039,node-0039,0,0,0
trace-131,clock-interval,0,5,top-one,node-0039,,1,1,0
trace-131,clock-interval,0,5,expiry-skyline,node-0039,node-0039,0,0,0
trace-131,clock-interval,0,6,direct,node-0032,node-0032,0,0,0
trace-131,clock-interval,0,6,verified,node-0032,node-0032,0,0,0
trace-131,clock-interval,0,6,full-compiled,node-0032,node-0032,0,0,0
trace-131,clock-interval,0,6,timestamp-only,node-0032,node-0032,0,0,0
trace-131,clock-interval,0,6,no-ancestor-expiry,node-0032,node-0032,0,0,0
trace-131,clock-interval,0,6,no-ancestor-revocation,node-0032,node-0032,0,0,0
trace-131,clock-interval,0,6,no-alias-obligations,node-0032,node-0032,0,0,0
trace-131,clock-interval,0,6,top-one,node-0032,,1,1,0
trace-131,clock-interval,0,6,expiry-skyline,node-0032,node-0032,0,0,0
trace-131,clock-interval,0,7,direct,,,0,0,0
trace-131,clock-interval,0,7,verified,,,0,0,0
trace-131,clock-interval,0,7,full-compiled,,,0,0,0
trace-131,clock-interval,0,7,timestamp-only,,,0,0,0
trace-131,clock-interval,0,7,no-ancestor-expiry,,,0,0,0
trace-131,clock-interval,0,7,no-ancestor-revocation,,,0,0,0
trace-131,clock-interval,0,7,no-alias-obligations,,,0,0,0
trace-131,clock-interval,0,7,top-one,,,0,0,0
trace-131,clock-interval,0,7,expiry-skyline,,,0,0,0
trace-131,clock-interval,0,8,direct,node-0018,node-0018,0,0,0
trace-131,clock-interval,0,8,verified,node-0018,node-0018,0,0,0
trace-131,clock-interval,0,8,full-compiled,node-0018,node-0018,0,0,0
trace-131,clock-interval,0,8,timestamp-only,node-0018,node-0018,0,0,0
trace-131,clock-interval,0,8,no-ancestor-expiry,node-0018,node-0018,0,0,0
trace-131,clock-interval,0,8,no-ancestor-revocation,node-0018,node-0018,0,0,0
trace-131,clock-interval,0,8,no-alias-obligations,node-0018,node-0018,0,0,0
trace-131,clock-interval,0,8,top-one,node-0018,node-0018,0,0,0
trace-131,clock-interval,0,8,expiry-skyline,node-0018,node-0018,0,0,0
trace-131,clock-interval,0,9,direct,node-0064,node-0064,0,0,0
trace-131,clock-interval,0,9,verified,node-0064,node-0064,0,0,0
trace-131,clock-interval,0,9,full-compiled,node-0064,node-0064,0,0,0
trace-131,clock-interval,0,9,timestamp-only,node-0064,node-0083,1,1,1
trace-131,clock-interval,0,9,no-ancestor-expiry,node-0064,node-0064,0,0,0
trace-131,clock-interval,0,9,no-ancestor-revocation,node-0064,node-0064,0,0,0
trace-131,clock-interval,0,9,no-alias-obligations,node-0064,node-0083,1,1,1
trace-131,clock-interval,0,9,top-one,node-0064,,1,1,0
trace-131,clock-interval,0,9,expiry-skyline,node-0064,,1,1,0
trace-131,clock-interval,0,10,direct,node-0039,node-0039,0,0,0
trace-131,clock-interval,0,10,verified,node-0039,node-0039,0,0,0
trace-131,clock-interval,0,10,full-compiled,node-0039,node-0039,0,0,0
trace-131,clock-interval,0,10,timestamp-only,node-0039,node-0039,0,0,0
trace-131,clock-interval,0,10,no-ancestor-expiry,node-0039,node-0039,0,0,0
trace-131,clock-interval,0,10,no-ancestor-revocation,node-0039,node-0039,0,0,0
trace-131,clock-interval,0,10,no-alias-obligations,node-0039,node-0039,0,0,0
trace-131,clock-interval,0,10,top-one,node-0039,,1,1,0
trace-131,clock-interval,0,10,expiry-skyline,node-0039,node-0039,0,0,0
trace-131,clock-interval,0,11,direct,,,0,0,0
trace-131,clock-interval,0,11,verified,,,0,0,0
trace-131,clock-interval,0,11,full-compiled,,,0,0,0
trace-131,clock-interval,0,11,timestamp-only,,node-0038,1,1,1
trace-131,clock-interval,0,11,no-ancestor-expiry,,,0,0,0
trace-131,clock-interval,0,11,no-ancestor-revocation,,,0,0,0
trace-131,clock-interval,0,11,no-alias-obligations,,node-0038,1,1,1
trace-131,clock-interval,0,11,top-one,,,0,0,0
trace-131,clock-interval,0,11,expiry-skyline,,,0,0,0
trace-131,clock-interval,1,0,direct,node-0090,node-0090,0,0,0
trace-131,clock-interval,1,0,verified,node-0090,node-0090,0,0,0
trace-131,clock-interval,1,0,full-compiled,node-0090,node-0090,0,0,0
trace-131,clock-interval,1,0,timestamp-only,node-0090,node-0090,0,0,0
trace-131,clock-interval,1,0,no-ancestor-expiry,node-0090,node-0090,0,0,0
trace-131,clock-interval,1,0,no-ancestor-revocation,node-0090,node-0090,0,0,0
trace-131,clock-interval,1,0,no-alias-obligations,node-0090,node-0090,0,0,0
trace-131,clock-interval,1,0,top-one,node-0090,node-0090,0,0,0
trace-131,clock-interval,1,0,expiry-skyline,node-0090,node-0090,0,0,0
trace-131,clock-interval,1,1,direct,node-0090,node-0090,0,0,0
trace-131,clock-interval,1,1,verified,node-0090,node-0090,0,0,0
trace-131,clock-interval,1,1,full-compiled,node-0090,node-0090,0,0,0
trace-131,clock-interval,1,1,timestamp-only,node-0090,node-0090,0,0,0
trace-131,clock-interval,1,1,no-ancestor-expiry,node-0090,node-0090,0,0,0
trace-131,clock-interval,1,1,no-ancestor-revocation,node-0090,node-0090,0,0,0
trace-131,clock-interval,1,1,no-alias-obligations,node-0090,node-0090,0,0,0
trace-131,clock-interval,1,1,top-one,node-0090,node-0090,0,0,0
trace-131,clock-interval,1,1,expiry-skyline,node-0090,node-0090,0,0,0
trace-131,clock-interval,1,2,direct,node-0015,node-0015,0,0,0
trace-131,clock-interval,1,2,verified,node-0015,node-0015,0,0,0
trace-131,clock-interval,1,2,full-compiled,node-0015,node-0015,0,0,0
trace-131,clock-interval,1,2,timestamp-only,node-0015,node-0045,1,1,1
trace-131,clock-interval,1,2,no-ancestor-expiry,node-0015,node-0015,0,0,0
trace-131,clock-interval,1,2,no-ancestor-revocation,node-0015,node-0063,1,0,1
trace-131,clock-interval,1,2,no-alias-obligations,node-0015,node-0045,1,1,1
trace-131,clock-interval,1,2,top-one,node-0015,,1,1,0
trace-131,clock-interval,1,2,expiry-skyline,node-0015,,1,1,0
trace-131,clock-interval,1,3,direct,node-0090,node-0090,0,0,0
trace-131,clock-interval,1,3,verified,node-0090,node-0090,0,0,0
trace-131,clock-interval,1,3,full-compiled,node-0090,node-0090,0,0,0
trace-131,clock-interval,1,3,timestamp-only,node-0090,node-0090,0,0,0
trace-131,clock-interval,1,3,no-ancestor-expiry,node-0090,node-0090,0,0,0
trace-131,clock-interval,1,3,no-ancestor-revocation,node-0090,node-0090,0,0,0
trace-131,clock-interval,1,3,no-alias-obligations,node-0090,node-0090,0,0,0
trace-131,clock-interval,1,3,top-one,node-0090,node-0090,0,0,0
trace-131,clock-interval,1,3,expiry-skyline,node-0090,node-0090,0,0,0
trace-131,clock-interval,1,4,direct,node-0090,node-0090,0,0,0
trace-131,clock-interval,1,4,verified,node-0090,node-0090,0,0,0
trace-131,clock-interval,1,4,full-compiled,node-0090,node-0090,0,0,0
trace-131,clock-interval,1,4,timestamp-only,node-0090,node-0090,0,0,0
trace-131,clock-interval,1,4,no-ancestor-expiry,node-0090,node-0090,0,0,0
trace-131,clock-interval,1,4,no-ancestor-revocation,node-0090,node-0090,0,0,0
trace-131,clock-interval,1,4,no-alias-obligations,node-0090,node-0090,0,0,0
trace-131,clock-interval,1,4,top-one,node-0090,node-0090,0,0,0
trace-131,clock-interval,1,4,expiry-skyline,node-0090,node-0090,0,0,0
trace-131,clock-interval,1,5,direct,node-0090,node-0090,0,0,0
trace-131,clock-interval,1,5,verified,node-0090,node-0090,0,0,0
trace-131,clock-interval,1,5,full-compiled,node-0090,node-0090,0,0,0
trace-131,clock-interval,1,5,timestamp-only,node-0090,node-0090,0,0,0
trace-131,clock-interval,1,5,no-ancestor-expiry,node-0090,node-0090,0,0,0
trace-131,clock-interval,1,5,no-ancestor-revocation,node-0090,node-0090,0,0,0
trace-131,clock-interval,1,5,no-alias-obligations,node-0090,node-0090,0,0,0
trace-131,clock-interval,1,5,top-one,node-0090,node-0090,0,0,0
trace-131,clock-interval,1,5,expiry-skyline,node-0090,node-0090,0,0,0
trace-131,clock-interval,1,6,direct,,,0,0,0
trace-131,clock-interval,1,6,verified,,,0,0,0
trace-131,clock-interval,1,6,full-compiled,,,0,0,0
trace-131,clock-interval,1,6,timestamp-only,,node-0040,1,1,1
trace-131,clock-interval,1,6,no-ancestor-expiry,,,0,0,0
trace-131,clock-interval,1,6,no-ancestor-revocation,,,0,0,0
trace-131,clock-interval,1,6,no-alias-obligations,,node-0040,1,1,1
trace-131,clock-interval,1,6,top-one,,,0,0,0
trace-131,clock-interval,1,6,expiry-skyline,,,0,0,0
trace-131,clock-interval,1,7,direct,,,0,0,0
trace-131,clock-interval,1,7,verified,,,0,0,0
trace-131,clock-interval,1,7,full-compiled,,,0,0,0
trace-131,clock-interval,1,7,timestamp-only,,,0,0,0
trace-131,clock-interval,1,7,no-ancestor-expiry,,,0,0,0
trace-131,clock-interval,1,7,no-ancestor-revocation,,,0,0,0
trace-131,clock-interval,1,7,no-alias-obligations,,,0,0,0
trace-131,clock-interval,1,7,top-one,,,0,0,0
trace-131,clock-interval,1,7,expiry-skyline,,,0,0,0
trace-131,clock-interval,1,8,direct,node-0090,node-0090,0,0,0
trace-131,clock-interval,1,8,verified,node-0090,node-0090,0,0,0
trace-131,clock-interval,1,8,full-compiled,node-0090,node-0090,0,0,0
trace-131,clock-interval,1,8,timestamp-only,node-0090,node-0090,0,0,0
trace-131,clock-interval,1,8,no-ancestor-expiry,node-0090,node-0090,0,0,0
trace-131,clock-interval,1,8,no-ancestor-revocation,node-0090,node-0090,0,0,0
trace-131,clock-interval,1,8,no-alias-obligations,node-0090,node-0090,0,0,0
trace-131,clock-interval,1,8,top-one,node-0090,node-0090,0,0,0
trace-131,clock-interval,1,8,expiry-skyline,node-0090,node-0090,0,0,0
trace-131,clock-interval,1,9,direct,,,0,0,0
trace-131,clock-interval,1,9,verified,,,0,0,0
trace-131,clock-interval,1,9,full-compiled,,,0,0,0
trace-131,clock-interval,1,9,timestamp-only,,node-0045,1,1,1
trace-131,clock-interval,1,9,no-ancestor-expiry,,,0,0,0
trace-131,clock-interval,1,9,no-ancestor-revocation,,,0,0,0
trace-131,clock-interval,1,9,no-alias-obligations,,node-0045,1,1,1
trace-131,clock-interval,1,9,top-one,,,0,0,0
trace-131,clock-interval,1,9,expiry-skyline,,,0,0,0
trace-131,clock-interval,1,10,direct,node-0090,node-0090,0,0,0
trace-131,clock-interval,1,10,verified,node-0090,node-0090,0,0,0
trace-131,clock-interval,1,10,full-compiled,node-0090,node-0090,0,0,0
trace-131,clock-interval,1,10,timestamp-only,node-0090,node-0090,0,0,0
trace-131,clock-interval,1,10,no-ancestor-expiry,node-0090,node-0090,0,0,0
trace-131,clock-interval,1,10,no-ancestor-revocation,node-0090,node-0090,0,0,0
trace-131,clock-interval,1,10,no-alias-obligations,node-0090,node-0090,0,0,0
trace-131,clock-interval,1,10,top-one,node-0090,node-0090,0,0,0
trace-131,clock-interval,1,10,expiry-skyline,node-0090,node-0090,0,0,0
trace-131,clock-interval,1,11,direct,node-0079,node-0079,0,0,0
trace-131,clock-interval,1,11,verified,node-0079,node-0079,0,0,0
trace-131,clock-interval,1,11,full-compiled,node-0079,node-0079,0,0,0
trace-131,clock-interval,1,11,timestamp-only,node-0079,node-0077,1,1,1
trace-131,clock-interval,1,11,no-ancestor-expiry,node-0079,node-0079,0,0,0
trace-131,clock-interval,1,11,no-ancestor-revocation,node-0079,node-0079,0,0,0
trace-131,clock-interval,1,11,no-alias-obligations,node-0079,node-0042,1,1,1
trace-131,clock-interval,1,11,top-one,node-0079,,1,1,0
trace-131,clock-interval,1,11,expiry-skyline,node-0079,,1,1,0
trace-132,clock-interval,0,0,direct,node-0035,node-0035,0,0,0
trace-132,clock-interval,0,0,verified,node-0035,node-0035,0,0,0
trace-132,clock-interval,0,0,full-compiled,node-0035,node-0035,0,0,0
trace-132,clock-interval,0,0,timestamp-only,node-0035,node-0035,0,0,0
trace-132,clock-interval,0,0,no-ancestor-expiry,node-0035,node-0035,0,0,0
trace-132,clock-interval,0,0,no-ancestor-revocation,node-0035,node-0035,0,0,0
trace-132,clock-interval,0,0,no-alias-obligations,node-0035,node-0035,0,0,0
trace-132,clock-interval,0,0,top-one,node-0035,node-0035,0,0,0
trace-132,clock-interval,0,0,expiry-skyline,node-0035,node-0035,0,0,0
trace-132,clock-interval,0,1,direct,node-0035,node-0035,0,0,0
trace-132,clock-interval,0,1,verified,node-0035,node-0035,0,0,0
trace-132,clock-interval,0,1,full-compiled,node-0035,node-0035,0,0,0
trace-132,clock-interval,0,1,timestamp-only,node-0035,node-0035,0,0,0
trace-132,clock-interval,0,1,no-ancestor-expiry,node-0035,node-0035,0,0,0
trace-132,clock-interval,0,1,no-ancestor-revocation,node-0035,node-0035,0,0,0
trace-132,clock-interval,0,1,no-alias-obligations,node-0035,node-0035,0,0,0
trace-132,clock-interval,0,1,top-one,node-0035,node-0035,0,0,0
trace-132,clock-interval,0,1,expiry-skyline,node-0035,node-0035,0,0,0
trace-132,clock-interval,0,2,direct,node-0016,node-0016,0,0,0
trace-132,clock-interval,0,2,verified,node-0016,node-0016,0,0,0
trace-132,clock-interval,0,2,full-compiled,node-0016,node-0016,0,0,0
trace-132,clock-interval,0,2,timestamp-only,node-0016,node-0019,1,1,1
trace-132,clock-interval,0,2,no-ancestor-expiry,node-0016,node-0016,0,0,0
trace-132,clock-interval,0,2,no-ancestor-revocation,node-0016,node-0016,0,0,0
trace-132,clock-interval,0,2,no-alias-obligations,node-0016,node-0019,1,1,1
trace-132,clock-interval,0,2,top-one,node-0016,,1,1,0
trace-132,clock-interval,0,2,expiry-skyline,node-0016,,1,1,0
trace-132,clock-interval,0,3,direct,node-0035,node-0035,0,0,0
trace-132,clock-interval,0,3,verified,node-0035,node-0035,0,0,0
trace-132,clock-interval,0,3,full-compiled,node-0035,node-0035,0,0,0
trace-132,clock-interval,0,3,timestamp-only,node-0035,node-0035,0,0,0
trace-132,clock-interval,0,3,no-ancestor-expiry,node-0035,node-0035,0,0,0
trace-132,clock-interval,0,3,no-ancestor-revocation,node-0035,node-0035,0,0,0
trace-132,clock-interval,0,3,no-alias-obligations,node-0035,node-0035,0,0,0
trace-132,clock-interval,0,3,top-one,node-0035,node-0035,0,0,0
trace-132,clock-interval,0,3,expiry-skyline,node-0035,node-0035,0,0,0
trace-132,clock-interval,0,4,direct,node-0018,node-0018,0,0,0
trace-132,clock-interval,0,4,verified,node-0018,node-0018,0,0,0
trace-132,clock-interval,0,4,full-compiled,node-0018,node-0018,0,0,0
trace-132,clock-interval,0,4,timestamp-only,node-0018,node-0082,1,1,1
trace-132,clock-interval,0,4,no-ancestor-expiry,node-0018,node-0018,0,0,0
trace-132,clock-interval,0,4,no-ancestor-revocation,node-0018,node-0018,0,0,0
trace-132,clock-interval,0,4,no-alias-obligations,node-0018,node-0018,0,0,0
trace-132,clock-interval,0,4,top-one,node-0018,,1,1,0
trace-132,clock-interval,0,4,expiry-skyline,node-0018,node-0018,0,0,0
trace-132,clock-interval,0,5,direct,node-0018,node-0018,0,0,0
trace-132,clock-interval,0,5,verified,node-0018,node-0018,0,0,0
trace-132,clock-interval,0,5,full-compiled,node-0018,node-0018,0,0,0
trace-132,clock-interval,0,5,timestamp-only,node-0018,node-0082,1,1,1
trace-132,clock-interval,0,5,no-ancestor-expiry,node-0018,node-0018,0,0,0
trace-132,clock-interval,0,5,no-ancestor-revocation,node-0018,node-0018,0,0,0
trace-132,clock-interval,0,5,no-alias-obligations,node-0018,node-0018,0,0,0
trace-132,clock-interval,0,5,top-one,node-0018,,1,1,0
trace-132,clock-interval,0,5,expiry-skyline,node-0018,node-0018,0,0,0
trace-132,clock-interval,0,6,direct,,,0,0,0
trace-132,clock-interval,0,6,verified,,,0,0,0
trace-132,clock-interval,0,6,full-compiled,,,0,0,0
trace-132,clock-interval,0,6,timestamp-only,,node-0067,1,1,1
trace-132,clock-interval,0,6,no-ancestor-expiry,,,0,0,0
trace-132,clock-interval,0,6,no-ancestor-revocation,,,0,0,0
trace-132,clock-interval,0,6,no-alias-obligations,,node-0067,1,1,1
trace-132,clock-interval,0,6,top-one,,,0,0,0
trace-132,clock-interval,0,6,expiry-skyline,,,0,0,0
trace-132,clock-interval,0,7,direct,,,0,0,0
trace-132,clock-interval,0,7,verified,,,0,0,0
trace-132,clock-interval,0,7,full-compiled,,,0,0,0
trace-132,clock-interval,0,7,timestamp-only,,,0,0,0
trace-132,clock-interval,0,7,no-ancestor-expiry,,,0,0,0
trace-132,clock-interval,0,7,no-ancestor-revocation,,,0,0,0
trace-132,clock-interval,0,7,no-alias-obligations,,,0,0,0
trace-132,clock-interval,0,7,top-one,,,0,0,0
trace-132,clock-interval,0,7,expiry-skyline,,,0,0,0
trace-132,clock-interval,0,8,direct,node-0035,node-0035,0,0,0
trace-132,clock-interval,0,8,verified,node-0035,node-0035,0,0,0
trace-132,clock-interval,0,8,full-compiled,node-0035,node-0035,0,0,0
trace-132,clock-interval,0,8,timestamp-only,node-0035,node-0035,0,0,0
trace-132,clock-interval,0,8,no-ancestor-expiry,node-0035,node-0035,0,0,0
trace-132,clock-interval,0,8,no-ancestor-revocation,node-0035,node-0035,0,0,0
trace-132,clock-interval,0,8,no-alias-obligations,node-0035,node-0035,0,0,0
trace-132,clock-interval,0,8,top-one,node-0035,node-0035,0,0,0
trace-132,clock-interval,0,8,expiry-skyline,node-0035,node-0035,0,0,0
trace-132,clock-interval,0,9,direct,node-0016,node-0016,0,0,0
trace-132,clock-interval,0,9,verified,node-0016,node-0016,0,0,0
trace-132,clock-interval,0,9,full-compiled,node-0016,node-0016,0,0,0
trace-132,clock-interval,0,9,timestamp-only,node-0016,node-0019,1,1,1
trace-132,clock-interval,0,9,no-ancestor-expiry,node-0016,node-0016,0,0,0
trace-132,clock-interval,0,9,no-ancestor-revocation,node-0016,node-0016,0,0,0
trace-132,clock-interval,0,9,no-alias-obligations,node-0016,node-0019,1,1,1
trace-132,clock-interval,0,9,top-one,node-0016,,1,1,0
trace-132,clock-interval,0,9,expiry-skyline,node-0016,,1,1,0
trace-132,clock-interval,0,10,direct,node-0018,node-0018,0,0,0
trace-132,clock-interval,0,10,verified,node-0018,node-0018,0,0,0
trace-132,clock-interval,0,10,full-compiled,node-0018,node-0018,0,0,0
trace-132,clock-interval,0,10,timestamp-only,node-0018,node-0082,1,1,1
trace-132,clock-interval,0,10,no-ancestor-expiry,node-0018,node-0018,0,0,0
trace-132,clock-interval,0,10,no-ancestor-revocation,node-0018,node-0018,0,0,0
trace-132,clock-interval,0,10,no-alias-obligations,node-0018,node-0018,0,0,0
trace-132,clock-interval,0,10,top-one,node-0018,,1,1,0
trace-132,clock-interval,0,10,expiry-skyline,node-0018,node-0018,0,0,0
trace-132,clock-interval,0,11,direct,,,0,0,0
trace-132,clock-interval,0,11,verified,,,0,0,0
trace-132,clock-interval,0,11,full-compiled,,,0,0,0
trace-132,clock-interval,0,11,timestamp-only,,node-0039,1,1,1
trace-132,clock-interval,0,11,no-ancestor-expiry,,,0,0,0
trace-132,clock-interval,0,11,no-ancestor-revocation,,,0,0,0
trace-132,clock-interval,0,11,no-alias-obligations,,node-0039,1,1,1
trace-132,clock-interval,0,11,top-one,,,0,0,0
trace-132,clock-interval,0,11,expiry-skyline,,,0,0,0
trace-132,clock-interval,1,0,direct,node-0088,node-0088,0,0,0
trace-132,clock-interval,1,0,verified,node-0088,node-0088,0,0,0
trace-132,clock-interval,1,0,full-compiled,node-0088,node-0088,0,0,0
trace-132,clock-interval,1,0,timestamp-only,node-0088,node-0088,0,0,0
trace-132,clock-interval,1,0,no-ancestor-expiry,node-0088,node-0088,0,0,0
trace-132,clock-interval,1,0,no-ancestor-revocation,node-0088,node-0088,0,0,0
trace-132,clock-interval,1,0,no-alias-obligations,node-0088,node-0088,0,0,0
trace-132,clock-interval,1,0,top-one,node-0088,node-0088,0,0,0
trace-132,clock-interval,1,0,expiry-skyline,node-0088,node-0088,0,0,0
trace-132,clock-interval,1,1,direct,node-0088,node-0088,0,0,0
trace-132,clock-interval,1,1,verified,node-0088,node-0088,0,0,0
trace-132,clock-interval,1,1,full-compiled,node-0088,node-0088,0,0,0
trace-132,clock-interval,1,1,timestamp-only,node-0088,node-0088,0,0,0
trace-132,clock-interval,1,1,no-ancestor-expiry,node-0088,node-0088,0,0,0
trace-132,clock-interval,1,1,no-ancestor-revocation,node-0088,node-0088,0,0,0
trace-132,clock-interval,1,1,no-alias-obligations,node-0088,node-0088,0,0,0
trace-132,clock-interval,1,1,top-one,node-0088,node-0088,0,0,0
trace-132,clock-interval,1,1,expiry-skyline,node-0088,node-0088,0,0,0
trace-132,clock-interval,1,2,direct,node-0047,node-0047,0,0,0
trace-132,clock-interval,1,2,verified,node-0047,node-0047,0,0,0
trace-132,clock-interval,1,2,full-compiled,node-0047,node-0047,0,0,0
trace-132,clock-interval,1,2,timestamp-only,node-0047,node-0025,1,0,1
trace-132,clock-interval,1,2,no-ancestor-expiry,node-0047,node-0047,0,0,0
trace-132,clock-interval,1,2,no-ancestor-revocation,node-0047,node-0047,0,0,0
trace-132,clock-interval,1,2,no-alias-obligations,node-0047,node-0025,1,0,1
trace-132,clock-interval,1,2,top-one,node-0047,,1,1,0
trace-132,clock-interval,1,2,expiry-skyline,node-0047,node-0047,0,0,0
trace-132,clock-interval,1,3,direct,node-0075,node-0075,0,0,0
trace-132,clock-interval,1,3,verified,node-0075,node-0075,0,0,0
trace-132,clock-interval,1,3,full-compiled,node-0075,node-0075,0,0,0
trace-132,clock-interval,1,3,timestamp-only,node-0075,node-0088,1,1,1
trace-132,clock-interval,1,3,no-ancestor-expiry,node-0075,node-0075,0,0,0
trace-132,clock-interval,1,3,no-ancestor-revocation,node-0075,node-0088,1,1,1
trace-132,clock-interval,1,3,no-alias-obligations,node-0075,node-0075,0,0,0
trace-132,clock-interval,1,3,top-one,node-0075,,1,1,0
trace-132,clock-interval,1,3,expiry-skyline,node-0075,node-0075,0,0,0
trace-132,clock-interval,1,4,direct,node-0088,node-0088,0,0,0
trace-132,clock-interval,1,4,verified,node-0088,node-0088,0,0,0
trace-132,clock-interval,1,4,full-compiled,node-0088,node-0088,0,0,0
trace-132,clock-interval,1,4,timestamp-only,node-0088,node-0088,0,0,0
trace-132,clock-interval,1,4,no-ancestor-expiry,node-0088,node-0088,0,0,0
trace-132,clock-interval,1,4,no-ancestor-revocation,node-0088,node-0088,0,0,0
trace-132,clock-interval,1,4,no-alias-obligations,node-0088,node-0088,0,0,0
trace-132,clock-interval,1,4,top-one,node-0088,node-0088,0,0,0
trace-132,clock-interval,1,4,expiry-skyline,node-0088,node-0088,0,0,0
trace-132,clock-interval,1,5,direct,node-0076,node-0076,0,0,0
trace-132,clock-interval,1,5,verified,node-0076,node-0076,0,0,0
trace-132,clock-interval,1,5,full-compiled,node-0076,node-0076,0,0,0
trace-132,clock-interval,1,5,timestamp-only,node-0076,node-0088,1,1,1
trace-132,clock-interval,1,5,no-ancestor-expiry,node-0076,node-0088,1,1,1
trace-132,clock-interval,1,5,no-ancestor-revocation,node-0076,node-0076,0,0,0
trace-132,clock-interval,1,5,no-alias-obligations,node-0076,node-0076,0,0,0
trace-132,clock-interval,1,5,top-one,node-0076,,1,1,0
trace-132,clock-interval,1,5,expiry-skyline,node-0076,node-0076,0,0,0
trace-132,clock-interval,1,6,direct,,,0,0,0
trace-132,clock-interval,1,6,verified,,,0,0,0
trace-132,clock-interval,1,6,full-compiled,,,0,0,0
trace-132,clock-interval,1,6,timestamp-only,,node-0088,1,1,1
trace-132,clock-interval,1,6,no-ancestor-expiry,,,0,0,0
trace-132,clock-interval,1,6,no-ancestor-revocation,,,0,0,0
trace-132,clock-interval,1,6,no-alias-obligations,,node-0008,1,1,1
trace-132,clock-interval,1,6,top-one,,,0,0,0
trace-132,clock-interval,1,6,expiry-skyline,,,0,0,0
trace-132,clock-interval,1,7,direct,,,0,0,0
trace-132,clock-interval,1,7,verified,,,0,0,0
trace-132,clock-interval,1,7,full-compiled,,,0,0,0
trace-132,clock-interval,1,7,timestamp-only,,,0,0,0
trace-132,clock-interval,1,7,no-ancestor-expiry,,,0,0,0
trace-132,clock-interval,1,7,no-ancestor-revocation,,,0,0,0
trace-132,clock-interval,1,7,no-alias-obligations,,,0,0,0
trace-132,clock-interval,1,7,top-one,,,0,0,0
trace-132,clock-interval,1,7,expiry-skyline,,,0,0,0
trace-132,clock-interval,1,8,direct,node-0088,node-0088,0,0,0
trace-132,clock-interval,1,8,verified,node-0088,node-0088,0,0,0
trace-132,clock-interval,1,8,full-compiled,node-0088,node-0088,0,0,0
trace-132,clock-interval,1,8,timestamp-only,node-0088,node-0088,0,0,0
trace-132,clock-interval,1,8,no-ancestor-expiry,node-0088,node-0088,0,0,0
trace-132,clock-interval,1,8,no-ancestor-revocation,node-0088,node-0088,0,0,0
trace-132,clock-interval,1,8,no-alias-obligations,node-0088,node-0088,0,0,0
trace-132,clock-interval,1,8,top-one,node-0088,node-0088,0,0,0
trace-132,clock-interval,1,8,expiry-skyline,node-0088,node-0088,0,0,0
trace-132,clock-interval,1,9,direct,,,0,0,0
trace-132,clock-interval,1,9,verified,,,0,0,0
trace-132,clock-interval,1,9,full-compiled,,,0,0,0
trace-132,clock-interval,1,9,timestamp-only,,node-0025,1,1,1
trace-132,clock-interval,1,9,no-ancestor-expiry,,,0,0,0
trace-132,clock-interval,1,9,no-ancestor-revocation,,,0,0,0
trace-132,clock-interval,1,9,no-alias-obligations,,node-0025,1,1,1
trace-132,clock-interval,1,9,top-one,,,0,0,0
trace-132,clock-interval,1,9,expiry-skyline,,,0,0,0
trace-132,clock-interval,1,10,direct,node-0076,node-0076,0,0,0
trace-132,clock-interval,1,10,verified,node-0076,node-0076,0,0,0
trace-132,clock-interval,1,10,full-compiled,node-0076,node-0076,0,0,0
trace-132,clock-interval,1,10,timestamp-only,node-0076,node-0088,1,1,1
trace-132,clock-interval,1,10,no-ancestor-expiry,node-0076,node-0088,1,1,1
trace-132,clock-interval,1,10,no-ancestor-revocation,node-0076,node-0076,0,0,0
trace-132,clock-interval,1,10,no-alias-obligations,node-0076,node-0075,1,0,1
trace-132,clock-interval,1,10,top-one,node-0076,,1,1,0
trace-132,clock-interval,1,10,expiry-skyline,node-0076,node-0076,0,0,0
trace-132,clock-interval,1,11,direct,node-0047,node-0047,0,0,0
trace-132,clock-interval,1,11,verified,node-0047,node-0047,0,0,0
trace-132,clock-interval,1,11,full-compiled,node-0047,node-0047,0,0,0
trace-132,clock-interval,1,11,timestamp-only,node-0047,node-0044,1,1,1
trace-132,clock-interval,1,11,no-ancestor-expiry,node-0047,node-0047,0,0,0
trace-132,clock-interval,1,11,no-ancestor-revocation,node-0047,node-0047,0,0,0
trace-132,clock-interval,1,11,no-alias-obligations,node-0047,node-0044,1,1,1
trace-132,clock-interval,1,11,top-one,node-0047,,1,1,0
trace-132,clock-interval,1,11,expiry-skyline,node-0047,node-0047,0,0,0
trace-133,clock-interval,0,0,direct,node-0080,node-0080,0,0,0
trace-133,clock-interval,0,0,verified,node-0080,node-0080,0,0,0
trace-133,clock-interval,0,0,full-compiled,node-0080,node-0080,0,0,0
trace-133,clock-interval,0,0,timestamp-only,node-0080,node-0080,0,0,0
trace-133,clock-interval,0,0,no-ancestor-expiry,node-0080,node-0080,0,0,0
trace-133,clock-interval,0,0,no-ancestor-revocation,node-0080,node-0080,0,0,0
trace-133,clock-interval,0,0,no-alias-obligations,node-0080,node-0080,0,0,0
trace-133,clock-interval,0,0,top-one,node-0080,node-0080,0,0,0
trace-133,clock-interval,0,0,expiry-skyline,node-0080,node-0080,0,0,0
trace-133,clock-interval,0,1,direct,node-0080,node-0080,0,0,0
trace-133,clock-interval,0,1,verified,node-0080,node-0080,0,0,0
trace-133,clock-interval,0,1,full-compiled,node-0080,node-0080,0,0,0
trace-133,clock-interval,0,1,timestamp-only,node-0080,node-0080,0,0,0
trace-133,clock-interval,0,1,no-ancestor-expiry,node-0080,node-0080,0,0,0
trace-133,clock-interval,0,1,no-ancestor-revocation,node-0080,node-0080,0,0,0
trace-133,clock-interval,0,1,no-alias-obligations,node-0080,node-0080,0,0,0
trace-133,clock-interval,0,1,top-one,node-0080,node-0080,0,0,0
trace-133,clock-interval,0,1,expiry-skyline,node-0080,node-0080,0,0,0
trace-133,clock-interval,0,2,direct,node-0048,node-0048,0,0,0
trace-133,clock-interval,0,2,verified,node-0048,node-0048,0,0,0
trace-133,clock-interval,0,2,full-compiled,node-0048,node-0048,0,0,0
trace-133,clock-interval,0,2,timestamp-only,node-0048,node-0068,1,1,1
trace-133,clock-interval,0,2,no-ancestor-expiry,node-0048,node-0048,0,0,0
trace-133,clock-interval,0,2,no-ancestor-revocation,node-0048,node-0048,0,0,0
trace-133,clock-interval,0,2,no-alias-obligations,node-0048,node-0068,1,1,1
trace-133,clock-interval,0,2,top-one,node-0048,,1,1,0
trace-133,clock-interval,0,2,expiry-skyline,node-0048,,1,1,0
trace-133,clock-interval,0,3,direct,node-0080,node-0080,0,0,0
trace-133,clock-interval,0,3,verified,node-0080,node-0080,0,0,0
trace-133,clock-interval,0,3,full-compiled,node-0080,node-0080,0,0,0
trace-133,clock-interval,0,3,timestamp-only,node-0080,node-0080,0,0,0
trace-133,clock-interval,0,3,no-ancestor-expiry,node-0080,node-0080,0,0,0
trace-133,clock-interval,0,3,no-ancestor-revocation,node-0080,node-0080,0,0,0
trace-133,clock-interval,0,3,no-alias-obligations,node-0080,node-0080,0,0,0
trace-133,clock-interval,0,3,top-one,node-0080,node-0080,0,0,0
trace-133,clock-interval,0,3,expiry-skyline,node-0080,node-0080,0,0,0
trace-133,clock-interval,0,4,direct,node-0066,node-0066,0,0,0
trace-133,clock-interval,0,4,verified,node-0066,node-0066,0,0,0
trace-133,clock-interval,0,4,full-compiled,node-0066,node-0066,0,0,0
trace-133,clock-interval,0,4,timestamp-only,node-0066,node-0066,0,0,0
trace-133,clock-interval,0,4,no-ancestor-expiry,node-0066,node-0066,0,0,0
trace-133,clock-interval,0,4,no-ancestor-revocation,node-0066,node-0066,0,0,0
trace-133,clock-interval,0,4,no-alias-obligations,node-0066,node-0066,0,0,0
trace-133,clock-interval,0,4,top-one,node-0066,,1,1,0
trace-133,clock-interval,0,4,expiry-skyline,node-0066,node-0066,0,0,0
trace-133,clock-interval,0,5,direct,node-0066,node-0066,0,0,0
trace-133,clock-interval,0,5,verified,node-0066,node-0066,0,0,0
trace-133,clock-interval,0,5,full-compiled,node-0066,node-0066,0,0,0
trace-133,clock-interval,0,5,timestamp-only,node-0066,node-0066,0,0,0
trace-133,clock-interval,0,5,no-ancestor-expiry,node-0066,node-0066,0,0,0
trace-133,clock-interval,0,5,no-ancestor-revocation,node-0066,node-0066,0,0,0
trace-133,clock-interval,0,5,no-alias-obligations,node-0066,node-0066,0,0,0
trace-133,clock-interval,0,5,top-one,node-0066,,1,1,0
trace-133,clock-interval,0,5,expiry-skyline,node-0066,node-0066,0,0,0
trace-133,clock-interval,0,6,direct,node-0007,node-0007,0,0,0
trace-133,clock-interval,0,6,verified,node-0007,node-0007,0,0,0
trace-133,clock-interval,0,6,full-compiled,node-0007,node-0007,0,0,0
trace-133,clock-interval,0,6,timestamp-only,node-0007,node-0007,0,0,0
trace-133,clock-interval,0,6,no-ancestor-expiry,node-0007,node-0007,0,0,0
trace-133,clock-interval,0,6,no-ancestor-revocation,node-0007,node-0007,0,0,0
trace-133,clock-interval,0,6,no-alias-obligations,node-0007,node-0007,0,0,0
trace-133,clock-interval,0,6,top-one,node-0007,,1,1,0
trace-133,clock-interval,0,6,expiry-skyline,node-0007,node-0007,0,0,0
trace-133,clock-interval,0,7,direct,,,0,0,0
trace-133,clock-interval,0,7,verified,,,0,0,0
trace-133,clock-interval,0,7,full-compiled,,,0,0,0
trace-133,clock-interval,0,7,timestamp-only,,,0,0,0
trace-133,clock-interval,0,7,no-ancestor-expiry,,,0,0,0
trace-133,clock-interval,0,7,no-ancestor-revocation,,,0,0,0
trace-133,clock-interval,0,7,no-alias-obligations,,,0,0,0
trace-133,clock-interval,0,7,top-one,,,0,0,0
trace-133,clock-interval,0,7,expiry-skyline,,,0,0,0
trace-133,clock-interval,0,8,direct,node-0048,node-0048,0,0,0
trace-133,clock-interval,0,8,verified,node-0048,node-0048,0,0,0
trace-133,clock-interval,0,8,full-compiled,node-0048,node-0048,0,0,0
trace-133,clock-interval,0,8,timestamp-only,node-0048,node-0068,1,1,1
trace-133,clock-interval,0,8,no-ancestor-expiry,node-0048,node-0048,0,0,0
trace-133,clock-interval,0,8,no-ancestor-revocation,node-0048,node-0048,0,0,0
trace-133,clock-interval,0,8,no-alias-obligations,node-0048,node-0068,1,1,1
trace-133,clock-interval,0,8,top-one,node-0048,,1,1,0
trace-133,clock-interval,0,8,expiry-skyline,node-0048,,1,1,0
trace-133,clock-interval,0,9,direct,node-0048,node-0048,0,0,0
trace-133,clock-interval,0,9,verified,node-0048,node-0048,0,0,0
trace-133,clock-interval,0,9,full-compiled,node-0048,node-0048,0,0,0
trace-133,clock-interval,0,9,timestamp-only,node-0048,node-0068,1,1,1
trace-133,clock-interval,0,9,no-ancestor-expiry,node-0048,node-0048,0,0,0
trace-133,clock-interval,0,9,no-ancestor-revocation,node-0048,node-0048,0,0,0
trace-133,clock-interval,0,9,no-alias-obligations,node-0048,node-0068,1,1,1
trace-133,clock-interval,0,9,top-one,node-0048,,1,1,0
trace-133,clock-interval,0,9,expiry-skyline,node-0048,,1,1,0
trace-133,clock-interval,0,10,direct,node-0066,node-0066,0,0,0
trace-133,clock-interval,0,10,verified,node-0066,node-0066,0,0,0
trace-133,clock-interval,0,10,full-compiled,node-0066,node-0066,0,0,0
trace-133,clock-interval,0,10,timestamp-only,node-0066,node-0066,0,0,0
trace-133,clock-interval,0,10,no-ancestor-expiry,node-0066,node-0066,0,0,0
trace-133,clock-interval,0,10,no-ancestor-revocation,node-0066,node-0066,0,0,0
trace-133,clock-interval,0,10,no-alias-obligations,node-0066,node-0066,0,0,0
trace-133,clock-interval,0,10,top-one,node-0066,,1,1,0
trace-133,clock-interval,0,10,expiry-skyline,node-0066,node-0066,0,0,0
trace-133,clock-interval,0,11,direct,,,0,0,0
trace-133,clock-interval,0,11,verified,,,0,0,0
trace-133,clock-interval,0,11,full-compiled,,,0,0,0
trace-133,clock-interval,0,11,timestamp-only,,node-0068,1,1,1
trace-133,clock-interval,0,11,no-ancestor-expiry,,,0,0,0
trace-133,clock-interval,0,11,no-ancestor-revocation,,node-0048,1,1,1
trace-133,clock-interval,0,11,no-alias-obligations,,node-0068,1,1,1
trace-133,clock-interval,0,11,top-one,,,0,0,0
trace-133,clock-interval,0,11,expiry-skyline,,,0,0,0
trace-133,clock-interval,1,0,direct,node-0047,node-0047,0,0,0
trace-133,clock-interval,1,0,verified,node-0047,node-0047,0,0,0
trace-133,clock-interval,1,0,full-compiled,node-0047,node-0047,0,0,0
trace-133,clock-interval,1,0,timestamp-only,node-0047,node-0095,1,0,1
trace-133,clock-interval,1,0,no-ancestor-expiry,node-0047,node-0095,1,0,1
trace-133,clock-interval,1,0,no-ancestor-revocation,node-0047,node-0047,0,0,0
trace-133,clock-interval,1,0,no-alias-obligations,node-0047,node-0047,0,0,0
trace-133,clock-interval,1,0,top-one,node-0047,node-0047,0,0,0
trace-133,clock-interval,1,0,expiry-skyline,node-0047,node-0047,0,0,0
trace-133,clock-interval,1,1,direct,node-0047,node-0047,0,0,0
trace-133,clock-interval,1,1,verified,node-0047,node-0047,0,0,0
trace-133,clock-interval,1,1,full-compiled,node-0047,node-0047,0,0,0
trace-133,clock-interval,1,1,timestamp-only,node-0047,node-0095,1,0,1
trace-133,clock-interval,1,1,no-ancestor-expiry,node-0047,node-0095,1,0,1
trace-133,clock-interval,1,1,no-ancestor-revocation,node-0047,node-0047,0,0,0
trace-133,clock-interval,1,1,no-alias-obligations,node-0047,node-0047,0,0,0
trace-133,clock-interval,1,1,top-one,node-0047,node-0047,0,0,0
trace-133,clock-interval,1,1,expiry-skyline,node-0047,node-0047,0,0,0
trace-133,clock-interval,1,2,direct,node-0015,node-0015,0,0,0
trace-133,clock-interval,1,2,verified,node-0015,node-0015,0,0,0
trace-133,clock-interval,1,2,full-compiled,node-0015,node-0015,0,0,0
trace-133,clock-interval,1,2,timestamp-only,node-0015,node-0088,1,1,1
trace-133,clock-interval,1,2,no-ancestor-expiry,node-0015,node-0015,0,0,0
trace-133,clock-interval,1,2,no-ancestor-revocation,node-0015,node-0015,0,0,0
trace-133,clock-interval,1,2,no-alias-obligations,node-0015,node-0088,1,1,1
trace-133,clock-interval,1,2,top-one,node-0015,,1,1,0
trace-133,clock-interval,1,2,expiry-skyline,node-0015,,1,1,0
trace-133,clock-interval,1,3,direct,node-0047,node-0047,0,0,0
trace-133,clock-interval,1,3,verified,node-0047,node-0047,0,0,0
trace-133,clock-interval,1,3,full-compiled,node-0047,node-0047,0,0,0
trace-133,clock-interval,1,3,timestamp-only,node-0047,node-0095,1,0,1
trace-133,clock-interval,1,3,no-ancestor-expiry,node-0047,node-0095,1,0,1
trace-133,clock-interval,1,3,no-ancestor-revocation,node-0047,node-0047,0,0,0
trace-133,clock-interval,1,3,no-alias-obligations,node-0047,node-0047,0,0,0
trace-133,clock-interval,1,3,top-one,node-0047,node-0047,0,0,0
trace-133,clock-interval,1,3,expiry-skyline,node-0047,node-0047,0,0,0
trace-133,clock-interval,1,4,direct,node-0011,node-0011,0,0,0
trace-133,clock-interval,1,4,verified,node-0011,node-0011,0,0,0
trace-133,clock-interval,1,4,full-compiled,node-0011,node-0011,0,0,0
trace-133,clock-interval,1,4,timestamp-only,node-0011,node-0095,1,1,1
trace-133,clock-interval,1,4,no-ancestor-expiry,node-0011,node-0095,1,1,1
trace-133,clock-interval,1,4,no-ancestor-revocation,node-0011,node-0011,0,0,0
trace-133,clock-interval,1,4,no-alias-obligations,node-0011,node-0011,0,0,0
trace-133,clock-interval,1,4,top-one,node-0011,,1,1,0
trace-133,clock-interval,1,4,expiry-skyline,node-0011,node-0011,0,0,0
trace-133,clock-interval,1,5,direct,node-0011,node-0011,0,0,0
trace-133,clock-interval,1,5,verified,node-0011,node-0011,0,0,0
trace-133,clock-interval,1,5,full-compiled,node-0011,node-0011,0,0,0
trace-133,clock-interval,1,5,timestamp-only,node-0011,node-0095,1,1,1
trace-133,clock-interval,1,5,no-ancestor-expiry,node-0011,node-0095,1,1,1
trace-133,clock-interval,1,5,no-ancestor-revocation,node-0011,node-0011,0,0,0
trace-133,clock-interval,1,5,no-alias-obligations,node-0011,node-0011,0,0,0
trace-133,clock-interval,1,5,top-one,node-0011,,1,1,0
trace-133,clock-interval,1,5,expiry-skyline,node-0011,node-0011,0,0,0
trace-133,clock-interval,1,6,direct,node-0025,node-0025,0,0,0
trace-133,clock-interval,1,6,verified,node-0025,node-0025,0,0,0
trace-133,clock-interval,1,6,full-compiled,node-0025,node-0025,0,0,0
trace-133,clock-interval,1,6,timestamp-only,node-0025,node-0095,1,1,1
trace-133,clock-interval,1,6,no-ancestor-expiry,node-0025,node-0095,1,1,1
trace-133,clock-interval,1,6,no-ancestor-revocation,node-0025,node-0025,0,0,0
trace-133,clock-interval,1,6,no-alias-obligations,node-0025,node-0011,1,1,1
trace-133,clock-interval,1,6,top-one,node-0025,,1,1,0
trace-133,clock-interval,1,6,expiry-skyline,node-0025,node-0025,0,0,0
trace-133,clock-interval,1,7,direct,,,0,0,0
trace-133,clock-interval,1,7,verified,,,0,0,0
trace-133,clock-interval,1,7,full-compiled,,,0,0,0
trace-133,clock-interval,1,7,timestamp-only,,,0,0,0
trace-133,clock-interval,1,7,no-ancestor-expiry,,,0,0,0
trace-133,clock-interval,1,7,no-ancestor-revocation,,,0,0,0
trace-133,clock-interval,1,7,no-alias-obligations,,,0,0,0
trace-133,clock-interval,1,7,top-one,,,0,0,0
trace-133,clock-interval,1,7,expiry-skyline,,,0,0,0
trace-133,clock-interval,1,8,direct,node-0015,node-0015,0,0,0
trace-133,clock-interval,1,8,verified,node-0015,node-0015,0,0,0
trace-133,clock-interval,1,8,full-compiled,node-0015,node-0015,0,0,0
trace-133,clock-interval,1,8,timestamp-only,node-0015,node-0088,1,1,1
trace-133,clock-interval,1,8,no-ancestor-expiry,node-0015,node-0015,0,0,0
trace-133,clock-interval,1,8,no-ancestor-revocation,node-0015,node-0015,0,0,0
trace-133,clock-interval,1,8,no-alias-obligations,node-0015,node-0088,1,1,1
trace-133,clock-interval,1,8,top-one,node-0015,,1,1,0
trace-133,clock-interval,1,8,expiry-skyline,node-0015,,1,1,0
trace-133,clock-interval,1,9,direct,node-0015,node-0015,0,0,0
trace-133,clock-interval,1,9,verified,node-0015,node-0015,0,0,0
trace-133,clock-interval,1,9,full-compiled,node-0015,node-0015,0,0,0
trace-133,clock-interval,1,9,timestamp-only,node-0015,node-0088,1,1,1
trace-133,clock-interval,1,9,no-ancestor-expiry,node-0015,node-0015,0,0,0
trace-133,clock-interval,1,9,no-ancestor-revocation,node-0015,node-0015,0,0,0
trace-133,clock-interval,1,9,no-alias-obligations,node-0015,node-0088,1,1,1
trace-133,clock-interval,1,9,top-one,node-0015,,1,1,0
trace-133,clock-interval,1,9,expiry-skyline,node-0015,,1,1,0
trace-133,clock-interval,1,10,direct,node-0011,node-0011,0,0,0
trace-133,clock-interval,1,10,verified,node-0011,node-0011,0,0,0
trace-133,clock-interval,1,10,full-compiled,node-0011,node-0011,0,0,0
trace-133,clock-interval,1,10,timestamp-only,node-0011,node-0095,1,1,1
trace-133,clock-interval,1,10,no-ancestor-expiry,node-0011,node-0095,1,1,1
trace-133,clock-interval,1,10,no-ancestor-revocation,node-0011,node-0011,0,0,0
trace-133,clock-interval,1,10,no-alias-obligations,node-0011,node-0011,0,0,0
trace-133,clock-interval,1,10,top-one,node-0011,,1,1,0
trace-133,clock-interval,1,10,expiry-skyline,node-0011,node-0011,0,0,0
trace-133,clock-interval,1,11,direct,node-0015,node-0015,0,0,0
trace-133,clock-interval,1,11,verified,node-0015,node-0015,0,0,0
trace-133,clock-interval,1,11,full-compiled,node-0015,node-0015,0,0,0
trace-133,clock-interval,1,11,timestamp-only,node-0015,node-0024,1,1,1
trace-133,clock-interval,1,11,no-ancestor-expiry,node-0015,node-0015,0,0,0
trace-133,clock-interval,1,11,no-ancestor-revocation,node-0015,node-0015,0,0,0
trace-133,clock-interval,1,11,no-alias-obligations,node-0015,node-0040,1,1,1
trace-133,clock-interval,1,11,top-one,node-0015,,1,1,0
trace-133,clock-interval,1,11,expiry-skyline,node-0015,,1,1,0
trace-134,clock-interval,0,0,direct,node-0087,node-0087,0,0,0
trace-134,clock-interval,0,0,verified,node-0087,node-0087,0,0,0
trace-134,clock-interval,0,0,full-compiled,node-0087,node-0087,0,0,0
trace-134,clock-interval,0,0,timestamp-only,node-0087,node-0087,0,0,0
trace-134,clock-interval,0,0,no-ancestor-expiry,node-0087,node-0087,0,0,0
trace-134,clock-interval,0,0,no-ancestor-revocation,node-0087,node-0087,0,0,0
trace-134,clock-interval,0,0,no-alias-obligations,node-0087,node-0087,0,0,0
trace-134,clock-interval,0,0,top-one,node-0087,node-0087,0,0,0
trace-134,clock-interval,0,0,expiry-skyline,node-0087,node-0087,0,0,0
trace-134,clock-interval,0,1,direct,node-0087,node-0087,0,0,0
trace-134,clock-interval,0,1,verified,node-0087,node-0087,0,0,0
trace-134,clock-interval,0,1,full-compiled,node-0087,node-0087,0,0,0
trace-134,clock-interval,0,1,timestamp-only,node-0087,node-0087,0,0,0
trace-134,clock-interval,0,1,no-ancestor-expiry,node-0087,node-0087,0,0,0
trace-134,clock-interval,0,1,no-ancestor-revocation,node-0087,node-0087,0,0,0
trace-134,clock-interval,0,1,no-alias-obligations,node-0087,node-0087,0,0,0
trace-134,clock-interval,0,1,top-one,node-0087,node-0087,0,0,0
trace-134,clock-interval,0,1,expiry-skyline,node-0087,node-0087,0,0,0
trace-134,clock-interval,0,2,direct,node-0000,node-0000,0,0,0
trace-134,clock-interval,0,2,verified,node-0000,node-0000,0,0,0
trace-134,clock-interval,0,2,full-compiled,node-0000,node-0000,0,0,0
trace-134,clock-interval,0,2,timestamp-only,node-0000,node-0068,1,1,1
trace-134,clock-interval,0,2,no-ancestor-expiry,node-0000,node-0000,0,0,0
trace-134,clock-interval,0,2,no-ancestor-revocation,node-0000,node-0000,0,0,0
trace-134,clock-interval,0,2,no-alias-obligations,node-0000,node-0033,1,1,1
trace-134,clock-interval,0,2,top-one,node-0000,,1,1,0
trace-134,clock-interval,0,2,expiry-skyline,node-0000,,1,1,0
trace-134,clock-interval,0,3,direct,node-0087,node-0087,0,0,0
trace-134,clock-interval,0,3,verified,node-0087,node-0087,0,0,0
trace-134,clock-interval,0,3,full-compiled,node-0087,node-0087,0,0,0
trace-134,clock-interval,0,3,timestamp-only,node-0087,node-0087,0,0,0
trace-134,clock-interval,0,3,no-ancestor-expiry,node-0087,node-0087,0,0,0
trace-134,clock-interval,0,3,no-ancestor-revocation,node-0087,node-0087,0,0,0
trace-134,clock-interval,0,3,no-alias-obligations,node-0087,node-0087,0,0,0
trace-134,clock-interval,0,3,top-one,node-0087,node-0087,0,0,0
trace-134,clock-interval,0,3,expiry-skyline,node-0087,node-0087,0,0,0
trace-134,clock-interval,0,4,direct,node-0087,node-0087,0,0,0
trace-134,clock-interval,0,4,verified,node-0087,node-0087,0,0,0
trace-134,clock-interval,0,4,full-compiled,node-0087,node-0087,0,0,0
trace-134,clock-interval,0,4,timestamp-only,node-0087,node-0087,0,0,0
trace-134,clock-interval,0,4,no-ancestor-expiry,node-0087,node-0087,0,0,0
trace-134,clock-interval,0,4,no-ancestor-revocation,node-0087,node-0087,0,0,0
trace-134,clock-interval,0,4,no-alias-obligations,node-0087,node-0087,0,0,0
trace-134,clock-interval,0,4,top-one,node-0087,node-0087,0,0,0
trace-134,clock-interval,0,4,expiry-skyline,node-0087,node-0087,0,0,0
trace-134,clock-interval,0,5,direct,node-0055,node-0055,0,0,0
trace-134,clock-interval,0,5,verified,node-0055,node-0055,0,0,0
trace-134,clock-interval,0,5,full-compiled,node-0055,node-0055,0,0,0
trace-134,clock-interval,0,5,timestamp-only,node-0055,node-0055,0,0,0
trace-134,clock-interval,0,5,no-ancestor-expiry,node-0055,node-0055,0,0,0
trace-134,clock-interval,0,5,no-ancestor-revocation,node-0055,node-0055,0,0,0
trace-134,clock-interval,0,5,no-alias-obligations,node-0055,node-0055,0,0,0
trace-134,clock-interval,0,5,top-one,node-0055,,1,1,0
trace-134,clock-interval,0,5,expiry-skyline,node-0055,node-0055,0,0,0
trace-134,clock-interval,0,6,direct,,,0,0,0
trace-134,clock-interval,0,6,verified,,,0,0,0
trace-134,clock-interval,0,6,full-compiled,,,0,0,0
trace-134,clock-interval,0,6,timestamp-only,,node-0035,1,1,1
trace-134,clock-interval,0,6,no-ancestor-expiry,,,0,0,0
trace-134,clock-interval,0,6,no-ancestor-revocation,,,0,0,0
trace-134,clock-interval,0,6,no-alias-obligations,,node-0035,1,1,1
trace-134,clock-interval,0,6,top-one,,,0,0,0
trace-134,clock-interval,0,6,expiry-skyline,,,0,0,0
trace-134,clock-interval,0,7,direct,,,0,0,0
trace-134,clock-interval,0,7,verified,,,0,0,0
trace-134,clock-interval,0,7,full-compiled,,,0,0,0
trace-134,clock-interval,0,7,timestamp-only,,,0,0,0
trace-134,clock-interval,0,7,no-ancestor-expiry,,,0,0,0
trace-134,clock-interval,0,7,no-ancestor-revocation,,,0,0,0
trace-134,clock-interval,0,7,no-alias-obligations,,,0,0,0
trace-134,clock-interval,0,7,top-one,,,0,0,0
trace-134,clock-interval,0,7,expiry-skyline,,,0,0,0
trace-134,clock-interval,0,8,direct,node-0000,node-0000,0,0,0
trace-134,clock-interval,0,8,verified,node-0000,node-0000,0,0,0
trace-134,clock-interval,0,8,full-compiled,node-0000,node-0000,0,0,0
trace-134,clock-interval,0,8,timestamp-only,node-0000,node-0068,1,1,1
trace-134,clock-interval,0,8,no-ancestor-expiry,node-0000,node-0000,0,0,0
trace-134,clock-interval,0,8,no-ancestor-revocation,node-0000,node-0000,0,0,0
trace-134,clock-interval,0,8,no-alias-obligations,node-0000,node-0033,1,1,1
trace-134,clock-interval,0,8,top-one,node-0000,,1,1,0
trace-134,clock-interval,0,8,expiry-skyline,node-0000,,1,1,0
trace-134,clock-interval,0,9,direct,node-0048,node-0048,0,0,0
trace-134,clock-interval,0,9,verified,node-0048,node-0048,0,0,0
trace-134,clock-interval,0,9,full-compiled,node-0048,node-0048,0,0,0
trace-134,clock-interval,0,9,timestamp-only,node-0048,node-0035,1,0,1
trace-134,clock-interval,0,9,no-ancestor-expiry,node-0048,node-0048,0,0,0
trace-134,clock-interval,0,9,no-ancestor-revocation,node-0048,node-0080,1,1,1
trace-134,clock-interval,0,9,no-alias-obligations,node-0048,node-0035,1,0,1
trace-134,clock-interval,0,9,top-one,node-0048,,1,1,0
trace-134,clock-interval,0,9,expiry-skyline,node-0048,,1,1,0
trace-134,clock-interval,0,10,direct,node-0087,node-0087,0,0,0
trace-134,clock-interval,0,10,verified,node-0087,node-0087,0,0,0
trace-134,clock-interval,0,10,full-compiled,node-0087,node-0087,0,0,0
trace-134,clock-interval,0,10,timestamp-only,node-0087,node-0087,0,0,0
trace-134,clock-interval,0,10,no-ancestor-expiry,node-0087,node-0087,0,0,0
trace-134,clock-interval,0,10,no-ancestor-revocation,node-0087,node-0087,0,0,0
trace-134,clock-interval,0,10,no-alias-obligations,node-0087,node-0087,0,0,0
trace-134,clock-interval,0,10,top-one,node-0087,node-0087,0,0,0
trace-134,clock-interval,0,10,expiry-skyline,node-0087,node-0087,0,0,0
trace-134,clock-interval,0,11,direct,,,0,0,0
trace-134,clock-interval,0,11,verified,,,0,0,0
trace-134,clock-interval,0,11,full-compiled,,,0,0,0
trace-134,clock-interval,0,11,timestamp-only,,node-0051,1,1,1
trace-134,clock-interval,0,11,no-ancestor-expiry,,,0,0,0
trace-134,clock-interval,0,11,no-ancestor-revocation,,,0,0,0
trace-134,clock-interval,0,11,no-alias-obligations,,node-0037,1,1,1
trace-134,clock-interval,0,11,top-one,,,0,0,0
trace-134,clock-interval,0,11,expiry-skyline,,,0,0,0
trace-134,clock-interval,1,0,direct,node-0025,node-0025,0,0,0
trace-134,clock-interval,1,0,verified,node-0025,node-0025,0,0,0
trace-134,clock-interval,1,0,full-compiled,node-0025,node-0025,0,0,0
trace-134,clock-interval,1,0,timestamp-only,node-0025,node-0025,0,0,0
trace-134,clock-interval,1,0,no-ancestor-expiry,node-0025,node-0025,0,0,0
trace-134,clock-interval,1,0,no-ancestor-revocation,node-0025,node-0025,0,0,0
trace-134,clock-interval,1,0,no-alias-obligations,node-0025,node-0025,0,0,0
trace-134,clock-interval,1,0,top-one,node-0025,node-0025,0,0,0
trace-134,clock-interval,1,0,expiry-skyline,node-0025,node-0025,0,0,0
trace-134,clock-interval,1,1,direct,node-0025,node-0025,0,0,0
trace-134,clock-interval,1,1,verified,node-0025,node-0025,0,0,0
trace-134,clock-interval,1,1,full-compiled,node-0025,node-0025,0,0,0
trace-134,clock-interval,1,1,timestamp-only,node-0025,node-0025,0,0,0
trace-134,clock-interval,1,1,no-ancestor-expiry,node-0025,node-0025,0,0,0
trace-134,clock-interval,1,1,no-ancestor-revocation,node-0025,node-0025,0,0,0
trace-134,clock-interval,1,1,no-alias-obligations,node-0025,node-0025,0,0,0
trace-134,clock-interval,1,1,top-one,node-0025,node-0025,0,0,0
trace-134,clock-interval,1,1,expiry-skyline,node-0025,node-0025,0,0,0
trace-134,clock-interval,1,2,direct,node-0015,node-0015,0,0,0
trace-134,clock-interval,1,2,verified,node-0015,node-0015,0,0,0
trace-134,clock-interval,1,2,full-compiled,node-0015,node-0015,0,0,0
trace-134,clock-interval,1,2,timestamp-only,node-0015,node-0076,1,1,1
trace-134,clock-interval,1,2,no-ancestor-expiry,node-0015,node-0015,0,0,0
trace-134,clock-interval,1,2,no-ancestor-revocation,node-0015,node-0015,0,0,0
trace-134,clock-interval,1,2,no-alias-obligations,node-0015,node-0076,1,1,1
trace-134,clock-interval,1,2,top-one,node-0015,,1,1,0
trace-134,clock-interval,1,2,expiry-skyline,node-0015,,1,1,0
trace-134,clock-interval,1,3,direct,node-0025,node-0025,0,0,0
trace-134,clock-interval,1,3,verified,node-0025,node-0025,0,0,0
trace-134,clock-interval,1,3,full-compiled,node-0025,node-0025,0,0,0
trace-134,clock-interval,1,3,timestamp-only,node-0025,node-0025,0,0,0
trace-134,clock-interval,1,3,no-ancestor-expiry,node-0025,node-0025,0,0,0
trace-134,clock-interval,1,3,no-ancestor-revocation,node-0025,node-0025,0,0,0
trace-134,clock-interval,1,3,no-alias-obligations,node-0025,node-0025,0,0,0
trace-134,clock-interval,1,3,top-one,node-0025,node-0025,0,0,0
trace-134,clock-interval,1,3,expiry-skyline,node-0025,node-0025,0,0,0
trace-134,clock-interval,1,4,direct,node-0025,node-0025,0,0,0
trace-134,clock-interval,1,4,verified,node-0025,node-0025,0,0,0
trace-134,clock-interval,1,4,full-compiled,node-0025,node-0025,0,0,0
trace-134,clock-interval,1,4,timestamp-only,node-0025,node-0025,0,0,0
trace-134,clock-interval,1,4,no-ancestor-expiry,node-0025,node-0025,0,0,0
trace-134,clock-interval,1,4,no-ancestor-revocation,node-0025,node-0025,0,0,0
trace-134,clock-interval,1,4,no-alias-obligations,node-0025,node-0025,0,0,0
trace-134,clock-interval,1,4,top-one,node-0025,node-0025,0,0,0
trace-134,clock-interval,1,4,expiry-skyline,node-0025,node-0025,0,0,0
trace-134,clock-interval,1,5,direct,node-0025,node-0025,0,0,0
trace-134,clock-interval,1,5,verified,node-0025,node-0025,0,0,0
trace-134,clock-interval,1,5,full-compiled,node-0025,node-0025,0,0,0
trace-134,clock-interval,1,5,timestamp-only,node-0025,node-0025,0,0,0
trace-134,clock-interval,1,5,no-ancestor-expiry,node-0025,node-0025,0,0,0
trace-134,clock-interval,1,5,no-ancestor-revocation,node-0025,node-0025,0,0,0
trace-134,clock-interval,1,5,no-alias-obligations,node-0025,node-0025,0,0,0
trace-134,clock-interval,1,5,top-one,node-0025,node-0025,0,0,0
trace-134,clock-interval,1,5,expiry-skyline,node-0025,node-0025,0,0,0
trace-134,clock-interval,1,6,direct,,,0,0,0
trace-134,clock-interval,1,6,verified,,,0,0,0
trace-134,clock-interval,1,6,full-compiled,,,0,0,0
trace-134,clock-interval,1,6,timestamp-only,,node-0011,1,1,1
trace-134,clock-interval,1,6,no-ancestor-expiry,,node-0088,1,1,1
trace-134,clock-interval,1,6,no-ancestor-revocation,,,0,0,0
trace-134,clock-interval,1,6,no-alias-obligations,,node-0011,1,1,1
trace-134,clock-interval,1,6,top-one,,,0,0,0
trace-134,clock-interval,1,6,expiry-skyline,,,0,0,0
trace-134,clock-interval,1,7,direct,,,0,0,0
trace-134,clock-interval,1,7,verified,,,0,0,0
trace-134,clock-interval,1,7,full-compiled,,,0,0,0
trace-134,clock-interval,1,7,timestamp-only,,,0,0,0
trace-134,clock-interval,1,7,no-ancestor-expiry,,,0,0,0
trace-134,clock-interval,1,7,no-ancestor-revocation,,,0,0,0
trace-134,clock-interval,1,7,no-alias-obligations,,,0,0,0
trace-134,clock-interval,1,7,top-one,,,0,0,0
trace-134,clock-interval,1,7,expiry-skyline,,,0,0,0
trace-134,clock-interval,1,8,direct,node-0015,node-0015,0,0,0
trace-134,clock-interval,1,8,verified,node-0015,node-0015,0,0,0
trace-134,clock-interval,1,8,full-compiled,node-0015,node-0015,0,0,0
trace-134,clock-interval,1,8,timestamp-only,node-0015,node-0076,1,1,1
trace-134,clock-interval,1,8,no-ancestor-expiry,node-0015,node-0015,0,0,0
trace-134,clock-interval,1,8,no-ancestor-revocation,node-0015,node-0015,0,0,0
trace-134,clock-interval,1,8,no-alias-obligations,node-0015,node-0076,1,1,1
trace-134,clock-interval,1,8,top-one,node-0015,,1,1,0
trace-134,clock-interval,1,8,expiry-skyline,node-0015,,1,1,0
trace-134,clock-interval,1,9,direct,node-0063,node-0063,0,0,0
trace-134,clock-interval,1,9,verified,node-0063,node-0063,0,0,0
trace-134,clock-interval,1,9,full-compiled,node-0063,node-0063,0,0,0
trace-134,clock-interval,1,9,timestamp-only,node-0063,node-0063,0,0,0
trace-134,clock-interval,1,9,no-ancestor-expiry,node-0063,node-0063,0,0,0
trace-134,clock-interval,1,9,no-ancestor-revocation,node-0063,node-0063,0,0,0
trace-134,clock-interval,1,9,no-alias-obligations,node-0063,node-0063,0,0,0
trace-134,clock-interval,1,9,top-one,node-0063,,1,1,0
trace-134,clock-interval,1,9,expiry-skyline,node-0063,,1,1,0
trace-134,clock-interval,1,10,direct,node-0025,node-0025,0,0,0
trace-134,clock-interval,1,10,verified,node-0025,node-0025,0,0,0
trace-134,clock-interval,1,10,full-compiled,node-0025,node-0025,0,0,0
trace-134,clock-interval,1,10,timestamp-only,node-0025,node-0025,0,0,0
trace-134,clock-interval,1,10,no-ancestor-expiry,node-0025,node-0025,0,0,0
trace-134,clock-interval,1,10,no-ancestor-revocation,node-0025,node-0025,0,0,0
trace-134,clock-interval,1,10,no-alias-obligations,node-0025,node-0025,0,0,0
trace-134,clock-interval,1,10,top-one,node-0025,node-0025,0,0,0
trace-134,clock-interval,1,10,expiry-skyline,node-0025,node-0025,0,0,0
trace-134,clock-interval,1,11,direct,,,0,0,0
trace-134,clock-interval,1,11,verified,,,0,0,0
trace-134,clock-interval,1,11,full-compiled,,,0,0,0
trace-134,clock-interval,1,11,timestamp-only,,node-0057,1,1,1
trace-134,clock-interval,1,11,no-ancestor-expiry,,,0,0,0
trace-134,clock-interval,1,11,no-ancestor-revocation,,,0,0,0
trace-134,clock-interval,1,11,no-alias-obligations,,node-0057,1,1,1
trace-134,clock-interval,1,11,top-one,,,0,0,0
trace-134,clock-interval,1,11,expiry-skyline,,,0,0,0
trace-135,clock-interval,0,0,direct,node-0069,node-0069,0,0,0
trace-135,clock-interval,0,0,verified,node-0069,node-0069,0,0,0
trace-135,clock-interval,0,0,full-compiled,node-0069,node-0069,0,0,0
trace-135,clock-interval,0,0,timestamp-only,node-0069,node-0069,0,0,0
trace-135,clock-interval,0,0,no-ancestor-expiry,node-0069,node-0069,0,0,0
trace-135,clock-interval,0,0,no-ancestor-revocation,node-0069,node-0069,0,0,0
trace-135,clock-interval,0,0,no-alias-obligations,node-0069,node-0069,0,0,0
trace-135,clock-interval,0,0,top-one,node-0069,node-0069,0,0,0
trace-135,clock-interval,0,0,expiry-skyline,node-0069,node-0069,0,0,0
trace-135,clock-interval,0,1,direct,node-0068,node-0068,0,0,0
trace-135,clock-interval,0,1,verified,node-0068,node-0068,0,0,0
trace-135,clock-interval,0,1,full-compiled,node-0068,node-0068,0,0,0
trace-135,clock-interval,0,1,timestamp-only,node-0068,node-0069,1,1,1
trace-135,clock-interval,0,1,no-ancestor-expiry,node-0068,node-0068,0,0,0
trace-135,clock-interval,0,1,no-ancestor-revocation,node-0068,node-0069,1,1,1
trace-135,clock-interval,0,1,no-alias-obligations,node-0068,node-0068,0,0,0
trace-135,clock-interval,0,1,top-one,node-0068,,1,1,0
trace-135,clock-interval,0,1,expiry-skyline,node-0068,node-0068,0,0,0
trace-135,clock-interval,0,2,direct,node-0000,node-0000,0,0,0
trace-135,clock-interval,0,2,verified,node-0000,node-0000,0,0,0
trace-135,clock-interval,0,2,full-compiled,node-0000,node-0000,0,0,0
trace-135,clock-interval,0,2,timestamp-only,node-0000,node-0052,1,1,1
trace-135,clock-interval,0,2,no-ancestor-expiry,node-0000,node-0000,0,0,0
trace-135,clock-interval,0,2,no-ancestor-revocation,node-0000,node-0000,0,0,0
trace-135,clock-interval,0,2,no-alias-obligations,node-0000,node-0052,1,1,1
trace-135,clock-interval,0,2,top-one,node-0000,,1,1,0
trace-135,clock-interval,0,2,expiry-skyline,node-0000,node-0048,1,1,0
trace-135,clock-interval,0,3,direct,node-0021,node-0021,0,0,0
trace-135,clock-interval,0,3,verified,node-0021,node-0021,0,0,0
trace-135,clock-interval,0,3,full-compiled,node-0021,node-0021,0,0,0
trace-135,clock-interval,0,3,timestamp-only,node-0021,node-0069,1,1,1
trace-135,clock-interval,0,3,no-ancestor-expiry,node-0021,node-0021,0,0,0
trace-135,clock-interval,0,3,no-ancestor-revocation,node-0021,node-0069,1,1,1
trace-135,clock-interval,0,3,no-alias-obligations,node-0021,node-0021,0,0,0
trace-135,clock-interval,0,3,top-one,node-0021,,1,1,0
trace-135,clock-interval,0,3,expiry-skyline,node-0021,node-0021,0,0,0
trace-135,clock-interval,0,4,direct,node-0069,node-0069,0,0,0
trace-135,clock-interval,0,4,verified,node-0069,node-0069,0,0,0
trace-135,clock-interval,0,4,full-compiled,node-0069,node-0069,0,0,0
trace-135,clock-interval,0,4,timestamp-only,node-0069,node-0069,0,0,0
trace-135,clock-interval,0,4,no-ancestor-expiry,node-0069,node-0069,0,0,0
trace-135,clock-interval,0,4,no-ancestor-revocation,node-0069,node-0069,0,0,0
trace-135,clock-interval,0,4,no-alias-obligations,node-0069,node-0069,0,0,0
trace-135,clock-interval,0,4,top-one,node-0069,node-0069,0,0,0
trace-135,clock-interval,0,4,expiry-skyline,node-0069,node-0069,0,0,0
trace-135,clock-interval,0,5,direct,node-0066,node-0066,0,0,0
trace-135,clock-interval,0,5,verified,node-0066,node-0066,0,0,0
trace-135,clock-interval,0,5,full-compiled,node-0066,node-0066,0,0,0
trace-135,clock-interval,0,5,timestamp-only,node-0066,node-0069,1,1,1
trace-135,clock-interval,0,5,no-ancestor-expiry,node-0066,node-0069,1,1,1
trace-135,clock-interval,0,5,no-ancestor-revocation,node-0066,node-0066,0,0,0
trace-135,clock-interval,0,5,no-alias-obligations,node-0066,node-0066,0,0,0
trace-135,clock-interval,0,5,top-one,node-0066,,1,1,0
trace-135,clock-interval,0,5,expiry-skyline,node-0066,node-0066,0,0,0
trace-135,clock-interval,0,6,direct,node-0007,node-0007,0,0,0
trace-135,clock-interval,0,6,verified,node-0007,node-0007,0,0,0
trace-135,clock-interval,0,6,full-compiled,node-0007,node-0007,0,0,0
trace-135,clock-interval,0,6,timestamp-only,node-0007,node-0066,1,0,1
trace-135,clock-interval,0,6,no-ancestor-expiry,node-0007,node-0007,0,0,0
trace-135,clock-interval,0,6,no-ancestor-revocation,node-0007,node-0007,0,0,0
trace-135,clock-interval,0,6,no-alias-obligations,node-0007,node-0021,1,1,1
trace-135,clock-interval,0,6,top-one,node-0007,,1,1,0
trace-135,clock-interval,0,6,expiry-skyline,node-0007,node-0007,0,0,0
trace-135,clock-interval,0,7,direct,,,0,0,0
trace-135,clock-interval,0,7,verified,,,0,0,0
trace-135,clock-interval,0,7,full-compiled,,,0,0,0
trace-135,clock-interval,0,7,timestamp-only,,,0,0,0
trace-135,clock-interval,0,7,no-ancestor-expiry,,,0,0,0
trace-135,clock-interval,0,7,no-ancestor-revocation,,,0,0,0
trace-135,clock-interval,0,7,no-alias-obligations,,,0,0,0
trace-135,clock-interval,0,7,top-one,,,0,0,0
trace-135,clock-interval,0,7,expiry-skyline,,,0,0,0
trace-135,clock-interval,0,8,direct,node-0066,node-0066,0,0,0
trace-135,clock-interval,0,8,verified,node-0066,node-0066,0,0,0
trace-135,clock-interval,0,8,full-compiled,node-0066,node-0066,0,0,0
trace-135,clock-interval,0,8,timestamp-only,node-0066,node-0069,1,1,1
trace-135,clock-interval,0,8,no-ancestor-expiry,node-0066,node-0066,0,0,0
trace-135,clock-interval,0,8,no-ancestor-revocation,node-0066,node-0069,1,1,1
trace-135,clock-interval,0,8,no-alias-obligations,node-0066,node-0066,0,0,0
trace-135,clock-interval,0,8,top-one,node-0066,,1,1,0
trace-135,clock-interval,0,8,expiry-skyline,node-0066,node-0066,0,0,0
trace-135,clock-interval,0,9,direct,node-0000,node-0000,0,0,0
trace-135,clock-interval,0,9,verified,node-0000,node-0000,0,0,0
trace-135,clock-interval,0,9,full-compiled,node-0000,node-0000,0,0,0
trace-135,clock-interval,0,9,timestamp-only,node-0000,node-0052,1,1,1
trace-135,clock-interval,0,9,no-ancestor-expiry,node-0000,node-0000,0,0,0
trace-135,clock-interval,0,9,no-ancestor-revocation,node-0000,node-0000,0,0,0
trace-135,clock-interval,0,9,no-alias-obligations,node-0000,node-0052,1,1,1
trace-135,clock-interval,0,9,top-one,node-0000,,1,1,0
trace-135,clock-interval,0,9,expiry-skyline,node-0000,node-0048,1,1,0
trace-135,clock-interval,0,10,direct,node-0068,node-0068,0,0,0
trace-135,clock-interval,0,10,verified,node-0068,node-0068,0,0,0
trace-135,clock-interval,0,10,full-compiled,node-0068,node-0068,0,0,0
trace-135,clock-interval,0,10,timestamp-only,node-0068,node-0069,1,1,1
trace-135,clock-interval,0,10,no-ancestor-expiry,node-0068,node-0068,0,0,0
trace-135,clock-interval,0,10,no-ancestor-revocation,node-0068,node-0069,1,1,1
trace-135,clock-interval,0,10,no-alias-obligations,node-0068,node-0068,0,0,0
trace-135,clock-interval,0,10,top-one,node-0068,,1,1,0
trace-135,clock-interval,0,10,expiry-skyline,node-0068,node-0068,0,0,0
trace-135,clock-interval,0,11,direct,node-0048,node-0048,0,0,0
trace-135,clock-interval,0,11,verified,node-0048,node-0048,0,0,0
trace-135,clock-interval,0,11,full-compiled,node-0048,node-0048,0,0,0
trace-135,clock-interval,0,11,timestamp-only,node-0048,node-0052,1,1,1
trace-135,clock-interval,0,11,no-ancestor-expiry,node-0048,node-0048,0,0,0
trace-135,clock-interval,0,11,no-ancestor-revocation,node-0048,node-0048,0,0,0
trace-135,clock-interval,0,11,no-alias-obligations,node-0048,node-0052,1,1,1
trace-135,clock-interval,0,11,top-one,node-0048,,1,1,0
trace-135,clock-interval,0,11,expiry-skyline,node-0048,node-0048,0,0,0
trace-135,clock-interval,1,0,direct,node-0008,node-0008,0,0,0
trace-135,clock-interval,1,0,verified,node-0008,node-0008,0,0,0
trace-135,clock-interval,1,0,full-compiled,node-0008,node-0008,0,0,0
trace-135,clock-interval,1,0,timestamp-only,node-0008,node-0008,0,0,0
trace-135,clock-interval,1,0,no-ancestor-expiry,node-0008,node-0008,0,0,0
trace-135,clock-interval,1,0,no-ancestor-revocation,node-0008,node-0008,0,0,0
trace-135,clock-interval,1,0,no-alias-obligations,node-0008,node-0008,0,0,0
trace-135,clock-interval,1,0,top-one,node-0008,node-0008,0,0,0
trace-135,clock-interval,1,0,expiry-skyline,node-0008,node-0008,0,0,0
trace-135,clock-interval,1,1,direct,node-0008,node-0008,0,0,0
trace-135,clock-interval,1,1,verified,node-0008,node-0008,0,0,0
trace-135,clock-interval,1,1,full-compiled,node-0008,node-0008,0,0,0
trace-135,clock-interval,1,1,timestamp-only,node-0008,node-0008,0,0,0
trace-135,clock-interval,1,1,no-ancestor-expiry,node-0008,node-0008,0,0,0
trace-135,clock-interval,1,1,no-ancestor-revocation,node-0008,node-0008,0,0,0
trace-135,clock-interval,1,1,no-alias-obligations,node-0008,node-0008,0,0,0
trace-135,clock-interval,1,1,top-one,node-0008,node-0008,0,0,0
trace-135,clock-interval,1,1,expiry-skyline,node-0008,node-0008,0,0,0
trace-135,clock-interval,1,2,direct,node-0095,node-0095,0,0,0
trace-135,clock-interval,1,2,verified,node-0095,node-0095,0,0,0
trace-135,clock-interval,1,2,full-compiled,node-0095,node-0095,0,0,0
trace-135,clock-interval,1,2,timestamp-only,node-0095,node-0026,1,0,1
trace-135,clock-interval,1,2,no-ancestor-expiry,node-0095,node-0095,0,0,0
trace-135,clock-interval,1,2,no-ancestor-revocation,node-0095,node-0095,0,0,0
trace-135,clock-interval,1,2,no-alias-obligations,node-0095,node-0026,1,0,1
trace-135,clock-interval,1,2,top-one,node-0095,,1,1,0
trace-135,clock-interval,1,2,expiry-skyline,node-0095,,1,1,0
trace-135,clock-interval,1,3,direct,node-0008,node-0008,0,0,0
trace-135,clock-interval,1,3,verified,node-0008,node-0008,0,0,0
trace-135,clock-interval,1,3,full-compiled,node-0008,node-0008,0,0,0
trace-135,clock-interval,1,3,timestamp-only,node-0008,node-0008,0,0,0
trace-135,clock-interval,1,3,no-ancestor-expiry,node-0008,node-0008,0,0,0
trace-135,clock-interval,1,3,no-ancestor-revocation,node-0008,node-0008,0,0,0
trace-135,clock-interval,1,3,no-alias-obligations,node-0008,node-0008,0,0,0
trace-135,clock-interval,1,3,top-one,node-0008,node-0008,0,0,0
trace-135,clock-interval,1,3,expiry-skyline,node-0008,node-0008,0,0,0
trace-135,clock-interval,1,4,direct,node-0008,node-0008,0,0,0
trace-135,clock-interval,1,4,verified,node-0008,node-0008,0,0,0
trace-135,clock-interval,1,4,full-compiled,node-0008,node-0008,0,0,0
trace-135,clock-interval,1,4,timestamp-only,node-0008,node-0008,0,0,0
trace-135,clock-interval,1,4,no-ancestor-expiry,node-0008,node-0008,0,0,0
trace-135,clock-interval,1,4,no-ancestor-revocation,node-0008,node-0008,0,0,0
trace-135,clock-interval,1,4,no-alias-obligations,node-0008,node-0008,0,0,0
trace-135,clock-interval,1,4,top-one,node-0008,node-0008,0,0,0
trace-135,clock-interval,1,4,expiry-skyline,node-0008,node-0008,0,0,0
trace-135,clock-interval,1,5,direct,node-0075,node-0075,0,0,0
trace-135,clock-interval,1,5,verified,node-0075,node-0075,0,0,0
trace-135,clock-interval,1,5,full-compiled,node-0075,node-0075,0,0,0
trace-135,clock-interval,1,5,timestamp-only,node-0075,node-0075,0,0,0
trace-135,clock-interval,1,5,no-ancestor-expiry,node-0075,node-0075,0,0,0
trace-135,clock-interval,1,5,no-ancestor-revocation,node-0075,node-0075,0,0,0
trace-135,clock-interval,1,5,no-alias-obligations,node-0075,node-0075,0,0,0
trace-135,clock-interval,1,5,top-one,node-0075,,1,1,0
trace-135,clock-interval,1,5,expiry-skyline,node-0075,node-0075,0,0,0
trace-135,clock-interval,1,6,direct,node-0092,node-0092,0,0,0
trace-135,clock-interval,1,6,verified,node-0092,node-0092,0,0,0
trace-135,clock-interval,1,6,full-compiled,node-0092,node-0092,0,0,0
trace-135,clock-interval,1,6,timestamp-only,node-0092,node-0075,1,0,1
trace-135,clock-interval,1,6,no-ancestor-expiry,node-0092,node-0092,0,0,0
trace-135,clock-interval,1,6,no-ancestor-revocation,node-0092,node-0092,0,0,0
trace-135,clock-interval,1,6,no-alias-obligations,node-0092,node-0075,1,0,1
trace-135,clock-interval,1,6,top-one,node-0092,,1,1,0
trace-135,clock-interval,1,6,expiry-skyline,node-0092,node-0092,0,0,0
trace-135,clock-interval,1,7,direct,,,0,0,0
trace-135,clock-interval,1,7,verified,,,0,0,0
trace-135,clock-interval,1,7,full-compiled,,,0,0,0
trace-135,clock-interval,1,7,timestamp-only,,,0,0,0
trace-135,clock-interval,1,7,no-ancestor-expiry,,,0,0,0
trace-135,clock-interval,1,7,no-ancestor-revocation,,,0,0,0
trace-135,clock-interval,1,7,no-alias-obligations,,,0,0,0
trace-135,clock-interval,1,7,top-one,,,0,0,0
trace-135,clock-interval,1,7,expiry-skyline,,,0,0,0
trace-135,clock-interval,1,8,direct,node-0008,node-0008,0,0,0
trace-135,clock-interval,1,8,verified,node-0008,node-0008,0,0,0
trace-135,clock-interval,1,8,full-compiled,node-0008,node-0008,0,0,0
trace-135,clock-interval,1,8,timestamp-only,node-0008,node-0008,0,0,0
trace-135,clock-interval,1,8,no-ancestor-expiry,node-0008,node-0008,0,0,0
trace-135,clock-interval,1,8,no-ancestor-revocation,node-0008,node-0008,0,0,0
trace-135,clock-interval,1,8,no-alias-obligations,node-0008,node-0008,0,0,0
trace-135,clock-interval,1,8,top-one,node-0008,node-0008,0,0,0
trace-135,clock-interval,1,8,expiry-skyline,node-0008,node-0008,0,0,0
trace-135,clock-interval,1,9,direct,node-0095,node-0095,0,0,0
trace-135,clock-interval,1,9,verified,node-0095,node-0095,0,0,0
trace-135,clock-interval,1,9,full-compiled,node-0095,node-0095,0,0,0
trace-135,clock-interval,1,9,timestamp-only,node-0095,node-0026,1,0,1
trace-135,clock-interval,1,9,no-ancestor-expiry,node-0095,node-0095,0,0,0
trace-135,clock-interval,1,9,no-ancestor-revocation,node-0095,node-0095,0,0,0
trace-135,clock-interval,1,9,no-alias-obligations,node-0095,node-0026,1,0,1
trace-135,clock-interval,1,9,top-one,node-0095,,1,1,0
trace-135,clock-interval,1,9,expiry-skyline,node-0095,,1,1,0
trace-135,clock-interval,1,10,direct,node-0008,node-0008,0,0,0
trace-135,clock-interval,1,10,verified,node-0008,node-0008,0,0,0
trace-135,clock-interval,1,10,full-compiled,node-0008,node-0008,0,0,0
trace-135,clock-interval,1,10,timestamp-only,node-0008,node-0008,0,0,0
trace-135,clock-interval,1,10,no-ancestor-expiry,node-0008,node-0008,0,0,0
trace-135,clock-interval,1,10,no-ancestor-revocation,node-0008,node-0008,0,0,0
trace-135,clock-interval,1,10,no-alias-obligations,node-0008,node-0008,0,0,0
trace-135,clock-interval,1,10,top-one,node-0008,node-0008,0,0,0
trace-135,clock-interval,1,10,expiry-skyline,node-0008,node-0008,0,0,0
trace-135,clock-interval,1,11,direct,,,0,0,0
trace-135,clock-interval,1,11,verified,,,0,0,0
trace-135,clock-interval,1,11,full-compiled,,,0,0,0
trace-135,clock-interval,1,11,timestamp-only,,node-0056,1,1,1
trace-135,clock-interval,1,11,no-ancestor-expiry,,,0,0,0
trace-135,clock-interval,1,11,no-ancestor-revocation,,,0,0,0
trace-135,clock-interval,1,11,no-alias-obligations,,node-0056,1,1,1
trace-135,clock-interval,1,11,top-one,,,0,0,0
trace-135,clock-interval,1,11,expiry-skyline,,,0,0,0
trace-136,clock-interval,0,0,direct,node-0033,node-0033,0,0,0
trace-136,clock-interval,0,0,verified,node-0033,node-0033,0,0,0
trace-136,clock-interval,0,0,full-compiled,node-0033,node-0033,0,0,0
trace-136,clock-interval,0,0,timestamp-only,node-0033,node-0033,0,0,0
trace-136,clock-interval,0,0,no-ancestor-expiry,node-0033,node-0033,0,0,0
trace-136,clock-interval,0,0,no-ancestor-revocation,node-0033,node-0033,0,0,0
trace-136,clock-interval,0,0,no-alias-obligations,node-0033,node-0033,0,0,0
trace-136,clock-interval,0,0,top-one,node-0033,node-0033,0,0,0
trace-136,clock-interval,0,0,expiry-skyline,node-0033,node-0033,0,0,0
trace-136,clock-interval,0,1,direct,node-0033,node-0033,0,0,0
trace-136,clock-interval,0,1,verified,node-0033,node-0033,0,0,0
trace-136,clock-interval,0,1,full-compiled,node-0033,node-0033,0,0,0
trace-136,clock-interval,0,1,timestamp-only,node-0033,node-0033,0,0,0
trace-136,clock-interval,0,1,no-ancestor-expiry,node-0033,node-0033,0,0,0
trace-136,clock-interval,0,1,no-ancestor-revocation,node-0033,node-0033,0,0,0
trace-136,clock-interval,0,1,no-alias-obligations,node-0033,node-0033,0,0,0
trace-136,clock-interval,0,1,top-one,node-0033,node-0033,0,0,0
trace-136,clock-interval,0,1,expiry-skyline,node-0033,node-0033,0,0,0
trace-136,clock-interval,0,2,direct,node-0000,node-0000,0,0,0
trace-136,clock-interval,0,2,verified,node-0000,node-0000,0,0,0
trace-136,clock-interval,0,2,full-compiled,node-0000,node-0000,0,0,0
trace-136,clock-interval,0,2,timestamp-only,node-0000,node-0023,1,1,1
trace-136,clock-interval,0,2,no-ancestor-expiry,node-0000,node-0000,0,0,0
trace-136,clock-interval,0,2,no-ancestor-revocation,node-0000,node-0000,0,0,0
trace-136,clock-interval,0,2,no-alias-obligations,node-0000,node-0023,1,1,1
trace-136,clock-interval,0,2,top-one,node-0000,,1,1,0
trace-136,clock-interval,0,2,expiry-skyline,node-0000,,1,1,0
trace-136,clock-interval,0,3,direct,node-0033,node-0033,0,0,0
trace-136,clock-interval,0,3,verified,node-0033,node-0033,0,0,0
trace-136,clock-interval,0,3,full-compiled,node-0033,node-0033,0,0,0
trace-136,clock-interval,0,3,timestamp-only,node-0033,node-0033,0,0,0
trace-136,clock-interval,0,3,no-ancestor-expiry,node-0033,node-0033,0,0,0
trace-136,clock-interval,0,3,no-ancestor-revocation,node-0033,node-0033,0,0,0
trace-136,clock-interval,0,3,no-alias-obligations,node-0033,node-0033,0,0,0
trace-136,clock-interval,0,3,top-one,node-0033,node-0033,0,0,0
trace-136,clock-interval,0,3,expiry-skyline,node-0033,node-0033,0,0,0
trace-136,clock-interval,0,4,direct,node-0036,node-0036,0,0,0
trace-136,clock-interval,0,4,verified,node-0036,node-0036,0,0,0
trace-136,clock-interval,0,4,full-compiled,node-0036,node-0036,0,0,0
trace-136,clock-interval,0,4,timestamp-only,node-0036,node-0036,0,0,0
trace-136,clock-interval,0,4,no-ancestor-expiry,node-0036,node-0036,0,0,0
trace-136,clock-interval,0,4,no-ancestor-revocation,node-0036,node-0036,0,0,0
trace-136,clock-interval,0,4,no-alias-obligations,node-0036,node-0036,0,0,0
trace-136,clock-interval,0,4,top-one,node-0036,,1,1,0
trace-136,clock-interval,0,4,expiry-skyline,node-0036,node-0036,0,0,0
trace-136,clock-interval,0,5,direct,node-0036,node-0036,0,0,0
trace-136,clock-interval,0,5,verified,node-0036,node-0036,0,0,0
trace-136,clock-interval,0,5,full-compiled,node-0036,node-0036,0,0,0
trace-136,clock-interval,0,5,timestamp-only,node-0036,node-0036,0,0,0
trace-136,clock-interval,0,5,no-ancestor-expiry,node-0036,node-0036,0,0,0
trace-136,clock-interval,0,5,no-ancestor-revocation,node-0036,node-0036,0,0,0
trace-136,clock-interval,0,5,no-alias-obligations,node-0036,node-0036,0,0,0
trace-136,clock-interval,0,5,top-one,node-0036,,1,1,0
trace-136,clock-interval,0,5,expiry-skyline,node-0036,node-0036,0,0,0
trace-136,clock-interval,0,6,direct,node-0048,node-0048,0,0,0
trace-136,clock-interval,0,6,verified,node-0048,node-0048,0,0,0
trace-136,clock-interval,0,6,full-compiled,node-0048,node-0048,0,0,0
trace-136,clock-interval,0,6,timestamp-only,node-0048,node-0036,1,0,1
trace-136,clock-interval,0,6,no-ancestor-expiry,node-0048,node-0048,0,0,0
trace-136,clock-interval,0,6,no-ancestor-revocation,node-0048,node-0048,0,0,0
trace-136,clock-interval,0,6,no-alias-obligations,node-0048,node-0036,1,0,1
trace-136,clock-interval,0,6,top-one,node-0048,,1,1,0
trace-136,clock-interval,0,6,expiry-skyline,node-0048,node-0048,0,0,0
trace-136,clock-interval,0,7,direct,,,0,0,0
trace-136,clock-interval,0,7,verified,,,0,0,0
trace-136,clock-interval,0,7,full-compiled,,,0,0,0
trace-136,clock-interval,0,7,timestamp-only,,,0,0,0
trace-136,clock-interval,0,7,no-ancestor-expiry,,,0,0,0
trace-136,clock-interval,0,7,no-ancestor-revocation,,,0,0,0
trace-136,clock-interval,0,7,no-alias-obligations,,,0,0,0
trace-136,clock-interval,0,7,top-one,,,0,0,0
trace-136,clock-interval,0,7,expiry-skyline,,,0,0,0
trace-136,clock-interval,0,8,direct,node-0033,node-0033,0,0,0
trace-136,clock-interval,0,8,verified,node-0033,node-0033,0,0,0
trace-136,clock-interval,0,8,full-compiled,node-0033,node-0033,0,0,0
trace-136,clock-interval,0,8,timestamp-only,node-0033,node-0033,0,0,0
trace-136,clock-interval,0,8,no-ancestor-expiry,node-0033,node-0033,0,0,0
trace-136,clock-interval,0,8,no-ancestor-revocation,node-0033,node-0033,0,0,0
trace-136,clock-interval,0,8,no-alias-obligations,node-0033,node-0033,0,0,0
trace-136,clock-interval,0,8,top-one,node-0033,node-0033,0,0,0
trace-136,clock-interval,0,8,expiry-skyline,node-0033,node-0033,0,0,0
trace-136,clock-interval,0,9,direct,node-0033,node-0033,0,0,0
trace-136,clock-interval,0,9,verified,node-0033,node-0033,0,0,0
trace-136,clock-interval,0,9,full-compiled,node-0033,node-0033,0,0,0
trace-136,clock-interval,0,9,timestamp-only,node-0033,node-0033,0,0,0
trace-136,clock-interval,0,9,no-ancestor-expiry,node-0033,node-0033,0,0,0
trace-136,clock-interval,0,9,no-ancestor-revocation,node-0033,node-0033,0,0,0
trace-136,clock-interval,0,9,no-alias-obligations,node-0033,node-0033,0,0,0
trace-136,clock-interval,0,9,top-one,node-0033,node-0033,0,0,0
trace-136,clock-interval,0,9,expiry-skyline,node-0033,node-0033,0,0,0
trace-136,clock-interval,0,10,direct,node-0036,node-0036,0,0,0
trace-136,clock-interval,0,10,verified,node-0036,node-0036,0,0,0
trace-136,clock-interval,0,10,full-compiled,node-0036,node-0036,0,0,0
trace-136,clock-interval,0,10,timestamp-only,node-0036,node-0036,0,0,0
trace-136,clock-interval,0,10,no-ancestor-expiry,node-0036,node-0036,0,0,0
trace-136,clock-interval,0,10,no-ancestor-revocation,node-0036,node-0036,0,0,0
trace-136,clock-interval,0,10,no-alias-obligations,node-0036,node-0036,0,0,0
trace-136,clock-interval,0,10,top-one,node-0036,,1,1,0
trace-136,clock-interval,0,10,expiry-skyline,node-0036,node-0036,0,0,0
trace-136,clock-interval,0,11,direct,node-0036,node-0036,0,0,0
trace-136,clock-interval,0,11,verified,node-0036,node-0036,0,0,0
trace-136,clock-interval,0,11,full-compiled,node-0036,node-0036,0,0,0
trace-136,clock-interval,0,11,timestamp-only,node-0036,node-0036,0,0,0
trace-136,clock-interval,0,11,no-ancestor-expiry,node-0036,node-0036,0,0,0
trace-136,clock-interval,0,11,no-ancestor-revocation,node-0036,node-0036,0,0,0
trace-136,clock-interval,0,11,no-alias-obligations,node-0036,node-0036,0,0,0
trace-136,clock-interval,0,11,top-one,node-0036,,1,1,0
trace-136,clock-interval,0,11,expiry-skyline,node-0036,node-0036,0,0,0
trace-136,clock-interval,1,0,direct,node-0012,node-0012,0,0,0
trace-136,clock-interval,1,0,verified,node-0012,node-0012,0,0,0
trace-136,clock-interval,1,0,full-compiled,node-0012,node-0012,0,0,0
trace-136,clock-interval,1,0,timestamp-only,node-0012,node-0012,0,0,0
trace-136,clock-interval,1,0,no-ancestor-expiry,node-0012,node-0012,0,0,0
trace-136,clock-interval,1,0,no-ancestor-revocation,node-0012,node-0012,0,0,0
trace-136,clock-interval,1,0,no-alias-obligations,node-0012,node-0012,0,0,0
trace-136,clock-interval,1,0,top-one,node-0012,node-0012,0,0,0
trace-136,clock-interval,1,0,expiry-skyline,node-0012,node-0012,0,0,0
trace-136,clock-interval,1,1,direct,node-0012,node-0012,0,0,0
trace-136,clock-interval,1,1,verified,node-0012,node-0012,0,0,0
trace-136,clock-interval,1,1,full-compiled,node-0012,node-0012,0,0,0
trace-136,clock-interval,1,1,timestamp-only,node-0012,node-0012,0,0,0
trace-136,clock-interval,1,1,no-ancestor-expiry,node-0012,node-0012,0,0,0
trace-136,clock-interval,1,1,no-ancestor-revocation,node-0012,node-0012,0,0,0
trace-136,clock-interval,1,1,no-alias-obligations,node-0012,node-0012,0,0,0
trace-136,clock-interval,1,1,top-one,node-0012,node-0012,0,0,0
trace-136,clock-interval,1,1,expiry-skyline,node-0012,node-0012,0,0,0
trace-136,clock-interval,1,2,direct,node-0079,node-0079,0,0,0
trace-136,clock-interval,1,2,verified,node-0079,node-0079,0,0,0
trace-136,clock-interval,1,2,full-compiled,node-0079,node-0079,0,0,0
trace-136,clock-interval,1,2,timestamp-only,node-0079,node-0013,1,1,1
trace-136,clock-interval,1,2,no-ancestor-expiry,node-0079,node-0079,0,0,0
trace-136,clock-interval,1,2,no-ancestor-revocation,node-0079,node-0079,0,0,0
trace-136,clock-interval,1,2,no-alias-obligations,node-0079,node-0013,1,1,1
trace-136,clock-interval,1,2,top-one,node-0079,,1,1,0
trace-136,clock-interval,1,2,expiry-skyline,node-0079,,1,1,0
trace-136,clock-interval,1,3,direct,node-0012,node-0012,0,0,0
trace-136,clock-interval,1,3,verified,node-0012,node-0012,0,0,0
trace-136,clock-interval,1,3,full-compiled,node-0012,node-0012,0,0,0
trace-136,clock-interval,1,3,timestamp-only,node-0012,node-0012,0,0,0
trace-136,clock-interval,1,3,no-ancestor-expiry,node-0012,node-0012,0,0,0
trace-136,clock-interval,1,3,no-ancestor-revocation,node-0012,node-0012,0,0,0
trace-136,clock-interval,1,3,no-alias-obligations,node-0012,node-0012,0,0,0
trace-136,clock-interval,1,3,top-one,node-0012,node-0012,0,0,0
trace-136,clock-interval,1,3,expiry-skyline,node-0012,node-0012,0,0,0
trace-136,clock-interval,1,4,direct,node-0012,node-0012,0,0,0
trace-136,clock-interval,1,4,verified,node-0012,node-0012,0,0,0
trace-136,clock-interval,1,4,full-compiled,node-0012,node-0012,0,0,0
trace-136,clock-interval,1,4,timestamp-only,node-0012,node-0012,0,0,0
trace-136,clock-interval,1,4,no-ancestor-expiry,node-0012,node-0012,0,0,0
trace-136,clock-interval,1,4,no-ancestor-revocation,node-0012,node-0012,0,0,0
trace-136,clock-interval,1,4,no-alias-obligations,node-0012,node-0012,0,0,0
trace-136,clock-interval,1,4,top-one,node-0012,node-0012,0,0,0
trace-136,clock-interval,1,4,expiry-skyline,node-0012,node-0012,0,0,0
trace-136,clock-interval,1,5,direct,node-0046,node-0046,0,0,0
trace-136,clock-interval,1,5,verified,node-0046,node-0046,0,0,0
trace-136,clock-interval,1,5,full-compiled,node-0046,node-0046,0,0,0
trace-136,clock-interval,1,5,timestamp-only,node-0046,node-0046,0,0,0
trace-136,clock-interval,1,5,no-ancestor-expiry,node-0046,node-0046,0,0,0
trace-136,clock-interval,1,5,no-ancestor-revocation,node-0046,node-0046,0,0,0
trace-136,clock-interval,1,5,no-alias-obligations,node-0046,node-0046,0,0,0
trace-136,clock-interval,1,5,top-one,node-0046,,1,1,0
trace-136,clock-interval,1,5,expiry-skyline,node-0046,node-0046,0,0,0
trace-136,clock-interval,1,6,direct,,,0,0,0
trace-136,clock-interval,1,6,verified,,,0,0,0
trace-136,clock-interval,1,6,full-compiled,,,0,0,0
trace-136,clock-interval,1,6,timestamp-only,,node-0013,1,1,1
trace-136,clock-interval,1,6,no-ancestor-expiry,,node-0095,1,1,1
trace-136,clock-interval,1,6,no-ancestor-revocation,,,0,0,0
trace-136,clock-interval,1,6,no-alias-obligations,,node-0013,1,1,1
trace-136,clock-interval,1,6,top-one,,,0,0,0
trace-136,clock-interval,1,6,expiry-skyline,,,0,0,0
trace-136,clock-interval,1,7,direct,,,0,0,0
trace-136,clock-interval,1,7,verified,,,0,0,0
trace-136,clock-interval,1,7,full-compiled,,,0,0,0
trace-136,clock-interval,1,7,timestamp-only,,,0,0,0
trace-136,clock-interval,1,7,no-ancestor-expiry,,,0,0,0
trace-136,clock-interval,1,7,no-ancestor-revocation,,,0,0,0
trace-136,clock-interval,1,7,no-alias-obligations,,,0,0,0
trace-136,clock-interval,1,7,top-one,,,0,0,0
trace-136,clock-interval,1,7,expiry-skyline,,,0,0,0
trace-136,clock-interval,1,8,direct,node-0012,node-0012,0,0,0
trace-136,clock-interval,1,8,verified,node-0012,node-0012,0,0,0
trace-136,clock-interval,1,8,full-compiled,node-0012,node-0012,0,0,0
trace-136,clock-interval,1,8,timestamp-only,node-0012,node-0012,0,0,0
trace-136,clock-interval,1,8,no-ancestor-expiry,node-0012,node-0012,0,0,0
trace-136,clock-interval,1,8,no-ancestor-revocation,node-0012,node-0012,0,0,0
trace-136,clock-interval,1,8,no-alias-obligations,node-0012,node-0012,0,0,0
trace-136,clock-interval,1,8,top-one,node-0012,node-0012,0,0,0
trace-136,clock-interval,1,8,expiry-skyline,node-0012,node-0012,0,0,0
trace-136,clock-interval,1,9,direct,node-0012,node-0012,0,0,0
trace-136,clock-interval,1,9,verified,node-0012,node-0012,0,0,0
trace-136,clock-interval,1,9,full-compiled,node-0012,node-0012,0,0,0
trace-136,clock-interval,1,9,timestamp-only,node-0012,node-0012,0,0,0
trace-136,clock-interval,1,9,no-ancestor-expiry,node-0012,node-0012,0,0,0
trace-136,clock-interval,1,9,no-ancestor-revocation,node-0012,node-0012,0,0,0
trace-136,clock-interval,1,9,no-alias-obligations,node-0012,node-0012,0,0,0
trace-136,clock-interval,1,9,top-one,node-0012,node-0012,0,0,0
trace-136,clock-interval,1,9,expiry-skyline,node-0012,node-0012,0,0,0
trace-136,clock-interval,1,10,direct,node-0046,node-0046,0,0,0
trace-136,clock-interval,1,10,verified,node-0046,node-0046,0,0,0
trace-136,clock-interval,1,10,full-compiled,node-0046,node-0046,0,0,0
trace-136,clock-interval,1,10,timestamp-only,node-0046,node-0046,0,0,0
trace-136,clock-interval,1,10,no-ancestor-expiry,node-0046,node-0046,0,0,0
trace-136,clock-interval,1,10,no-ancestor-revocation,node-0046,node-0046,0,0,0
trace-136,clock-interval,1,10,no-alias-obligations,node-0046,node-0046,0,0,0
trace-136,clock-interval,1,10,top-one,node-0046,,1,1,0
trace-136,clock-interval,1,10,expiry-skyline,node-0046,node-0046,0,0,0
trace-136,clock-interval,1,11,direct,node-0028,node-0028,0,0,0
trace-136,clock-interval,1,11,verified,node-0028,node-0028,0,0,0
trace-136,clock-interval,1,11,full-compiled,node-0028,node-0028,0,0,0
trace-136,clock-interval,1,11,timestamp-only,node-0028,node-0046,1,0,1
trace-136,clock-interval,1,11,no-ancestor-expiry,node-0028,node-0028,0,0,0
trace-136,clock-interval,1,11,no-ancestor-revocation,node-0028,node-0028,0,0,0
trace-136,clock-interval,1,11,no-alias-obligations,node-0028,node-0046,1,0,1
trace-136,clock-interval,1,11,top-one,node-0028,,1,1,0
trace-136,clock-interval,1,11,expiry-skyline,node-0028,node-0028,0,0,0
trace-137,clock-interval,0,0,direct,node-0033,node-0033,0,0,0
trace-137,clock-interval,0,0,verified,node-0033,node-0033,0,0,0
trace-137,clock-interval,0,0,full-compiled,node-0033,node-0033,0,0,0
trace-137,clock-interval,0,0,timestamp-only,node-0033,node-0032,1,1,1
trace-137,clock-interval,0,0,no-ancestor-expiry,node-0033,node-0032,1,1,1
trace-137,clock-interval,0,0,no-ancestor-revocation,node-0033,node-0033,0,0,0
trace-137,clock-interval,0,0,no-alias-obligations,node-0033,node-0033,0,0,0
trace-137,clock-interval,0,0,top-one,node-0033,node-0033,0,0,0
trace-137,clock-interval,0,0,expiry-skyline,node-0033,node-0033,0,0,0
trace-137,clock-interval,0,1,direct,node-0033,node-0033,0,0,0
trace-137,clock-interval,0,1,verified,node-0033,node-0033,0,0,0
trace-137,clock-interval,0,1,full-compiled,node-0033,node-0033,0,0,0
trace-137,clock-interval,0,1,timestamp-only,node-0033,node-0032,1,1,1
trace-137,clock-interval,0,1,no-ancestor-expiry,node-0033,node-0033,0,0,0
trace-137,clock-interval,0,1,no-ancestor-revocation,node-0033,node-0033,0,0,0
trace-137,clock-interval,0,1,no-alias-obligations,node-0033,node-0033,0,0,0
trace-137,clock-interval,0,1,top-one,node-0033,node-0033,0,0,0
trace-137,clock-interval,0,1,expiry-skyline,node-0033,node-0033,0,0,0
trace-137,clock-interval,0,2,direct,node-0048,node-0048,0,0,0
trace-137,clock-interval,0,2,verified,node-0048,node-0048,0,0,0
trace-137,clock-interval,0,2,full-compiled,node-0048,node-0048,0,0,0
trace-137,clock-interval,0,2,timestamp-only,node-0048,node-0071,1,1,1
trace-137,clock-interval,0,2,no-ancestor-expiry,node-0048,node-0048,0,0,0
trace-137,clock-interval,0,2,no-ancestor-revocation,node-0048,node-0048,0,0,0
trace-137,clock-interval,0,2,no-alias-obligations,node-0048,node-0071,1,1,1
trace-137,clock-interval,0,2,top-one,node-0048,,1,1,0
trace-137,clock-interval,0,2,expiry-skyline,node-0048,,1,1,0
trace-137,clock-interval,0,3,direct,node-0033,node-0033,0,0,0
trace-137,clock-interval,0,3,verified,node-0033,node-0033,0,0,0
trace-137,clock-interval,0,3,full-compiled,node-0033,node-0033,0,0,0
trace-137,clock-interval,0,3,timestamp-only,node-0033,node-0032,1,1,1
trace-137,clock-interval,0,3,no-ancestor-expiry,node-0033,node-0033,0,0,0
trace-137,clock-interval,0,3,no-ancestor-revocation,node-0033,node-0033,0,0,0
trace-137,clock-interval,0,3,no-alias-obligations,node-0033,node-0033,0,0,0
trace-137,clock-interval,0,3,top-one,node-0033,node-0033,0,0,0
trace-137,clock-interval,0,3,expiry-skyline,node-0033,node-0033,0,0,0
trace-137,clock-interval,0,4,direct,node-0033,node-0033,0,0,0
trace-137,clock-interval,0,4,verified,node-0033,node-0033,0,0,0
trace-137,clock-interval,0,4,full-compiled,node-0033,node-0033,0,0,0
trace-137,clock-interval,0,4,timestamp-only,node-0033,node-0032,1,1,1
trace-137,clock-interval,0,4,no-ancestor-expiry,node-0033,node-0032,1,1,1
trace-137,clock-interval,0,4,no-ancestor-revocation,node-0033,node-0033,0,0,0
trace-137,clock-interval,0,4,no-alias-obligations,node-0033,node-0033,0,0,0
trace-137,clock-interval,0,4,top-one,node-0033,node-0033,0,0,0
trace-137,clock-interval,0,4,expiry-skyline,node-0033,node-0033,0,0,0
trace-137,clock-interval,0,5,direct,node-0033,node-0033,0,0,0
trace-137,clock-interval,0,5,verified,node-0033,node-0033,0,0,0
trace-137,clock-interval,0,5,full-compiled,node-0033,node-0033,0,0,0
trace-137,clock-interval,0,5,timestamp-only,node-0033,node-0032,1,1,1
trace-137,clock-interval,0,5,no-ancestor-expiry,node-0033,node-0032,1,1,1
trace-137,clock-interval,0,5,no-ancestor-revocation,node-0033,node-0033,0,0,0
trace-137,clock-interval,0,5,no-alias-obligations,node-0033,node-0033,0,0,0
trace-137,clock-interval,0,5,top-one,node-0033,node-0033,0,0,0
trace-137,clock-interval,0,5,expiry-skyline,node-0033,node-0033,0,0,0
trace-137,clock-interval,0,6,direct,,,0,0,0
trace-137,clock-interval,0,6,verified,,,0,0,0
trace-137,clock-interval,0,6,full-compiled,,,0,0,0
trace-137,clock-interval,0,6,timestamp-only,,node-0080,1,1,1
trace-137,clock-interval,0,6,no-ancestor-expiry,,node-0080,1,1,1
trace-137,clock-interval,0,6,no-ancestor-revocation,,,0,0,0
trace-137,clock-interval,0,6,no-alias-obligations,,node-0036,1,1,1
trace-137,clock-interval,0,6,top-one,,,0,0,0
trace-137,clock-interval,0,6,expiry-skyline,,,0,0,0
trace-137,clock-interval,0,7,direct,,,0,0,0
trace-137,clock-interval,0,7,verified,,,0,0,0
trace-137,clock-interval,0,7,full-compiled,,,0,0,0
trace-137,clock-interval,0,7,timestamp-only,,,0,0,0
trace-137,clock-interval,0,7,no-ancestor-expiry,,,0,0,0
trace-137,clock-interval,0,7,no-ancestor-revocation,,,0,0,0
trace-137,clock-interval,0,7,no-alias-obligations,,,0,0,0
trace-137,clock-interval,0,7,top-one,,,0,0,0
trace-137,clock-interval,0,7,expiry-skyline,,,0,0,0
trace-137,clock-interval,0,8,direct,node-0048,node-0048,0,0,0
trace-137,clock-interval,0,8,verified,node-0048,node-0048,0,0,0
trace-137,clock-interval,0,8,full-compiled,node-0048,node-0048,0,0,0
trace-137,clock-interval,0,8,timestamp-only,node-0048,node-0071,1,1,1
trace-137,clock-interval,0,8,no-ancestor-expiry,node-0048,node-0048,0,0,0
trace-137,clock-interval,0,8,no-ancestor-revocation,node-0048,node-0048,0,0,0
trace-137,clock-interval,0,8,no-alias-obligations,node-0048,node-0071,1,1,1
trace-137,clock-interval,0,8,top-one,node-0048,,1,1,0
trace-137,clock-interval,0,8,expiry-skyline,node-0048,,1,1,0
trace-137,clock-interval,0,9,direct,,,0,0,0
trace-137,clock-interval,0,9,verified,,,0,0,0
trace-137,clock-interval,0,9,full-compiled,,,0,0,0
trace-137,clock-interval,0,9,timestamp-only,,node-0071,1,1,1
trace-137,clock-interval,0,9,no-ancestor-expiry,,,0,0,0
trace-137,clock-interval,0,9,no-ancestor-revocation,,,0,0,0
trace-137,clock-interval,0,9,no-alias-obligations,,node-0071,1,1,1
trace-137,clock-interval,0,9,top-one,,,0,0,0
trace-137,clock-interval,0,9,expiry-skyline,,,0,0,0
trace-137,clock-interval,0,10,direct,node-0033,node-0033,0,0,0
trace-137,clock-interval,0,10,verified,node-0033,node-0033,0,0,0
trace-137,clock-interval,0,10,full-compiled,node-0033,node-0033,0,0,0
trace-137,clock-interval,0,10,timestamp-only,node-0033,node-0032,1,1,1
trace-137,clock-interval,0,10,no-ancestor-expiry,node-0033,node-0032,1,1,1
trace-137,clock-interval,0,10,no-ancestor-revocation,node-0033,node-0033,0,0,0
trace-137,clock-interval,0,10,no-alias-obligations,node-0033,node-0033,0,0,0
trace-137,clock-interval,0,10,top-one,node-0033,node-0033,0,0,0
trace-137,clock-interval,0,10,expiry-skyline,node-0033,node-0033,0,0,0
trace-137,clock-interval,0,11,direct,,,0,0,0
trace-137,clock-interval,0,11,verified,,,0,0,0
trace-137,clock-interval,0,11,full-compiled,,,0,0,0
trace-137,clock-interval,0,11,timestamp-only,,node-0018,1,1,1
trace-137,clock-interval,0,11,no-ancestor-expiry,,,0,0,0
trace-137,clock-interval,0,11,no-ancestor-revocation,,,0,0,0
trace-137,clock-interval,0,11,no-alias-obligations,,node-0018,1,1,1
trace-137,clock-interval,0,11,top-one,,,0,0,0
trace-137,clock-interval,0,11,expiry-skyline,,,0,0,0
trace-137,clock-interval,1,0,direct,node-0095,node-0095,0,0,0
trace-137,clock-interval,1,0,verified,node-0095,node-0095,0,0,0
trace-137,clock-interval,1,0,full-compiled,node-0095,node-0095,0,0,0
trace-137,clock-interval,1,0,timestamp-only,node-0095,node-0095,0,0,0
trace-137,clock-interval,1,0,no-ancestor-expiry,node-0095,node-0095,0,0,0
trace-137,clock-interval,1,0,no-ancestor-revocation,node-0095,node-0095,0,0,0
trace-137,clock-interval,1,0,no-alias-obligations,node-0095,node-0095,0,0,0
trace-137,clock-interval,1,0,top-one,node-0095,node-0095,0,0,0
trace-137,clock-interval,1,0,expiry-skyline,node-0095,node-0095,0,0,0
trace-137,clock-interval,1,1,direct,node-0095,node-0095,0,0,0
trace-137,clock-interval,1,1,verified,node-0095,node-0095,0,0,0
trace-137,clock-interval,1,1,full-compiled,node-0095,node-0095,0,0,0
trace-137,clock-interval,1,1,timestamp-only,node-0095,node-0095,0,0,0
trace-137,clock-interval,1,1,no-ancestor-expiry,node-0095,node-0095,0,0,0
trace-137,clock-interval,1,1,no-ancestor-revocation,node-0095,node-0095,0,0,0
trace-137,clock-interval,1,1,no-alias-obligations,node-0095,node-0095,0,0,0
trace-137,clock-interval,1,1,top-one,node-0095,node-0095,0,0,0
trace-137,clock-interval,1,1,expiry-skyline,node-0095,node-0095,0,0,0
trace-137,clock-interval,1,2,direct,node-0047,node-0047,0,0,0
trace-137,clock-interval,1,2,verified,node-0047,node-0047,0,0,0
trace-137,clock-interval,1,2,full-compiled,node-0047,node-0047,0,0,0
trace-137,clock-interval,1,2,timestamp-only,node-0047,node-0047,0,0,0
trace-137,clock-interval,1,2,no-ancestor-expiry,node-0047,node-0047,0,0,0
trace-137,clock-interval,1,2,no-ancestor-revocation,node-0047,node-0047,0,0,0
trace-137,clock-interval,1,2,no-alias-obligations,node-0047,node-0047,0,0,0
trace-137,clock-interval,1,2,top-one,node-0047,,1,1,0
trace-137,clock-interval,1,2,expiry-skyline,node-0047,,1,1,0
trace-137,clock-interval,1,3,direct,node-0095,node-0095,0,0,0
trace-137,clock-interval,1,3,verified,node-0095,node-0095,0,0,0
trace-137,clock-interval,1,3,full-compiled,node-0095,node-0095,0,0,0
trace-137,clock-interval,1,3,timestamp-only,node-0095,node-0095,0,0,0
trace-137,clock-interval,1,3,no-ancestor-expiry,node-0095,node-0095,0,0,0
trace-137,clock-interval,1,3,no-ancestor-revocation,node-0095,node-0095,0,0,0
trace-137,clock-interval,1,3,no-alias-obligations,node-0095,node-0095,0,0,0
trace-137,clock-interval,1,3,top-one,node-0095,node-0095,0,0,0
trace-137,clock-interval,1,3,expiry-skyline,node-0095,node-0095,0,0,0
trace-137,clock-interval,1,4,direct,node-0095,node-0095,0,0,0
trace-137,clock-interval,1,4,verified,node-0095,node-0095,0,0,0
trace-137,clock-interval,1,4,full-compiled,node-0095,node-0095,0,0,0
trace-137,clock-interval,1,4,timestamp-only,node-0095,node-0095,0,0,0
trace-137,clock-interval,1,4,no-ancestor-expiry,node-0095,node-0095,0,0,0
trace-137,clock-interval,1,4,no-ancestor-revocation,node-0095,node-0095,0,0,0
trace-137,clock-interval,1,4,no-alias-obligations,node-0095,node-0095,0,0,0
trace-137,clock-interval,1,4,top-one,node-0095,node-0095,0,0,0
trace-137,clock-interval,1,4,expiry-skyline,node-0095,node-0095,0,0,0
trace-137,clock-interval,1,5,direct,node-0095,node-0095,0,0,0
trace-137,clock-interval,1,5,verified,node-0095,node-0095,0,0,0
trace-137,clock-interval,1,5,full-compiled,node-0095,node-0095,0,0,0
trace-137,clock-interval,1,5,timestamp-only,node-0095,node-0095,0,0,0
trace-137,clock-interval,1,5,no-ancestor-expiry,node-0095,node-0095,0,0,0
trace-137,clock-interval,1,5,no-ancestor-revocation,node-0095,node-0095,0,0,0
trace-137,clock-interval,1,5,no-alias-obligations,node-0095,node-0095,0,0,0
trace-137,clock-interval,1,5,top-one,node-0095,node-0095,0,0,0
trace-137,clock-interval,1,5,expiry-skyline,node-0095,node-0095,0,0,0
trace-137,clock-interval,1,6,direct,node-0095,node-0095,0,0,0
trace-137,clock-interval,1,6,verified,node-0095,node-0095,0,0,0
trace-137,clock-interval,1,6,full-compiled,node-0095,node-0095,0,0,0
trace-137,clock-interval,1,6,timestamp-only,node-0095,node-0095,0,0,0
trace-137,clock-interval,1,6,no-ancestor-expiry,node-0095,node-0095,0,0,0
trace-137,clock-interval,1,6,no-ancestor-revocation,node-0095,node-0095,0,0,0
trace-137,clock-interval,1,6,no-alias-obligations,node-0095,node-0095,0,0,0
trace-137,clock-interval,1,6,top-one,node-0095,node-0095,0,0,0
trace-137,clock-interval,1,6,expiry-skyline,node-0095,node-0095,0,0,0
trace-137,clock-interval,1,7,direct,,,0,0,0
trace-137,clock-interval,1,7,verified,,,0,0,0
trace-137,clock-interval,1,7,full-compiled,,,0,0,0
trace-137,clock-interval,1,7,timestamp-only,,,0,0,0
trace-137,clock-interval,1,7,no-ancestor-expiry,,,0,0,0
trace-137,clock-interval,1,7,no-ancestor-revocation,,,0,0,0
trace-137,clock-interval,1,7,no-alias-obligations,,,0,0,0
trace-137,clock-interval,1,7,top-one,,,0,0,0
trace-137,clock-interval,1,7,expiry-skyline,,,0,0,0
trace-137,clock-interval,1,8,direct,node-0047,node-0047,0,0,0
trace-137,clock-interval,1,8,verified,node-0047,node-0047,0,0,0
trace-137,clock-interval,1,8,full-compiled,node-0047,node-0047,0,0,0
trace-137,clock-interval,1,8,timestamp-only,node-0047,node-0047,0,0,0
trace-137,clock-interval,1,8,no-ancestor-expiry,node-0047,node-0047,0,0,0
trace-137,clock-interval,1,8,no-ancestor-revocation,node-0047,node-0047,0,0,0
trace-137,clock-interval,1,8,no-alias-obligations,node-0047,node-0047,0,0,0
trace-137,clock-interval,1,8,top-one,node-0047,,1,1,0
trace-137,clock-interval,1,8,expiry-skyline,node-0047,,1,1,0
trace-137,clock-interval,1,9,direct,node-0047,node-0047,0,0,0
trace-137,clock-interval,1,9,verified,node-0047,node-0047,0,0,0
trace-137,clock-interval,1,9,full-compiled,node-0047,node-0047,0,0,0
trace-137,clock-interval,1,9,timestamp-only,node-0047,node-0047,0,0,0
trace-137,clock-interval,1,9,no-ancestor-expiry,node-0047,node-0047,0,0,0
trace-137,clock-interval,1,9,no-ancestor-revocation,node-0047,node-0047,0,0,0
trace-137,clock-interval,1,9,no-alias-obligations,node-0047,node-0047,0,0,0
trace-137,clock-interval,1,9,top-one,node-0047,,1,1,0
trace-137,clock-interval,1,9,expiry-skyline,node-0047,,1,1,0
trace-137,clock-interval,1,10,direct,node-0095,node-0095,0,0,0
trace-137,clock-interval,1,10,verified,node-0095,node-0095,0,0,0
trace-137,clock-interval,1,10,full-compiled,node-0095,node-0095,0,0,0
trace-137,clock-interval,1,10,timestamp-only,node-0095,node-0095,0,0,0
trace-137,clock-interval,1,10,no-ancestor-expiry,node-0095,node-0095,0,0,0
trace-137,clock-interval,1,10,no-ancestor-revocation,node-0095,node-0095,0,0,0
trace-137,clock-interval,1,10,no-alias-obligations,node-0095,node-0095,0,0,0
trace-137,clock-interval,1,10,top-one,node-0095,node-0095,0,0,0
trace-137,clock-interval,1,10,expiry-skyline,node-0095,node-0095,0,0,0
trace-137,clock-interval,1,11,direct,,,0,0,0
trace-137,clock-interval,1,11,verified,,,0,0,0
trace-137,clock-interval,1,11,full-compiled,,,0,0,0
trace-137,clock-interval,1,11,timestamp-only,,node-0030,1,1,1
trace-137,clock-interval,1,11,no-ancestor-expiry,,,0,0,0
trace-137,clock-interval,1,11,no-ancestor-revocation,,,0,0,0
trace-137,clock-interval,1,11,no-alias-obligations,,node-0030,1,1,1
trace-137,clock-interval,1,11,top-one,,,0,0,0
trace-137,clock-interval,1,11,expiry-skyline,,,0,0,0
trace-138,clock-interval,0,0,direct,node-0052,node-0052,0,0,0
trace-138,clock-interval,0,0,verified,node-0052,node-0052,0,0,0
trace-138,clock-interval,0,0,full-compiled,node-0052,node-0052,0,0,0
trace-138,clock-interval,0,0,timestamp-only,node-0052,node-0052,0,0,0
trace-138,clock-interval,0,0,no-ancestor-expiry,node-0052,node-0052,0,0,0
trace-138,clock-interval,0,0,no-ancestor-revocation,node-0052,node-0052,0,0,0
trace-138,clock-interval,0,0,no-alias-obligations,node-0052,node-0052,0,0,0
trace-138,clock-interval,0,0,top-one,node-0052,node-0052,0,0,0
trace-138,clock-interval,0,0,expiry-skyline,node-0052,node-0052,0,0,0
trace-138,clock-interval,0,1,direct,node-0052,node-0052,0,0,0
trace-138,clock-interval,0,1,verified,node-0052,node-0052,0,0,0
trace-138,clock-interval,0,1,full-compiled,node-0052,node-0052,0,0,0
trace-138,clock-interval,0,1,timestamp-only,node-0052,node-0052,0,0,0
trace-138,clock-interval,0,1,no-ancestor-expiry,node-0052,node-0052,0,0,0
trace-138,clock-interval,0,1,no-ancestor-revocation,node-0052,node-0052,0,0,0
trace-138,clock-interval,0,1,no-alias-obligations,node-0052,node-0052,0,0,0
trace-138,clock-interval,0,1,top-one,node-0052,node-0052,0,0,0
trace-138,clock-interval,0,1,expiry-skyline,node-0052,node-0052,0,0,0
trace-138,clock-interval,0,2,direct,node-0064,node-0064,0,0,0
trace-138,clock-interval,0,2,verified,node-0064,node-0064,0,0,0
trace-138,clock-interval,0,2,full-compiled,node-0064,node-0064,0,0,0
trace-138,clock-interval,0,2,timestamp-only,node-0064,node-0084,1,1,1
trace-138,clock-interval,0,2,no-ancestor-expiry,node-0064,node-0064,0,0,0
trace-138,clock-interval,0,2,no-ancestor-revocation,node-0064,node-0064,0,0,0
trace-138,clock-interval,0,2,no-alias-obligations,node-0064,node-0084,1,1,1
trace-138,clock-interval,0,2,top-one,node-0064,,1,1,0
trace-138,clock-interval,0,2,expiry-skyline,node-0064,,1,1,0
trace-138,clock-interval,0,3,direct,node-0052,node-0052,0,0,0
trace-138,clock-interval,0,3,verified,node-0052,node-0052,0,0,0
trace-138,clock-interval,0,3,full-compiled,node-0052,node-0052,0,0,0
trace-138,clock-interval,0,3,timestamp-only,node-0052,node-0052,0,0,0
trace-138,clock-interval,0,3,no-ancestor-expiry,node-0052,node-0052,0,0,0
trace-138,clock-interval,0,3,no-ancestor-revocation,node-0052,node-0052,0,0,0
trace-138,clock-interval,0,3,no-alias-obligations,node-0052,node-0052,0,0,0
trace-138,clock-interval,0,3,top-one,node-0052,node-0052,0,0,0
trace-138,clock-interval,0,3,expiry-skyline,node-0052,node-0052,0,0,0
trace-138,clock-interval,0,4,direct,node-0052,node-0052,0,0,0
trace-138,clock-interval,0,4,verified,node-0052,node-0052,0,0,0
trace-138,clock-interval,0,4,full-compiled,node-0052,node-0052,0,0,0
trace-138,clock-interval,0,4,timestamp-only,node-0052,node-0052,0,0,0
trace-138,clock-interval,0,4,no-ancestor-expiry,node-0052,node-0052,0,0,0
trace-138,clock-interval,0,4,no-ancestor-revocation,node-0052,node-0052,0,0,0
trace-138,clock-interval,0,4,no-alias-obligations,node-0052,node-0052,0,0,0
trace-138,clock-interval,0,4,top-one,node-0052,node-0052,0,0,0
trace-138,clock-interval,0,4,expiry-skyline,node-0052,node-0052,0,0,0
trace-138,clock-interval,0,5,direct,node-0016,node-0016,0,0,0
trace-138,clock-interval,0,5,verified,node-0016,node-0016,0,0,0
trace-138,clock-interval,0,5,full-compiled,node-0016,node-0016,0,0,0
trace-138,clock-interval,0,5,timestamp-only,node-0016,node-0016,0,0,0
trace-138,clock-interval,0,5,no-ancestor-expiry,node-0016,node-0016,0,0,0
trace-138,clock-interval,0,5,no-ancestor-revocation,node-0016,node-0016,0,0,0
trace-138,clock-interval,0,5,no-alias-obligations,node-0016,node-0016,0,0,0
trace-138,clock-interval,0,5,top-one,node-0016,,1,1,0
trace-138,clock-interval,0,5,expiry-skyline,node-0016,node-0016,0,0,0
trace-138,clock-interval,0,6,direct,node-0016,node-0016,0,0,0
trace-138,clock-interval,0,6,verified,node-0016,node-0016,0,0,0
trace-138,clock-interval,0,6,full-compiled,node-0016,node-0016,0,0,0
trace-138,clock-interval,0,6,timestamp-only,node-0016,node-0016,0,0,0
trace-138,clock-interval,0,6,no-ancestor-expiry,node-0016,node-0016,0,0,0
trace-138,clock-interval,0,6,no-ancestor-revocation,node-0016,node-0016,0,0,0
trace-138,clock-interval,0,6,no-alias-obligations,node-0016,node-0016,0,0,0
trace-138,clock-interval,0,6,top-one,node-0016,,1,1,0
trace-138,clock-interval,0,6,expiry-skyline,node-0016,node-0016,0,0,0
trace-138,clock-interval,0,7,direct,,,0,0,0
trace-138,clock-interval,0,7,verified,,,0,0,0
trace-138,clock-interval,0,7,full-compiled,,,0,0,0
trace-138,clock-interval,0,7,timestamp-only,,,0,0,0
trace-138,clock-interval,0,7,no-ancestor-expiry,,,0,0,0
trace-138,clock-interval,0,7,no-ancestor-revocation,,,0,0,0
trace-138,clock-interval,0,7,no-alias-obligations,,,0,0,0
trace-138,clock-interval,0,7,top-one,,,0,0,0
trace-138,clock-interval,0,7,expiry-skyline,,,0,0,0
trace-138,clock-interval,0,8,direct,node-0052,node-0052,0,0,0
trace-138,clock-interval,0,8,verified,node-0052,node-0052,0,0,0
trace-138,clock-interval,0,8,full-compiled,node-0052,node-0052,0,0,0
trace-138,clock-interval,0,8,timestamp-only,node-0052,node-0052,0,0,0
trace-138,clock-interval,0,8,no-ancestor-expiry,node-0052,node-0052,0,0,0
trace-138,clock-interval,0,8,no-ancestor-revocation,node-0052,node-0052,0,0,0
trace-138,clock-interval,0,8,no-alias-obligations,node-0052,node-0052,0,0,0
trace-138,clock-interval,0,8,top-one,node-0052,node-0052,0,0,0
trace-138,clock-interval,0,8,expiry-skyline,node-0052,node-0052,0,0,0
trace-138,clock-interval,0,9,direct,node-0064,node-0064,0,0,0
trace-138,clock-interval,0,9,verified,node-0064,node-0064,0,0,0
trace-138,clock-interval,0,9,full-compiled,node-0064,node-0064,0,0,0
trace-138,clock-interval,0,9,timestamp-only,node-0064,node-0084,1,1,1
trace-138,clock-interval,0,9,no-ancestor-expiry,node-0064,node-0064,0,0,0
trace-138,clock-interval,0,9,no-ancestor-revocation,node-0064,node-0064,0,0,0
trace-138,clock-interval,0,9,no-alias-obligations,node-0064,node-0084,1,1,1
trace-138,clock-interval,0,9,top-one,node-0064,,1,1,0
trace-138,clock-interval,0,9,expiry-skyline,node-0064,,1,1,0
trace-138,clock-interval,0,10,direct,node-0052,node-0052,0,0,0
trace-138,clock-interval,0,10,verified,node-0052,node-0052,0,0,0
trace-138,clock-interval,0,10,full-compiled,node-0052,node-0052,0,0,0
trace-138,clock-interval,0,10,timestamp-only,node-0052,node-0052,0,0,0
trace-138,clock-interval,0,10,no-ancestor-expiry,node-0052,node-0052,0,0,0
trace-138,clock-interval,0,10,no-ancestor-revocation,node-0052,node-0052,0,0,0
trace-138,clock-interval,0,10,no-alias-obligations,node-0052,node-0052,0,0,0
trace-138,clock-interval,0,10,top-one,node-0052,node-0052,0,0,0
trace-138,clock-interval,0,10,expiry-skyline,node-0052,node-0052,0,0,0
trace-138,clock-interval,0,11,direct,,,0,0,0
trace-138,clock-interval,0,11,verified,,,0,0,0
trace-138,clock-interval,0,11,full-compiled,,,0,0,0
trace-138,clock-interval,0,11,timestamp-only,,node-0053,1,1,1
trace-138,clock-interval,0,11,no-ancestor-expiry,,,0,0,0
trace-138,clock-interval,0,11,no-ancestor-revocation,,,0,0,0
trace-138,clock-interval,0,11,no-alias-obligations,,,0,0,0
trace-138,clock-interval,0,11,top-one,,,0,0,0
trace-138,clock-interval,0,11,expiry-skyline,,,0,0,0
trace-138,clock-interval,1,0,direct,node-0061,node-0061,0,0,0
trace-138,clock-interval,1,0,verified,node-0061,node-0061,0,0,0
trace-138,clock-interval,1,0,full-compiled,node-0061,node-0061,0,0,0
trace-138,clock-interval,1,0,timestamp-only,node-0061,node-0061,0,0,0
trace-138,clock-interval,1,0,no-ancestor-expiry,node-0061,node-0061,0,0,0
trace-138,clock-interval,1,0,no-ancestor-revocation,node-0061,node-0061,0,0,0
trace-138,clock-interval,1,0,no-alias-obligations,node-0061,node-0061,0,0,0
trace-138,clock-interval,1,0,top-one,node-0061,node-0061,0,0,0
trace-138,clock-interval,1,0,expiry-skyline,node-0061,node-0061,0,0,0
trace-138,clock-interval,1,1,direct,node-0061,node-0061,0,0,0
trace-138,clock-interval,1,1,verified,node-0061,node-0061,0,0,0
trace-138,clock-interval,1,1,full-compiled,node-0061,node-0061,0,0,0
trace-138,clock-interval,1,1,timestamp-only,node-0061,node-0061,0,0,0
trace-138,clock-interval,1,1,no-ancestor-expiry,node-0061,node-0061,0,0,0
trace-138,clock-interval,1,1,no-ancestor-revocation,node-0061,node-0061,0,0,0
trace-138,clock-interval,1,1,no-alias-obligations,node-0061,node-0061,0,0,0
trace-138,clock-interval,1,1,top-one,node-0061,node-0061,0,0,0
trace-138,clock-interval,1,1,expiry-skyline,node-0061,node-0061,0,0,0
trace-138,clock-interval,1,2,direct,node-0063,node-0063,0,0,0
trace-138,clock-interval,1,2,verified,node-0063,node-0063,0,0,0
trace-138,clock-interval,1,2,full-compiled,node-0063,node-0063,0,0,0
trace-138,clock-interval,1,2,timestamp-only,node-0063,node-0077,1,1,1
trace-138,clock-interval,1,2,no-ancestor-expiry,node-0063,node-0063,0,0,0
trace-138,clock-interval,1,2,no-ancestor-revocation,node-0063,node-0063,0,0,0
trace-138,clock-interval,1,2,no-alias-obligations,node-0063,node-0043,1,0,1
trace-138,clock-interval,1,2,top-one,node-0063,,1,1,0
trace-138,clock-interval,1,2,expiry-skyline,node-0063,node-0031,1,1,0
trace-138,clock-interval,1,3,direct,node-0061,node-0061,0,0,0
trace-138,clock-interval,1,3,verified,node-0061,node-0061,0,0,0
trace-138,clock-interval,1,3,full-compiled,node-0061,node-0061,0,0,0
trace-138,clock-interval,1,3,timestamp-only,node-0061,node-0061,0,0,0
trace-138,clock-interval,1,3,no-ancestor-expiry,node-0061,node-0061,0,0,0
trace-138,clock-interval,1,3,no-ancestor-revocation,node-0061,node-0061,0,0,0
trace-138,clock-interval,1,3,no-alias-obligations,node-0061,node-0061,0,0,0
trace-138,clock-interval,1,3,top-one,node-0061,node-0061,0,0,0
trace-138,clock-interval,1,3,expiry-skyline,node-0061,node-0061,0,0,0
trace-138,clock-interval,1,4,direct,node-0061,node-0061,0,0,0
trace-138,clock-interval,1,4,verified,node-0061,node-0061,0,0,0
trace-138,clock-interval,1,4,full-compiled,node-0061,node-0061,0,0,0
trace-138,clock-interval,1,4,timestamp-only,node-0061,node-0061,0,0,0
trace-138,clock-interval,1,4,no-ancestor-expiry,node-0061,node-0061,0,0,0
trace-138,clock-interval,1,4,no-ancestor-revocation,node-0061,node-0061,0,0,0
trace-138,clock-interval,1,4,no-alias-obligations,node-0061,node-0061,0,0,0
trace-138,clock-interval,1,4,top-one,node-0061,node-0061,0,0,0
trace-138,clock-interval,1,4,expiry-skyline,node-0061,node-0061,0,0,0
trace-138,clock-interval,1,5,direct,node-0061,node-0061,0,0,0
trace-138,clock-interval,1,5,verified,node-0061,node-0061,0,0,0
trace-138,clock-interval,1,5,full-compiled,node-0061,node-0061,0,0,0
trace-138,clock-interval,1,5,timestamp-only,node-0061,node-0061,0,0,0
trace-138,clock-interval,1,5,no-ancestor-expiry,node-0061,node-0061,0,0,0
trace-138,clock-interval,1,5,no-ancestor-revocation,node-0061,node-0061,0,0,0
trace-138,clock-interval,1,5,no-alias-obligations,node-0061,node-0061,0,0,0
trace-138,clock-interval,1,5,top-one,node-0061,node-0061,0,0,0
trace-138,clock-interval,1,5,expiry-skyline,node-0061,node-0061,0,0,0
trace-138,clock-interval,1,6,direct,,,0,0,0
trace-138,clock-interval,1,6,verified,,,0,0,0
trace-138,clock-interval,1,6,full-compiled,,,0,0,0
trace-138,clock-interval,1,6,timestamp-only,,node-0014,1,1,1
trace-138,clock-interval,1,6,no-ancestor-expiry,,,0,0,0
trace-138,clock-interval,1,6,no-ancestor-revocation,,,0,0,0
trace-138,clock-interval,1,6,no-alias-obligations,,node-0014,1,1,1
trace-138,clock-interval,1,6,top-one,,,0,0,0
trace-138,clock-interval,1,6,expiry-skyline,,,0,0,0
trace-138,clock-interval,1,7,direct,,,0,0,0
trace-138,clock-interval,1,7,verified,,,0,0,0
trace-138,clock-interval,1,7,full-compiled,,,0,0,0
trace-138,clock-interval,1,7,timestamp-only,,,0,0,0
trace-138,clock-interval,1,7,no-ancestor-expiry,,,0,0,0
trace-138,clock-interval,1,7,no-ancestor-revocation,,,0,0,0
trace-138,clock-interval,1,7,no-alias-obligations,,,0,0,0
trace-138,clock-interval,1,7,top-one,,,0,0,0
trace-138,clock-interval,1,7,expiry-skyline,,,0,0,0
trace-138,clock-interval,1,8,direct,node-0061,node-0061,0,0,0
trace-138,clock-interval,1,8,verified,node-0061,node-0061,0,0,0
trace-138,clock-interval,1,8,full-compiled,node-0061,node-0061,0,0,0
trace-138,clock-interval,1,8,timestamp-only,node-0061,node-0061,0,0,0
trace-138,clock-interval,1,8,no-ancestor-expiry,node-0061,node-0061,0,0,0
trace-138,clock-interval,1,8,no-ancestor-revocation,node-0061,node-0061,0,0,0
trace-138,clock-interval,1,8,no-alias-obligations,node-0061,node-0061,0,0,0
trace-138,clock-interval,1,8,top-one,node-0061,node-0061,0,0,0
trace-138,clock-interval,1,8,expiry-skyline,node-0061,node-0061,0,0,0
trace-138,clock-interval,1,9,direct,node-0063,node-0063,0,0,0
trace-138,clock-interval,1,9,verified,node-0063,node-0063,0,0,0
trace-138,clock-interval,1,9,full-compiled,node-0063,node-0063,0,0,0
trace-138,clock-interval,1,9,timestamp-only,node-0063,node-0077,1,1,1
trace-138,clock-interval,1,9,no-ancestor-expiry,node-0063,node-0063,0,0,0
trace-138,clock-interval,1,9,no-ancestor-revocation,node-0063,node-0063,0,0,0
trace-138,clock-interval,1,9,no-alias-obligations,node-0063,node-0043,1,0,1
trace-138,clock-interval,1,9,top-one,node-0063,,1,1,0
trace-138,clock-interval,1,9,expiry-skyline,node-0063,node-0031,1,1,0
trace-138,clock-interval,1,10,direct,node-0061,node-0061,0,0,0
trace-138,clock-interval,1,10,verified,node-0061,node-0061,0,0,0
trace-138,clock-interval,1,10,full-compiled,node-0061,node-0061,0,0,0
trace-138,clock-interval,1,10,timestamp-only,node-0061,node-0061,0,0,0
trace-138,clock-interval,1,10,no-ancestor-expiry,node-0061,node-0061,0,0,0
trace-138,clock-interval,1,10,no-ancestor-revocation,node-0061,node-0061,0,0,0
trace-138,clock-interval,1,10,no-alias-obligations,node-0061,node-0061,0,0,0
trace-138,clock-interval,1,10,top-one,node-0061,node-0061,0,0,0
trace-138,clock-interval,1,10,expiry-skyline,node-0061,node-0061,0,0,0
trace-138,clock-interval,1,11,direct,node-0015,node-0015,0,0,0
trace-138,clock-interval,1,11,verified,node-0015,node-0015,0,0,0
trace-138,clock-interval,1,11,full-compiled,node-0015,node-0015,0,0,0
trace-138,clock-interval,1,11,timestamp-only,node-0015,node-0094,1,0,1
trace-138,clock-interval,1,11,no-ancestor-expiry,node-0015,node-0015,0,0,0
trace-138,clock-interval,1,11,no-ancestor-revocation,node-0015,node-0015,0,0,0
trace-138,clock-interval,1,11,no-alias-obligations,node-0015,node-0094,1,0,1
trace-138,clock-interval,1,11,top-one,node-0015,,1,1,0
trace-138,clock-interval,1,11,expiry-skyline,node-0015,node-0015,0,0,0
trace-139,clock-interval,0,0,direct,node-0038,node-0038,0,0,0
trace-139,clock-interval,0,0,verified,node-0038,node-0038,0,0,0
trace-139,clock-interval,0,0,full-compiled,node-0038,node-0038,0,0,0
trace-139,clock-interval,0,0,timestamp-only,node-0038,node-0038,0,0,0
trace-139,clock-interval,0,0,no-ancestor-expiry,node-0038,node-0038,0,0,0
trace-139,clock-interval,0,0,no-ancestor-revocation,node-0038,node-0038,0,0,0
trace-139,clock-interval,0,0,no-alias-obligations,node-0038,node-0038,0,0,0
trace-139,clock-interval,0,0,top-one,node-0038,node-0038,0,0,0
trace-139,clock-interval,0,0,expiry-skyline,node-0038,node-0038,0,0,0
trace-139,clock-interval,0,1,direct,node-0038,node-0038,0,0,0
trace-139,clock-interval,0,1,verified,node-0038,node-0038,0,0,0
trace-139,clock-interval,0,1,full-compiled,node-0038,node-0038,0,0,0
trace-139,clock-interval,0,1,timestamp-only,node-0038,node-0038,0,0,0
trace-139,clock-interval,0,1,no-ancestor-expiry,node-0038,node-0038,0,0,0
trace-139,clock-interval,0,1,no-ancestor-revocation,node-0038,node-0038,0,0,0
trace-139,clock-interval,0,1,no-alias-obligations,node-0038,node-0038,0,0,0
trace-139,clock-interval,0,1,top-one,node-0038,node-0038,0,0,0
trace-139,clock-interval,0,1,expiry-skyline,node-0038,node-0038,0,0,0
trace-139,clock-interval,0,2,direct,node-0000,node-0000,0,0,0
trace-139,clock-interval,0,2,verified,node-0000,node-0000,0,0,0
trace-139,clock-interval,0,2,full-compiled,node-0000,node-0000,0,0,0
trace-139,clock-interval,0,2,timestamp-only,node-0000,node-0066,1,1,1
trace-139,clock-interval,0,2,no-ancestor-expiry,node-0000,node-0000,0,0,0
trace-139,clock-interval,0,2,no-ancestor-revocation,node-0000,node-0000,0,0,0
trace-139,clock-interval,0,2,no-alias-obligations,node-0000,node-0066,1,1,1
trace-139,clock-interval,0,2,top-one,node-0000,,1,1,0
trace-139,clock-interval,0,2,expiry-skyline,node-0000,,1,1,0
trace-139,clock-interval,0,3,direct,node-0038,node-0038,0,0,0
trace-139,clock-interval,0,3,verified,node-0038,node-0038,0,0,0
trace-139,clock-interval,0,3,full-compiled,node-0038,node-0038,0,0,0
trace-139,clock-interval,0,3,timestamp-only,node-0038,node-0038,0,0,0
trace-139,clock-interval,0,3,no-ancestor-expiry,node-0038,node-0038,0,0,0
trace-139,clock-interval,0,3,no-ancestor-revocation,node-0038,node-0038,0,0,0
trace-139,clock-interval,0,3,no-alias-obligations,node-0038,node-0038,0,0,0
trace-139,clock-interval,0,3,top-one,node-0038,node-0038,0,0,0
trace-139,clock-interval,0,3,expiry-skyline,node-0038,node-0038,0,0,0
trace-139,clock-interval,0,4,direct,node-0038,node-0038,0,0,0
trace-139,clock-interval,0,4,verified,node-0038,node-0038,0,0,0
trace-139,clock-interval,0,4,full-compiled,node-0038,node-0038,0,0,0
trace-139,clock-interval,0,4,timestamp-only,node-0038,node-0038,0,0,0
trace-139,clock-interval,0,4,no-ancestor-expiry,node-0038,node-0038,0,0,0
trace-139,clock-interval,0,4,no-ancestor-revocation,node-0038,node-0038,0,0,0
trace-139,clock-interval,0,4,no-alias-obligations,node-0038,node-0038,0,0,0
trace-139,clock-interval,0,4,top-one,node-0038,node-0038,0,0,0
trace-139,clock-interval,0,4,expiry-skyline,node-0038,node-0038,0,0,0
trace-139,clock-interval,0,5,direct,node-0038,node-0038,0,0,0
trace-139,clock-interval,0,5,verified,node-0038,node-0038,0,0,0
trace-139,clock-interval,0,5,full-compiled,node-0038,node-0038,0,0,0
trace-139,clock-interval,0,5,timestamp-only,node-0038,node-0038,0,0,0
trace-139,clock-interval,0,5,no-ancestor-expiry,node-0038,node-0038,0,0,0
trace-139,clock-interval,0,5,no-ancestor-revocation,node-0038,node-0038,0,0,0
trace-139,clock-interval,0,5,no-alias-obligations,node-0038,node-0038,0,0,0
trace-139,clock-interval,0,5,top-one,node-0038,node-0038,0,0,0
trace-139,clock-interval,0,5,expiry-skyline,node-0038,node-0038,0,0,0
trace-139,clock-interval,0,6,direct,,,0,0,0
trace-139,clock-interval,0,6,verified,,,0,0,0
trace-139,clock-interval,0,6,full-compiled,,,0,0,0
trace-139,clock-interval,0,6,timestamp-only,,node-0038,1,1,1
trace-139,clock-interval,0,6,no-ancestor-expiry,,,0,0,0
trace-139,clock-interval,0,6,no-ancestor-revocation,,,0,0,0
trace-139,clock-interval,0,6,no-alias-obligations,,node-0038,1,1,1
trace-139,clock-interval,0,6,top-one,,,0,0,0
trace-139,clock-interval,0,6,expiry-skyline,,,0,0,0
trace-139,clock-interval,0,7,direct,,,0,0,0
trace-139,clock-interval,0,7,verified,,,0,0,0
trace-139,clock-interval,0,7,full-compiled,,,0,0,0
trace-139,clock-interval,0,7,timestamp-only,,,0,0,0
trace-139,clock-interval,0,7,no-ancestor-expiry,,,0,0,0
trace-139,clock-interval,0,7,no-ancestor-revocation,,,0,0,0
trace-139,clock-interval,0,7,no-alias-obligations,,,0,0,0
trace-139,clock-interval,0,7,top-one,,,0,0,0
trace-139,clock-interval,0,7,expiry-skyline,,,0,0,0
trace-139,clock-interval,0,8,direct,node-0038,node-0038,0,0,0
trace-139,clock-interval,0,8,verified,node-0038,node-0038,0,0,0
trace-139,clock-interval,0,8,full-compiled,node-0038,node-0038,0,0,0
trace-139,clock-interval,0,8,timestamp-only,node-0038,node-0038,0,0,0
trace-139,clock-interval,0,8,no-ancestor-expiry,node-0038,node-0038,0,0,0
trace-139,clock-interval,0,8,no-ancestor-revocation,node-0038,node-0038,0,0,0
trace-139,clock-interval,0,8,no-alias-obligations,node-0038,node-0038,0,0,0
trace-139,clock-interval,0,8,top-one,node-0038,node-0038,0,0,0
trace-139,clock-interval,0,8,expiry-skyline,node-0038,node-0038,0,0,0
trace-139,clock-interval,0,9,direct,node-0038,node-0038,0,0,0
trace-139,clock-interval,0,9,verified,node-0038,node-0038,0,0,0
trace-139,clock-interval,0,9,full-compiled,node-0038,node-0038,0,0,0
trace-139,clock-interval,0,9,timestamp-only,node-0038,node-0038,0,0,0
trace-139,clock-interval,0,9,no-ancestor-expiry,node-0038,node-0038,0,0,0
trace-139,clock-interval,0,9,no-ancestor-revocation,node-0038,node-0038,0,0,0
trace-139,clock-interval,0,9,no-alias-obligations,node-0038,node-0038,0,0,0
trace-139,clock-interval,0,9,top-one,node-0038,node-0038,0,0,0
trace-139,clock-interval,0,9,expiry-skyline,node-0038,node-0038,0,0,0
trace-139,clock-interval,0,10,direct,node-0038,node-0038,0,0,0
trace-139,clock-interval,0,10,verified,node-0038,node-0038,0,0,0
trace-139,clock-interval,0,10,full-compiled,node-0038,node-0038,0,0,0
trace-139,clock-interval,0,10,timestamp-only,node-0038,node-0038,0,0,0
trace-139,clock-interval,0,10,no-ancestor-expiry,node-0038,node-0038,0,0,0
trace-139,clock-interval,0,10,no-ancestor-revocation,node-0038,node-0038,0,0,0
trace-139,clock-interval,0,10,no-alias-obligations,node-0038,node-0038,0,0,0
trace-139,clock-interval,0,10,top-one,node-0038,node-0038,0,0,0
trace-139,clock-interval,0,10,expiry-skyline,node-0038,node-0038,0,0,0
trace-139,clock-interval,0,11,direct,node-0038,node-0038,0,0,0
trace-139,clock-interval,0,11,verified,node-0038,node-0038,0,0,0
trace-139,clock-interval,0,11,full-compiled,node-0038,node-0038,0,0,0
trace-139,clock-interval,0,11,timestamp-only,node-0038,node-0038,0,0,0
trace-139,clock-interval,0,11,no-ancestor-expiry,node-0038,node-0038,0,0,0
trace-139,clock-interval,0,11,no-ancestor-revocation,node-0038,node-0038,0,0,0
trace-139,clock-interval,0,11,no-alias-obligations,node-0038,node-0038,0,0,0
trace-139,clock-interval,0,11,top-one,node-0038,node-0038,0,0,0
trace-139,clock-interval,0,11,expiry-skyline,node-0038,node-0038,0,0,0
trace-139,clock-interval,1,0,direct,node-0011,node-0011,0,0,0
trace-139,clock-interval,1,0,verified,node-0011,node-0011,0,0,0
trace-139,clock-interval,1,0,full-compiled,node-0011,node-0011,0,0,0
trace-139,clock-interval,1,0,timestamp-only,node-0011,node-0011,0,0,0
trace-139,clock-interval,1,0,no-ancestor-expiry,node-0011,node-0011,0,0,0
trace-139,clock-interval,1,0,no-ancestor-revocation,node-0011,node-0011,0,0,0
trace-139,clock-interval,1,0,no-alias-obligations,node-0011,node-0011,0,0,0
trace-139,clock-interval,1,0,top-one,node-0011,node-0011,0,0,0
trace-139,clock-interval,1,0,expiry-skyline,node-0011,node-0011,0,0,0
trace-139,clock-interval,1,1,direct,node-0011,node-0011,0,0,0
trace-139,clock-interval,1,1,verified,node-0011,node-0011,0,0,0
trace-139,clock-interval,1,1,full-compiled,node-0011,node-0011,0,0,0
trace-139,clock-interval,1,1,timestamp-only,node-0011,node-0011,0,0,0
trace-139,clock-interval,1,1,no-ancestor-expiry,node-0011,node-0011,0,0,0
trace-139,clock-interval,1,1,no-ancestor-revocation,node-0011,node-0011,0,0,0
trace-139,clock-interval,1,1,no-alias-obligations,node-0011,node-0011,0,0,0
trace-139,clock-interval,1,1,top-one,node-0011,node-0011,0,0,0
trace-139,clock-interval,1,1,expiry-skyline,node-0011,node-0011,0,0,0
trace-139,clock-interval,1,2,direct,node-0063,node-0063,0,0,0
trace-139,clock-interval,1,2,verified,node-0063,node-0063,0,0,0
trace-139,clock-interval,1,2,full-compiled,node-0063,node-0063,0,0,0
trace-139,clock-interval,1,2,timestamp-only,node-0063,node-0010,1,1,1
trace-139,clock-interval,1,2,no-ancestor-expiry,node-0063,node-0063,0,0,0
trace-139,clock-interval,1,2,no-ancestor-revocation,node-0063,node-0063,0,0,0
trace-139,clock-interval,1,2,no-alias-obligations,node-0063,node-0010,1,1,1
trace-139,clock-interval,1,2,top-one,node-0063,,1,1,0
trace-139,clock-interval,1,2,expiry-skyline,node-0063,node-0015,1,1,0
trace-139,clock-interval,1,3,direct,node-0011,node-0011,0,0,0
trace-139,clock-interval,1,3,verified,node-0011,node-0011,0,0,0
trace-139,clock-interval,1,3,full-compiled,node-0011,node-0011,0,0,0
trace-139,clock-interval,1,3,timestamp-only,node-0011,node-0011,0,0,0
trace-139,clock-interval,1,3,no-ancestor-expiry,node-0011,node-0011,0,0,0
trace-139,clock-interval,1,3,no-ancestor-revocation,node-0011,node-0011,0,0,0
trace-139,clock-interval,1,3,no-alias-obligations,node-0011,node-0011,0,0,0
trace-139,clock-interval,1,3,top-one,node-0011,node-0011,0,0,0
trace-139,clock-interval,1,3,expiry-skyline,node-0011,node-0011,0,0,0
trace-139,clock-interval,1,4,direct,node-0011,node-0011,0,0,0
trace-139,clock-interval,1,4,verified,node-0011,node-0011,0,0,0
trace-139,clock-interval,1,4,full-compiled,node-0011,node-0011,0,0,0
trace-139,clock-interval,1,4,timestamp-only,node-0011,node-0011,0,0,0
trace-139,clock-interval,1,4,no-ancestor-expiry,node-0011,node-0011,0,0,0
trace-139,clock-interval,1,4,no-ancestor-revocation,node-0011,node-0011,0,0,0
trace-139,clock-interval,1,4,no-alias-obligations,node-0011,node-0011,0,0,0
trace-139,clock-interval,1,4,top-one,node-0011,node-0011,0,0,0
trace-139,clock-interval,1,4,expiry-skyline,node-0011,node-0011,0,0,0
trace-139,clock-interval,1,5,direct,node-0077,node-0077,0,0,0
trace-139,clock-interval,1,5,verified,node-0077,node-0077,0,0,0
trace-139,clock-interval,1,5,full-compiled,node-0077,node-0077,0,0,0
trace-139,clock-interval,1,5,timestamp-only,node-0077,node-0077,0,0,0
trace-139,clock-interval,1,5,no-ancestor-expiry,node-0077,node-0077,0,0,0
trace-139,clock-interval,1,5,no-ancestor-revocation,node-0077,node-0077,0,0,0
trace-139,clock-interval,1,5,no-alias-obligations,node-0077,node-0077,0,0,0
trace-139,clock-interval,1,5,top-one,node-0077,,1,1,0
trace-139,clock-interval,1,5,expiry-skyline,node-0077,node-0077,0,0,0
trace-139,clock-interval,1,6,direct,node-0015,node-0015,0,0,0
trace-139,clock-interval,1,6,verified,node-0015,node-0015,0,0,0
trace-139,clock-interval,1,6,full-compiled,node-0015,node-0015,0,0,0
trace-139,clock-interval,1,6,timestamp-only,node-0015,node-0012,1,1,1
trace-139,clock-interval,1,6,no-ancestor-expiry,node-0015,node-0015,0,0,0
trace-139,clock-interval,1,6,no-ancestor-revocation,node-0015,node-0015,0,0,0
trace-139,clock-interval,1,6,no-alias-obligations,node-0015,node-0012,1,1,1
trace-139,clock-interval,1,6,top-one,node-0015,,1,1,0
trace-139,clock-interval,1,6,expiry-skyline,node-0015,node-0015,0,0,0
trace-139,clock-interval,1,7,direct,,,0,0,0
trace-139,clock-interval,1,7,verified,,,0,0,0
trace-139,clock-interval,1,7,full-compiled,,,0,0,0
trace-139,clock-interval,1,7,timestamp-only,,,0,0,0
trace-139,clock-interval,1,7,no-ancestor-expiry,,,0,0,0
trace-139,clock-interval,1,7,no-ancestor-revocation,,,0,0,0
trace-139,clock-interval,1,7,no-alias-obligations,,,0,0,0
trace-139,clock-interval,1,7,top-one,,,0,0,0
trace-139,clock-interval,1,7,expiry-skyline,,,0,0,0
trace-139,clock-interval,1,8,direct,node-0011,node-0011,0,0,0
trace-139,clock-interval,1,8,verified,node-0011,node-0011,0,0,0
trace-139,clock-interval,1,8,full-compiled,node-0011,node-0011,0,0,0
trace-139,clock-interval,1,8,timestamp-only,node-0011,node-0011,0,0,0
trace-139,clock-interval,1,8,no-ancestor-expiry,node-0011,node-0011,0,0,0
trace-139,clock-interval,1,8,no-ancestor-revocation,node-0011,node-0011,0,0,0
trace-139,clock-interval,1,8,no-alias-obligations,node-0011,node-0011,0,0,0
trace-139,clock-interval,1,8,top-one,node-0011,node-0011,0,0,0
trace-139,clock-interval,1,8,expiry-skyline,node-0011,node-0011,0,0,0
trace-139,clock-interval,1,9,direct,node-0011,node-0011,0,0,0
trace-139,clock-interval,1,9,verified,node-0011,node-0011,0,0,0
trace-139,clock-interval,1,9,full-compiled,node-0011,node-0011,0,0,0
trace-139,clock-interval,1,9,timestamp-only,node-0011,node-0011,0,0,0
trace-139,clock-interval,1,9,no-ancestor-expiry,node-0011,node-0011,0,0,0
trace-139,clock-interval,1,9,no-ancestor-revocation,node-0011,node-0011,0,0,0
trace-139,clock-interval,1,9,no-alias-obligations,node-0011,node-0011,0,0,0
trace-139,clock-interval,1,9,top-one,node-0011,node-0011,0,0,0
trace-139,clock-interval,1,9,expiry-skyline,node-0011,node-0011,0,0,0
trace-139,clock-interval,1,10,direct,node-0011,node-0011,0,0,0
trace-139,clock-interval,1,10,verified,node-0011,node-0011,0,0,0
trace-139,clock-interval,1,10,full-compiled,node-0011,node-0011,0,0,0
trace-139,clock-interval,1,10,timestamp-only,node-0011,node-0011,0,0,0
trace-139,clock-interval,1,10,no-ancestor-expiry,node-0011,node-0011,0,0,0
trace-139,clock-interval,1,10,no-ancestor-revocation,node-0011,node-0011,0,0,0
trace-139,clock-interval,1,10,no-alias-obligations,node-0011,node-0011,0,0,0
trace-139,clock-interval,1,10,top-one,node-0011,node-0011,0,0,0
trace-139,clock-interval,1,10,expiry-skyline,node-0011,node-0011,0,0,0
trace-139,clock-interval,1,11,direct,node-0047,node-0047,0,0,0
trace-139,clock-interval,1,11,verified,node-0047,node-0047,0,0,0
trace-139,clock-interval,1,11,full-compiled,node-0047,node-0047,0,0,0
trace-139,clock-interval,1,11,timestamp-only,node-0047,node-0077,1,1,1
trace-139,clock-interval,1,11,no-ancestor-expiry,node-0047,node-0047,0,0,0
trace-139,clock-interval,1,11,no-ancestor-revocation,node-0047,node-0047,0,0,0
trace-139,clock-interval,1,11,no-alias-obligations,node-0047,node-0077,1,1,1
trace-139,clock-interval,1,11,top-one,node-0047,,1,1,0
trace-139,clock-interval,1,11,expiry-skyline,node-0047,node-0047,0,0,0
trace-140,clock-interval,0,0,direct,node-0083,node-0083,0,0,0
trace-140,clock-interval,0,0,verified,node-0083,node-0083,0,0,0
trace-140,clock-interval,0,0,full-compiled,node-0083,node-0083,0,0,0
trace-140,clock-interval,0,0,timestamp-only,node-0083,node-0083,0,0,0
trace-140,clock-interval,0,0,no-ancestor-expiry,node-0083,node-0083,0,0,0
trace-140,clock-interval,0,0,no-ancestor-revocation,node-0083,node-0083,0,0,0
trace-140,clock-interval,0,0,no-alias-obligations,node-0083,node-0083,0,0,0
trace-140,clock-interval,0,0,top-one,node-0083,node-0083,0,0,0
trace-140,clock-interval,0,0,expiry-skyline,node-0083,node-0083,0,0,0
trace-140,clock-interval,0,1,direct,node-0083,node-0083,0,0,0
trace-140,clock-interval,0,1,verified,node-0083,node-0083,0,0,0
trace-140,clock-interval,0,1,full-compiled,node-0083,node-0083,0,0,0
trace-140,clock-interval,0,1,timestamp-only,node-0083,node-0083,0,0,0
trace-140,clock-interval,0,1,no-ancestor-expiry,node-0083,node-0083,0,0,0
trace-140,clock-interval,0,1,no-ancestor-revocation,node-0083,node-0083,0,0,0
trace-140,clock-interval,0,1,no-alias-obligations,node-0083,node-0083,0,0,0
trace-140,clock-interval,0,1,top-one,node-0083,node-0083,0,0,0
trace-140,clock-interval,0,1,expiry-skyline,node-0083,node-0083,0,0,0
trace-140,clock-interval,0,2,direct,node-0048,node-0048,0,0,0
trace-140,clock-interval,0,2,verified,node-0048,node-0048,0,0,0
trace-140,clock-interval,0,2,full-compiled,node-0048,node-0048,0,0,0
trace-140,clock-interval,0,2,timestamp-only,node-0048,node-0032,1,1,1
trace-140,clock-interval,0,2,no-ancestor-expiry,node-0048,node-0032,1,1,1
trace-140,clock-interval,0,2,no-ancestor-revocation,node-0048,node-0048,0,0,0
trace-140,clock-interval,0,2,no-alias-obligations,node-0048,node-0050,1,1,1
trace-140,clock-interval,0,2,top-one,node-0048,,1,1,0
trace-140,clock-interval,0,2,expiry-skyline,node-0048,,1,1,0
trace-140,clock-interval,0,3,direct,node-0037,node-0037,0,0,0
trace-140,clock-interval,0,3,verified,node-0037,node-0037,0,0,0
trace-140,clock-interval,0,3,full-compiled,node-0037,node-0037,0,0,0
trace-140,clock-interval,0,3,timestamp-only,node-0037,node-0083,1,1,1
trace-140,clock-interval,0,3,no-ancestor-expiry,node-0037,node-0037,0,0,0
trace-140,clock-interval,0,3,no-ancestor-revocation,node-0037,node-0083,1,1,1
trace-140,clock-interval,0,3,no-alias-obligations,node-0037,node-0037,0,0,0
trace-140,clock-interval,0,3,top-one,node-0037,,1,1,0
trace-140,clock-interval,0,3,expiry-skyline,node-0037,node-0037,0,0,0
trace-140,clock-interval,0,4,direct,node-0083,node-0083,0,0,0
trace-140,clock-interval,0,4,verified,node-0083,node-0083,0,0,0
trace-140,clock-interval,0,4,full-compiled,node-0083,node-0083,0,0,0
trace-140,clock-interval,0,4,timestamp-only,node-0083,node-0083,0,0,0
trace-140,clock-interval,0,4,no-ancestor-expiry,node-0083,node-0083,0,0,0
trace-140,clock-interval,0,4,no-ancestor-revocation,node-0083,node-0083,0,0,0
trace-140,clock-interval,0,4,no-alias-obligations,node-0083,node-0083,0,0,0
trace-140,clock-interval,0,4,top-one,node-0083,node-0083,0,0,0
trace-140,clock-interval,0,4,expiry-skyline,node-0083,node-0083,0,0,0
trace-140,clock-interval,0,5,direct,node-0037,node-0037,0,0,0
trace-140,clock-interval,0,5,verified,node-0037,node-0037,0,0,0
trace-140,clock-interval,0,5,full-compiled,node-0037,node-0037,0,0,0
trace-140,clock-interval,0,5,timestamp-only,node-0037,node-0083,1,1,1
trace-140,clock-interval,0,5,no-ancestor-expiry,node-0037,node-0037,0,0,0
trace-140,clock-interval,0,5,no-ancestor-revocation,node-0037,node-0037,0,0,0
trace-140,clock-interval,0,5,no-alias-obligations,node-0037,node-0037,0,0,0
trace-140,clock-interval,0,5,top-one,node-0037,,1,1,0
trace-140,clock-interval,0,5,expiry-skyline,node-0037,node-0037,0,0,0
trace-140,clock-interval,0,6,direct,node-0037,node-0037,0,0,0
trace-140,clock-interval,0,6,verified,node-0037,node-0037,0,0,0
trace-140,clock-interval,0,6,full-compiled,node-0037,node-0037,0,0,0
trace-140,clock-interval,0,6,timestamp-only,node-0037,node-0037,0,0,0
trace-140,clock-interval,0,6,no-ancestor-expiry,node-0037,node-0037,0,0,0
trace-140,clock-interval,0,6,no-ancestor-revocation,node-0037,node-0037,0,0,0
trace-140,clock-interval,0,6,no-alias-obligations,node-0037,node-0037,0,0,0
trace-140,clock-interval,0,6,top-one,node-0037,,1,1,0
trace-140,clock-interval,0,6,expiry-skyline,node-0037,node-0037,0,0,0
trace-140,clock-interval,0,7,direct,,,0,0,0
trace-140,clock-interval,0,7,verified,,,0,0,0
trace-140,clock-interval,0,7,full-compiled,,,0,0,0
trace-140,clock-interval,0,7,timestamp-only,,,0,0,0
trace-140,clock-interval,0,7,no-ancestor-expiry,,,0,0,0
trace-140,clock-interval,0,7,no-ancestor-revocation,,,0,0,0
trace-140,clock-interval,0,7,no-alias-obligations,,,0,0,0
trace-140,clock-interval,0,7,top-one,,,0,0,0
trace-140,clock-interval,0,7,expiry-skyline,,,0,0,0
trace-140,clock-interval,0,8,direct,node-0037,node-0037,0,0,0
trace-140,clock-interval,0,8,verified,node-0037,node-0037,0,0,0
trace-140,clock-interval,0,8,full-compiled,node-0037,node-0037,0,0,0
trace-140,clock-interval,0,8,timestamp-only,node-0037,node-0083,1,1,1
trace-140,clock-interval,0,8,no-ancestor-expiry,node-0037,node-0037,0,0,0
trace-140,clock-interval,0,8,no-ancestor-revocation,node-0037,node-0083,1,1,1
trace-140,clock-interval,0,8,no-alias-obligations,node-0037,node-0037,0,0,0
trace-140,clock-interval,0,8,top-one,node-0037,,1,1,0
trace-140,clock-interval,0,8,expiry-skyline,node-0037,node-0037,0,0,0
trace-140,clock-interval,0,9,direct,,,0,0,0
trace-140,clock-interval,0,9,verified,,,0,0,0
trace-140,clock-interval,0,9,full-compiled,,,0,0,0
trace-140,clock-interval,0,9,timestamp-only,,node-0018,1,1,1
trace-140,clock-interval,0,9,no-ancestor-expiry,,,0,0,0
trace-140,clock-interval,0,9,no-ancestor-revocation,,,0,0,0
trace-140,clock-interval,0,9,no-alias-obligations,,node-0018,1,1,1
trace-140,clock-interval,0,9,top-one,,,0,0,0
trace-140,clock-interval,0,9,expiry-skyline,,,0,0,0
trace-140,clock-interval,0,10,direct,node-0064,node-0064,0,0,0
trace-140,clock-interval,0,10,verified,node-0064,node-0064,0,0,0
trace-140,clock-interval,0,10,full-compiled,node-0064,node-0064,0,0,0
trace-140,clock-interval,0,10,timestamp-only,node-0064,node-0032,1,1,1
trace-140,clock-interval,0,10,no-ancestor-expiry,node-0064,node-0032,1,1,1
trace-140,clock-interval,0,10,no-ancestor-revocation,node-0064,node-0064,0,0,0
trace-140,clock-interval,0,10,no-alias-obligations,node-0064,node-0050,1,1,1
trace-140,clock-interval,0,10,top-one,node-0064,,1,1,0
trace-140,clock-interval,0,10,expiry-skyline,node-0064,,1,1,0
trace-140,clock-interval,0,11,direct,,,0,0,0
trace-140,clock-interval,0,11,verified,,,0,0,0
trace-140,clock-interval,0,11,full-compiled,,,0,0,0
trace-140,clock-interval,0,11,timestamp-only,,node-0018,1,1,1
trace-140,clock-interval,0,11,no-ancestor-expiry,,,0,0,0
trace-140,clock-interval,0,11,no-ancestor-revocation,,,0,0,0
trace-140,clock-interval,0,11,no-alias-obligations,,node-0018,1,1,1
trace-140,clock-interval,0,11,top-one,,,0,0,0
trace-140,clock-interval,0,11,expiry-skyline,,,0,0,0
trace-140,clock-interval,1,0,direct,node-0057,node-0057,0,0,0
trace-140,clock-interval,1,0,verified,node-0057,node-0057,0,0,0
trace-140,clock-interval,1,0,full-compiled,node-0057,node-0057,0,0,0
trace-140,clock-interval,1,0,timestamp-only,node-0057,node-0057,0,0,0
trace-140,clock-interval,1,0,no-ancestor-expiry,node-0057,node-0057,0,0,0
trace-140,clock-interval,1,0,no-ancestor-revocation,node-0057,node-0057,0,0,0
trace-140,clock-interval,1,0,no-alias-obligations,node-0057,node-0057,0,0,0
trace-140,clock-interval,1,0,top-one,node-0057,node-0057,0,0,0
trace-140,clock-interval,1,0,expiry-skyline,node-0057,node-0057,0,0,0
trace-140,clock-interval,1,1,direct,node-0057,node-0057,0,0,0
trace-140,clock-interval,1,1,verified,node-0057,node-0057,0,0,0
trace-140,clock-interval,1,1,full-compiled,node-0057,node-0057,0,0,0
trace-140,clock-interval,1,1,timestamp-only,node-0057,node-0057,0,0,0
trace-140,clock-interval,1,1,no-ancestor-expiry,node-0057,node-0057,0,0,0
trace-140,clock-interval,1,1,no-ancestor-revocation,node-0057,node-0057,0,0,0
trace-140,clock-interval,1,1,no-alias-obligations,node-0057,node-0057,0,0,0
trace-140,clock-interval,1,1,top-one,node-0057,node-0057,0,0,0
trace-140,clock-interval,1,1,expiry-skyline,node-0057,node-0057,0,0,0
trace-140,clock-interval,1,2,direct,node-0047,node-0047,0,0,0
trace-140,clock-interval,1,2,verified,node-0047,node-0047,0,0,0
trace-140,clock-interval,1,2,full-compiled,node-0047,node-0047,0,0,0
trace-140,clock-interval,1,2,timestamp-only,node-0047,node-0041,1,1,1
trace-140,clock-interval,1,2,no-ancestor-expiry,node-0047,node-0047,0,0,0
trace-140,clock-interval,1,2,no-ancestor-revocation,node-0047,node-0047,0,0,0
trace-140,clock-interval,1,2,no-alias-obligations,node-0047,node-0078,1,1,1
trace-140,clock-interval,1,2,top-one,node-0047,,1,1,0
trace-140,clock-interval,1,2,expiry-skyline,node-0047,node-0063,1,0,0
trace-140,clock-interval,1,3,direct,node-0057,node-0057,0,0,0
trace-140,clock-interval,1,3,verified,node-0057,node-0057,0,0,0
trace-140,clock-interval,1,3,full-compiled,node-0057,node-0057,0,0,0
trace-140,clock-interval,1,3,timestamp-only,node-0057,node-0057,0,0,0
trace-140,clock-interval,1,3,no-ancestor-expiry,node-0057,node-0057,0,0,0
trace-140,clock-interval,1,3,no-ancestor-revocation,node-0057,node-0057,0,0,0
trace-140,clock-interval,1,3,no-alias-obligations,node-0057,node-0057,0,0,0
trace-140,clock-interval,1,3,top-one,node-0057,node-0057,0,0,0
trace-140,clock-interval,1,3,expiry-skyline,node-0057,node-0057,0,0,0
trace-140,clock-interval,1,4,direct,node-0057,node-0057,0,0,0
trace-140,clock-interval,1,4,verified,node-0057,node-0057,0,0,0
trace-140,clock-interval,1,4,full-compiled,node-0057,node-0057,0,0,0
trace-140,clock-interval,1,4,timestamp-only,node-0057,node-0057,0,0,0
trace-140,clock-interval,1,4,no-ancestor-expiry,node-0057,node-0057,0,0,0
trace-140,clock-interval,1,4,no-ancestor-revocation,node-0057,node-0057,0,0,0
trace-140,clock-interval,1,4,no-alias-obligations,node-0057,node-0057,0,0,0
trace-140,clock-interval,1,4,top-one,node-0057,node-0057,0,0,0
trace-140,clock-interval,1,4,expiry-skyline,node-0057,node-0057,0,0,0
trace-140,clock-interval,1,5,direct,node-0089,node-0089,0,0,0
trace-140,clock-interval,1,5,verified,node-0089,node-0089,0,0,0
trace-140,clock-interval,1,5,full-compiled,node-0089,node-0089,0,0,0
trace-140,clock-interval,1,5,timestamp-only,node-0089,node-0059,1,1,1
trace-140,clock-interval,1,5,no-ancestor-expiry,node-0089,node-0089,0,0,0
trace-140,clock-interval,1,5,no-ancestor-revocation,node-0089,node-0089,0,0,0
trace-140,clock-interval,1,5,no-alias-obligations,node-0089,node-0059,1,1,1
trace-140,clock-interval,1,5,top-one,node-0089,,1,1,0
trace-140,clock-interval,1,5,expiry-skyline,node-0089,node-0089,0,0,0
trace-140,clock-interval,1,6,direct,,,0,0,0
trace-140,clock-interval,1,6,verified,,,0,0,0
trace-140,clock-interval,1,6,full-compiled,,,0,0,0
trace-140,clock-interval,1,6,timestamp-only,,node-0045,1,1,1
trace-140,clock-interval,1,6,no-ancestor-expiry,,,0,0,0
trace-140,clock-interval,1,6,no-ancestor-revocation,,,0,0,0
trace-140,clock-interval,1,6,no-alias-obligations,,node-0028,1,1,1
trace-140,clock-interval,1,6,top-one,,,0,0,0
trace-140,clock-interval,1,6,expiry-skyline,,,0,0,0
trace-140,clock-interval,1,7,direct,,,0,0,0
trace-140,clock-interval,1,7,verified,,,0,0,0
trace-140,clock-interval,1,7,full-compiled,,,0,0,0
trace-140,clock-interval,1,7,timestamp-only,,,0,0,0
trace-140,clock-interval,1,7,no-ancestor-expiry,,,0,0,0
trace-140,clock-interval,1,7,no-ancestor-revocation,,,0,0,0
trace-140,clock-interval,1,7,no-alias-obligations,,,0,0,0
trace-140,clock-interval,1,7,top-one,,,0,0,0
trace-140,clock-interval,1,7,expiry-skyline,,,0,0,0
trace-140,clock-interval,1,8,direct,node-0057,node-0057,0,0,0
trace-140,clock-interval,1,8,verified,node-0057,node-0057,0,0,0
trace-140,clock-interval,1,8,full-compiled,node-0057,node-0057,0,0,0
trace-140,clock-interval,1,8,timestamp-only,node-0057,node-0057,0,0,0
trace-140,clock-interval,1,8,no-ancestor-expiry,node-0057,node-0057,0,0,0
trace-140,clock-interval,1,8,no-ancestor-revocation,node-0057,node-0057,0,0,0
trace-140,clock-interval,1,8,no-alias-obligations,node-0057,node-0057,0,0,0
trace-140,clock-interval,1,8,top-one,node-0057,node-0057,0,0,0
trace-140,clock-interval,1,8,expiry-skyline,node-0057,node-0057,0,0,0
trace-140,clock-interval,1,9,direct,node-0031,node-0031,0,0,0
trace-140,clock-interval,1,9,verified,node-0031,node-0031,0,0,0
trace-140,clock-interval,1,9,full-compiled,node-0031,node-0031,0,0,0
trace-140,clock-interval,1,9,timestamp-only,node-0031,node-0031,0,0,0
trace-140,clock-interval,1,9,no-ancestor-expiry,node-0031,node-0031,0,0,0
trace-140,clock-interval,1,9,no-ancestor-revocation,node-0031,node-0031,0,0,0
trace-140,clock-interval,1,9,no-alias-obligations,node-0031,node-0031,0,0,0
trace-140,clock-interval,1,9,top-one,node-0031,,1,1,0
trace-140,clock-interval,1,9,expiry-skyline,node-0031,node-0063,1,1,0
trace-140,clock-interval,1,10,direct,node-0031,node-0031,0,0,0
trace-140,clock-interval,1,10,verified,node-0031,node-0031,0,0,0
trace-140,clock-interval,1,10,full-compiled,node-0031,node-0031,0,0,0
trace-140,clock-interval,1,10,timestamp-only,node-0031,node-0041,1,1,1
trace-140,clock-interval,1,10,no-ancestor-expiry,node-0031,node-0031,0,0,0
trace-140,clock-interval,1,10,no-ancestor-revocation,node-0031,node-0031,0,0,0
trace-140,clock-interval,1,10,no-alias-obligations,node-0031,node-0078,1,0,1
trace-140,clock-interval,1,10,top-one,node-0031,,1,1,0
trace-140,clock-interval,1,10,expiry-skyline,node-0031,node-0063,1,1,0
trace-140,clock-interval,1,11,direct,node-0063,node-0063,0,0,0
trace-140,clock-interval,1,11,verified,node-0063,node-0063,0,0,0
trace-140,clock-interval,1,11,full-compiled,node-0063,node-0063,0,0,0
trace-140,clock-interval,1,11,timestamp-only,node-0063,node-0045,1,1,1
trace-140,clock-interval,1,11,no-ancestor-expiry,node-0063,node-0063,0,0,0
trace-140,clock-interval,1,11,no-ancestor-revocation,node-0063,node-0063,0,0,0
trace-140,clock-interval,1,11,no-alias-obligations,node-0063,node-0028,1,0,1
trace-140,clock-interval,1,11,top-one,node-0063,,1,1,0
trace-140,clock-interval,1,11,expiry-skyline,node-0063,node-0063,0,0,0
trace-141,clock-interval,0,0,direct,node-0054,node-0054,0,0,0
trace-141,clock-interval,0,0,verified,node-0054,node-0054,0,0,0
trace-141,clock-interval,0,0,full-compiled,node-0054,node-0054,0,0,0
trace-141,clock-interval,0,0,timestamp-only,node-0054,node-0054,0,0,0
trace-141,clock-interval,0,0,no-ancestor-expiry,node-0054,node-0054,0,0,0
trace-141,clock-interval,0,0,no-ancestor-revocation,node-0054,node-0054,0,0,0
trace-141,clock-interval,0,0,no-alias-obligations,node-0054,node-0054,0,0,0
trace-141,clock-interval,0,0,top-one,node-0054,node-0054,0,0,0
trace-141,clock-interval,0,0,expiry-skyline,node-0054,node-0054,0,0,0
trace-141,clock-interval,0,1,direct,node-0054,node-0054,0,0,0
trace-141,clock-interval,0,1,verified,node-0054,node-0054,0,0,0
trace-141,clock-interval,0,1,full-compiled,node-0054,node-0054,0,0,0
trace-141,clock-interval,0,1,timestamp-only,node-0054,node-0054,0,0,0
trace-141,clock-interval,0,1,no-ancestor-expiry,node-0054,node-0054,0,0,0
trace-141,clock-interval,0,1,no-ancestor-revocation,node-0054,node-0054,0,0,0
trace-141,clock-interval,0,1,no-alias-obligations,node-0054,node-0054,0,0,0
trace-141,clock-interval,0,1,top-one,node-0054,node-0054,0,0,0
trace-141,clock-interval,0,1,expiry-skyline,node-0054,node-0054,0,0,0
trace-141,clock-interval,0,2,direct,node-0080,node-0080,0,0,0
trace-141,clock-interval,0,2,verified,node-0080,node-0080,0,0,0
trace-141,clock-interval,0,2,full-compiled,node-0080,node-0080,0,0,0
trace-141,clock-interval,0,2,timestamp-only,node-0080,node-0006,1,1,1
trace-141,clock-interval,0,2,no-ancestor-expiry,node-0080,node-0080,0,0,0
trace-141,clock-interval,0,2,no-ancestor-revocation,node-0080,node-0080,0,0,0
trace-141,clock-interval,0,2,no-alias-obligations,node-0080,node-0006,1,1,1
trace-141,clock-interval,0,2,top-one,node-0080,,1,1,0
trace-141,clock-interval,0,2,expiry-skyline,node-0080,,1,1,0
trace-141,clock-interval,0,3,direct,node-0054,node-0054,0,0,0
trace-141,clock-interval,0,3,verified,node-0054,node-0054,0,0,0
trace-141,clock-interval,0,3,full-compiled,node-0054,node-0054,0,0,0
trace-141,clock-interval,0,3,timestamp-only,node-0054,node-0054,0,0,0
trace-141,clock-interval,0,3,no-ancestor-expiry,node-0054,node-0054,0,0,0
trace-141,clock-interval,0,3,no-ancestor-revocation,node-0054,node-0054,0,0,0
trace-141,clock-interval,0,3,no-alias-obligations,node-0054,node-0054,0,0,0
trace-141,clock-interval,0,3,top-one,node-0054,node-0054,0,0,0
trace-141,clock-interval,0,3,expiry-skyline,node-0054,node-0054,0,0,0
trace-141,clock-interval,0,4,direct,node-0054,node-0054,0,0,0
trace-141,clock-interval,0,4,verified,node-0054,node-0054,0,0,0
trace-141,clock-interval,0,4,full-compiled,node-0054,node-0054,0,0,0
trace-141,clock-interval,0,4,timestamp-only,node-0054,node-0054,0,0,0
trace-141,clock-interval,0,4,no-ancestor-expiry,node-0054,node-0054,0,0,0
trace-141,clock-interval,0,4,no-ancestor-revocation,node-0054,node-0054,0,0,0
trace-141,clock-interval,0,4,no-alias-obligations,node-0054,node-0054,0,0,0
trace-141,clock-interval,0,4,top-one,node-0054,node-0054,0,0,0
trace-141,clock-interval,0,4,expiry-skyline,node-0054,node-0054,0,0,0
trace-141,clock-interval,0,5,direct,node-0053,node-0053,0,0,0
trace-141,clock-interval,0,5,verified,node-0053,node-0053,0,0,0
trace-141,clock-interval,0,5,full-compiled,node-0053,node-0053,0,0,0
trace-141,clock-interval,0,5,timestamp-only,node-0053,node-0053,0,0,0
trace-141,clock-interval,0,5,no-ancestor-expiry,node-0053,node-0053,0,0,0
trace-141,clock-interval,0,5,no-ancestor-revocation,node-0053,node-0053,0,0,0
trace-141,clock-interval,0,5,no-alias-obligations,node-0053,node-0053,0,0,0
trace-141,clock-interval,0,5,top-one,node-0053,,1,1,0
trace-141,clock-interval,0,5,expiry-skyline,node-0053,node-0053,0,0,0
trace-141,clock-interval,0,6,direct,,,0,0,0
trace-141,clock-interval,0,6,verified,,,0,0,0
trace-141,clock-interval,0,6,full-compiled,,,0,0,0
trace-141,clock-interval,0,6,timestamp-only,,node-0049,1,1,1
trace-141,clock-interval,0,6,no-ancestor-expiry,,,0,0,0
trace-141,clock-interval,0,6,no-ancestor-revocation,,,0,0,0
trace-141,clock-interval,0,6,no-alias-obligations,,node-0049,1,1,1
trace-141,clock-interval,0,6,top-one,,,0,0,0
trace-141,clock-interval,0,6,expiry-skyline,,,0,0,0
trace-141,clock-interval,0,7,direct,,,0,0,0
trace-141,clock-interval,0,7,verified,,,0,0,0
trace-141,clock-interval,0,7,full-compiled,,,0,0,0
trace-141,clock-interval,0,7,timestamp-only,,,0,0,0
trace-141,clock-interval,0,7,no-ancestor-expiry,,,0,0,0
trace-141,clock-interval,0,7,no-ancestor-revocation,,,0,0,0
trace-141,clock-interval,0,7,no-alias-obligations,,,0,0,0
trace-141,clock-interval,0,7,top-one,,,0,0,0
trace-141,clock-interval,0,7,expiry-skyline,,,0,0,0
trace-141,clock-interval,0,8,direct,node-0080,node-0080,0,0,0
trace-141,clock-interval,0,8,verified,node-0080,node-0080,0,0,0
trace-141,clock-interval,0,8,full-compiled,node-0080,node-0080,0,0,0
trace-141,clock-interval,0,8,timestamp-only,node-0080,node-0006,1,1,1
trace-141,clock-interval,0,8,no-ancestor-expiry,node-0080,node-0080,0,0,0
trace-141,clock-interval,0,8,no-ancestor-revocation,node-0080,node-0080,0,0,0
trace-141,clock-interval,0,8,no-alias-obligations,node-0080,node-0006,1,1,1
trace-141,clock-interval,0,8,top-one,node-0080,,1,1,0
trace-141,clock-interval,0,8,expiry-skyline,node-0080,,1,1,0
trace-141,clock-interval,0,9,direct,node-0054,node-0054,0,0,0
trace-141,clock-interval,0,9,verified,node-0054,node-0054,0,0,0
trace-141,clock-interval,0,9,full-compiled,node-0054,node-0054,0,0,0
trace-141,clock-interval,0,9,timestamp-only,node-0054,node-0054,0,0,0
trace-141,clock-interval,0,9,no-ancestor-expiry,node-0054,node-0054,0,0,0
trace-141,clock-interval,0,9,no-ancestor-revocation,node-0054,node-0054,0,0,0
trace-141,clock-interval,0,9,no-alias-obligations,node-0054,node-0054,0,0,0
trace-141,clock-interval,0,9,top-one,node-0054,node-0054,0,0,0
trace-141,clock-interval,0,9,expiry-skyline,node-0054,node-0054,0,0,0
trace-141,clock-interval,0,10,direct,node-0080,node-0080,0,0,0
trace-141,clock-interval,0,10,verified,node-0080,node-0080,0,0,0
trace-141,clock-interval,0,10,full-compiled,node-0080,node-0080,0,0,0
trace-141,clock-interval,0,10,timestamp-only,node-0080,node-0006,1,1,1
trace-141,clock-interval,0,10,no-ancestor-expiry,node-0080,node-0080,0,0,0
trace-141,clock-interval,0,10,no-ancestor-revocation,node-0080,node-0080,0,0,0
trace-141,clock-interval,0,10,no-alias-obligations,node-0080,node-0006,1,1,1
trace-141,clock-interval,0,10,top-one,node-0080,,1,1,0
trace-141,clock-interval,0,10,expiry-skyline,node-0080,,1,1,0
trace-141,clock-interval,0,11,direct,node-0053,node-0053,0,0,0
trace-141,clock-interval,0,11,verified,node-0053,node-0053,0,0,0
trace-141,clock-interval,0,11,full-compiled,node-0053,node-0053,0,0,0
trace-141,clock-interval,0,11,timestamp-only,node-0053,node-0053,0,0,0
trace-141,clock-interval,0,11,no-ancestor-expiry,node-0053,node-0053,0,0,0
trace-141,clock-interval,0,11,no-ancestor-revocation,node-0053,node-0053,0,0,0
trace-141,clock-interval,0,11,no-alias-obligations,node-0053,node-0053,0,0,0
trace-141,clock-interval,0,11,top-one,node-0053,,1,1,0
trace-141,clock-interval,0,11,expiry-skyline,node-0053,node-0053,0,0,0
trace-141,clock-interval,1,0,direct,node-0008,node-0008,0,0,0
trace-141,clock-interval,1,0,verified,node-0008,node-0008,0,0,0
trace-141,clock-interval,1,0,full-compiled,node-0008,node-0008,0,0,0
trace-141,clock-interval,1,0,timestamp-only,node-0008,node-0008,0,0,0
trace-141,clock-interval,1,0,no-ancestor-expiry,node-0008,node-0008,0,0,0
trace-141,clock-interval,1,0,no-ancestor-revocation,node-0008,node-0008,0,0,0
trace-141,clock-interval,1,0,no-alias-obligations,node-0008,node-0008,0,0,0
trace-141,clock-interval,1,0,top-one,node-0008,node-0008,0,0,0
trace-141,clock-interval,1,0,expiry-skyline,node-0008,node-0008,0,0,0
trace-141,clock-interval,1,1,direct,node-0008,node-0008,0,0,0
trace-141,clock-interval,1,1,verified,node-0008,node-0008,0,0,0
trace-141,clock-interval,1,1,full-compiled,node-0008,node-0008,0,0,0
trace-141,clock-interval,1,1,timestamp-only,node-0008,node-0008,0,0,0
trace-141,clock-interval,1,1,no-ancestor-expiry,node-0008,node-0008,0,0,0
trace-141,clock-interval,1,1,no-ancestor-revocation,node-0008,node-0008,0,0,0
trace-141,clock-interval,1,1,no-alias-obligations,node-0008,node-0008,0,0,0
trace-141,clock-interval,1,1,top-one,node-0008,node-0008,0,0,0
trace-141,clock-interval,1,1,expiry-skyline,node-0008,node-0008,0,0,0
trace-141,clock-interval,1,2,direct,node-0047,node-0047,0,0,0
trace-141,clock-interval,1,2,verified,node-0047,node-0047,0,0,0
trace-141,clock-interval,1,2,full-compiled,node-0047,node-0047,0,0,0
trace-141,clock-interval,1,2,timestamp-only,node-0047,node-0026,1,1,1
trace-141,clock-interval,1,2,no-ancestor-expiry,node-0047,node-0047,0,0,0
trace-141,clock-interval,1,2,no-ancestor-revocation,node-0047,node-0047,0,0,0
trace-141,clock-interval,1,2,no-alias-obligations,node-0047,node-0026,1,1,1
trace-141,clock-interval,1,2,top-one,node-0047,,1,1,0
trace-141,clock-interval,1,2,expiry-skyline,node-0047,node-0095,1,1,0
trace-141,clock-interval,1,3,direct,node-0008,node-0008,0,0,0
trace-141,clock-interval,1,3,verified,node-0008,node-0008,0,0,0
trace-141,clock-interval,1,3,full-compiled,node-0008,node-0008,0,0,0
trace-141,clock-interval,1,3,timestamp-only,node-0008,node-0008,0,0,0
trace-141,clock-interval,1,3,no-ancestor-expiry,node-0008,node-0008,0,0,0
trace-141,clock-interval,1,3,no-ancestor-revocation,node-0008,node-0008,0,0,0
trace-141,clock-interval,1,3,no-alias-obligations,node-0008,node-0008,0,0,0
trace-141,clock-interval,1,3,top-one,node-0008,node-0008,0,0,0
trace-141,clock-interval,1,3,expiry-skyline,node-0008,node-0008,0,0,0
trace-141,clock-interval,1,4,direct,node-0008,node-0008,0,0,0
trace-141,clock-interval,1,4,verified,node-0008,node-0008,0,0,0
trace-141,clock-interval,1,4,full-compiled,node-0008,node-0008,0,0,0
trace-141,clock-interval,1,4,timestamp-only,node-0008,node-0008,0,0,0
trace-141,clock-interval,1,4,no-ancestor-expiry,node-0008,node-0008,0,0,0
trace-141,clock-interval,1,4,no-ancestor-revocation,node-0008,node-0008,0,0,0
trace-141,clock-interval,1,4,no-alias-obligations,node-0008,node-0008,0,0,0
trace-141,clock-interval,1,4,top-one,node-0008,node-0008,0,0,0
trace-141,clock-interval,1,4,expiry-skyline,node-0008,node-0008,0,0,0
trace-141,clock-interval,1,5,direct,node-0008,node-0008,0,0,0
trace-141,clock-interval,1,5,verified,node-0008,node-0008,0,0,0
trace-141,clock-interval,1,5,full-compiled,node-0008,node-0008,0,0,0
trace-141,clock-interval,1,5,timestamp-only,node-0008,node-0008,0,0,0
trace-141,clock-interval,1,5,no-ancestor-expiry,node-0008,node-0008,0,0,0
trace-141,clock-interval,1,5,no-ancestor-revocation,node-0008,node-0008,0,0,0
trace-141,clock-interval,1,5,no-alias-obligations,node-0008,node-0008,0,0,0
trace-141,clock-interval,1,5,top-one,node-0008,node-0008,0,0,0
trace-141,clock-interval,1,5,expiry-skyline,node-0008,node-0008,0,0,0
trace-141,clock-interval,1,6,direct,,,0,0,0
trace-141,clock-interval,1,6,verified,,,0,0,0
trace-141,clock-interval,1,6,full-compiled,,,0,0,0
trace-141,clock-interval,1,6,timestamp-only,,node-0008,1,1,1
trace-141,clock-interval,1,6,no-ancestor-expiry,,,0,0,0
trace-141,clock-interval,1,6,no-ancestor-revocation,,,0,0,0
trace-141,clock-interval,1,6,no-alias-obligations,,node-0008,1,1,1
trace-141,clock-interval,1,6,top-one,,,0,0,0
trace-141,clock-interval,1,6,expiry-skyline,,,0,0,0
trace-141,clock-interval,1,7,direct,,,0,0,0
trace-141,clock-interval,1,7,verified,,,0,0,0
trace-141,clock-interval,1,7,full-compiled,,,0,0,0
trace-141,clock-interval,1,7,timestamp-only,,,0,0,0
trace-141,clock-interval,1,7,no-ancestor-expiry,,,0,0,0
trace-141,clock-interval,1,7,no-ancestor-revocation,,,0,0,0
trace-141,clock-interval,1,7,no-alias-obligations,,,0,0,0
trace-141,clock-interval,1,7,top-one,,,0,0,0
trace-141,clock-interval,1,7,expiry-skyline,,,0,0,0
trace-141,clock-interval,1,8,direct,node-0047,node-0047,0,0,0
trace-141,clock-interval,1,8,verified,node-0047,node-0047,0,0,0
trace-141,clock-interval,1,8,full-compiled,node-0047,node-0047,0,0,0
trace-141,clock-interval,1,8,timestamp-only,node-0047,node-0026,1,1,1
trace-141,clock-interval,1,8,no-ancestor-expiry,node-0047,node-0047,0,0,0
trace-141,clock-interval,1,8,no-ancestor-revocation,node-0047,node-0047,0,0,0
trace-141,clock-interval,1,8,no-alias-obligations,node-0047,node-0026,1,1,1
trace-141,clock-interval,1,8,top-one,node-0047,,1,1,0
trace-141,clock-interval,1,8,expiry-skyline,node-0047,node-0095,1,1,0
trace-141,clock-interval,1,9,direct,node-0008,node-0008,0,0,0
trace-141,clock-interval,1,9,verified,node-0008,node-0008,0,0,0
trace-141,clock-interval,1,9,full-compiled,node-0008,node-0008,0,0,0
trace-141,clock-interval,1,9,timestamp-only,node-0008,node-0008,0,0,0
trace-141,clock-interval,1,9,no-ancestor-expiry,node-0008,node-0008,0,0,0
trace-141,clock-interval,1,9,no-ancestor-revocation,node-0008,node-0008,0,0,0
trace-141,clock-interval,1,9,no-alias-obligations,node-0008,node-0008,0,0,0
trace-141,clock-interval,1,9,top-one,node-0008,node-0008,0,0,0
trace-141,clock-interval,1,9,expiry-skyline,node-0008,node-0008,0,0,0
trace-141,clock-interval,1,10,direct,node-0047,node-0047,0,0,0
trace-141,clock-interval,1,10,verified,node-0047,node-0047,0,0,0
trace-141,clock-interval,1,10,full-compiled,node-0047,node-0047,0,0,0
trace-141,clock-interval,1,10,timestamp-only,node-0047,node-0026,1,1,1
trace-141,clock-interval,1,10,no-ancestor-expiry,node-0047,node-0047,0,0,0
trace-141,clock-interval,1,10,no-ancestor-revocation,node-0047,node-0047,0,0,0
trace-141,clock-interval,1,10,no-alias-obligations,node-0047,node-0026,1,1,1
trace-141,clock-interval,1,10,top-one,node-0047,,1,1,0
trace-141,clock-interval,1,10,expiry-skyline,node-0047,node-0095,1,1,0
trace-141,clock-interval,1,11,direct,node-0008,node-0008,0,0,0
trace-141,clock-interval,1,11,verified,node-0008,node-0008,0,0,0
trace-141,clock-interval,1,11,full-compiled,node-0008,node-0008,0,0,0
trace-141,clock-interval,1,11,timestamp-only,node-0008,node-0008,0,0,0
trace-141,clock-interval,1,11,no-ancestor-expiry,node-0008,node-0008,0,0,0
trace-141,clock-interval,1,11,no-ancestor-revocation,node-0008,node-0008,0,0,0
trace-141,clock-interval,1,11,no-alias-obligations,node-0008,node-0008,0,0,0
trace-141,clock-interval,1,11,top-one,node-0008,node-0008,0,0,0
trace-141,clock-interval,1,11,expiry-skyline,node-0008,node-0008,0,0,0
trace-142,clock-interval,0,0,direct,node-0053,node-0053,0,0,0
trace-142,clock-interval,0,0,verified,node-0053,node-0053,0,0,0
trace-142,clock-interval,0,0,full-compiled,node-0053,node-0053,0,0,0
trace-142,clock-interval,0,0,timestamp-only,node-0053,node-0053,0,0,0
trace-142,clock-interval,0,0,no-ancestor-expiry,node-0053,node-0053,0,0,0
trace-142,clock-interval,0,0,no-ancestor-revocation,node-0053,node-0053,0,0,0
trace-142,clock-interval,0,0,no-alias-obligations,node-0053,node-0053,0,0,0
trace-142,clock-interval,0,0,top-one,node-0053,node-0053,0,0,0
trace-142,clock-interval,0,0,expiry-skyline,node-0053,node-0053,0,0,0
trace-142,clock-interval,0,1,direct,node-0053,node-0053,0,0,0
trace-142,clock-interval,0,1,verified,node-0053,node-0053,0,0,0
trace-142,clock-interval,0,1,full-compiled,node-0053,node-0053,0,0,0
trace-142,clock-interval,0,1,timestamp-only,node-0053,node-0053,0,0,0
trace-142,clock-interval,0,1,no-ancestor-expiry,node-0053,node-0053,0,0,0
trace-142,clock-interval,0,1,no-ancestor-revocation,node-0053,node-0053,0,0,0
trace-142,clock-interval,0,1,no-alias-obligations,node-0053,node-0053,0,0,0
trace-142,clock-interval,0,1,top-one,node-0053,node-0053,0,0,0
trace-142,clock-interval,0,1,expiry-skyline,node-0053,node-0053,0,0,0
trace-142,clock-interval,0,2,direct,node-0032,node-0032,0,0,0
trace-142,clock-interval,0,2,verified,node-0032,node-0032,0,0,0
trace-142,clock-interval,0,2,full-compiled,node-0032,node-0032,0,0,0
trace-142,clock-interval,0,2,timestamp-only,node-0032,node-0033,1,0,1
trace-142,clock-interval,0,2,no-ancestor-expiry,node-0032,node-0032,0,0,0
trace-142,clock-interval,0,2,no-ancestor-revocation,node-0032,node-0032,0,0,0
trace-142,clock-interval,0,2,no-alias-obligations,node-0032,node-0033,1,0,1
trace-142,clock-interval,0,2,top-one,node-0032,,1,1,0
trace-142,clock-interval,0,2,expiry-skyline,node-0032,node-0032,0,0,0
trace-142,clock-interval,0,3,direct,node-0053,node-0053,0,0,0
trace-142,clock-interval,0,3,verified,node-0053,node-0053,0,0,0
trace-142,clock-interval,0,3,full-compiled,node-0053,node-0053,0,0,0
trace-142,clock-interval,0,3,timestamp-only,node-0053,node-0053,0,0,0
trace-142,clock-interval,0,3,no-ancestor-expiry,node-0053,node-0053,0,0,0
trace-142,clock-interval,0,3,no-ancestor-revocation,node-0053,node-0053,0,0,0
trace-142,clock-interval,0,3,no-alias-obligations,node-0053,node-0053,0,0,0
trace-142,clock-interval,0,3,top-one,node-0053,node-0053,0,0,0
trace-142,clock-interval,0,3,expiry-skyline,node-0053,node-0053,0,0,0
trace-142,clock-interval,0,4,direct,node-0053,node-0053,0,0,0
trace-142,clock-interval,0,4,verified,node-0053,node-0053,0,0,0
trace-142,clock-interval,0,4,full-compiled,node-0053,node-0053,0,0,0
trace-142,clock-interval,0,4,timestamp-only,node-0053,node-0053,0,0,0
trace-142,clock-interval,0,4,no-ancestor-expiry,node-0053,node-0053,0,0,0
trace-142,clock-interval,0,4,no-ancestor-revocation,node-0053,node-0053,0,0,0
trace-142,clock-interval,0,4,no-alias-obligations,node-0053,node-0053,0,0,0
trace-142,clock-interval,0,4,top-one,node-0053,node-0053,0,0,0
trace-142,clock-interval,0,4,expiry-skyline,node-0053,node-0053,0,0,0
trace-142,clock-interval,0,5,direct,node-0053,node-0053,0,0,0
trace-142,clock-interval,0,5,verified,node-0053,node-0053,0,0,0
trace-142,clock-interval,0,5,full-compiled,node-0053,node-0053,0,0,0
trace-142,clock-interval,0,5,timestamp-only,node-0053,node-0053,0,0,0
trace-142,clock-interval,0,5,no-ancestor-expiry,node-0053,node-0053,0,0,0
trace-142,clock-interval,0,5,no-ancestor-revocation,node-0053,node-0053,0,0,0
trace-142,clock-interval,0,5,no-alias-obligations,node-0053,node-0053,0,0,0
trace-142,clock-interval,0,5,top-one,node-0053,node-0053,0,0,0
trace-142,clock-interval,0,5,expiry-skyline,node-0053,node-0053,0,0,0
trace-142,clock-interval,0,6,direct,,,0,0,0
trace-142,clock-interval,0,6,verified,,,0,0,0
trace-142,clock-interval,0,6,full-compiled,,,0,0,0
trace-142,clock-interval,0,6,timestamp-only,,node-0033,1,1,1
trace-142,clock-interval,0,6,no-ancestor-expiry,,,0,0,0
trace-142,clock-interval,0,6,no-ancestor-revocation,,,0,0,0
trace-142,clock-interval,0,6,no-alias-obligations,,node-0033,1,1,1
trace-142,clock-interval,0,6,top-one,,,0,0,0
trace-142,clock-interval,0,6,expiry-skyline,,,0,0,0
trace-142,clock-interval,0,7,direct,,,0,0,0
trace-142,clock-interval,0,7,verified,,,0,0,0
trace-142,clock-interval,0,7,full-compiled,,,0,0,0
trace-142,clock-interval,0,7,timestamp-only,,,0,0,0
trace-142,clock-interval,0,7,no-ancestor-expiry,,,0,0,0
trace-142,clock-interval,0,7,no-ancestor-revocation,,,0,0,0
trace-142,clock-interval,0,7,no-alias-obligations,,,0,0,0
trace-142,clock-interval,0,7,top-one,,,0,0,0
trace-142,clock-interval,0,7,expiry-skyline,,,0,0,0
trace-142,clock-interval,0,8,direct,node-0053,node-0053,0,0,0
trace-142,clock-interval,0,8,verified,node-0053,node-0053,0,0,0
trace-142,clock-interval,0,8,full-compiled,node-0053,node-0053,0,0,0
trace-142,clock-interval,0,8,timestamp-only,node-0053,node-0053,0,0,0
trace-142,clock-interval,0,8,no-ancestor-expiry,node-0053,node-0053,0,0,0
trace-142,clock-interval,0,8,no-ancestor-revocation,node-0053,node-0053,0,0,0
trace-142,clock-interval,0,8,no-alias-obligations,node-0053,node-0053,0,0,0
trace-142,clock-interval,0,8,top-one,node-0053,node-0053,0,0,0
trace-142,clock-interval,0,8,expiry-skyline,node-0053,node-0053,0,0,0
trace-142,clock-interval,0,9,direct,node-0053,node-0053,0,0,0
trace-142,clock-interval,0,9,verified,node-0053,node-0053,0,0,0
trace-142,clock-interval,0,9,full-compiled,node-0053,node-0053,0,0,0
trace-142,clock-interval,0,9,timestamp-only,node-0053,node-0053,0,0,0
trace-142,clock-interval,0,9,no-ancestor-expiry,node-0053,node-0053,0,0,0
trace-142,clock-interval,0,9,no-ancestor-revocation,node-0053,node-0053,0,0,0
trace-142,clock-interval,0,9,no-alias-obligations,node-0053,node-0053,0,0,0
trace-142,clock-interval,0,9,top-one,node-0053,node-0053,0,0,0
trace-142,clock-interval,0,9,expiry-skyline,node-0053,node-0053,0,0,0
trace-142,clock-interval,0,10,direct,node-0032,node-0032,0,0,0
trace-142,clock-interval,0,10,verified,node-0032,node-0032,0,0,0
trace-142,clock-interval,0,10,full-compiled,node-0032,node-0032,0,0,0
trace-142,clock-interval,0,10,timestamp-only,node-0032,node-0033,1,0,1
trace-142,clock-interval,0,10,no-ancestor-expiry,node-0032,node-0032,0,0,0
trace-142,clock-interval,0,10,no-ancestor-revocation,node-0032,node-0032,0,0,0
trace-142,clock-interval,0,10,no-alias-obligations,node-0032,node-0033,1,0,1
trace-142,clock-interval,0,10,top-one,node-0032,,1,1,0
trace-142,clock-interval,0,10,expiry-skyline,node-0032,node-0032,0,0,0
trace-142,clock-interval,0,11,direct,node-0048,node-0048,0,0,0
trace-142,clock-interval,0,11,verified,node-0048,node-0048,0,0,0
trace-142,clock-interval,0,11,full-compiled,node-0048,node-0048,0,0,0
trace-142,clock-interval,0,11,timestamp-only,node-0048,node-0087,1,1,1
trace-142,clock-interval,0,11,no-ancestor-expiry,node-0048,node-0048,0,0,0
trace-142,clock-interval,0,11,no-ancestor-revocation,node-0048,node-0048,0,0,0
trace-142,clock-interval,0,11,no-alias-obligations,node-0048,node-0034,1,1,1
trace-142,clock-interval,0,11,top-one,node-0048,,1,1,0
trace-142,clock-interval,0,11,expiry-skyline,node-0048,,1,1,0
trace-142,clock-interval,1,0,direct,node-0025,node-0025,0,0,0
trace-142,clock-interval,1,0,verified,node-0025,node-0025,0,0,0
trace-142,clock-interval,1,0,full-compiled,node-0025,node-0025,0,0,0
trace-142,clock-interval,1,0,timestamp-only,node-0025,node-0025,0,0,0
trace-142,clock-interval,1,0,no-ancestor-expiry,node-0025,node-0025,0,0,0
trace-142,clock-interval,1,0,no-ancestor-revocation,node-0025,node-0025,0,0,0
trace-142,clock-interval,1,0,no-alias-obligations,node-0025,node-0025,0,0,0
trace-142,clock-interval,1,0,top-one,node-0025,node-0025,0,0,0
trace-142,clock-interval,1,0,expiry-skyline,node-0025,node-0025,0,0,0
trace-142,clock-interval,1,1,direct,node-0077,node-0077,0,0,0
trace-142,clock-interval,1,1,verified,node-0077,node-0077,0,0,0
trace-142,clock-interval,1,1,full-compiled,node-0077,node-0077,0,0,0
trace-142,clock-interval,1,1,timestamp-only,node-0077,node-0025,1,1,1
trace-142,clock-interval,1,1,no-ancestor-expiry,node-0077,node-0077,0,0,0
trace-142,clock-interval,1,1,no-ancestor-revocation,node-0077,node-0025,1,1,1
trace-142,clock-interval,1,1,no-alias-obligations,node-0077,node-0077,0,0,0
trace-142,clock-interval,1,1,top-one,node-0077,,1,1,0
trace-142,clock-interval,1,1,expiry-skyline,node-0077,node-0077,0,0,0
trace-142,clock-interval,1,2,direct,node-0079,node-0079,0,0,0
trace-142,clock-interval,1,2,verified,node-0079,node-0079,0,0,0
trace-142,clock-interval,1,2,full-compiled,node-0079,node-0079,0,0,0
trace-142,clock-interval,1,2,timestamp-only,node-0079,node-0076,1,1,1
trace-142,clock-interval,1,2,no-ancestor-expiry,node-0079,node-0079,0,0,0
trace-142,clock-interval,1,2,no-ancestor-revocation,node-0079,node-0079,0,0,0
trace-142,clock-interval,1,2,no-alias-obligations,node-0079,node-0076,1,1,1
trace-142,clock-interval,1,2,top-one,node-0079,,1,1,0
trace-142,clock-interval,1,2,expiry-skyline,node-0079,,1,1,0
trace-142,clock-interval,1,3,direct,node-0077,node-0077,0,0,0
trace-142,clock-interval,1,3,verified,node-0077,node-0077,0,0,0
trace-142,clock-interval,1,3,full-compiled,node-0077,node-0077,0,0,0
trace-142,clock-interval,1,3,timestamp-only,node-0077,node-0025,1,1,1
trace-142,clock-interval,1,3,no-ancestor-expiry,node-0077,node-0077,0,0,0
trace-142,clock-interval,1,3,no-ancestor-revocation,node-0077,node-0025,1,1,1
trace-142,clock-interval,1,3,no-alias-obligations,node-0077,node-0077,0,0,0
trace-142,clock-interval,1,3,top-one,node-0077,,1,1,0
trace-142,clock-interval,1,3,expiry-skyline,node-0077,node-0077,0,0,0
trace-142,clock-interval,1,4,direct,node-0025,node-0025,0,0,0
trace-142,clock-interval,1,4,verified,node-0025,node-0025,0,0,0
trace-142,clock-interval,1,4,full-compiled,node-0025,node-0025,0,0,0
trace-142,clock-interval,1,4,timestamp-only,node-0025,node-0025,0,0,0
trace-142,clock-interval,1,4,no-ancestor-expiry,node-0025,node-0025,0,0,0
trace-142,clock-interval,1,4,no-ancestor-revocation,node-0025,node-0025,0,0,0
trace-142,clock-interval,1,4,no-alias-obligations,node-0025,node-0025,0,0,0
trace-142,clock-interval,1,4,top-one,node-0025,node-0025,0,0,0
trace-142,clock-interval,1,4,expiry-skyline,node-0025,node-0025,0,0,0
trace-142,clock-interval,1,5,direct,node-0077,node-0077,0,0,0
trace-142,clock-interval,1,5,verified,node-0077,node-0077,0,0,0
trace-142,clock-interval,1,5,full-compiled,node-0077,node-0077,0,0,0
trace-142,clock-interval,1,5,timestamp-only,node-0077,node-0025,1,1,1
trace-142,clock-interval,1,5,no-ancestor-expiry,node-0077,node-0025,1,1,1
trace-142,clock-interval,1,5,no-ancestor-revocation,node-0077,node-0077,0,0,0
trace-142,clock-interval,1,5,no-alias-obligations,node-0077,node-0077,0,0,0
trace-142,clock-interval,1,5,top-one,node-0077,,1,1,0
trace-142,clock-interval,1,5,expiry-skyline,node-0077,node-0077,0,0,0
trace-142,clock-interval,1,6,direct,,,0,0,0
trace-142,clock-interval,1,6,verified,,,0,0,0
trace-142,clock-interval,1,6,full-compiled,,,0,0,0
trace-142,clock-interval,1,6,timestamp-only,,node-0077,1,1,1
trace-142,clock-interval,1,6,no-ancestor-expiry,,,0,0,0
trace-142,clock-interval,1,6,no-ancestor-revocation,,,0,0,0
trace-142,clock-interval,1,6,no-alias-obligations,,node-0077,1,1,1
trace-142,clock-interval,1,6,top-one,,,0,0,0
trace-142,clock-interval,1,6,expiry-skyline,,,0,0,0
trace-142,clock-interval,1,7,direct,,,0,0,0
trace-142,clock-interval,1,7,verified,,,0,0,0
trace-142,clock-interval,1,7,full-compiled,,,0,0,0
trace-142,clock-interval,1,7,timestamp-only,,,0,0,0
trace-142,clock-interval,1,7,no-ancestor-expiry,,,0,0,0
trace-142,clock-interval,1,7,no-ancestor-revocation,,,0,0,0
trace-142,clock-interval,1,7,no-alias-obligations,,,0,0,0
trace-142,clock-interval,1,7,top-one,,,0,0,0
trace-142,clock-interval,1,7,expiry-skyline,,,0,0,0
trace-142,clock-interval,1,8,direct,node-0025,node-0025,0,0,0
trace-142,clock-interval,1,8,verified,node-0025,node-0025,0,0,0
trace-142,clock-interval,1,8,full-compiled,node-0025,node-0025,0,0,0
trace-142,clock-interval,1,8,timestamp-only,node-0025,node-0025,0,0,0
trace-142,clock-interval,1,8,no-ancestor-expiry,node-0025,node-0025,0,0,0
trace-142,clock-interval,1,8,no-ancestor-revocation,node-0025,node-0025,0,0,0
trace-142,clock-interval,1,8,no-alias-obligations,node-0025,node-0025,0,0,0
trace-142,clock-interval,1,8,top-one,node-0025,node-0025,0,0,0
trace-142,clock-interval,1,8,expiry-skyline,node-0025,node-0025,0,0,0
trace-142,clock-interval,1,9,direct,node-0077,node-0077,0,0,0
trace-142,clock-interval,1,9,verified,node-0077,node-0077,0,0,0
trace-142,clock-interval,1,9,full-compiled,node-0077,node-0077,0,0,0
trace-142,clock-interval,1,9,timestamp-only,node-0077,node-0025,1,1,1
trace-142,clock-interval,1,9,no-ancestor-expiry,node-0077,node-0077,0,0,0
trace-142,clock-interval,1,9,no-ancestor-revocation,node-0077,node-0025,1,1,1
trace-142,clock-interval,1,9,no-alias-obligations,node-0077,node-0077,0,0,0
trace-142,clock-interval,1,9,top-one,node-0077,,1,1,0
trace-142,clock-interval,1,9,expiry-skyline,node-0077,node-0077,0,0,0
trace-142,clock-interval,1,10,direct,node-0047,node-0047,0,0,0
trace-142,clock-interval,1,10,verified,node-0047,node-0047,0,0,0
trace-142,clock-interval,1,10,full-compiled,node-0047,node-0047,0,0,0
trace-142,clock-interval,1,10,timestamp-only,node-0047,node-0076,1,1,1
trace-142,clock-interval,1,10,no-ancestor-expiry,node-0047,node-0047,0,0,0
trace-142,clock-interval,1,10,no-ancestor-revocation,node-0047,node-0063,1,1,1
trace-142,clock-interval,1,10,no-alias-obligations,node-0047,node-0076,1,1,1
trace-142,clock-interval,1,10,top-one,node-0047,,1,1,0
trace-142,clock-interval,1,10,expiry-skyline,node-0047,,1,1,0
trace-142,clock-interval,1,11,direct,,,0,0,0
trace-142,clock-interval,1,11,verified,,,0,0,0
trace-142,clock-interval,1,11,full-compiled,,,0,0,0
trace-142,clock-interval,1,11,timestamp-only,,node-0024,1,1,1
trace-142,clock-interval,1,11,no-ancestor-expiry,,,0,0,0
trace-142,clock-interval,1,11,no-ancestor-revocation,,,0,0,0
trace-142,clock-interval,1,11,no-alias-obligations,,node-0024,1,1,1
trace-142,clock-interval,1,11,top-one,,,0,0,0
trace-142,clock-interval,1,11,expiry-skyline,,,0,0,0
trace-143,clock-interval,0,0,direct,node-0020,node-0020,0,0,0
trace-143,clock-interval,0,0,verified,node-0020,node-0020,0,0,0
trace-143,clock-interval,0,0,full-compiled,node-0020,node-0020,0,0,0
trace-143,clock-interval,0,0,timestamp-only,node-0020,node-0020,0,0,0
trace-143,clock-interval,0,0,no-ancestor-expiry,node-0020,node-0020,0,0,0
trace-143,clock-interval,0,0,no-ancestor-revocation,node-0020,node-0020,0,0,0
trace-143,clock-interval,0,0,no-alias-obligations,node-0020,node-0020,0,0,0
trace-143,clock-interval,0,0,top-one,node-0020,node-0020,0,0,0
trace-143,clock-interval,0,0,expiry-skyline,node-0020,node-0020,0,0,0
trace-143,clock-interval,0,1,direct,node-0020,node-0020,0,0,0
trace-143,clock-interval,0,1,verified,node-0020,node-0020,0,0,0
trace-143,clock-interval,0,1,full-compiled,node-0020,node-0020,0,0,0
trace-143,clock-interval,0,1,timestamp-only,node-0020,node-0020,0,0,0
trace-143,clock-interval,0,1,no-ancestor-expiry,node-0020,node-0020,0,0,0
trace-143,clock-interval,0,1,no-ancestor-revocation,node-0020,node-0020,0,0,0
trace-143,clock-interval,0,1,no-alias-obligations,node-0020,node-0020,0,0,0
trace-143,clock-interval,0,1,top-one,node-0020,node-0020,0,0,0
trace-143,clock-interval,0,1,expiry-skyline,node-0020,node-0020,0,0,0
trace-143,clock-interval,0,2,direct,node-0080,node-0080,0,0,0
trace-143,clock-interval,0,2,verified,node-0080,node-0080,0,0,0
trace-143,clock-interval,0,2,full-compiled,node-0080,node-0080,0,0,0
trace-143,clock-interval,0,2,timestamp-only,node-0080,node-0032,1,1,1
trace-143,clock-interval,0,2,no-ancestor-expiry,node-0080,node-0080,0,0,0
trace-143,clock-interval,0,2,no-ancestor-revocation,node-0080,node-0032,1,1,1
trace-143,clock-interval,0,2,no-alias-obligations,node-0080,node-0084,1,1,1
trace-143,clock-interval,0,2,top-one,node-0080,,1,1,0
trace-143,clock-interval,0,2,expiry-skyline,node-0080,,1,1,0
trace-143,clock-interval,0,3,direct,node-0020,node-0020,0,0,0
trace-143,clock-interval,0,3,verified,node-0020,node-0020,0,0,0
trace-143,clock-interval,0,3,full-compiled,node-0020,node-0020,0,0,0
trace-143,clock-interval,0,3,timestamp-only,node-0020,node-0020,0,0,0
trace-143,clock-interval,0,3,no-ancestor-expiry,node-0020,node-0020,0,0,0
trace-143,clock-interval,0,3,no-ancestor-revocation,node-0020,node-0020,0,0,0
trace-143,clock-interval,0,3,no-alias-obligations,node-0020,node-0020,0,0,0
trace-143,clock-interval,0,3,top-one,node-0020,node-0020,0,0,0
trace-143,clock-interval,0,3,expiry-skyline,node-0020,node-0020,0,0,0
trace-143,clock-interval,0,4,direct,node-0020,node-0020,0,0,0
trace-143,clock-interval,0,4,verified,node-0020,node-0020,0,0,0
trace-143,clock-interval,0,4,full-compiled,node-0020,node-0020,0,0,0
trace-143,clock-interval,0,4,timestamp-only,node-0020,node-0020,0,0,0
trace-143,clock-interval,0,4,no-ancestor-expiry,node-0020,node-0020,0,0,0
trace-143,clock-interval,0,4,no-ancestor-revocation,node-0020,node-0020,0,0,0
trace-143,clock-interval,0,4,no-alias-obligations,node-0020,node-0020,0,0,0
trace-143,clock-interval,0,4,top-one,node-0020,node-0020,0,0,0
trace-143,clock-interval,0,4,expiry-skyline,node-0020,node-0020,0,0,0
trace-143,clock-interval,0,5,direct,node-0016,node-0016,0,0,0
trace-143,clock-interval,0,5,verified,node-0016,node-0016,0,0,0
trace-143,clock-interval,0,5,full-compiled,node-0016,node-0016,0,0,0
trace-143,clock-interval,0,5,timestamp-only,node-0016,node-0020,1,0,1
trace-143,clock-interval,0,5,no-ancestor-expiry,node-0016,node-0020,1,0,1
trace-143,clock-interval,0,5,no-ancestor-revocation,node-0016,node-0016,0,0,0
trace-143,clock-interval,0,5,no-alias-obligations,node-0016,node-0016,0,0,0
trace-143,clock-interval,0,5,top-one,node-0016,,1,1,0
trace-143,clock-interval,0,5,expiry-skyline,node-0016,node-0016,0,0,0
trace-143,clock-interval,0,6,direct,,,0,0,0
trace-143,clock-interval,0,6,verified,,,0,0,0
trace-143,clock-interval,0,6,full-compiled,,,0,0,0
trace-143,clock-interval,0,6,timestamp-only,,node-0051,1,1,1
trace-143,clock-interval,0,6,no-ancestor-expiry,,,0,0,0
trace-143,clock-interval,0,6,no-ancestor-revocation,,,0,0,0
trace-143,clock-interval,0,6,no-alias-obligations,,node-0051,1,1,1
trace-143,clock-interval,0,6,top-one,,,0,0,0
trace-143,clock-interval,0,6,expiry-skyline,,,0,0,0
trace-143,clock-interval,0,7,direct,,,0,0,0
trace-143,clock-interval,0,7,verified,,,0,0,0
trace-143,clock-interval,0,7,full-compiled,,,0,0,0
trace-143,clock-interval,0,7,timestamp-only,,,0,0,0
trace-143,clock-interval,0,7,no-ancestor-expiry,,,0,0,0
trace-143,clock-interval,0,7,no-ancestor-revocation,,,0,0,0
trace-143,clock-interval,0,7,no-alias-obligations,,,0,0,0
trace-143,clock-interval,0,7,top-one,,,0,0,0
trace-143,clock-interval,0,7,expiry-skyline,,,0,0,0
trace-143,clock-interval,0,8,direct,node-0020,node-0020,0,0,0
trace-143,clock-interval,0,8,verified,node-0020,node-0020,0,0,0
trace-143,clock-interval,0,8,full-compiled,node-0020,node-0020,0,0,0
trace-143,clock-interval,0,8,timestamp-only,node-0020,node-0020,0,0,0
trace-143,clock-interval,0,8,no-ancestor-expiry,node-0020,node-0020,0,0,0
trace-143,clock-interval,0,8,no-ancestor-revocation,node-0020,node-0020,0,0,0
trace-143,clock-interval,0,8,no-alias-obligations,node-0020,node-0020,0,0,0
trace-143,clock-interval,0,8,top-one,node-0020,node-0020,0,0,0
trace-143,clock-interval,0,8,expiry-skyline,node-0020,node-0020,0,0,0
trace-143,clock-interval,0,9,direct,node-0080,node-0080,0,0,0
trace-143,clock-interval,0,9,verified,node-0080,node-0080,0,0,0
trace-143,clock-interval,0,9,full-compiled,node-0080,node-0080,0,0,0
trace-143,clock-interval,0,9,timestamp-only,node-0080,node-0085,1,1,1
trace-143,clock-interval,0,9,no-ancestor-expiry,node-0080,node-0080,0,0,0
trace-143,clock-interval,0,9,no-ancestor-revocation,node-0080,node-0080,0,0,0
trace-143,clock-interval,0,9,no-alias-obligations,node-0080,node-0018,1,1,1
trace-143,clock-interval,0,9,top-one,node-0080,,1,1,0
trace-143,clock-interval,0,9,expiry-skyline,node-0080,,1,1,0
trace-143,clock-interval,0,10,direct,node-0016,node-0016,0,0,0
trace-143,clock-interval,0,10,verified,node-0016,node-0016,0,0,0
trace-143,clock-interval,0,10,full-compiled,node-0016,node-0016,0,0,0
trace-143,clock-interval,0,10,timestamp-only,node-0016,node-0020,1,0,1
trace-143,clock-interval,0,10,no-ancestor-expiry,node-0016,node-0020,1,0,1
trace-143,clock-interval,0,10,no-ancestor-revocation,node-0016,node-0016,0,0,0
trace-143,clock-interval,0,10,no-alias-obligations,node-0016,node-0016,0,0,0
trace-143,clock-interval,0,10,top-one,node-0016,,1,1,0
trace-143,clock-interval,0,10,expiry-skyline,node-0016,node-0016,0,0,0
trace-143,clock-interval,0,11,direct,,,0,0,0
trace-143,clock-interval,0,11,verified,,,0,0,0
trace-143,clock-interval,0,11,full-compiled,,,0,0,0
trace-143,clock-interval,0,11,timestamp-only,,node-0085,1,1,1
trace-143,clock-interval,0,11,no-ancestor-expiry,,,0,0,0
trace-143,clock-interval,0,11,no-ancestor-revocation,,,0,0,0
trace-143,clock-interval,0,11,no-alias-obligations,,node-0067,1,1,1
trace-143,clock-interval,0,11,top-one,,,0,0,0
trace-143,clock-interval,0,11,expiry-skyline,,,0,0,0
trace-143,clock-interval,1,0,direct,node-0010,node-0010,0,0,0
trace-143,clock-interval,1,0,verified,node-0010,node-0010,0,0,0
trace-143,clock-interval,1,0,full-compiled,node-0010,node-0010,0,0,0
trace-143,clock-interval,1,0,timestamp-only,node-0010,node-0010,0,0,0
trace-143,clock-interval,1,0,no-ancestor-expiry,node-0010,node-0010,0,0,0
trace-143,clock-interval,1,0,no-ancestor-revocation,node-0010,node-0010,0,0,0
trace-143,clock-interval,1,0,no-alias-obligations,node-0010,node-0010,0,0,0
trace-143,clock-interval,1,0,top-one,node-0010,node-0010,0,0,0
trace-143,clock-interval,1,0,expiry-skyline,node-0010,node-0010,0,0,0
trace-143,clock-interval,1,1,direct,node-0010,node-0010,0,0,0
trace-143,clock-interval,1,1,verified,node-0010,node-0010,0,0,0
trace-143,clock-interval,1,1,full-compiled,node-0010,node-0010,0,0,0
trace-143,clock-interval,1,1,timestamp-only,node-0010,node-0010,0,0,0
trace-143,clock-interval,1,1,no-ancestor-expiry,node-0010,node-0010,0,0,0
trace-143,clock-interval,1,1,no-ancestor-revocation,node-0010,node-0010,0,0,0
trace-143,clock-interval,1,1,no-alias-obligations,node-0010,node-0010,0,0,0
trace-143,clock-interval,1,1,top-one,node-0010,node-0010,0,0,0
trace-143,clock-interval,1,1,expiry-skyline,node-0010,node-0010,0,0,0
trace-143,clock-interval,1,2,direct,node-0015,node-0015,0,0,0
trace-143,clock-interval,1,2,verified,node-0015,node-0015,0,0,0
trace-143,clock-interval,1,2,full-compiled,node-0015,node-0015,0,0,0
trace-143,clock-interval,1,2,timestamp-only,node-0015,node-0093,1,1,1
trace-143,clock-interval,1,2,no-ancestor-expiry,node-0015,node-0015,0,0,0
trace-143,clock-interval,1,2,no-ancestor-revocation,node-0015,node-0015,0,0,0
trace-143,clock-interval,1,2,no-alias-obligations,node-0015,node-0093,1,1,1
trace-143,clock-interval,1,2,top-one,node-0015,,1,1,0
trace-143,clock-interval,1,2,expiry-skyline,node-0015,node-0015,0,0,0
trace-143,clock-interval,1,3,direct,node-0010,node-0010,0,0,0
trace-143,clock-interval,1,3,verified,node-0010,node-0010,0,0,0
trace-143,clock-interval,1,3,full-compiled,node-0010,node-0010,0,0,0
trace-143,clock-interval,1,3,timestamp-only,node-0010,node-0010,0,0,0
trace-143,clock-interval,1,3,no-ancestor-expiry,node-0010,node-0010,0,0,0
trace-143,clock-interval,1,3,no-ancestor-revocation,node-0010,node-0010,0,0,0
trace-143,clock-interval,1,3,no-alias-obligations,node-0010,node-0010,0,0,0
trace-143,clock-interval,1,3,top-one,node-0010,node-0010,0,0,0
trace-143,clock-interval,1,3,expiry-skyline,node-0010,node-0010,0,0,0
trace-143,clock-interval,1,4,direct,node-0010,node-0010,0,0,0
trace-143,clock-interval,1,4,verified,node-0010,node-0010,0,0,0
trace-143,clock-interval,1,4,full-compiled,node-0010,node-0010,0,0,0
trace-143,clock-interval,1,4,timestamp-only,node-0010,node-0010,0,0,0
trace-143,clock-interval,1,4,no-ancestor-expiry,node-0010,node-0010,0,0,0
trace-143,clock-interval,1,4,no-ancestor-revocation,node-0010,node-0010,0,0,0
trace-143,clock-interval,1,4,no-alias-obligations,node-0010,node-0010,0,0,0
trace-143,clock-interval,1,4,top-one,node-0010,node-0010,0,0,0
trace-143,clock-interval,1,4,expiry-skyline,node-0010,node-0010,0,0,0
trace-143,clock-interval,1,5,direct,node-0010,node-0010,0,0,0
trace-143,clock-interval,1,5,verified,node-0010,node-0010,0,0,0
trace-143,clock-interval,1,5,full-compiled,node-0010,node-0010,0,0,0
trace-143,clock-interval,1,5,timestamp-only,node-0010,node-0010,0,0,0
trace-143,clock-interval,1,5,no-ancestor-expiry,node-0010,node-0010,0,0,0
trace-143,clock-interval,1,5,no-ancestor-revocation,node-0010,node-0010,0,0,0
trace-143,clock-interval,1,5,no-alias-obligations,node-0010,node-0010,0,0,0
trace-143,clock-interval,1,5,top-one,node-0010,node-0010,0,0,0
trace-143,clock-interval,1,5,expiry-skyline,node-0010,node-0010,0,0,0
trace-143,clock-interval,1,6,direct,node-0015,node-0015,0,0,0
trace-143,clock-interval,1,6,verified,node-0015,node-0015,0,0,0
trace-143,clock-interval,1,6,full-compiled,node-0015,node-0015,0,0,0
trace-143,clock-interval,1,6,timestamp-only,node-0015,node-0013,1,0,1
trace-143,clock-interval,1,6,no-ancestor-expiry,node-0015,node-0015,0,0,0
trace-143,clock-interval,1,6,no-ancestor-revocation,node-0015,node-0015,0,0,0
trace-143,clock-interval,1,6,no-alias-obligations,node-0015,node-0013,1,0,1
trace-143,clock-interval,1,6,top-one,node-0015,,1,1,0
trace-143,clock-interval,1,6,expiry-skyline,node-0015,node-0015,0,0,0
trace-143,clock-interval,1,7,direct,,,0,0,0
trace-143,clock-interval,1,7,verified,,,0,0,0
trace-143,clock-interval,1,7,full-compiled,,,0,0,0
trace-143,clock-interval,1,7,timestamp-only,,,0,0,0
trace-143,clock-interval,1,7,no-ancestor-expiry,,,0,0,0
trace-143,clock-interval,1,7,no-ancestor-revocation,,,0,0,0
trace-143,clock-interval,1,7,no-alias-obligations,,,0,0,0
trace-143,clock-interval,1,7,top-one,,,0,0,0
trace-143,clock-interval,1,7,expiry-skyline,,,0,0,0
trace-143,clock-interval,1,8,direct,node-0010,node-0010,0,0,0
trace-143,clock-interval,1,8,verified,node-0010,node-0010,0,0,0
trace-143,clock-interval,1,8,full-compiled,node-0010,node-0010,0,0,0
trace-143,clock-interval,1,8,timestamp-only,node-0010,node-0010,0,0,0
trace-143,clock-interval,1,8,no-ancestor-expiry,node-0010,node-0010,0,0,0
trace-143,clock-interval,1,8,no-ancestor-revocation,node-0010,node-0010,0,0,0
trace-143,clock-interval,1,8,no-alias-obligations,node-0010,node-0010,0,0,0
trace-143,clock-interval,1,8,top-one,node-0010,node-0010,0,0,0
trace-143,clock-interval,1,8,expiry-skyline,node-0010,node-0010,0,0,0
trace-143,clock-interval,1,9,direct,node-0031,node-0031,0,0,0
trace-143,clock-interval,1,9,verified,node-0031,node-0031,0,0,0
trace-143,clock-interval,1,9,full-compiled,node-0031,node-0031,0,0,0
trace-143,clock-interval,1,9,timestamp-only,node-0031,node-0076,1,1,1
trace-143,clock-interval,1,9,no-ancestor-expiry,node-0031,node-0031,0,0,0
trace-143,clock-interval,1,9,no-ancestor-revocation,node-0031,node-0031,0,0,0
trace-143,clock-interval,1,9,no-alias-obligations,node-0031,node-0076,1,1,1
trace-143,clock-interval,1,9,top-one,node-0031,,1,1,0
trace-143,clock-interval,1,9,expiry-skyline,node-0031,,1,1,0
trace-143,clock-interval,1,10,direct,node-0010,node-0010,0,0,0
trace-143,clock-interval,1,10,verified,node-0010,node-0010,0,0,0
trace-143,clock-interval,1,10,full-compiled,node-0010,node-0010,0,0,0
trace-143,clock-interval,1,10,timestamp-only,node-0010,node-0010,0,0,0
trace-143,clock-interval,1,10,no-ancestor-expiry,node-0010,node-0010,0,0,0
trace-143,clock-interval,1,10,no-ancestor-revocation,node-0010,node-0010,0,0,0
trace-143,clock-interval,1,10,no-alias-obligations,node-0010,node-0010,0,0,0
trace-143,clock-interval,1,10,top-one,node-0010,node-0010,0,0,0
trace-143,clock-interval,1,10,expiry-skyline,node-0010,node-0010,0,0,0
trace-143,clock-interval,1,11,direct,,,0,0,0
trace-143,clock-interval,1,11,verified,,,0,0,0
trace-143,clock-interval,1,11,full-compiled,,,0,0,0
trace-143,clock-interval,1,11,timestamp-only,,node-0076,1,1,1
trace-143,clock-interval,1,11,no-ancestor-expiry,,,0,0,0
trace-143,clock-interval,1,11,no-ancestor-revocation,,,0,0,0
trace-143,clock-interval,1,11,no-alias-obligations,,node-0076,1,1,1
trace-143,clock-interval,1,11,top-one,,,0,0,0
trace-143,clock-interval,1,11,expiry-skyline,,,0,0,0
trace-144,clock-interval,0,0,direct,node-0004,node-0004,0,0,0
trace-144,clock-interval,0,0,verified,node-0004,node-0004,0,0,0
trace-144,clock-interval,0,0,full-compiled,node-0004,node-0004,0,0,0
trace-144,clock-interval,0,0,timestamp-only,node-0004,node-0004,0,0,0
trace-144,clock-interval,0,0,no-ancestor-expiry,node-0004,node-0004,0,0,0
trace-144,clock-interval,0,0,no-ancestor-revocation,node-0004,node-0004,0,0,0
trace-144,clock-interval,0,0,no-alias-obligations,node-0004,node-0004,0,0,0
trace-144,clock-interval,0,0,top-one,node-0004,node-0004,0,0,0
trace-144,clock-interval,0,0,expiry-skyline,node-0004,node-0004,0,0,0
trace-144,clock-interval,0,1,direct,node-0004,node-0004,0,0,0
trace-144,clock-interval,0,1,verified,node-0004,node-0004,0,0,0
trace-144,clock-interval,0,1,full-compiled,node-0004,node-0004,0,0,0
trace-144,clock-interval,0,1,timestamp-only,node-0004,node-0004,0,0,0
trace-144,clock-interval,0,1,no-ancestor-expiry,node-0004,node-0004,0,0,0
trace-144,clock-interval,0,1,no-ancestor-revocation,node-0004,node-0004,0,0,0
trace-144,clock-interval,0,1,no-alias-obligations,node-0004,node-0004,0,0,0
trace-144,clock-interval,0,1,top-one,node-0004,node-0004,0,0,0
trace-144,clock-interval,0,1,expiry-skyline,node-0004,node-0004,0,0,0
trace-144,clock-interval,0,2,direct,node-0032,node-0032,0,0,0
trace-144,clock-interval,0,2,verified,node-0032,node-0032,0,0,0
trace-144,clock-interval,0,2,full-compiled,node-0032,node-0032,0,0,0
trace-144,clock-interval,0,2,timestamp-only,node-0032,node-0084,1,1,1
trace-144,clock-interval,0,2,no-ancestor-expiry,node-0032,node-0032,0,0,0
trace-144,clock-interval,0,2,no-ancestor-revocation,node-0032,node-0032,0,0,0
trace-144,clock-interval,0,2,no-alias-obligations,node-0032,node-0084,1,1,1
trace-144,clock-interval,0,2,top-one,node-0032,,1,1,0
trace-144,clock-interval,0,2,expiry-skyline,node-0032,node-0048,1,1,0
trace-144,clock-interval,0,3,direct,node-0004,node-0004,0,0,0
trace-144,clock-interval,0,3,verified,node-0004,node-0004,0,0,0
trace-144,clock-interval,0,3,full-compiled,node-0004,node-0004,0,0,0
trace-144,clock-interval,0,3,timestamp-only,node-0004,node-0004,0,0,0
trace-144,clock-interval,0,3,no-ancestor-expiry,node-0004,node-0004,0,0,0
trace-144,clock-interval,0,3,no-ancestor-revocation,node-0004,node-0004,0,0,0
trace-144,clock-interval,0,3,no-alias-obligations,node-0004,node-0004,0,0,0
trace-144,clock-interval,0,3,top-one,node-0004,node-0004,0,0,0
trace-144,clock-interval,0,3,expiry-skyline,node-0004,node-0004,0,0,0
trace-144,clock-interval,0,4,direct,node-0004,node-0004,0,0,0
trace-144,clock-interval,0,4,verified,node-0004,node-0004,0,0,0
trace-144,clock-interval,0,4,full-compiled,node-0004,node-0004,0,0,0
trace-144,clock-interval,0,4,timestamp-only,node-0004,node-0004,0,0,0
trace-144,clock-interval,0,4,no-ancestor-expiry,node-0004,node-0004,0,0,0
trace-144,clock-interval,0,4,no-ancestor-revocation,node-0004,node-0004,0,0,0
trace-144,clock-interval,0,4,no-alias-obligations,node-0004,node-0004,0,0,0
trace-144,clock-interval,0,4,top-one,node-0004,node-0004,0,0,0
trace-144,clock-interval,0,4,expiry-skyline,node-0004,node-0004,0,0,0
trace-144,clock-interval,0,5,direct,node-0004,node-0004,0,0,0
trace-144,clock-interval,0,5,verified,node-0004,node-0004,0,0,0
trace-144,clock-interval,0,5,full-compiled,node-0004,node-0004,0,0,0
trace-144,clock-interval,0,5,timestamp-only,node-0004,node-0004,0,0,0
trace-144,clock-interval,0,5,no-ancestor-expiry,node-0004,node-0004,0,0,0
trace-144,clock-interval,0,5,no-ancestor-revocation,node-0004,node-0004,0,0,0
trace-144,clock-interval,0,5,no-alias-obligations,node-0004,node-0004,0,0,0
trace-144,clock-interval,0,5,top-one,node-0004,node-0004,0,0,0
trace-144,clock-interval,0,5,expiry-skyline,node-0004,node-0004,0,0,0
trace-144,clock-interval,0,6,direct,,,0,0,0
trace-144,clock-interval,0,6,verified,,,0,0,0
trace-144,clock-interval,0,6,full-compiled,,,0,0,0
trace-144,clock-interval,0,6,timestamp-only,,node-0004,1,1,1
trace-144,clock-interval,0,6,no-ancestor-expiry,,,0,0,0
trace-144,clock-interval,0,6,no-ancestor-revocation,,,0,0,0
trace-144,clock-interval,0,6,no-alias-obligations,,node-0004,1,1,1
trace-144,clock-interval,0,6,top-one,,,0,0,0
trace-144,clock-interval,0,6,expiry-skyline,,,0,0,0
trace-144,clock-interval,0,7,direct,,,0,0,0
trace-144,clock-interval,0,7,verified,,,0,0,0
trace-144,clock-interval,0,7,full-compiled,,,0,0,0
trace-144,clock-interval,0,7,timestamp-only,,,0,0,0
trace-144,clock-interval,0,7,no-ancestor-expiry,,,0,0,0
trace-144,clock-interval,0,7,no-ancestor-revocation,,,0,0,0
trace-144,clock-interval,0,7,no-alias-obligations,,,0,0,0
trace-144,clock-interval,0,7,top-one,,,0,0,0
trace-144,clock-interval,0,7,expiry-skyline,,,0,0,0
trace-144,clock-interval,0,8,direct,node-0004,node-0004,0,0,0
trace-144,clock-interval,0,8,verified,node-0004,node-0004,0,0,0
trace-144,clock-interval,0,8,full-compiled,node-0004,node-0004,0,0,0
trace-144,clock-interval,0,8,timestamp-only,node-0004,node-0004,0,0,0
trace-144,clock-interval,0,8,no-ancestor-expiry,node-0004,node-0004,0,0,0
trace-144,clock-interval,0,8,no-ancestor-revocation,node-0004,node-0004,0,0,0
trace-144,clock-interval,0,8,no-alias-obligations,node-0004,node-0004,0,0,0
trace-144,clock-interval,0,8,top-one,node-0004,node-0004,0,0,0
trace-144,clock-interval,0,8,expiry-skyline,node-0004,node-0004,0,0,0
trace-144,clock-interval,0,9,direct,node-0064,node-0064,0,0,0
trace-144,clock-interval,0,9,verified,node-0064,node-0064,0,0,0
trace-144,clock-interval,0,9,full-compiled,node-0064,node-0064,0,0,0
trace-144,clock-interval,0,9,timestamp-only,node-0064,node-0084,1,1,1
trace-144,clock-interval,0,9,no-ancestor-expiry,node-0064,node-0064,0,0,0
trace-144,clock-interval,0,9,no-ancestor-revocation,node-0064,node-0032,1,1,1
trace-144,clock-interval,0,9,no-alias-obligations,node-0064,node-0084,1,1,1
trace-144,clock-interval,0,9,top-one,node-0064,,1,1,0
trace-144,clock-interval,0,9,expiry-skyline,node-0064,,1,1,0
trace-144,clock-interval,0,10,direct,node-0004,node-0004,0,0,0
trace-144,clock-interval,0,10,verified,node-0004,node-0004,0,0,0
trace-144,clock-interval,0,10,full-compiled,node-0004,node-0004,0,0,0
trace-144,clock-interval,0,10,timestamp-only,node-0004,node-0004,0,0,0
trace-144,clock-interval,0,10,no-ancestor-expiry,node-0004,node-0004,0,0,0
trace-144,clock-interval,0,10,no-ancestor-revocation,node-0004,node-0004,0,0,0
trace-144,clock-interval,0,10,no-alias-obligations,node-0004,node-0004,0,0,0
trace-144,clock-interval,0,10,top-one,node-0004,node-0004,0,0,0
trace-144,clock-interval,0,10,expiry-skyline,node-0004,node-0004,0,0,0
trace-144,clock-interval,0,11,direct,node-0048,node-0048,0,0,0
trace-144,clock-interval,0,11,verified,node-0048,node-0048,0,0,0
trace-144,clock-interval,0,11,full-compiled,node-0048,node-0048,0,0,0
trace-144,clock-interval,0,11,timestamp-only,node-0048,node-0082,1,1,1
trace-144,clock-interval,0,11,no-ancestor-expiry,node-0048,node-0048,0,0,0
trace-144,clock-interval,0,11,no-ancestor-revocation,node-0048,node-0048,0,0,0
trace-144,clock-interval,0,11,no-alias-obligations,node-0048,node-0082,1,1,1
trace-144,clock-interval,0,11,top-one,node-0048,,1,1,0
trace-144,clock-interval,0,11,expiry-skyline,node-0048,node-0048,0,0,0
trace-144,clock-interval,1,0,direct,node-0008,node-0008,0,0,0
trace-144,clock-interval,1,0,verified,node-0008,node-0008,0,0,0
trace-144,clock-interval,1,0,full-compiled,node-0008,node-0008,0,0,0
trace-144,clock-interval,1,0,timestamp-only,node-0008,node-0008,0,0,0
trace-144,clock-interval,1,0,no-ancestor-expiry,node-0008,node-0008,0,0,0
trace-144,clock-interval,1,0,no-ancestor-revocation,node-0008,node-0008,0,0,0
trace-144,clock-interval,1,0,no-alias-obligations,node-0008,node-0008,0,0,0
trace-144,clock-interval,1,0,top-one,node-0008,node-0008,0,0,0
trace-144,clock-interval,1,0,expiry-skyline,node-0008,node-0008,0,0,0
trace-144,clock-interval,1,1,direct,node-0008,node-0008,0,0,0
trace-144,clock-interval,1,1,verified,node-0008,node-0008,0,0,0
trace-144,clock-interval,1,1,full-compiled,node-0008,node-0008,0,0,0
trace-144,clock-interval,1,1,timestamp-only,node-0008,node-0008,0,0,0
trace-144,clock-interval,1,1,no-ancestor-expiry,node-0008,node-0008,0,0,0
trace-144,clock-interval,1,1,no-ancestor-revocation,node-0008,node-0008,0,0,0
trace-144,clock-interval,1,1,no-alias-obligations,node-0008,node-0008,0,0,0
trace-144,clock-interval,1,1,top-one,node-0008,node-0008,0,0,0
trace-144,clock-interval,1,1,expiry-skyline,node-0008,node-0008,0,0,0
trace-144,clock-interval,1,2,direct,node-0095,node-0095,0,0,0
trace-144,clock-interval,1,2,verified,node-0095,node-0095,0,0,0
trace-144,clock-interval,1,2,full-compiled,node-0095,node-0095,0,0,0
trace-144,clock-interval,1,2,timestamp-only,node-0095,node-0046,1,1,1
trace-144,clock-interval,1,2,no-ancestor-expiry,node-0095,node-0095,0,0,0
trace-144,clock-interval,1,2,no-ancestor-revocation,node-0095,node-0095,0,0,0
trace-144,clock-interval,1,2,no-alias-obligations,node-0095,node-0046,1,1,1
trace-144,clock-interval,1,2,top-one,node-0095,,1,1,0
trace-144,clock-interval,1,2,expiry-skyline,node-0095,,1,1,0
trace-144,clock-interval,1,3,direct,node-0008,node-0008,0,0,0
trace-144,clock-interval,1,3,verified,node-0008,node-0008,0,0,0
trace-144,clock-interval,1,3,full-compiled,node-0008,node-0008,0,0,0
trace-144,clock-interval,1,3,timestamp-only,node-0008,node-0008,0,0,0
trace-144,clock-interval,1,3,no-ancestor-expiry,node-0008,node-0008,0,0,0
trace-144,clock-interval,1,3,no-ancestor-revocation,node-0008,node-0008,0,0,0
trace-144,clock-interval,1,3,no-alias-obligations,node-0008,node-0008,0,0,0
trace-144,clock-interval,1,3,top-one,node-0008,node-0008,0,0,0
trace-144,clock-interval,1,3,expiry-skyline,node-0008,node-0008,0,0,0
trace-144,clock-interval,1,4,direct,node-0008,node-0008,0,0,0
trace-144,clock-interval,1,4,verified,node-0008,node-0008,0,0,0
trace-144,clock-interval,1,4,full-compiled,node-0008,node-0008,0,0,0
trace-144,clock-interval,1,4,timestamp-only,node-0008,node-0008,0,0,0
trace-144,clock-interval,1,4,no-ancestor-expiry,node-0008,node-0008,0,0,0
trace-144,clock-interval,1,4,no-ancestor-revocation,node-0008,node-0008,0,0,0
trace-144,clock-interval,1,4,no-alias-obligations,node-0008,node-0008,0,0,0
trace-144,clock-interval,1,4,top-one,node-0008,node-0008,0,0,0
trace-144,clock-interval,1,4,expiry-skyline,node-0008,node-0008,0,0,0
trace-144,clock-interval,1,5,direct,node-0008,node-0008,0,0,0
trace-144,clock-interval,1,5,verified,node-0008,node-0008,0,0,0
trace-144,clock-interval,1,5,full-compiled,node-0008,node-0008,0,0,0
trace-144,clock-interval,1,5,timestamp-only,node-0008,node-0008,0,0,0
trace-144,clock-interval,1,5,no-ancestor-expiry,node-0008,node-0008,0,0,0
trace-144,clock-interval,1,5,no-ancestor-revocation,node-0008,node-0008,0,0,0
trace-144,clock-interval,1,5,no-alias-obligations,node-0008,node-0008,0,0,0
trace-144,clock-interval,1,5,top-one,node-0008,node-0008,0,0,0
trace-144,clock-interval,1,5,expiry-skyline,node-0008,node-0008,0,0,0
trace-144,clock-interval,1,6,direct,,,0,0,0
trace-144,clock-interval,1,6,verified,,,0,0,0
trace-144,clock-interval,1,6,full-compiled,,,0,0,0
trace-144,clock-interval,1,6,timestamp-only,,node-0008,1,1,1
trace-144,clock-interval,1,6,no-ancestor-expiry,,,0,0,0
trace-144,clock-interval,1,6,no-ancestor-revocation,,,0,0,0
trace-144,clock-interval,1,6,no-alias-obligations,,node-0008,1,1,1
trace-144,clock-interval,1,6,top-one,,,0,0,0
trace-144,clock-interval,1,6,expiry-skyline,,,0,0,0
trace-144,clock-interval,1,7,direct,,,0,0,0
trace-144,clock-interval,1,7,verified,,,0,0,0
trace-144,clock-interval,1,7,full-compiled,,,0,0,0
trace-144,clock-interval,1,7,timestamp-only,,,0,0,0
trace-144,clock-interval,1,7,no-ancestor-expiry,,,0,0,0
trace-144,clock-interval,1,7,no-ancestor-revocation,,,0,0,0
trace-144,clock-interval,1,7,no-alias-obligations,,,0,0,0
trace-144,clock-interval,1,7,top-one,,,0,0,0
trace-144,clock-interval,1,7,expiry-skyline,,,0,0,0
trace-144,clock-interval,1,8,direct,node-0008,node-0008,0,0,0
trace-144,clock-interval,1,8,verified,node-0008,node-0008,0,0,0
trace-144,clock-interval,1,8,full-compiled,node-0008,node-0008,0,0,0
trace-144,clock-interval,1,8,timestamp-only,node-0008,node-0008,0,0,0
trace-144,clock-interval,1,8,no-ancestor-expiry,node-0008,node-0008,0,0,0
trace-144,clock-interval,1,8,no-ancestor-revocation,node-0008,node-0008,0,0,0
trace-144,clock-interval,1,8,no-alias-obligations,node-0008,node-0008,0,0,0
trace-144,clock-interval,1,8,top-one,node-0008,node-0008,0,0,0
trace-144,clock-interval,1,8,expiry-skyline,node-0008,node-0008,0,0,0
trace-144,clock-interval,1,9,direct,node-0095,node-0095,0,0,0
trace-144,clock-interval,1,9,verified,node-0095,node-0095,0,0,0
trace-144,clock-interval,1,9,full-compiled,node-0095,node-0095,0,0,0
trace-144,clock-interval,1,9,timestamp-only,node-0095,node-0046,1,1,1
trace-144,clock-interval,1,9,no-ancestor-expiry,node-0095,node-0095,0,0,0
trace-144,clock-interval,1,9,no-ancestor-revocation,node-0095,node-0095,0,0,0
trace-144,clock-interval,1,9,no-alias-obligations,node-0095,node-0046,1,1,1
trace-144,clock-interval,1,9,top-one,node-0095,,1,1,0
trace-144,clock-interval,1,9,expiry-skyline,node-0095,,1,1,0
trace-144,clock-interval,1,10,direct,node-0008,node-0008,0,0,0
trace-144,clock-interval,1,10,verified,node-0008,node-0008,0,0,0
trace-144,clock-interval,1,10,full-compiled,node-0008,node-0008,0,0,0
trace-144,clock-interval,1,10,timestamp-only,node-0008,node-0008,0,0,0
trace-144,clock-interval,1,10,no-ancestor-expiry,node-0008,node-0008,0,0,0
trace-144,clock-interval,1,10,no-ancestor-revocation,node-0008,node-0008,0,0,0
trace-144,clock-interval,1,10,no-alias-obligations,node-0008,node-0008,0,0,0
trace-144,clock-interval,1,10,top-one,node-0008,node-0008,0,0,0
trace-144,clock-interval,1,10,expiry-skyline,node-0008,node-0008,0,0,0
trace-144,clock-interval,1,11,direct,,,0,0,0
trace-144,clock-interval,1,11,verified,,,0,0,0
trace-144,clock-interval,1,11,full-compiled,,,0,0,0
trace-144,clock-interval,1,11,timestamp-only,,node-0072,1,1,1
trace-144,clock-interval,1,11,no-ancestor-expiry,,,0,0,0
trace-144,clock-interval,1,11,no-ancestor-revocation,,,0,0,0
trace-144,clock-interval,1,11,no-alias-obligations,,node-0072,1,1,1
trace-144,clock-interval,1,11,top-one,,,0,0,0
trace-144,clock-interval,1,11,expiry-skyline,,,0,0,0
trace-145,clock-interval,0,0,direct,node-0071,node-0071,0,0,0
trace-145,clock-interval,0,0,verified,node-0071,node-0071,0,0,0
trace-145,clock-interval,0,0,full-compiled,node-0071,node-0071,0,0,0
trace-145,clock-interval,0,0,timestamp-only,node-0071,node-0071,0,0,0
trace-145,clock-interval,0,0,no-ancestor-expiry,node-0071,node-0071,0,0,0
trace-145,clock-interval,0,0,no-ancestor-revocation,node-0071,node-0071,0,0,0
trace-145,clock-interval,0,0,no-alias-obligations,node-0071,node-0071,0,0,0
trace-145,clock-interval,0,0,top-one,node-0071,node-0071,0,0,0
trace-145,clock-interval,0,0,expiry-skyline,node-0071,node-0071,0,0,0
trace-145,clock-interval,0,1,direct,node-0071,node-0071,0,0,0
trace-145,clock-interval,0,1,verified,node-0071,node-0071,0,0,0
trace-145,clock-interval,0,1,full-compiled,node-0071,node-0071,0,0,0
trace-145,clock-interval,0,1,timestamp-only,node-0071,node-0071,0,0,0
trace-145,clock-interval,0,1,no-ancestor-expiry,node-0071,node-0071,0,0,0
trace-145,clock-interval,0,1,no-ancestor-revocation,node-0071,node-0071,0,0,0
trace-145,clock-interval,0,1,no-alias-obligations,node-0071,node-0071,0,0,0
trace-145,clock-interval,0,1,top-one,node-0071,node-0071,0,0,0
trace-145,clock-interval,0,1,expiry-skyline,node-0071,node-0071,0,0,0
trace-145,clock-interval,0,2,direct,node-0064,node-0064,0,0,0
trace-145,clock-interval,0,2,verified,node-0064,node-0064,0,0,0
trace-145,clock-interval,0,2,full-compiled,node-0064,node-0064,0,0,0
trace-145,clock-interval,0,2,timestamp-only,node-0064,node-0022,1,1,1
trace-145,clock-interval,0,2,no-ancestor-expiry,node-0064,node-0064,0,0,0
trace-145,clock-interval,0,2,no-ancestor-revocation,node-0064,node-0016,1,0,1
trace-145,clock-interval,0,2,no-alias-obligations,node-0064,node-0022,1,1,1
trace-145,clock-interval,0,2,top-one,node-0064,,1,1,0
trace-145,clock-interval,0,2,expiry-skyline,node-0064,,1,1,0
trace-145,clock-interval,0,3,direct,node-0071,node-0071,0,0,0
trace-145,clock-interval,0,3,verified,node-0071,node-0071,0,0,0
trace-145,clock-interval,0,3,full-compiled,node-0071,node-0071,0,0,0
trace-145,clock-interval,0,3,timestamp-only,node-0071,node-0071,0,0,0
trace-145,clock-interval,0,3,no-ancestor-expiry,node-0071,node-0071,0,0,0
trace-145,clock-interval,0,3,no-ancestor-revocation,node-0071,node-0071,0,0,0
trace-145,clock-interval,0,3,no-alias-obligations,node-0071,node-0071,0,0,0
trace-145,clock-interval,0,3,top-one,node-0071,node-0071,0,0,0
trace-145,clock-interval,0,3,expiry-skyline,node-0071,node-0071,0,0,0
trace-145,clock-interval,0,4,direct,node-0003,node-0003,0,0,0
trace-145,clock-interval,0,4,verified,node-0003,node-0003,0,0,0
trace-145,clock-interval,0,4,full-compiled,node-0003,node-0003,0,0,0
trace-145,clock-interval,0,4,timestamp-only,node-0003,node-0003,0,0,0
trace-145,clock-interval,0,4,no-ancestor-expiry,node-0003,node-0003,0,0,0
trace-145,clock-interval,0,4,no-ancestor-revocation,node-0003,node-0003,0,0,0
trace-145,clock-interval,0,4,no-alias-obligations,node-0003,node-0003,0,0,0
trace-145,clock-interval,0,4,top-one,node-0003,,1,1,0
trace-145,clock-interval,0,4,expiry-skyline,node-0003,node-0003,0,0,0
trace-145,clock-interval,0,5,direct,node-0085,node-0085,0,0,0
trace-145,clock-interval,0,5,verified,node-0085,node-0085,0,0,0
trace-145,clock-interval,0,5,full-compiled,node-0085,node-0085,0,0,0
trace-145,clock-interval,0,5,timestamp-only,node-0085,node-0085,0,0,0
trace-145,clock-interval,0,5,no-ancestor-expiry,node-0085,node-0085,0,0,0
trace-145,clock-interval,0,5,no-ancestor-revocation,node-0085,node-0085,0,0,0
trace-145,clock-interval,0,5,no-alias-obligations,node-0085,node-0085,0,0,0
trace-145,clock-interval,0,5,top-one,node-0085,,1,1,0
trace-145,clock-interval,0,5,expiry-skyline,node-0085,node-0085,0,0,0
trace-145,clock-interval,0,6,direct,,,0,0,0
trace-145,clock-interval,0,6,verified,,,0,0,0
trace-145,clock-interval,0,6,full-compiled,,,0,0,0
trace-145,clock-interval,0,6,timestamp-only,,node-0006,1,1,1
trace-145,clock-interval,0,6,no-ancestor-expiry,,node-0084,1,1,1
trace-145,clock-interval,0,6,no-ancestor-revocation,,,0,0,0
trace-145,clock-interval,0,6,no-alias-obligations,,node-0006,1,1,1
trace-145,clock-interval,0,6,top-one,,,0,0,0
trace-145,clock-interval,0,6,expiry-skyline,,,0,0,0
trace-145,clock-interval,0,7,direct,,,0,0,0
trace-145,clock-interval,0,7,verified,,,0,0,0
trace-145,clock-interval,0,7,full-compiled,,,0,0,0
trace-145,clock-interval,0,7,timestamp-only,,,0,0,0
trace-145,clock-interval,0,7,no-ancestor-expiry,,,0,0,0
trace-145,clock-interval,0,7,no-ancestor-revocation,,,0,0,0
trace-145,clock-interval,0,7,no-alias-obligations,,,0,0,0
trace-145,clock-interval,0,7,top-one,,,0,0,0
trace-145,clock-interval,0,7,expiry-skyline,,,0,0,0
trace-145,clock-interval,0,8,direct,node-0071,node-0071,0,0,0
trace-145,clock-interval,0,8,verified,node-0071,node-0071,0,0,0
trace-145,clock-interval,0,8,full-compiled,node-0071,node-0071,0,0,0
trace-145,clock-interval,0,8,timestamp-only,node-0071,node-0071,0,0,0
trace-145,clock-interval,0,8,no-ancestor-expiry,node-0071,node-0071,0,0,0
trace-145,clock-interval,0,8,no-ancestor-revocation,node-0071,node-0071,0,0,0
trace-145,clock-interval,0,8,no-alias-obligations,node-0071,node-0071,0,0,0
trace-145,clock-interval,0,8,top-one,node-0071,node-0071,0,0,0
trace-145,clock-interval,0,8,expiry-skyline,node-0071,node-0071,0,0,0
trace-145,clock-interval,0,9,direct,node-0071,node-0071,0,0,0
trace-145,clock-interval,0,9,verified,node-0071,node-0071,0,0,0
trace-145,clock-interval,0,9,full-compiled,node-0071,node-0071,0,0,0
trace-145,clock-interval,0,9,timestamp-only,node-0071,node-0071,0,0,0
trace-145,clock-interval,0,9,no-ancestor-expiry,node-0071,node-0071,0,0,0
trace-145,clock-interval,0,9,no-ancestor-revocation,node-0071,node-0071,0,0,0
trace-145,clock-interval,0,9,no-alias-obligations,node-0071,node-0071,0,0,0
trace-145,clock-interval,0,9,top-one,node-0071,node-0071,0,0,0
trace-145,clock-interval,0,9,expiry-skyline,node-0071,node-0071,0,0,0
trace-145,clock-interval,0,10,direct,node-0003,node-0003,0,0,0
trace-145,clock-interval,0,10,verified,node-0003,node-0003,0,0,0
trace-145,clock-interval,0,10,full-compiled,node-0003,node-0003,0,0,0
trace-145,clock-interval,0,10,timestamp-only,node-0003,node-0003,0,0,0
trace-145,clock-interval,0,10,no-ancestor-expiry,node-0003,node-0003,0,0,0
trace-145,clock-interval,0,10,no-ancestor-revocation,node-0003,node-0003,0,0,0
trace-145,clock-interval,0,10,no-alias-obligations,node-0003,node-0003,0,0,0
trace-145,clock-interval,0,10,top-one,node-0003,,1,1,0
trace-145,clock-interval,0,10,expiry-skyline,node-0003,node-0003,0,0,0
trace-145,clock-interval,0,11,direct,node-0085,node-0085,0,0,0
trace-145,clock-interval,0,11,verified,node-0085,node-0085,0,0,0
trace-145,clock-interval,0,11,full-compiled,node-0085,node-0085,0,0,0
trace-145,clock-interval,0,11,timestamp-only,node-0085,node-0085,0,0,0
trace-145,clock-interval,0,11,no-ancestor-expiry,node-0085,node-0085,0,0,0
trace-145,clock-interval,0,11,no-ancestor-revocation,node-0085,node-0085,0,0,0
trace-145,clock-interval,0,11,no-alias-obligations,node-0085,node-0085,0,0,0
trace-145,clock-interval,0,11,top-one,node-0085,,1,1,0
trace-145,clock-interval,0,11,expiry-skyline,node-0085,node-0085,0,0,0
trace-145,clock-interval,1,0,direct,node-0027,node-0027,0,0,0
trace-145,clock-interval,1,0,verified,node-0027,node-0027,0,0,0
trace-145,clock-interval,1,0,full-compiled,node-0027,node-0027,0,0,0
trace-145,clock-interval,1,0,timestamp-only,node-0027,node-0027,0,0,0
trace-145,clock-interval,1,0,no-ancestor-expiry,node-0027,node-0027,0,0,0
trace-145,clock-interval,1,0,no-ancestor-revocation,node-0027,node-0027,0,0,0
trace-145,clock-interval,1,0,no-alias-obligations,node-0027,node-0027,0,0,0
trace-145,clock-interval,1,0,top-one,node-0027,node-0027,0,0,0
trace-145,clock-interval,1,0,expiry-skyline,node-0027,node-0027,0,0,0
trace-145,clock-interval,1,1,direct,node-0027,node-0027,0,0,0
trace-145,clock-interval,1,1,verified,node-0027,node-0027,0,0,0
trace-145,clock-interval,1,1,full-compiled,node-0027,node-0027,0,0,0
trace-145,clock-interval,1,1,timestamp-only,node-0027,node-0027,0,0,0
trace-145,clock-interval,1,1,no-ancestor-expiry,node-0027,node-0027,0,0,0
trace-145,clock-interval,1,1,no-ancestor-revocation,node-0027,node-0027,0,0,0
trace-145,clock-interval,1,1,no-alias-obligations,node-0027,node-0027,0,0,0
trace-145,clock-interval,1,1,top-one,node-0027,node-0027,0,0,0
trace-145,clock-interval,1,1,expiry-skyline,node-0027,node-0027,0,0,0
trace-145,clock-interval,1,2,direct,node-0063,node-0063,0,0,0
trace-145,clock-interval,1,2,verified,node-0063,node-0063,0,0,0
trace-145,clock-interval,1,2,full-compiled,node-0063,node-0063,0,0,0
trace-145,clock-interval,1,2,timestamp-only,node-0063,node-0042,1,1,1
trace-145,clock-interval,1,2,no-ancestor-expiry,node-0063,node-0063,0,0,0
trace-145,clock-interval,1,2,no-ancestor-revocation,node-0063,node-0063,0,0,0
trace-145,clock-interval,1,2,no-alias-obligations,node-0063,node-0042,1,1,1
trace-145,clock-interval,1,2,top-one,node-0063,,1,1,0
trace-145,clock-interval,1,2,expiry-skyline,node-0063,,1,1,0
trace-145,clock-interval,1,3,direct,node-0027,node-0027,0,0,0
trace-145,clock-interval,1,3,verified,node-0027,node-0027,0,0,0
trace-145,clock-interval,1,3,full-compiled,node-0027,node-0027,0,0,0
trace-145,clock-interval,1,3,timestamp-only,node-0027,node-0027,0,0,0
trace-145,clock-interval,1,3,no-ancestor-expiry,node-0027,node-0027,0,0,0
trace-145,clock-interval,1,3,no-ancestor-revocation,node-0027,node-0027,0,0,0
trace-145,clock-interval,1,3,no-alias-obligations,node-0027,node-0027,0,0,0
trace-145,clock-interval,1,3,top-one,node-0027,node-0027,0,0,0
trace-145,clock-interval,1,3,expiry-skyline,node-0027,node-0027,0,0,0
trace-145,clock-interval,1,4,direct,node-0027,node-0027,0,0,0
trace-145,clock-interval,1,4,verified,node-0027,node-0027,0,0,0
trace-145,clock-interval,1,4,full-compiled,node-0027,node-0027,0,0,0
trace-145,clock-interval,1,4,timestamp-only,node-0027,node-0027,0,0,0
trace-145,clock-interval,1,4,no-ancestor-expiry,node-0027,node-0027,0,0,0
trace-145,clock-interval,1,4,no-ancestor-revocation,node-0027,node-0027,0,0,0
trace-145,clock-interval,1,4,no-alias-obligations,node-0027,node-0027,0,0,0
trace-145,clock-interval,1,4,top-one,node-0027,node-0027,0,0,0
trace-145,clock-interval,1,4,expiry-skyline,node-0027,node-0027,0,0,0
trace-145,clock-interval,1,5,direct,node-0095,node-0095,0,0,0
trace-145,clock-interval,1,5,verified,node-0095,node-0095,0,0,0
trace-145,clock-interval,1,5,full-compiled,node-0095,node-0095,0,0,0
trace-145,clock-interval,1,5,timestamp-only,node-0095,node-0095,0,0,0
trace-145,clock-interval,1,5,no-ancestor-expiry,node-0095,node-0095,0,0,0
trace-145,clock-interval,1,5,no-ancestor-revocation,node-0095,node-0095,0,0,0
trace-145,clock-interval,1,5,no-alias-obligations,node-0095,node-0095,0,0,0
trace-145,clock-interval,1,5,top-one,node-0095,,1,1,0
trace-145,clock-interval,1,5,expiry-skyline,node-0095,node-0095,0,0,0
trace-145,clock-interval,1,6,direct,node-0095,node-0095,0,0,0
trace-145,clock-interval,1,6,verified,node-0095,node-0095,0,0,0
trace-145,clock-interval,1,6,full-compiled,node-0095,node-0095,0,0,0
trace-145,clock-interval,1,6,timestamp-only,node-0095,node-0095,0,0,0
trace-145,clock-interval,1,6,no-ancestor-expiry,node-0095,node-0095,0,0,0
trace-145,clock-interval,1,6,no-ancestor-revocation,node-0095,node-0095,0,0,0
trace-145,clock-interval,1,6,no-alias-obligations,node-0095,node-0095,0,0,0
trace-145,clock-interval,1,6,top-one,node-0095,,1,1,0
trace-145,clock-interval,1,6,expiry-skyline,node-0095,node-0095,0,0,0
trace-145,clock-interval,1,7,direct,,,0,0,0
trace-145,clock-interval,1,7,verified,,,0,0,0
trace-145,clock-interval,1,7,full-compiled,,,0,0,0
trace-145,clock-interval,1,7,timestamp-only,,,0,0,0
trace-145,clock-interval,1,7,no-ancestor-expiry,,,0,0,0
trace-145,clock-interval,1,7,no-ancestor-revocation,,,0,0,0
trace-145,clock-interval,1,7,no-alias-obligations,,,0,0,0
trace-145,clock-interval,1,7,top-one,,,0,0,0
trace-145,clock-interval,1,7,expiry-skyline,,,0,0,0
trace-145,clock-interval,1,8,direct,node-0027,node-0027,0,0,0
trace-145,clock-interval,1,8,verified,node-0027,node-0027,0,0,0
trace-145,clock-interval,1,8,full-compiled,node-0027,node-0027,0,0,0
trace-145,clock-interval,1,8,timestamp-only,node-0027,node-0027,0,0,0
trace-145,clock-interval,1,8,no-ancestor-expiry,node-0027,node-0027,0,0,0
trace-145,clock-interval,1,8,no-ancestor-revocation,node-0027,node-0027,0,0,0
trace-145,clock-interval,1,8,no-alias-obligations,node-0027,node-0027,0,0,0
trace-145,clock-interval,1,8,top-one,node-0027,node-0027,0,0,0
trace-145,clock-interval,1,8,expiry-skyline,node-0027,node-0027,0,0,0
trace-145,clock-interval,1,9,direct,node-0027,node-0027,0,0,0
trace-145,clock-interval,1,9,verified,node-0027,node-0027,0,0,0
trace-145,clock-interval,1,9,full-compiled,node-0027,node-0027,0,0,0
trace-145,clock-interval,1,9,timestamp-only,node-0027,node-0027,0,0,0
trace-145,clock-interval,1,9,no-ancestor-expiry,node-0027,node-0027,0,0,0
trace-145,clock-interval,1,9,no-ancestor-revocation,node-0027,node-0027,0,0,0
trace-145,clock-interval,1,9,no-alias-obligations,node-0027,node-0027,0,0,0
trace-145,clock-interval,1,9,top-one,node-0027,node-0027,0,0,0
trace-145,clock-interval,1,9,expiry-skyline,node-0027,node-0027,0,0,0
trace-145,clock-interval,1,10,direct,node-0027,node-0027,0,0,0
trace-145,clock-interval,1,10,verified,node-0027,node-0027,0,0,0
trace-145,clock-interval,1,10,full-compiled,node-0027,node-0027,0,0,0
trace-145,clock-interval,1,10,timestamp-only,node-0027,node-0027,0,0,0
trace-145,clock-interval,1,10,no-ancestor-expiry,node-0027,node-0027,0,0,0
trace-145,clock-interval,1,10,no-ancestor-revocation,node-0027,node-0027,0,0,0
trace-145,clock-interval,1,10,no-alias-obligations,node-0027,node-0027,0,0,0
trace-145,clock-interval,1,10,top-one,node-0027,node-0027,0,0,0
trace-145,clock-interval,1,10,expiry-skyline,node-0027,node-0027,0,0,0
trace-145,clock-interval,1,11,direct,node-0095,node-0095,0,0,0
trace-145,clock-interval,1,11,verified,node-0095,node-0095,0,0,0
trace-145,clock-interval,1,11,full-compiled,node-0095,node-0095,0,0,0
trace-145,clock-interval,1,11,timestamp-only,node-0095,node-0095,0,0,0
trace-145,clock-interval,1,11,no-ancestor-expiry,node-0095,node-0095,0,0,0
trace-145,clock-interval,1,11,no-ancestor-revocation,node-0095,node-0095,0,0,0
trace-145,clock-interval,1,11,no-alias-obligations,node-0095,node-0095,0,0,0
trace-145,clock-interval,1,11,top-one,node-0095,,1,1,0
trace-145,clock-interval,1,11,expiry-skyline,node-0095,node-0095,0,0,0
trace-146,clock-interval,0,0,direct,node-0069,node-0069,0,0,0
trace-146,clock-interval,0,0,verified,node-0069,node-0069,0,0,0
trace-146,clock-interval,0,0,full-compiled,node-0069,node-0069,0,0,0
trace-146,clock-interval,0,0,timestamp-only,node-0069,node-0069,0,0,0
trace-146,clock-interval,0,0,no-ancestor-expiry,node-0069,node-0069,0,0,0
trace-146,clock-interval,0,0,no-ancestor-revocation,node-0069,node-0069,0,0,0
trace-146,clock-interval,0,0,no-alias-obligations,node-0069,node-0069,0,0,0
trace-146,clock-interval,0,0,top-one,node-0069,node-0069,0,0,0
trace-146,clock-interval,0,0,expiry-skyline,node-0069,node-0069,0,0,0
trace-146,clock-interval,0,1,direct,node-0086,node-0086,0,0,0
trace-146,clock-interval,0,1,verified,node-0086,node-0086,0,0,0
trace-146,clock-interval,0,1,full-compiled,node-0086,node-0086,0,0,0
trace-146,clock-interval,0,1,timestamp-only,node-0086,node-0069,1,1,1
trace-146,clock-interval,0,1,no-ancestor-expiry,node-0086,node-0086,0,0,0
trace-146,clock-interval,0,1,no-ancestor-revocation,node-0086,node-0069,1,1,1
trace-146,clock-interval,0,1,no-alias-obligations,node-0086,node-0086,0,0,0
trace-146,clock-interval,0,1,top-one,node-0086,,1,1,0
trace-146,clock-interval,0,1,expiry-skyline,node-0086,node-0068,1,1,0
trace-146,clock-interval,0,2,direct,node-0032,node-0032,0,0,0
trace-146,clock-interval,0,2,verified,node-0032,node-0032,0,0,0
trace-146,clock-interval,0,2,full-compiled,node-0032,node-0032,0,0,0
trace-146,clock-interval,0,2,timestamp-only,node-0032,node-0035,1,1,1
trace-146,clock-interval,0,2,no-ancestor-expiry,node-0032,node-0032,0,0,0
trace-146,clock-interval,0,2,no-ancestor-revocation,node-0032,node-0032,0,0,0
trace-146,clock-interval,0,2,no-alias-obligations,node-0032,node-0035,1,1,1
trace-146,clock-interval,0,2,top-one,node-0032,,1,1,0
trace-146,clock-interval,0,2,expiry-skyline,node-0032,,1,1,0
trace-146,clock-interval,0,3,direct,node-0086,node-0086,0,0,0
trace-146,clock-interval,0,3,verified,node-0086,node-0086,0,0,0
trace-146,clock-interval,0,3,full-compiled,node-0086,node-0086,0,0,0
trace-146,clock-interval,0,3,timestamp-only,node-0086,node-0069,1,1,1
trace-146,clock-interval,0,3,no-ancestor-expiry,node-0086,node-0086,0,0,0
trace-146,clock-interval,0,3,no-ancestor-revocation,node-0086,node-0069,1,1,1
trace-146,clock-interval,0,3,no-alias-obligations,node-0086,node-0086,0,0,0
trace-146,clock-interval,0,3,top-one,node-0086,,1,1,0
trace-146,clock-interval,0,3,expiry-skyline,node-0086,node-0068,1,1,0
trace-146,clock-interval,0,4,direct,node-0069,node-0069,0,0,0
trace-146,clock-interval,0,4,verified,node-0069,node-0069,0,0,0
trace-146,clock-interval,0,4,full-compiled,node-0069,node-0069,0,0,0
trace-146,clock-interval,0,4,timestamp-only,node-0069,node-0069,0,0,0
trace-146,clock-interval,0,4,no-ancestor-expiry,node-0069,node-0069,0,0,0
trace-146,clock-interval,0,4,no-ancestor-revocation,node-0069,node-0069,0,0,0
trace-146,clock-interval,0,4,no-alias-obligations,node-0069,node-0069,0,0,0
trace-146,clock-interval,0,4,top-one,node-0069,node-0069,0,0,0
trace-146,clock-interval,0,4,expiry-skyline,node-0069,node-0069,0,0,0
trace-146,clock-interval,0,5,direct,node-0068,node-0068,0,0,0
trace-146,clock-interval,0,5,verified,node-0068,node-0068,0,0,0
trace-146,clock-interval,0,5,full-compiled,node-0068,node-0068,0,0,0
trace-146,clock-interval,0,5,timestamp-only,node-0068,node-0069,1,1,1
trace-146,clock-interval,0,5,no-ancestor-expiry,node-0068,node-0069,1,1,1
trace-146,clock-interval,0,5,no-ancestor-revocation,node-0068,node-0068,0,0,0
trace-146,clock-interval,0,5,no-alias-obligations,node-0068,node-0068,0,0,0
trace-146,clock-interval,0,5,top-one,node-0068,,1,1,0
trace-146,clock-interval,0,5,expiry-skyline,node-0068,node-0068,0,0,0
trace-146,clock-interval,0,6,direct,node-0049,node-0049,0,0,0
trace-146,clock-interval,0,6,verified,node-0049,node-0049,0,0,0
trace-146,clock-interval,0,6,full-compiled,node-0049,node-0049,0,0,0
trace-146,clock-interval,0,6,timestamp-only,node-0049,node-0035,1,1,1
trace-146,clock-interval,0,6,no-ancestor-expiry,node-0049,node-0049,0,0,0
trace-146,clock-interval,0,6,no-ancestor-revocation,node-0049,node-0049,0,0,0
trace-146,clock-interval,0,6,no-alias-obligations,node-0049,node-0035,1,1,1
trace-146,clock-interval,0,6,top-one,node-0049,,1,1,0
trace-146,clock-interval,0,6,expiry-skyline,node-0049,node-0049,0,0,0
trace-146,clock-interval,0,7,direct,,,0,0,0
trace-146,clock-interval,0,7,verified,,,0,0,0
trace-146,clock-interval,0,7,full-compiled,,,0,0,0
trace-146,clock-interval,0,7,timestamp-only,,,0,0,0
trace-146,clock-interval,0,7,no-ancestor-expiry,,,0,0,0
trace-146,clock-interval,0,7,no-ancestor-revocation,,,0,0,0
trace-146,clock-interval,0,7,no-alias-obligations,,,0,0,0
trace-146,clock-interval,0,7,top-one,,,0,0,0
trace-146,clock-interval,0,7,expiry-skyline,,,0,0,0
trace-146,clock-interval,0,8,direct,node-0086,node-0086,0,0,0
trace-146,clock-interval,0,8,verified,node-0086,node-0086,0,0,0
trace-146,clock-interval,0,8,full-compiled,node-0086,node-0086,0,0,0
trace-146,clock-interval,0,8,timestamp-only,node-0086,node-0069,1,1,1
trace-146,clock-interval,0,8,no-ancestor-expiry,node-0086,node-0086,0,0,0
trace-146,clock-interval,0,8,no-ancestor-revocation,node-0086,node-0069,1,1,1
trace-146,clock-interval,0,8,no-alias-obligations,node-0086,node-0086,0,0,0
trace-146,clock-interval,0,8,top-one,node-0086,,1,1,0
trace-146,clock-interval,0,8,expiry-skyline,node-0086,node-0068,1,1,0
trace-146,clock-interval,0,9,direct,node-0032,node-0032,0,0,0
trace-146,clock-interval,0,9,verified,node-0032,node-0032,0,0,0
trace-146,clock-interval,0,9,full-compiled,node-0032,node-0032,0,0,0
trace-146,clock-interval,0,9,timestamp-only,node-0032,node-0035,1,1,1
trace-146,clock-interval,0,9,no-ancestor-expiry,node-0032,node-0032,0,0,0
trace-146,clock-interval,0,9,no-ancestor-revocation,node-0032,node-0032,0,0,0
trace-146,clock-interval,0,9,no-alias-obligations,node-0032,node-0035,1,1,1
trace-146,clock-interval,0,9,top-one,node-0032,,1,1,0
trace-146,clock-interval,0,9,expiry-skyline,node-0032,,1,1,0
trace-146,clock-interval,0,10,direct,node-0068,node-0068,0,0,0
trace-146,clock-interval,0,10,verified,node-0068,node-0068,0,0,0
trace-146,clock-interval,0,10,full-compiled,node-0068,node-0068,0,0,0
trace-146,clock-interval,0,10,timestamp-only,node-0068,node-0069,1,1,1
trace-146,clock-interval,0,10,no-ancestor-expiry,node-0068,node-0068,0,0,0
trace-146,clock-interval,0,10,no-ancestor-revocation,node-0068,node-0069,1,1,1
trace-146,clock-interval,0,10,no-alias-obligations,node-0068,node-0068,0,0,0
trace-146,clock-interval,0,10,top-one,node-0068,,1,1,0
trace-146,clock-interval,0,10,expiry-skyline,node-0068,node-0068,0,0,0
trace-146,clock-interval,0,11,direct,,,0,0,0
trace-146,clock-interval,0,11,verified,,,0,0,0
trace-146,clock-interval,0,11,full-compiled,,,0,0,0
trace-146,clock-interval,0,11,timestamp-only,,node-0036,1,1,1
trace-146,clock-interval,0,11,no-ancestor-expiry,,,0,0,0
trace-146,clock-interval,0,11,no-ancestor-revocation,,,0,0,0
trace-146,clock-interval,0,11,no-alias-obligations,,node-0036,1,1,1
trace-146,clock-interval,0,11,top-one,,,0,0,0
trace-146,clock-interval,0,11,expiry-skyline,,,0,0,0
trace-146,clock-interval,1,0,direct,node-0014,node-0014,0,0,0
trace-146,clock-interval,1,0,verified,node-0014,node-0014,0,0,0
trace-146,clock-interval,1,0,full-compiled,node-0014,node-0014,0,0,0
trace-146,clock-interval,1,0,timestamp-only,node-0014,node-0014,0,0,0
trace-146,clock-interval,1,0,no-ancestor-expiry,node-0014,node-0014,0,0,0
trace-146,clock-interval,1,0,no-ancestor-revocation,node-0014,node-0014,0,0,0
trace-146,clock-interval,1,0,no-alias-obligations,node-0014,node-0014,0,0,0
trace-146,clock-interval,1,0,top-one,node-0014,node-0014,0,0,0
trace-146,clock-interval,1,0,expiry-skyline,node-0014,node-0014,0,0,0
trace-146,clock-interval,1,1,direct,node-0014,node-0014,0,0,0
trace-146,clock-interval,1,1,verified,node-0014,node-0014,0,0,0
trace-146,clock-interval,1,1,full-compiled,node-0014,node-0014,0,0,0
trace-146,clock-interval,1,1,timestamp-only,node-0014,node-0014,0,0,0
trace-146,clock-interval,1,1,no-ancestor-expiry,node-0014,node-0014,0,0,0
trace-146,clock-interval,1,1,no-ancestor-revocation,node-0014,node-0014,0,0,0
trace-146,clock-interval,1,1,no-alias-obligations,node-0014,node-0014,0,0,0
trace-146,clock-interval,1,1,top-one,node-0014,node-0014,0,0,0
trace-146,clock-interval,1,1,expiry-skyline,node-0014,node-0014,0,0,0
trace-146,clock-interval,1,2,direct,node-0095,node-0095,0,0,0
trace-146,clock-interval,1,2,verified,node-0095,node-0095,0,0,0
trace-146,clock-interval,1,2,full-compiled,node-0095,node-0095,0,0,0
trace-146,clock-interval,1,2,timestamp-only,node-0095,node-0040,1,0,1
trace-146,clock-interval,1,2,no-ancestor-expiry,node-0095,node-0095,0,0,0
trace-146,clock-interval,1,2,no-ancestor-revocation,node-0095,node-0095,0,0,0
trace-146,clock-interval,1,2,no-alias-obligations,node-0095,node-0040,1,0,1
trace-146,clock-interval,1,2,top-one,node-0095,,1,1,0
trace-146,clock-interval,1,2,expiry-skyline,node-0095,node-0095,0,0,0
trace-146,clock-interval,1,3,direct,node-0014,node-0014,0,0,0
trace-146,clock-interval,1,3,verified,node-0014,node-0014,0,0,0
trace-146,clock-interval,1,3,full-compiled,node-0014,node-0014,0,0,0
trace-146,clock-interval,1,3,timestamp-only,node-0014,node-0014,0,0,0
trace-146,clock-interval,1,3,no-ancestor-expiry,node-0014,node-0014,0,0,0
trace-146,clock-interval,1,3,no-ancestor-revocation,node-0014,node-0014,0,0,0
trace-146,clock-interval,1,3,no-alias-obligations,node-0014,node-0014,0,0,0
trace-146,clock-interval,1,3,top-one,node-0014,node-0014,0,0,0
trace-146,clock-interval,1,3,expiry-skyline,node-0014,node-0014,0,0,0
trace-146,clock-interval,1,4,direct,node-0014,node-0014,0,0,0
trace-146,clock-interval,1,4,verified,node-0014,node-0014,0,0,0
trace-146,clock-interval,1,4,full-compiled,node-0014,node-0014,0,0,0
trace-146,clock-interval,1,4,timestamp-only,node-0014,node-0014,0,0,0
trace-146,clock-interval,1,4,no-ancestor-expiry,node-0014,node-0014,0,0,0
trace-146,clock-interval,1,4,no-ancestor-revocation,node-0014,node-0014,0,0,0
trace-146,clock-interval,1,4,no-alias-obligations,node-0014,node-0014,0,0,0
trace-146,clock-interval,1,4,top-one,node-0014,node-0014,0,0,0
trace-146,clock-interval,1,4,expiry-skyline,node-0014,node-0014,0,0,0
trace-146,clock-interval,1,5,direct,node-0010,node-0010,0,0,0
trace-146,clock-interval,1,5,verified,node-0010,node-0010,0,0,0
trace-146,clock-interval,1,5,full-compiled,node-0010,node-0010,0,0,0
trace-146,clock-interval,1,5,timestamp-only,node-0010,node-0063,1,1,1
trace-146,clock-interval,1,5,no-ancestor-expiry,node-0010,node-0063,1,1,1
trace-146,clock-interval,1,5,no-ancestor-revocation,node-0010,node-0010,0,0,0
trace-146,clock-interval,1,5,no-alias-obligations,node-0010,node-0010,0,0,0
trace-146,clock-interval,1,5,top-one,node-0010,,1,1,0
trace-146,clock-interval,1,5,expiry-skyline,node-0010,node-0010,0,0,0
trace-146,clock-interval,1,6,direct,,,0,0,0
trace-146,clock-interval,1,6,verified,,,0,0,0
trace-146,clock-interval,1,6,full-compiled,,,0,0,0
trace-146,clock-interval,1,6,timestamp-only,,node-0062,1,1,1
trace-146,clock-interval,1,6,no-ancestor-expiry,,,0,0,0
trace-146,clock-interval,1,6,no-ancestor-revocation,,,0,0,0
trace-146,clock-interval,1,6,no-alias-obligations,,node-0011,1,1,1
trace-146,clock-interval,1,6,top-one,,,0,0,0
trace-146,clock-interval,1,6,expiry-skyline,,,0,0,0
trace-146,clock-interval,1,7,direct,,,0,0,0
trace-146,clock-interval,1,7,verified,,,0,0,0
trace-146,clock-interval,1,7,full-compiled,,,0,0,0
trace-146,clock-interval,1,7,timestamp-only,,,0,0,0
trace-146,clock-interval,1,7,no-ancestor-expiry,,,0,0,0
trace-146,clock-interval,1,7,no-ancestor-revocation,,,0,0,0
trace-146,clock-interval,1,7,no-alias-obligations,,,0,0,0
trace-146,clock-interval,1,7,top-one,,,0,0,0
trace-146,clock-interval,1,7,expiry-skyline,,,0,0,0
trace-146,clock-interval,1,8,direct,node-0014,node-0014,0,0,0
trace-146,clock-interval,1,8,verified,node-0014,node-0014,0,0,0
trace-146,clock-interval,1,8,full-compiled,node-0014,node-0014,0,0,0
trace-146,clock-interval,1,8,timestamp-only,node-0014,node-0014,0,0,0
trace-146,clock-interval,1,8,no-ancestor-expiry,node-0014,node-0014,0,0,0
trace-146,clock-interval,1,8,no-ancestor-revocation,node-0014,node-0014,0,0,0
trace-146,clock-interval,1,8,no-alias-obligations,node-0014,node-0014,0,0,0
trace-146,clock-interval,1,8,top-one,node-0014,node-0014,0,0,0
trace-146,clock-interval,1,8,expiry-skyline,node-0014,node-0014,0,0,0
trace-146,clock-interval,1,9,direct,node-0095,node-0095,0,0,0
trace-146,clock-interval,1,9,verified,node-0095,node-0095,0,0,0
trace-146,clock-interval,1,9,full-compiled,node-0095,node-0095,0,0,0
trace-146,clock-interval,1,9,timestamp-only,node-0095,node-0040,1,0,1
trace-146,clock-interval,1,9,no-ancestor-expiry,node-0095,node-0095,0,0,0
trace-146,clock-interval,1,9,no-ancestor-revocation,node-0095,node-0095,0,0,0
trace-146,clock-interval,1,9,no-alias-obligations,node-0095,node-0040,1,0,1
trace-146,clock-interval,1,9,top-one,node-0095,,1,1,0
trace-146,clock-interval,1,9,expiry-skyline,node-0095,node-0095,0,0,0
trace-146,clock-interval,1,10,direct,node-0010,node-0010,0,0,0
trace-146,clock-interval,1,10,verified,node-0010,node-0010,0,0,0
trace-146,clock-interval,1,10,full-compiled,node-0010,node-0010,0,0,0
trace-146,clock-interval,1,10,timestamp-only,node-0010,node-0063,1,1,1
trace-146,clock-interval,1,10,no-ancestor-expiry,node-0010,node-0063,1,1,1
trace-146,clock-interval,1,10,no-ancestor-revocation,node-0010,node-0010,0,0,0
trace-146,clock-interval,1,10,no-alias-obligations,node-0010,node-0010,0,0,0
trace-146,clock-interval,1,10,top-one,node-0010,,1,1,0
trace-146,clock-interval,1,10,expiry-skyline,node-0010,node-0010,0,0,0
trace-146,clock-interval,1,11,direct,,,0,0,0
trace-146,clock-interval,1,11,verified,,,0,0,0
trace-146,clock-interval,1,11,full-compiled,,,0,0,0
trace-146,clock-interval,1,11,timestamp-only,,node-0030,1,1,1
trace-146,clock-interval,1,11,no-ancestor-expiry,,,0,0,0
trace-146,clock-interval,1,11,no-ancestor-revocation,,,0,0,0
trace-146,clock-interval,1,11,no-alias-obligations,,node-0078,1,1,1
trace-146,clock-interval,1,11,top-one,,,0,0,0
trace-146,clock-interval,1,11,expiry-skyline,,,0,0,0
trace-147,clock-interval,0,0,direct,node-0048,node-0048,0,0,0
trace-147,clock-interval,0,0,verified,node-0048,node-0048,0,0,0
trace-147,clock-interval,0,0,full-compiled,node-0048,node-0048,0,0,0
trace-147,clock-interval,0,0,timestamp-only,node-0048,node-0048,0,0,0
trace-147,clock-interval,0,0,no-ancestor-expiry,node-0048,node-0048,0,0,0
trace-147,clock-interval,0,0,no-ancestor-revocation,node-0048,node-0048,0,0,0
trace-147,clock-interval,0,0,no-alias-obligations,node-0048,node-0048,0,0,0
trace-147,clock-interval,0,0,top-one,node-0048,node-0048,0,0,0
trace-147,clock-interval,0,0,expiry-skyline,node-0048,node-0048,0,0,0
trace-147,clock-interval,0,1,direct,node-0048,node-0048,0,0,0
trace-147,clock-interval,0,1,verified,node-0048,node-0048,0,0,0
trace-147,clock-interval,0,1,full-compiled,node-0048,node-0048,0,0,0
trace-147,clock-interval,0,1,timestamp-only,node-0048,node-0048,0,0,0
trace-147,clock-interval,0,1,no-ancestor-expiry,node-0048,node-0048,0,0,0
trace-147,clock-interval,0,1,no-ancestor-revocation,node-0048,node-0048,0,0,0
trace-147,clock-interval,0,1,no-alias-obligations,node-0048,node-0048,0,0,0
trace-147,clock-interval,0,1,top-one,node-0048,node-0048,0,0,0
trace-147,clock-interval,0,1,expiry-skyline,node-0048,node-0048,0,0,0
trace-147,clock-interval,0,2,direct,node-0080,node-0080,0,0,0
trace-147,clock-interval,0,2,verified,node-0080,node-0080,0,0,0
trace-147,clock-interval,0,2,full-compiled,node-0080,node-0080,0,0,0
trace-147,clock-interval,0,2,timestamp-only,node-0080,node-0067,1,1,1
trace-147,clock-interval,0,2,no-ancestor-expiry,node-0080,node-0080,0,0,0
trace-147,clock-interval,0,2,no-ancestor-revocation,node-0080,node-0016,1,1,1
trace-147,clock-interval,0,2,no-alias-obligations,node-0080,node-0067,1,1,1
trace-147,clock-interval,0,2,top-one,node-0080,,1,1,0
trace-147,clock-interval,0,2,expiry-skyline,node-0080,,1,1,0
trace-147,clock-interval,0,3,direct,node-0048,node-0048,0,0,0
trace-147,clock-interval,0,3,verified,node-0048,node-0048,0,0,0
trace-147,clock-interval,0,3,full-compiled,node-0048,node-0048,0,0,0
trace-147,clock-interval,0,3,timestamp-only,node-0048,node-0048,0,0,0
trace-147,clock-interval,0,3,no-ancestor-expiry,node-0048,node-0048,0,0,0
trace-147,clock-interval,0,3,no-ancestor-revocation,node-0048,node-0048,0,0,0
trace-147,clock-interval,0,3,no-alias-obligations,node-0048,node-0048,0,0,0
trace-147,clock-interval,0,3,top-one,node-0048,node-0048,0,0,0
trace-147,clock-interval,0,3,expiry-skyline,node-0048,node-0048,0,0,0
trace-147,clock-interval,0,4,direct,node-0051,node-0051,0,0,0
trace-147,clock-interval,0,4,verified,node-0051,node-0051,0,0,0
trace-147,clock-interval,0,4,full-compiled,node-0051,node-0051,0,0,0
trace-147,clock-interval,0,4,timestamp-only,node-0051,node-0051,0,0,0
trace-147,clock-interval,0,4,no-ancestor-expiry,node-0051,node-0051,0,0,0
trace-147,clock-interval,0,4,no-ancestor-revocation,node-0051,node-0051,0,0,0
trace-147,clock-interval,0,4,no-alias-obligations,node-0051,node-0051,0,0,0
trace-147,clock-interval,0,4,top-one,node-0051,,1,1,0
trace-147,clock-interval,0,4,expiry-skyline,node-0051,node-0051,0,0,0
trace-147,clock-interval,0,5,direct,node-0051,node-0051,0,0,0
trace-147,clock-interval,0,5,verified,node-0051,node-0051,0,0,0
trace-147,clock-interval,0,5,full-compiled,node-0051,node-0051,0,0,0
trace-147,clock-interval,0,5,timestamp-only,node-0051,node-0051,0,0,0
trace-147,clock-interval,0,5,no-ancestor-expiry,node-0051,node-0051,0,0,0
trace-147,clock-interval,0,5,no-ancestor-revocation,node-0051,node-0051,0,0,0
trace-147,clock-interval,0,5,no-alias-obligations,node-0051,node-0051,0,0,0
trace-147,clock-interval,0,5,top-one,node-0051,,1,1,0
trace-147,clock-interval,0,5,expiry-skyline,node-0051,node-0051,0,0,0
trace-147,clock-interval,0,6,direct,,,0,0,0
trace-147,clock-interval,0,6,verified,,,0,0,0
trace-147,clock-interval,0,6,full-compiled,,,0,0,0
trace-147,clock-interval,0,6,timestamp-only,,node-0068,1,1,1
trace-147,clock-interval,0,6,no-ancestor-expiry,,,0,0,0
trace-147,clock-interval,0,6,no-ancestor-revocation,,,0,0,0
trace-147,clock-interval,0,6,no-alias-obligations,,node-0068,1,1,1
trace-147,clock-interval,0,6,top-one,,,0,0,0
trace-147,clock-interval,0,6,expiry-skyline,,,0,0,0
trace-147,clock-interval,0,7,direct,,,0,0,0
trace-147,clock-interval,0,7,verified,,,0,0,0
trace-147,clock-interval,0,7,full-compiled,,,0,0,0
trace-147,clock-interval,0,7,timestamp-only,,,0,0,0
trace-147,clock-interval,0,7,no-ancestor-expiry,,,0,0,0
trace-147,clock-interval,0,7,no-ancestor-revocation,,,0,0,0
trace-147,clock-interval,0,7,no-alias-obligations,,,0,0,0
trace-147,clock-interval,0,7,top-one,,,0,0,0
trace-147,clock-interval,0,7,expiry-skyline,,,0,0,0
trace-147,clock-interval,0,8,direct,node-0080,node-0080,0,0,0
trace-147,clock-interval,0,8,verified,node-0080,node-0080,0,0,0
trace-147,clock-interval,0,8,full-compiled,node-0080,node-0080,0,0,0
trace-147,clock-interval,0,8,timestamp-only,node-0080,node-0067,1,1,1
trace-147,clock-interval,0,8,no-ancestor-expiry,node-0080,node-0080,0,0,0
trace-147,clock-interval,0,8,no-ancestor-revocation,node-0080,node-0016,1,1,1
trace-147,clock-interval,0,8,no-alias-obligations,node-0080,node-0067,1,1,1
trace-147,clock-interval,0,8,top-one,node-0080,,1,1,0
trace-147,clock-interval,0,8,expiry-skyline,node-0080,,1,1,0
trace-147,clock-interval,0,9,direct,node-0080,node-0080,0,0,0
trace-147,clock-interval,0,9,verified,node-0080,node-0080,0,0,0
trace-147,clock-interval,0,9,full-compiled,node-0080,node-0080,0,0,0
trace-147,clock-interval,0,9,timestamp-only,node-0080,node-0067,1,1,1
trace-147,clock-interval,0,9,no-ancestor-expiry,node-0080,node-0080,0,0,0
trace-147,clock-interval,0,9,no-ancestor-revocation,node-0080,node-0016,1,1,1
trace-147,clock-interval,0,9,no-alias-obligations,node-0080,node-0067,1,1,1
trace-147,clock-interval,0,9,top-one,node-0080,,1,1,0
trace-147,clock-interval,0,9,expiry-skyline,node-0080,,1,1,0
trace-147,clock-interval,0,10,direct,node-0051,node-0051,0,0,0
trace-147,clock-interval,0,10,verified,node-0051,node-0051,0,0,0
trace-147,clock-interval,0,10,full-compiled,node-0051,node-0051,0,0,0
trace-147,clock-interval,0,10,timestamp-only,node-0051,node-0051,0,0,0
trace-147,clock-interval,0,10,no-ancestor-expiry,node-0051,node-0051,0,0,0
trace-147,clock-interval,0,10,no-ancestor-revocation,node-0051,node-0051,0,0,0
trace-147,clock-interval,0,10,no-alias-obligations,node-0051,node-0051,0,0,0
trace-147,clock-interval,0,10,top-one,node-0051,,1,1,0
trace-147,clock-interval,0,10,expiry-skyline,node-0051,node-0051,0,0,0
trace-147,clock-interval,0,11,direct,,,0,0,0
trace-147,clock-interval,0,11,verified,,,0,0,0
trace-147,clock-interval,0,11,full-compiled,,,0,0,0
trace-147,clock-interval,0,11,timestamp-only,,node-0001,1,1,1
trace-147,clock-interval,0,11,no-ancestor-expiry,,,0,0,0
trace-147,clock-interval,0,11,no-ancestor-revocation,,,0,0,0
trace-147,clock-interval,0,11,no-alias-obligations,,node-0001,1,1,1
trace-147,clock-interval,0,11,top-one,,,0,0,0
trace-147,clock-interval,0,11,expiry-skyline,,,0,0,0
trace-147,clock-interval,1,0,direct,node-0077,node-0077,0,0,0
trace-147,clock-interval,1,0,verified,node-0077,node-0077,0,0,0
trace-147,clock-interval,1,0,full-compiled,node-0077,node-0077,0,0,0
trace-147,clock-interval,1,0,timestamp-only,node-0077,node-0077,0,0,0
trace-147,clock-interval,1,0,no-ancestor-expiry,node-0077,node-0077,0,0,0
trace-147,clock-interval,1,0,no-ancestor-revocation,node-0077,node-0077,0,0,0
trace-147,clock-interval,1,0,no-alias-obligations,node-0077,node-0077,0,0,0
trace-147,clock-interval,1,0,top-one,node-0077,node-0077,0,0,0
trace-147,clock-interval,1,0,expiry-skyline,node-0077,node-0077,0,0,0
trace-147,clock-interval,1,1,direct,node-0057,node-0057,0,0,0
trace-147,clock-interval,1,1,verified,node-0057,node-0057,0,0,0
trace-147,clock-interval,1,1,full-compiled,node-0057,node-0057,0,0,0
trace-147,clock-interval,1,1,timestamp-only,node-0057,node-0077,1,1,1
trace-147,clock-interval,1,1,no-ancestor-expiry,node-0057,node-0057,0,0,0
trace-147,clock-interval,1,1,no-ancestor-revocation,node-0057,node-0077,1,1,1
trace-147,clock-interval,1,1,no-alias-obligations,node-0057,node-0057,0,0,0
trace-147,clock-interval,1,1,top-one,node-0057,,1,1,0
trace-147,clock-interval,1,1,expiry-skyline,node-0057,node-0057,0,0,0
trace-147,clock-interval,1,2,direct,node-0079,node-0079,0,0,0
trace-147,clock-interval,1,2,verified,node-0079,node-0079,0,0,0
trace-147,clock-interval,1,2,full-compiled,node-0079,node-0079,0,0,0
trace-147,clock-interval,1,2,timestamp-only,node-0079,node-0043,1,1,1
trace-147,clock-interval,1,2,no-ancestor-expiry,node-0079,node-0079,0,0,0
trace-147,clock-interval,1,2,no-ancestor-revocation,node-0079,node-0079,0,0,0
trace-147,clock-interval,1,2,no-alias-obligations,node-0079,node-0043,1,1,1
trace-147,clock-interval,1,2,top-one,node-0079,,1,1,0
trace-147,clock-interval,1,2,expiry-skyline,node-0079,,1,1,0
trace-147,clock-interval,1,3,direct,node-0057,node-0057,0,0,0
trace-147,clock-interval,1,3,verified,node-0057,node-0057,0,0,0
trace-147,clock-interval,1,3,full-compiled,node-0057,node-0057,0,0,0
trace-147,clock-interval,1,3,timestamp-only,node-0057,node-0077,1,1,1
trace-147,clock-interval,1,3,no-ancestor-expiry,node-0057,node-0057,0,0,0
trace-147,clock-interval,1,3,no-ancestor-revocation,node-0057,node-0057,0,0,0
trace-147,clock-interval,1,3,no-alias-obligations,node-0057,node-0057,0,0,0
trace-147,clock-interval,1,3,top-one,node-0057,,1,1,0
trace-147,clock-interval,1,3,expiry-skyline,node-0057,node-0057,0,0,0
trace-147,clock-interval,1,4,direct,node-0057,node-0057,0,0,0
trace-147,clock-interval,1,4,verified,node-0057,node-0057,0,0,0
trace-147,clock-interval,1,4,full-compiled,node-0057,node-0057,0,0,0
trace-147,clock-interval,1,4,timestamp-only,node-0057,node-0057,0,0,0
trace-147,clock-interval,1,4,no-ancestor-expiry,node-0057,node-0057,0,0,0
trace-147,clock-interval,1,4,no-ancestor-revocation,node-0057,node-0057,0,0,0
trace-147,clock-interval,1,4,no-alias-obligations,node-0057,node-0057,0,0,0
trace-147,clock-interval,1,4,top-one,node-0057,,1,1,0
trace-147,clock-interval,1,4,expiry-skyline,node-0057,node-0057,0,0,0
trace-147,clock-interval,1,5,direct,node-0057,node-0057,0,0,0
trace-147,clock-interval,1,5,verified,node-0057,node-0057,0,0,0
trace-147,clock-interval,1,5,full-compiled,node-0057,node-0057,0,0,0
trace-147,clock-interval,1,5,timestamp-only,node-0057,node-0057,0,0,0
trace-147,clock-interval,1,5,no-ancestor-expiry,node-0057,node-0057,0,0,0
trace-147,clock-interval,1,5,no-ancestor-revocation,node-0057,node-0057,0,0,0
trace-147,clock-interval,1,5,no-alias-obligations,node-0057,node-0057,0,0,0
trace-147,clock-interval,1,5,top-one,node-0057,,1,1,0
trace-147,clock-interval,1,5,expiry-skyline,node-0057,node-0057,0,0,0
trace-147,clock-interval,1,6,direct,,,0,0,0
trace-147,clock-interval,1,6,verified,,,0,0,0
trace-147,clock-interval,1,6,full-compiled,,,0,0,0
trace-147,clock-interval,1,6,timestamp-only,,node-0078,1,1,1
trace-147,clock-interval,1,6,no-ancestor-expiry,,,0,0,0
trace-147,clock-interval,1,6,no-ancestor-revocation,,,0,0,0
trace-147,clock-interval,1,6,no-alias-obligations,,node-0078,1,1,1
trace-147,clock-interval,1,6,top-one,,,0,0,0
trace-147,clock-interval,1,6,expiry-skyline,,,0,0,0
trace-147,clock-interval,1,7,direct,,,0,0,0
trace-147,clock-interval,1,7,verified,,,0,0,0
trace-147,clock-interval,1,7,full-compiled,,,0,0,0
trace-147,clock-interval,1,7,timestamp-only,,,0,0,0
trace-147,clock-interval,1,7,no-ancestor-expiry,,,0,0,0
trace-147,clock-interval,1,7,no-ancestor-revocation,,,0,0,0
trace-147,clock-interval,1,7,no-alias-obligations,,,0,0,0
trace-147,clock-interval,1,7,top-one,,,0,0,0
trace-147,clock-interval,1,7,expiry-skyline,,,0,0,0
trace-147,clock-interval,1,8,direct,node-0079,node-0079,0,0,0
trace-147,clock-interval,1,8,verified,node-0079,node-0079,0,0,0
trace-147,clock-interval,1,8,full-compiled,node-0079,node-0079,0,0,0
trace-147,clock-interval,1,8,timestamp-only,node-0079,node-0043,1,1,1
trace-147,clock-interval,1,8,no-ancestor-expiry,node-0079,node-0079,0,0,0
trace-147,clock-interval,1,8,no-ancestor-revocation,node-0079,node-0079,0,0,0
trace-147,clock-interval,1,8,no-alias-obligations,node-0079,node-0043,1,1,1
trace-147,clock-interval,1,8,top-one,node-0079,,1,1,0
trace-147,clock-interval,1,8,expiry-skyline,node-0079,,1,1,0
trace-147,clock-interval,1,9,direct,node-0047,node-0047,0,0,0
trace-147,clock-interval,1,9,verified,node-0047,node-0047,0,0,0
trace-147,clock-interval,1,9,full-compiled,node-0047,node-0047,0,0,0
trace-147,clock-interval,1,9,timestamp-only,node-0047,node-0043,1,1,1
trace-147,clock-interval,1,9,no-ancestor-expiry,node-0047,node-0047,0,0,0
trace-147,clock-interval,1,9,no-ancestor-revocation,node-0047,node-0047,0,0,0
trace-147,clock-interval,1,9,no-alias-obligations,node-0047,node-0078,1,1,1
trace-147,clock-interval,1,9,top-one,node-0047,,1,1,0
trace-147,clock-interval,1,9,expiry-skyline,node-0047,,1,1,0
trace-147,clock-interval,1,10,direct,node-0057,node-0057,0,0,0
trace-147,clock-interval,1,10,verified,node-0057,node-0057,0,0,0
trace-147,clock-interval,1,10,full-compiled,node-0057,node-0057,0,0,0
trace-147,clock-interval,1,10,timestamp-only,node-0057,node-0057,0,0,0
trace-147,clock-interval,1,10,no-ancestor-expiry,node-0057,node-0057,0,0,0
trace-147,clock-interval,1,10,no-ancestor-revocation,node-0057,node-0057,0,0,0
trace-147,clock-interval,1,10,no-alias-obligations,node-0057,node-0057,0,0,0
trace-147,clock-interval,1,10,top-one,node-0057,,1,1,0
trace-147,clock-interval,1,10,expiry-skyline,node-0057,node-0057,0,0,0
trace-147,clock-interval,1,11,direct,,,0,0,0
trace-147,clock-interval,1,11,verified,,,0,0,0
trace-147,clock-interval,1,11,full-compiled,,,0,0,0
trace-147,clock-interval,1,11,timestamp-only,,node-0056,1,1,1
trace-147,clock-interval,1,11,no-ancestor-expiry,,,0,0,0
trace-147,clock-interval,1,11,no-ancestor-revocation,,,0,0,0
trace-147,clock-interval,1,11,no-alias-obligations,,node-0056,1,1,1
trace-147,clock-interval,1,11,top-one,,,0,0,0
trace-147,clock-interval,1,11,expiry-skyline,,,0,0,0
trace-148,clock-interval,0,0,direct,node-0067,node-0067,0,0,0
trace-148,clock-interval,0,0,verified,node-0067,node-0067,0,0,0
trace-148,clock-interval,0,0,full-compiled,node-0067,node-0067,0,0,0
trace-148,clock-interval,0,0,timestamp-only,node-0067,node-0067,0,0,0
trace-148,clock-interval,0,0,no-ancestor-expiry,node-0067,node-0067,0,0,0
trace-148,clock-interval,0,0,no-ancestor-revocation,node-0067,node-0067,0,0,0
trace-148,clock-interval,0,0,no-alias-obligations,node-0067,node-0067,0,0,0
trace-148,clock-interval,0,0,top-one,node-0067,node-0067,0,0,0
trace-148,clock-interval,0,0,expiry-skyline,node-0067,node-0067,0,0,0
trace-148,clock-interval,0,1,direct,node-0067,node-0067,0,0,0
trace-148,clock-interval,0,1,verified,node-0067,node-0067,0,0,0
trace-148,clock-interval,0,1,full-compiled,node-0067,node-0067,0,0,0
trace-148,clock-interval,0,1,timestamp-only,node-0067,node-0067,0,0,0
trace-148,clock-interval,0,1,no-ancestor-expiry,node-0067,node-0067,0,0,0
trace-148,clock-interval,0,1,no-ancestor-revocation,node-0067,node-0067,0,0,0
trace-148,clock-interval,0,1,no-alias-obligations,node-0067,node-0067,0,0,0
trace-148,clock-interval,0,1,top-one,node-0067,node-0067,0,0,0
trace-148,clock-interval,0,1,expiry-skyline,node-0067,node-0067,0,0,0
trace-148,clock-interval,0,2,direct,node-0016,node-0016,0,0,0
trace-148,clock-interval,0,2,verified,node-0016,node-0016,0,0,0
trace-148,clock-interval,0,2,full-compiled,node-0016,node-0016,0,0,0
trace-148,clock-interval,0,2,timestamp-only,node-0016,node-0049,1,0,1
trace-148,clock-interval,0,2,no-ancestor-expiry,node-0016,node-0016,0,0,0
trace-148,clock-interval,0,2,no-ancestor-revocation,node-0016,node-0016,0,0,0
trace-148,clock-interval,0,2,no-alias-obligations,node-0016,node-0049,1,0,1
trace-148,clock-interval,0,2,top-one,node-0016,,1,1,0
trace-148,clock-interval,0,2,expiry-skyline,node-0016,node-0064,1,1,0
trace-148,clock-interval,0,3,direct,node-0067,node-0067,0,0,0
trace-148,clock-interval,0,3,verified,node-0067,node-0067,0,0,0
trace-148,clock-interval,0,3,full-compiled,node-0067,node-0067,0,0,0
trace-148,clock-interval,0,3,timestamp-only,node-0067,node-0067,0,0,0
trace-148,clock-interval,0,3,no-ancestor-expiry,node-0067,node-0067,0,0,0
trace-148,clock-interval,0,3,no-ancestor-revocation,node-0067,node-0067,0,0,0
trace-148,clock-interval,0,3,no-alias-obligations,node-0067,node-0067,0,0,0
trace-148,clock-interval,0,3,top-one,node-0067,node-0067,0,0,0
trace-148,clock-interval,0,3,expiry-skyline,node-0067,node-0067,0,0,0
trace-148,clock-interval,0,4,direct,node-0039,node-0039,0,0,0
trace-148,clock-interval,0,4,verified,node-0039,node-0039,0,0,0
trace-148,clock-interval,0,4,full-compiled,node-0039,node-0039,0,0,0
trace-148,clock-interval,0,4,timestamp-only,node-0039,node-0067,1,1,1
trace-148,clock-interval,0,4,no-ancestor-expiry,node-0039,node-0039,0,0,0
trace-148,clock-interval,0,4,no-ancestor-revocation,node-0039,node-0039,0,0,0
trace-148,clock-interval,0,4,no-alias-obligations,node-0039,node-0067,1,1,1
trace-148,clock-interval,0,4,top-one,node-0039,,1,1,0
trace-148,clock-interval,0,4,expiry-skyline,node-0039,node-0039,0,0,0
trace-148,clock-interval,0,5,direct,node-0039,node-0039,0,0,0
trace-148,clock-interval,0,5,verified,node-0039,node-0039,0,0,0
trace-148,clock-interval,0,5,full-compiled,node-0039,node-0039,0,0,0
trace-148,clock-interval,0,5,timestamp-only,node-0039,node-0039,0,0,0
trace-148,clock-interval,0,5,no-ancestor-expiry,node-0039,node-0039,0,0,0
trace-148,clock-interval,0,5,no-ancestor-revocation,node-0039,node-0039,0,0,0
trace-148,clock-interval,0,5,no-alias-obligations,node-0039,node-0039,0,0,0
trace-148,clock-interval,0,5,top-one,node-0039,,1,1,0
trace-148,clock-interval,0,5,expiry-skyline,node-0039,node-0039,0,0,0
trace-148,clock-interval,0,6,direct,node-0064,node-0064,0,0,0
trace-148,clock-interval,0,6,verified,node-0064,node-0064,0,0,0
trace-148,clock-interval,0,6,full-compiled,node-0064,node-0064,0,0,0
trace-148,clock-interval,0,6,timestamp-only,node-0064,node-0038,1,1,1
trace-148,clock-interval,0,6,no-ancestor-expiry,node-0064,node-0064,0,0,0
trace-148,clock-interval,0,6,no-ancestor-revocation,node-0064,node-0064,0,0,0
trace-148,clock-interval,0,6,no-alias-obligations,node-0064,node-0038,1,1,1
trace-148,clock-interval,0,6,top-one,node-0064,,1,1,0
trace-148,clock-interval,0,6,expiry-skyline,node-0064,node-0064,0,0,0
trace-148,clock-interval,0,7,direct,,,0,0,0
trace-148,clock-interval,0,7,verified,,,0,0,0
trace-148,clock-interval,0,7,full-compiled,,,0,0,0
trace-148,clock-interval,0,7,timestamp-only,,,0,0,0
trace-148,clock-interval,0,7,no-ancestor-expiry,,,0,0,0
trace-148,clock-interval,0,7,no-ancestor-revocation,,,0,0,0
trace-148,clock-interval,0,7,no-alias-obligations,,,0,0,0
trace-148,clock-interval,0,7,top-one,,,0,0,0
trace-148,clock-interval,0,7,expiry-skyline,,,0,0,0
trace-148,clock-interval,0,8,direct,node-0067,node-0067,0,0,0
trace-148,clock-interval,0,8,verified,node-0067,node-0067,0,0,0
trace-148,clock-interval,0,8,full-compiled,node-0067,node-0067,0,0,0
trace-148,clock-interval,0,8,timestamp-only,node-0067,node-0067,0,0,0
trace-148,clock-interval,0,8,no-ancestor-expiry,node-0067,node-0067,0,0,0
trace-148,clock-interval,0,8,no-ancestor-revocation,node-0067,node-0067,0,0,0
trace-148,clock-interval,0,8,no-alias-obligations,node-0067,node-0067,0,0,0
trace-148,clock-interval,0,8,top-one,node-0067,node-0067,0,0,0
trace-148,clock-interval,0,8,expiry-skyline,node-0067,node-0067,0,0,0
trace-148,clock-interval,0,9,direct,node-0067,node-0067,0,0,0
trace-148,clock-interval,0,9,verified,node-0067,node-0067,0,0,0
trace-148,clock-interval,0,9,full-compiled,node-0067,node-0067,0,0,0
trace-148,clock-interval,0,9,timestamp-only,node-0067,node-0067,0,0,0
trace-148,clock-interval,0,9,no-ancestor-expiry,node-0067,node-0067,0,0,0
trace-148,clock-interval,0,9,no-ancestor-revocation,node-0067,node-0067,0,0,0
trace-148,clock-interval,0,9,no-alias-obligations,node-0067,node-0067,0,0,0
trace-148,clock-interval,0,9,top-one,node-0067,node-0067,0,0,0
trace-148,clock-interval,0,9,expiry-skyline,node-0067,node-0067,0,0,0
trace-148,clock-interval,0,10,direct,node-0039,node-0039,0,0,0
trace-148,clock-interval,0,10,verified,node-0039,node-0039,0,0,0
trace-148,clock-interval,0,10,full-compiled,node-0039,node-0039,0,0,0
trace-148,clock-interval,0,10,timestamp-only,node-0039,node-0067,1,1,1
trace-148,clock-interval,0,10,no-ancestor-expiry,node-0039,node-0039,0,0,0
trace-148,clock-interval,0,10,no-ancestor-revocation,node-0039,node-0039,0,0,0
trace-148,clock-interval,0,10,no-alias-obligations,node-0039,node-0067,1,1,1
trace-148,clock-interval,0,10,top-one,node-0039,,1,1,0
trace-148,clock-interval,0,10,expiry-skyline,node-0039,node-0039,0,0,0
trace-148,clock-interval,0,11,direct,,,0,0,0
trace-148,clock-interval,0,11,verified,,,0,0,0
trace-148,clock-interval,0,11,full-compiled,,,0,0,0
trace-148,clock-interval,0,11,timestamp-only,,node-0084,1,1,1
trace-148,clock-interval,0,11,no-ancestor-expiry,,,0,0,0
trace-148,clock-interval,0,11,no-ancestor-revocation,,,0,0,0
trace-148,clock-interval,0,11,no-alias-obligations,,node-0084,1,1,1
trace-148,clock-interval,0,11,top-one,,,0,0,0
trace-148,clock-interval,0,11,expiry-skyline,,,0,0,0
trace-148,clock-interval,1,0,direct,node-0090,node-0090,0,0,0
trace-148,clock-interval,1,0,verified,node-0090,node-0090,0,0,0
trace-148,clock-interval,1,0,full-compiled,node-0090,node-0090,0,0,0
trace-148,clock-interval,1,0,timestamp-only,node-0090,node-0090,0,0,0
trace-148,clock-interval,1,0,no-ancestor-expiry,node-0090,node-0090,0,0,0
trace-148,clock-interval,1,0,no-ancestor-revocation,node-0090,node-0090,0,0,0
trace-148,clock-interval,1,0,no-alias-obligations,node-0090,node-0090,0,0,0
trace-148,clock-interval,1,0,top-one,node-0090,node-0090,0,0,0
trace-148,clock-interval,1,0,expiry-skyline,node-0090,node-0090,0,0,0
trace-148,clock-interval,1,1,direct,node-0090,node-0090,0,0,0
trace-148,clock-interval,1,1,verified,node-0090,node-0090,0,0,0
trace-148,clock-interval,1,1,full-compiled,node-0090,node-0090,0,0,0
trace-148,clock-interval,1,1,timestamp-only,node-0090,node-0090,0,0,0
trace-148,clock-interval,1,1,no-ancestor-expiry,node-0090,node-0090,0,0,0
trace-148,clock-interval,1,1,no-ancestor-revocation,node-0090,node-0090,0,0,0
trace-148,clock-interval,1,1,no-alias-obligations,node-0090,node-0090,0,0,0
trace-148,clock-interval,1,1,top-one,node-0090,node-0090,0,0,0
trace-148,clock-interval,1,1,expiry-skyline,node-0090,node-0090,0,0,0
trace-148,clock-interval,1,2,direct,node-0063,node-0063,0,0,0
trace-148,clock-interval,1,2,verified,node-0063,node-0063,0,0,0
trace-148,clock-interval,1,2,full-compiled,node-0063,node-0063,0,0,0
trace-148,clock-interval,1,2,timestamp-only,node-0063,node-0028,1,1,1
trace-148,clock-interval,1,2,no-ancestor-expiry,node-0063,node-0063,0,0,0
trace-148,clock-interval,1,2,no-ancestor-revocation,node-0063,node-0063,0,0,0
trace-148,clock-interval,1,2,no-alias-obligations,node-0063,node-0028,1,1,1
trace-148,clock-interval,1,2,top-one,node-0063,,1,1,0
trace-148,clock-interval,1,2,expiry-skyline,node-0063,,1,1,0
trace-148,clock-interval,1,3,direct,node-0090,node-0090,0,0,0
trace-148,clock-interval,1,3,verified,node-0090,node-0090,0,0,0
trace-148,clock-interval,1,3,full-compiled,node-0090,node-0090,0,0,0
trace-148,clock-interval,1,3,timestamp-only,node-0090,node-0090,0,0,0
trace-148,clock-interval,1,3,no-ancestor-expiry,node-0090,node-0090,0,0,0
trace-148,clock-interval,1,3,no-ancestor-revocation,node-0090,node-0090,0,0,0
trace-148,clock-interval,1,3,no-alias-obligations,node-0090,node-0090,0,0,0
trace-148,clock-interval,1,3,top-one,node-0090,node-0090,0,0,0
trace-148,clock-interval,1,3,expiry-skyline,node-0090,node-0090,0,0,0
trace-148,clock-interval,1,4,direct,node-0090,node-0090,0,0,0
trace-148,clock-interval,1,4,verified,node-0090,node-0090,0,0,0
trace-148,clock-interval,1,4,full-compiled,node-0090,node-0090,0,0,0
trace-148,clock-interval,1,4,timestamp-only,node-0090,node-0090,0,0,0
trace-148,clock-interval,1,4,no-ancestor-expiry,node-0090,node-0090,0,0,0
trace-148,clock-interval,1,4,no-ancestor-revocation,node-0090,node-0090,0,0,0
trace-148,clock-interval,1,4,no-alias-obligations,node-0090,node-0090,0,0,0
trace-148,clock-interval,1,4,top-one,node-0090,node-0090,0,0,0
trace-148,clock-interval,1,4,expiry-skyline,node-0090,node-0090,0,0,0
trace-148,clock-interval,1,5,direct,node-0090,node-0090,0,0,0
trace-148,clock-interval,1,5,verified,node-0090,node-0090,0,0,0
trace-148,clock-interval,1,5,full-compiled,node-0090,node-0090,0,0,0
trace-148,clock-interval,1,5,timestamp-only,node-0090,node-0090,0,0,0
trace-148,clock-interval,1,5,no-ancestor-expiry,node-0090,node-0090,0,0,0
trace-148,clock-interval,1,5,no-ancestor-revocation,node-0090,node-0090,0,0,0
trace-148,clock-interval,1,5,no-alias-obligations,node-0090,node-0090,0,0,0
trace-148,clock-interval,1,5,top-one,node-0090,node-0090,0,0,0
trace-148,clock-interval,1,5,expiry-skyline,node-0090,node-0090,0,0,0
trace-148,clock-interval,1,6,direct,node-0015,node-0015,0,0,0
trace-148,clock-interval,1,6,verified,node-0015,node-0015,0,0,0
trace-148,clock-interval,1,6,full-compiled,node-0015,node-0015,0,0,0
trace-148,clock-interval,1,6,timestamp-only,node-0015,node-0090,1,1,1
trace-148,clock-interval,1,6,no-ancestor-expiry,node-0015,node-0015,0,0,0
trace-148,clock-interval,1,6,no-ancestor-revocation,node-0015,node-0015,0,0,0
trace-148,clock-interval,1,6,no-alias-obligations,node-0015,node-0090,1,1,1
trace-148,clock-interval,1,6,top-one,node-0015,,1,1,0
trace-148,clock-interval,1,6,expiry-skyline,node-0015,node-0015,0,0,0
trace-148,clock-interval,1,7,direct,,,0,0,0
trace-148,clock-interval,1,7,verified,,,0,0,0
trace-148,clock-interval,1,7,full-compiled,,,0,0,0
trace-148,clock-interval,1,7,timestamp-only,,,0,0,0
trace-148,clock-interval,1,7,no-ancestor-expiry,,,0,0,0
trace-148,clock-interval,1,7,no-ancestor-revocation,,,0,0,0
trace-148,clock-interval,1,7,no-alias-obligations,,,0,0,0
trace-148,clock-interval,1,7,top-one,,,0,0,0
trace-148,clock-interval,1,7,expiry-skyline,,,0,0,0
trace-148,clock-interval,1,8,direct,node-0090,node-0090,0,0,0
trace-148,clock-interval,1,8,verified,node-0090,node-0090,0,0,0
trace-148,clock-interval,1,8,full-compiled,node-0090,node-0090,0,0,0
trace-148,clock-interval,1,8,timestamp-only,node-0090,node-0090,0,0,0
trace-148,clock-interval,1,8,no-ancestor-expiry,node-0090,node-0090,0,0,0
trace-148,clock-interval,1,8,no-ancestor-revocation,node-0090,node-0090,0,0,0
trace-148,clock-interval,1,8,no-alias-obligations,node-0090,node-0090,0,0,0
trace-148,clock-interval,1,8,top-one,node-0090,node-0090,0,0,0
trace-148,clock-interval,1,8,expiry-skyline,node-0090,node-0090,0,0,0
trace-148,clock-interval,1,9,direct,node-0090,node-0090,0,0,0
trace-148,clock-interval,1,9,verified,node-0090,node-0090,0,0,0
trace-148,clock-interval,1,9,full-compiled,node-0090,node-0090,0,0,0
trace-148,clock-interval,1,9,timestamp-only,node-0090,node-0090,0,0,0
trace-148,clock-interval,1,9,no-ancestor-expiry,node-0090,node-0090,0,0,0
trace-148,clock-interval,1,9,no-ancestor-revocation,node-0090,node-0090,0,0,0
trace-148,clock-interval,1,9,no-alias-obligations,node-0090,node-0090,0,0,0
trace-148,clock-interval,1,9,top-one,node-0090,node-0090,0,0,0
trace-148,clock-interval,1,9,expiry-skyline,node-0090,node-0090,0,0,0
trace-148,clock-interval,1,10,direct,node-0090,node-0090,0,0,0
trace-148,clock-interval,1,10,verified,node-0090,node-0090,0,0,0
trace-148,clock-interval,1,10,full-compiled,node-0090,node-0090,0,0,0
trace-148,clock-interval,1,10,timestamp-only,node-0090,node-0090,0,0,0
trace-148,clock-interval,1,10,no-ancestor-expiry,node-0090,node-0090,0,0,0
trace-148,clock-interval,1,10,no-ancestor-revocation,node-0090,node-0090,0,0,0
trace-148,clock-interval,1,10,no-alias-obligations,node-0090,node-0090,0,0,0
trace-148,clock-interval,1,10,top-one,node-0090,node-0090,0,0,0
trace-148,clock-interval,1,10,expiry-skyline,node-0090,node-0090,0,0,0
trace-148,clock-interval,1,11,direct,,,0,0,0
trace-148,clock-interval,1,11,verified,,,0,0,0
trace-148,clock-interval,1,11,full-compiled,,,0,0,0
trace-148,clock-interval,1,11,timestamp-only,,node-0040,1,1,1
trace-148,clock-interval,1,11,no-ancestor-expiry,,,0,0,0
trace-148,clock-interval,1,11,no-ancestor-revocation,,,0,0,0
trace-148,clock-interval,1,11,no-alias-obligations,,node-0040,1,1,1
trace-148,clock-interval,1,11,top-one,,,0,0,0
trace-148,clock-interval,1,11,expiry-skyline,,,0,0,0
trace-149,clock-interval,0,0,direct,node-0048,node-0048,0,0,0
trace-149,clock-interval,0,0,verified,node-0048,node-0048,0,0,0
trace-149,clock-interval,0,0,full-compiled,node-0048,node-0048,0,0,0
trace-149,clock-interval,0,0,timestamp-only,node-0048,node-0048,0,0,0
trace-149,clock-interval,0,0,no-ancestor-expiry,node-0048,node-0048,0,0,0
trace-149,clock-interval,0,0,no-ancestor-revocation,node-0048,node-0048,0,0,0
trace-149,clock-interval,0,0,no-alias-obligations,node-0048,node-0048,0,0,0
trace-149,clock-interval,0,0,top-one,node-0048,node-0048,0,0,0
trace-149,clock-interval,0,0,expiry-skyline,node-0048,node-0048,0,0,0
trace-149,clock-interval,0,1,direct,node-0048,node-0048,0,0,0
trace-149,clock-interval,0,1,verified,node-0048,node-0048,0,0,0
trace-149,clock-interval,0,1,full-compiled,node-0048,node-0048,0,0,0
trace-149,clock-interval,0,1,timestamp-only,node-0048,node-0048,0,0,0
trace-149,clock-interval,0,1,no-ancestor-expiry,node-0048,node-0048,0,0,0
trace-149,clock-interval,0,1,no-ancestor-revocation,node-0048,node-0048,0,0,0
trace-149,clock-interval,0,1,no-alias-obligations,node-0048,node-0048,0,0,0
trace-149,clock-interval,0,1,top-one,node-0048,node-0048,0,0,0
trace-149,clock-interval,0,1,expiry-skyline,node-0048,node-0048,0,0,0
trace-149,clock-interval,0,2,direct,node-0000,node-0000,0,0,0
trace-149,clock-interval,0,2,verified,node-0000,node-0000,0,0,0
trace-149,clock-interval,0,2,full-compiled,node-0000,node-0000,0,0,0
trace-149,clock-interval,0,2,timestamp-only,node-0000,node-0035,1,1,1
trace-149,clock-interval,0,2,no-ancestor-expiry,node-0000,node-0000,0,0,0
trace-149,clock-interval,0,2,no-ancestor-revocation,node-0000,node-0000,0,0,0
trace-149,clock-interval,0,2,no-alias-obligations,node-0000,node-0035,1,1,1
trace-149,clock-interval,0,2,top-one,node-0000,,1,1,0
trace-149,clock-interval,0,2,expiry-skyline,node-0000,node-0080,1,1,0
trace-149,clock-interval,0,3,direct,node-0048,node-0048,0,0,0
trace-149,clock-interval,0,3,verified,node-0048,node-0048,0,0,0
trace-149,clock-interval,0,3,full-compiled,node-0048,node-0048,0,0,0
trace-149,clock-interval,0,3,timestamp-only,node-0048,node-0048,0,0,0
trace-149,clock-interval,0,3,no-ancestor-expiry,node-0048,node-0048,0,0,0
trace-149,clock-interval,0,3,no-ancestor-revocation,node-0048,node-0048,0,0,0
trace-149,clock-interval,0,3,no-alias-obligations,node-0048,node-0048,0,0,0
trace-149,clock-interval,0,3,top-one,node-0048,node-0048,0,0,0
trace-149,clock-interval,0,3,expiry-skyline,node-0048,node-0048,0,0,0
trace-149,clock-interval,0,4,direct,node-0048,node-0048,0,0,0
trace-149,clock-interval,0,4,verified,node-0048,node-0048,0,0,0
trace-149,clock-interval,0,4,full-compiled,node-0048,node-0048,0,0,0
trace-149,clock-interval,0,4,timestamp-only,node-0048,node-0048,0,0,0
trace-149,clock-interval,0,4,no-ancestor-expiry,node-0048,node-0048,0,0,0
trace-149,clock-interval,0,4,no-ancestor-revocation,node-0048,node-0048,0,0,0
trace-149,clock-interval,0,4,no-alias-obligations,node-0048,node-0048,0,0,0
trace-149,clock-interval,0,4,top-one,node-0048,node-0048,0,0,0
trace-149,clock-interval,0,4,expiry-skyline,node-0048,node-0048,0,0,0
trace-149,clock-interval,0,5,direct,node-0037,node-0037,0,0,0
trace-149,clock-interval,0,5,verified,node-0037,node-0037,0,0,0
trace-149,clock-interval,0,5,full-compiled,node-0037,node-0037,0,0,0
trace-149,clock-interval,0,5,timestamp-only,node-0037,node-0037,0,0,0
trace-149,clock-interval,0,5,no-ancestor-expiry,node-0037,node-0037,0,0,0
trace-149,clock-interval,0,5,no-ancestor-revocation,node-0037,node-0037,0,0,0
trace-149,clock-interval,0,5,no-alias-obligations,node-0037,node-0037,0,0,0
trace-149,clock-interval,0,5,top-one,node-0037,,1,1,0
trace-149,clock-interval,0,5,expiry-skyline,node-0037,node-0037,0,0,0
trace-149,clock-interval,0,6,direct,,,0,0,0
trace-149,clock-interval,0,6,verified,,,0,0,0
trace-149,clock-interval,0,6,full-compiled,,,0,0,0
trace-149,clock-interval,0,6,timestamp-only,,node-0049,1,1,1
trace-149,clock-interval,0,6,no-ancestor-expiry,,,0,0,0
trace-149,clock-interval,0,6,no-ancestor-revocation,,,0,0,0
trace-149,clock-interval,0,6,no-alias-obligations,,node-0049,1,1,1
trace-149,clock-interval,0,6,top-one,,,0,0,0
trace-149,clock-interval,0,6,expiry-skyline,,,0,0,0
trace-149,clock-interval,0,7,direct,,,0,0,0
trace-149,clock-interval,0,7,verified,,,0,0,0
trace-149,clock-interval,0,7,full-compiled,,,0,0,0
trace-149,clock-interval,0,7,timestamp-only,,,0,0,0
trace-149,clock-interval,0,7,no-ancestor-expiry,,,0,0,0
trace-149,clock-interval,0,7,no-ancestor-revocation,,,0,0,0
trace-149,clock-interval,0,7,no-alias-obligations,,,0,0,0
trace-149,clock-interval,0,7,top-one,,,0,0,0
trace-149,clock-interval,0,7,expiry-skyline,,,0,0,0
trace-149,clock-interval,0,8,direct,node-0048,node-0048,0,0,0
trace-149,clock-interval,0,8,verified,node-0048,node-0048,0,0,0
trace-149,clock-interval,0,8,full-compiled,node-0048,node-0048,0,0,0
trace-149,clock-interval,0,8,timestamp-only,node-0048,node-0048,0,0,0
trace-149,clock-interval,0,8,no-ancestor-expiry,node-0048,node-0048,0,0,0
trace-149,clock-interval,0,8,no-ancestor-revocation,node-0048,node-0048,0,0,0
trace-149,clock-interval,0,8,no-alias-obligations,node-0048,node-0048,0,0,0
trace-149,clock-interval,0,8,top-one,node-0048,node-0048,0,0,0
trace-149,clock-interval,0,8,expiry-skyline,node-0048,node-0048,0,0,0
trace-149,clock-interval,0,9,direct,node-0000,node-0000,0,0,0
trace-149,clock-interval,0,9,verified,node-0000,node-0000,0,0,0
trace-149,clock-interval,0,9,full-compiled,node-0000,node-0000,0,0,0
trace-149,clock-interval,0,9,timestamp-only,node-0000,node-0035,1,1,1
trace-149,clock-interval,0,9,no-ancestor-expiry,node-0000,node-0000,0,0,0
trace-149,clock-interval,0,9,no-ancestor-revocation,node-0000,node-0000,0,0,0
trace-149,clock-interval,0,9,no-alias-obligations,node-0000,node-0035,1,1,1
trace-149,clock-interval,0,9,top-one,node-0000,,1,1,0
trace-149,clock-interval,0,9,expiry-skyline,node-0000,,1,1,0
trace-149,clock-interval,0,10,direct,node-0037,node-0037,0,0,0
trace-149,clock-interval,0,10,verified,node-0037,node-0037,0,0,0
trace-149,clock-interval,0,10,full-compiled,node-0037,node-0037,0,0,0
trace-149,clock-interval,0,10,timestamp-only,node-0037,node-0037,0,0,0
trace-149,clock-interval,0,10,no-ancestor-expiry,node-0037,node-0037,0,0,0
trace-149,clock-interval,0,10,no-ancestor-revocation,node-0037,node-0037,0,0,0
trace-149,clock-interval,0,10,no-alias-obligations,node-0037,node-0037,0,0,0
trace-149,clock-interval,0,10,top-one,node-0037,,1,1,0
trace-149,clock-interval,0,10,expiry-skyline,node-0037,node-0037,0,0,0
trace-149,clock-interval,0,11,direct,,,0,0,0
trace-149,clock-interval,0,11,verified,,,0,0,0
trace-149,clock-interval,0,11,full-compiled,,,0,0,0
trace-149,clock-interval,0,11,timestamp-only,,node-0035,1,1,1
trace-149,clock-interval,0,11,no-ancestor-expiry,,,0,0,0
trace-149,clock-interval,0,11,no-ancestor-revocation,,,0,0,0
trace-149,clock-interval,0,11,no-alias-obligations,,node-0035,1,1,1
trace-149,clock-interval,0,11,top-one,,,0,0,0
trace-149,clock-interval,0,11,expiry-skyline,,,0,0,0
trace-149,clock-interval,1,0,direct,node-0074,node-0074,0,0,0
trace-149,clock-interval,1,0,verified,node-0074,node-0074,0,0,0
trace-149,clock-interval,1,0,full-compiled,node-0074,node-0074,0,0,0
trace-149,clock-interval,1,0,timestamp-only,node-0074,node-0074,0,0,0
trace-149,clock-interval,1,0,no-ancestor-expiry,node-0074,node-0074,0,0,0
trace-149,clock-interval,1,0,no-ancestor-revocation,node-0074,node-0074,0,0,0
trace-149,clock-interval,1,0,no-alias-obligations,node-0074,node-0074,0,0,0
trace-149,clock-interval,1,0,top-one,node-0074,node-0074,0,0,0
trace-149,clock-interval,1,0,expiry-skyline,node-0074,node-0074,0,0,0
trace-149,clock-interval,1,1,direct,node-0074,node-0074,0,0,0
trace-149,clock-interval,1,1,verified,node-0074,node-0074,0,0,0
trace-149,clock-interval,1,1,full-compiled,node-0074,node-0074,0,0,0
trace-149,clock-interval,1,1,timestamp-only,node-0074,node-0074,0,0,0
trace-149,clock-interval,1,1,no-ancestor-expiry,node-0074,node-0074,0,0,0
trace-149,clock-interval,1,1,no-ancestor-revocation,node-0074,node-0074,0,0,0
trace-149,clock-interval,1,1,no-alias-obligations,node-0074,node-0074,0,0,0
trace-149,clock-interval,1,1,top-one,node-0074,node-0074,0,0,0
trace-149,clock-interval,1,1,expiry-skyline,node-0074,node-0074,0,0,0
trace-149,clock-interval,1,2,direct,node-0015,node-0015,0,0,0
trace-149,clock-interval,1,2,verified,node-0015,node-0015,0,0,0
trace-149,clock-interval,1,2,full-compiled,node-0015,node-0015,0,0,0
trace-149,clock-interval,1,2,timestamp-only,node-0015,node-0015,0,0,0
trace-149,clock-interval,1,2,no-ancestor-expiry,node-0015,node-0015,0,0,0
trace-149,clock-interval,1,2,no-ancestor-revocation,node-0015,node-0015,0,0,0
trace-149,clock-interval,1,2,no-alias-obligations,node-0015,node-0015,0,0,0
trace-149,clock-interval,1,2,top-one,node-0015,,1,1,0
trace-149,clock-interval,1,2,expiry-skyline,node-0015,node-0047,1,1,0
trace-149,clock-interval,1,3,direct,node-0074,node-0074,0,0,0
trace-149,clock-interval,1,3,verified,node-0074,node-0074,0,0,0
trace-149,clock-interval,1,3,full-compiled,node-0074,node-0074,0,0,0
trace-149,clock-interval,1,3,timestamp-only,node-0074,node-0074,0,0,0
trace-149,clock-interval,1,3,no-ancestor-expiry,node-0074,node-0074,0,0,0
trace-149,clock-interval,1,3,no-ancestor-revocation,node-0074,node-0074,0,0,0
trace-149,clock-interval,1,3,no-alias-obligations,node-0074,node-0074,0,0,0
trace-149,clock-interval,1,3,top-one,node-0074,node-0074,0,0,0
trace-149,clock-interval,1,3,expiry-skyline,node-0074,node-0074,0,0,0
trace-149,clock-interval,1,4,direct,node-0074,node-0074,0,0,0
trace-149,clock-interval,1,4,verified,node-0074,node-0074,0,0,0
trace-149,clock-interval,1,4,full-compiled,node-0074,node-0074,0,0,0
trace-149,clock-interval,1,4,timestamp-only,node-0074,node-0074,0,0,0
trace-149,clock-interval,1,4,no-ancestor-expiry,node-0074,node-0074,0,0,0
trace-149,clock-interval,1,4,no-ancestor-revocation,node-0074,node-0074,0,0,0
trace-149,clock-interval,1,4,no-alias-obligations,node-0074,node-0074,0,0,0
trace-149,clock-interval,1,4,top-one,node-0074,node-0074,0,0,0
trace-149,clock-interval,1,4,expiry-skyline,node-0074,node-0074,0,0,0
trace-149,clock-interval,1,5,direct,node-0074,node-0074,0,0,0
trace-149,clock-interval,1,5,verified,node-0074,node-0074,0,0,0
trace-149,clock-interval,1,5,full-compiled,node-0074,node-0074,0,0,0
trace-149,clock-interval,1,5,timestamp-only,node-0074,node-0074,0,0,0
trace-149,clock-interval,1,5,no-ancestor-expiry,node-0074,node-0074,0,0,0
trace-149,clock-interval,1,5,no-ancestor-revocation,node-0074,node-0074,0,0,0
trace-149,clock-interval,1,5,no-alias-obligations,node-0074,node-0074,0,0,0
trace-149,clock-interval,1,5,top-one,node-0074,node-0074,0,0,0
trace-149,clock-interval,1,5,expiry-skyline,node-0074,node-0074,0,0,0
trace-149,clock-interval,1,6,direct,node-0047,node-0047,0,0,0
trace-149,clock-interval,1,6,verified,node-0047,node-0047,0,0,0
trace-149,clock-interval,1,6,full-compiled,node-0047,node-0047,0,0,0
trace-149,clock-interval,1,6,timestamp-only,node-0047,node-0074,1,0,1
trace-149,clock-interval,1,6,no-ancestor-expiry,node-0047,node-0047,0,0,0
trace-149,clock-interval,1,6,no-ancestor-revocation,node-0047,node-0047,0,0,0
trace-149,clock-interval,1,6,no-alias-obligations,node-0047,node-0061,1,1,1
trace-149,clock-interval,1,6,top-one,node-0047,,1,1,0
trace-149,clock-interval,1,6,expiry-skyline,node-0047,node-0047,0,0,0
trace-149,clock-interval,1,7,direct,,,0,0,0
trace-149,clock-interval,1,7,verified,,,0,0,0
trace-149,clock-interval,1,7,full-compiled,,,0,0,0
trace-149,clock-interval,1,7,timestamp-only,,,0,0,0
trace-149,clock-interval,1,7,no-ancestor-expiry,,,0,0,0
trace-149,clock-interval,1,7,no-ancestor-revocation,,,0,0,0
trace-149,clock-interval,1,7,no-alias-obligations,,,0,0,0
trace-149,clock-interval,1,7,top-one,,,0,0,0
trace-149,clock-interval,1,7,expiry-skyline,,,0,0,0
trace-149,clock-interval,1,8,direct,node-0074,node-0074,0,0,0
trace-149,clock-interval,1,8,verified,node-0074,node-0074,0,0,0
trace-149,clock-interval,1,8,full-compiled,node-0074,node-0074,0,0,0
trace-149,clock-interval,1,8,timestamp-only,node-0074,node-0074,0,0,0
trace-149,clock-interval,1,8,no-ancestor-expiry,node-0074,node-0074,0,0,0
trace-149,clock-interval,1,8,no-ancestor-revocation,node-0074,node-0074,0,0,0
trace-149,clock-interval,1,8,no-alias-obligations,node-0074,node-0074,0,0,0
trace-149,clock-interval,1,8,top-one,node-0074,node-0074,0,0,0
trace-149,clock-interval,1,8,expiry-skyline,node-0074,node-0074,0,0,0
trace-149,clock-interval,1,9,direct,node-0015,node-0015,0,0,0
trace-149,clock-interval,1,9,verified,node-0015,node-0015,0,0,0
trace-149,clock-interval,1,9,full-compiled,node-0015,node-0015,0,0,0
trace-149,clock-interval,1,9,timestamp-only,node-0015,node-0015,0,0,0
trace-149,clock-interval,1,9,no-ancestor-expiry,node-0015,node-0015,0,0,0
trace-149,clock-interval,1,9,no-ancestor-revocation,node-0015,node-0015,0,0,0
trace-149,clock-interval,1,9,no-alias-obligations,node-0015,node-0015,0,0,0
trace-149,clock-interval,1,9,top-one,node-0015,,1,1,0
trace-149,clock-interval,1,9,expiry-skyline,node-0015,node-0047,1,1,0
trace-149,clock-interval,1,10,direct,node-0058,node-0058,0,0,0
trace-149,clock-interval,1,10,verified,node-0058,node-0058,0,0,0
trace-149,clock-interval,1,10,full-compiled,node-0058,node-0058,0,0,0
trace-149,clock-interval,1,10,timestamp-only,node-0058,node-0074,1,1,1
trace-149,clock-interval,1,10,no-ancestor-expiry,node-0058,node-0058,0,0,0
trace-149,clock-interval,1,10,no-ancestor-revocation,node-0058,node-0074,1,1,1
trace-149,clock-interval,1,10,no-alias-obligations,node-0058,node-0058,0,0,0
trace-149,clock-interval,1,10,top-one,node-0058,,1,1,0
trace-149,clock-interval,1,10,expiry-skyline,node-0058,node-0058,0,0,0
trace-149,clock-interval,1,11,direct,node-0015,node-0015,0,0,0
trace-149,clock-interval,1,11,verified,node-0015,node-0015,0,0,0
trace-149,clock-interval,1,11,full-compiled,node-0015,node-0015,0,0,0
trace-149,clock-interval,1,11,timestamp-only,node-0015,node-0015,0,0,0
trace-149,clock-interval,1,11,no-ancestor-expiry,node-0015,node-0015,0,0,0
trace-149,clock-interval,1,11,no-ancestor-revocation,node-0015,node-0015,0,0,0
trace-149,clock-interval,1,11,no-alias-obligations,node-0015,node-0015,0,0,0
trace-149,clock-interval,1,11,top-one,node-0015,,1,1,0
trace-149,clock-interval,1,11,expiry-skyline,node-0015,,1,1,0
trace-150,clock-interval,0,0,direct,node-0002,node-0002,0,0,0
trace-150,clock-interval,0,0,verified,node-0002,node-0002,0,0,0
trace-150,clock-interval,0,0,full-compiled,node-0002,node-0002,0,0,0
trace-150,clock-interval,0,0,timestamp-only,node-0002,node-0002,0,0,0
trace-150,clock-interval,0,0,no-ancestor-expiry,node-0002,node-0002,0,0,0
trace-150,clock-interval,0,0,no-ancestor-revocation,node-0002,node-0002,0,0,0
trace-150,clock-interval,0,0,no-alias-obligations,node-0002,node-0002,0,0,0
trace-150,clock-interval,0,0,top-one,node-0002,node-0002,0,0,0
trace-150,clock-interval,0,0,expiry-skyline,node-0002,node-0002,0,0,0
trace-150,clock-interval,0,1,direct,node-0002,node-0002,0,0,0
trace-150,clock-interval,0,1,verified,node-0002,node-0002,0,0,0
trace-150,clock-interval,0,1,full-compiled,node-0002,node-0002,0,0,0
trace-150,clock-interval,0,1,timestamp-only,node-0002,node-0002,0,0,0
trace-150,clock-interval,0,1,no-ancestor-expiry,node-0002,node-0002,0,0,0
trace-150,clock-interval,0,1,no-ancestor-revocation,node-0002,node-0002,0,0,0
trace-150,clock-interval,0,1,no-alias-obligations,node-0002,node-0002,0,0,0
trace-150,clock-interval,0,1,top-one,node-0002,node-0002,0,0,0
trace-150,clock-interval,0,1,expiry-skyline,node-0002,node-0002,0,0,0
trace-150,clock-interval,0,2,direct,node-0000,node-0000,0,0,0
trace-150,clock-interval,0,2,verified,node-0000,node-0000,0,0,0
trace-150,clock-interval,0,2,full-compiled,node-0000,node-0000,0,0,0
trace-150,clock-interval,0,2,timestamp-only,node-0000,node-0023,1,1,1
trace-150,clock-interval,0,2,no-ancestor-expiry,node-0000,node-0032,1,1,1
trace-150,clock-interval,0,2,no-ancestor-revocation,node-0000,node-0000,0,0,0
trace-150,clock-interval,0,2,no-alias-obligations,node-0000,node-0023,1,1,1
trace-150,clock-interval,0,2,top-one,node-0000,,1,1,0
trace-150,clock-interval,0,2,expiry-skyline,node-0000,,1,1,0
trace-150,clock-interval,0,3,direct,node-0002,node-0002,0,0,0
trace-150,clock-interval,0,3,verified,node-0002,node-0002,0,0,0
trace-150,clock-interval,0,3,full-compiled,node-0002,node-0002,0,0,0
trace-150,clock-interval,0,3,timestamp-only,node-0002,node-0002,0,0,0
trace-150,clock-interval,0,3,no-ancestor-expiry,node-0002,node-0002,0,0,0
trace-150,clock-interval,0,3,no-ancestor-revocation,node-0002,node-0002,0,0,0
trace-150,clock-interval,0,3,no-alias-obligations,node-0002,node-0002,0,0,0
trace-150,clock-interval,0,3,top-one,node-0002,node-0002,0,0,0
trace-150,clock-interval,0,3,expiry-skyline,node-0002,node-0002,0,0,0
trace-150,clock-interval,0,4,direct,node-0002,node-0002,0,0,0
trace-150,clock-interval,0,4,verified,node-0002,node-0002,0,0,0
trace-150,clock-interval,0,4,full-compiled,node-0002,node-0002,0,0,0
trace-150,clock-interval,0,4,timestamp-only,node-0002,node-0002,0,0,0
trace-150,clock-interval,0,4,no-ancestor-expiry,node-0002,node-0002,0,0,0
trace-150,clock-interval,0,4,no-ancestor-revocation,node-0002,node-0002,0,0,0
trace-150,clock-interval,0,4,no-alias-obligations,node-0002,node-0002,0,0,0
trace-150,clock-interval,0,4,top-one,node-0002,node-0002,0,0,0
trace-150,clock-interval,0,4,expiry-skyline,node-0002,node-0002,0,0,0
trace-150,clock-interval,0,5,direct,node-0002,node-0002,0,0,0
trace-150,clock-interval,0,5,verified,node-0002,node-0002,0,0,0
trace-150,clock-interval,0,5,full-compiled,node-0002,node-0002,0,0,0
trace-150,clock-interval,0,5,timestamp-only,node-0002,node-0002,0,0,0
trace-150,clock-interval,0,5,no-ancestor-expiry,node-0002,node-0002,0,0,0
trace-150,clock-interval,0,5,no-ancestor-revocation,node-0002,node-0002,0,0,0
trace-150,clock-interval,0,5,no-alias-obligations,node-0002,node-0002,0,0,0
trace-150,clock-interval,0,5,top-one,node-0002,node-0002,0,0,0
trace-150,clock-interval,0,5,expiry-skyline,node-0002,node-0002,0,0,0
trace-150,clock-interval,0,6,direct,node-0055,node-0055,0,0,0
trace-150,clock-interval,0,6,verified,node-0055,node-0055,0,0,0
trace-150,clock-interval,0,6,full-compiled,node-0055,node-0055,0,0,0
trace-150,clock-interval,0,6,timestamp-only,node-0055,node-0070,1,1,1
trace-150,clock-interval,0,6,no-ancestor-expiry,node-0055,node-0055,0,0,0
trace-150,clock-interval,0,6,no-ancestor-revocation,node-0055,node-0055,0,0,0
trace-150,clock-interval,0,6,no-alias-obligations,node-0055,node-0083,1,1,1
trace-150,clock-interval,0,6,top-one,node-0055,,1,1,0
trace-150,clock-interval,0,6,expiry-skyline,node-0055,node-0055,0,0,0
trace-150,clock-interval,0,7,direct,,,0,0,0
trace-150,clock-interval,0,7,verified,,,0,0,0
trace-150,clock-interval,0,7,full-compiled,,,0,0,0
trace-150,clock-interval,0,7,timestamp-only,,,0,0,0
trace-150,clock-interval,0,7,no-ancestor-expiry,,,0,0,0
trace-150,clock-interval,0,7,no-ancestor-revocation,,,0,0,0
trace-150,clock-interval,0,7,no-alias-obligations,,,0,0,0
trace-150,clock-interval,0,7,top-one,,,0,0,0
trace-150,clock-interval,0,7,expiry-skyline,,,0,0,0
trace-150,clock-interval,0,8,direct,node-0002,node-0002,0,0,0
trace-150,clock-interval,0,8,verified,node-0002,node-0002,0,0,0
trace-150,clock-interval,0,8,full-compiled,node-0002,node-0002,0,0,0
trace-150,clock-interval,0,8,timestamp-only,node-0002,node-0002,0,0,0
trace-150,clock-interval,0,8,no-ancestor-expiry,node-0002,node-0002,0,0,0
trace-150,clock-interval,0,8,no-ancestor-revocation,node-0002,node-0002,0,0,0
trace-150,clock-interval,0,8,no-alias-obligations,node-0002,node-0002,0,0,0
trace-150,clock-interval,0,8,top-one,node-0002,node-0002,0,0,0
trace-150,clock-interval,0,8,expiry-skyline,node-0002,node-0002,0,0,0
trace-150,clock-interval,0,9,direct,node-0002,node-0002,0,0,0
trace-150,clock-interval,0,9,verified,node-0002,node-0002,0,0,0
trace-150,clock-interval,0,9,full-compiled,node-0002,node-0002,0,0,0
trace-150,clock-interval,0,9,timestamp-only,node-0002,node-0002,0,0,0
trace-150,clock-interval,0,9,no-ancestor-expiry,node-0002,node-0002,0,0,0
trace-150,clock-interval,0,9,no-ancestor-revocation,node-0002,node-0002,0,0,0
trace-150,clock-interval,0,9,no-alias-obligations,node-0002,node-0002,0,0,0
trace-150,clock-interval,0,9,top-one,node-0002,node-0002,0,0,0
trace-150,clock-interval,0,9,expiry-skyline,node-0002,node-0002,0,0,0
trace-150,clock-interval,0,10,direct,node-0002,node-0002,0,0,0
trace-150,clock-interval,0,10,verified,node-0002,node-0002,0,0,0
trace-150,clock-interval,0,10,full-compiled,node-0002,node-0002,0,0,0
trace-150,clock-interval,0,10,timestamp-only,node-0002,node-0002,0,0,0
trace-150,clock-interval,0,10,no-ancestor-expiry,node-0002,node-0002,0,0,0
trace-150,clock-interval,0,10,no-ancestor-revocation,node-0002,node-0002,0,0,0
trace-150,clock-interval,0,10,no-alias-obligations,node-0002,node-0002,0,0,0
trace-150,clock-interval,0,10,top-one,node-0002,node-0002,0,0,0
trace-150,clock-interval,0,10,expiry-skyline,node-0002,node-0002,0,0,0
trace-150,clock-interval,0,11,direct,,,0,0,0
trace-150,clock-interval,0,11,verified,,,0,0,0
trace-150,clock-interval,0,11,full-compiled,,,0,0,0
trace-150,clock-interval,0,11,timestamp-only,,node-0052,1,1,1
trace-150,clock-interval,0,11,no-ancestor-expiry,,,0,0,0
trace-150,clock-interval,0,11,no-ancestor-revocation,,,0,0,0
trace-150,clock-interval,0,11,no-alias-obligations,,node-0052,1,1,1
trace-150,clock-interval,0,11,top-one,,,0,0,0
trace-150,clock-interval,0,11,expiry-skyline,,,0,0,0
trace-150,clock-interval,1,0,direct,node-0072,node-0072,0,0,0
trace-150,clock-interval,1,0,verified,node-0072,node-0072,0,0,0
trace-150,clock-interval,1,0,full-compiled,node-0072,node-0072,0,0,0
trace-150,clock-interval,1,0,timestamp-only,node-0072,node-0072,0,0,0
trace-150,clock-interval,1,0,no-ancestor-expiry,node-0072,node-0072,0,0,0
trace-150,clock-interval,1,0,no-ancestor-revocation,node-0072,node-0072,0,0,0
trace-150,clock-interval,1,0,no-alias-obligations,node-0072,node-0072,0,0,0
trace-150,clock-interval,1,0,top-one,node-0072,node-0072,0,0,0
trace-150,clock-interval,1,0,expiry-skyline,node-0072,node-0072,0,0,0
trace-150,clock-interval,1,1,direct,node-0072,node-0072,0,0,0
trace-150,clock-interval,1,1,verified,node-0072,node-0072,0,0,0
trace-150,clock-interval,1,1,full-compiled,node-0072,node-0072,0,0,0
trace-150,clock-interval,1,1,timestamp-only,node-0072,node-0072,0,0,0
trace-150,clock-interval,1,1,no-ancestor-expiry,node-0072,node-0072,0,0,0
trace-150,clock-interval,1,1,no-ancestor-revocation,node-0072,node-0072,0,0,0
trace-150,clock-interval,1,1,no-alias-obligations,node-0072,node-0072,0,0,0
trace-150,clock-interval,1,1,top-one,node-0072,node-0072,0,0,0
trace-150,clock-interval,1,1,expiry-skyline,node-0072,node-0072,0,0,0
trace-150,clock-interval,1,2,direct,node-0095,node-0095,0,0,0
trace-150,clock-interval,1,2,verified,node-0095,node-0095,0,0,0
trace-150,clock-interval,1,2,full-compiled,node-0095,node-0095,0,0,0
trace-150,clock-interval,1,2,timestamp-only,node-0095,node-0090,1,1,1
trace-150,clock-interval,1,2,no-ancestor-expiry,node-0095,node-0095,0,0,0
trace-150,clock-interval,1,2,no-ancestor-revocation,node-0095,node-0095,0,0,0
trace-150,clock-interval,1,2,no-alias-obligations,node-0095,node-0090,1,1,1
trace-150,clock-interval,1,2,top-one,node-0095,,1,1,0
trace-150,clock-interval,1,2,expiry-skyline,node-0095,,1,1,0
trace-150,clock-interval,1,3,direct,node-0072,node-0072,0,0,0
trace-150,clock-interval,1,3,verified,node-0072,node-0072,0,0,0
trace-150,clock-interval,1,3,full-compiled,node-0072,node-0072,0,0,0
trace-150,clock-interval,1,3,timestamp-only,node-0072,node-0072,0,0,0
trace-150,clock-interval,1,3,no-ancestor-expiry,node-0072,node-0072,0,0,0
trace-150,clock-interval,1,3,no-ancestor-revocation,node-0072,node-0072,0,0,0
trace-150,clock-interval,1,3,no-alias-obligations,node-0072,node-0072,0,0,0
trace-150,clock-interval,1,3,top-one,node-0072,node-0072,0,0,0
trace-150,clock-interval,1,3,expiry-skyline,node-0072,node-0072,0,0,0
trace-150,clock-interval,1,4,direct,node-0072,node-0072,0,0,0
trace-150,clock-interval,1,4,verified,node-0072,node-0072,0,0,0
trace-150,clock-interval,1,4,full-compiled,node-0072,node-0072,0,0,0
trace-150,clock-interval,1,4,timestamp-only,node-0072,node-0072,0,0,0
trace-150,clock-interval,1,4,no-ancestor-expiry,node-0072,node-0072,0,0,0
trace-150,clock-interval,1,4,no-ancestor-revocation,node-0072,node-0072,0,0,0
trace-150,clock-interval,1,4,no-alias-obligations,node-0072,node-0072,0,0,0
trace-150,clock-interval,1,4,top-one,node-0072,node-0072,0,0,0
trace-150,clock-interval,1,4,expiry-skyline,node-0072,node-0072,0,0,0
trace-150,clock-interval,1,5,direct,node-0072,node-0072,0,0,0
trace-150,clock-interval,1,5,verified,node-0072,node-0072,0,0,0
trace-150,clock-interval,1,5,full-compiled,node-0072,node-0072,0,0,0
trace-150,clock-interval,1,5,timestamp-only,node-0072,node-0072,0,0,0
trace-150,clock-interval,1,5,no-ancestor-expiry,node-0072,node-0072,0,0,0
trace-150,clock-interval,1,5,no-ancestor-revocation,node-0072,node-0072,0,0,0
trace-150,clock-interval,1,5,no-alias-obligations,node-0072,node-0072,0,0,0
trace-150,clock-interval,1,5,top-one,node-0072,node-0072,0,0,0
trace-150,clock-interval,1,5,expiry-skyline,node-0072,node-0072,0,0,0
trace-150,clock-interval,1,6,direct,node-0042,node-0042,0,0,0
trace-150,clock-interval,1,6,verified,node-0042,node-0042,0,0,0
trace-150,clock-interval,1,6,full-compiled,node-0042,node-0042,0,0,0
trace-150,clock-interval,1,6,timestamp-only,node-0042,node-0025,1,1,1
trace-150,clock-interval,1,6,no-ancestor-expiry,node-0042,node-0042,0,0,0
trace-150,clock-interval,1,6,no-ancestor-revocation,node-0042,node-0042,0,0,0
trace-150,clock-interval,1,6,no-alias-obligations,node-0042,node-0025,1,1,1
trace-150,clock-interval,1,6,top-one,node-0042,,1,1,0
trace-150,clock-interval,1,6,expiry-skyline,node-0042,node-0042,0,0,0
trace-150,clock-interval,1,7,direct,,,0,0,0
trace-150,clock-interval,1,7,verified,,,0,0,0
trace-150,clock-interval,1,7,full-compiled,,,0,0,0
trace-150,clock-interval,1,7,timestamp-only,,,0,0,0
trace-150,clock-interval,1,7,no-ancestor-expiry,,,0,0,0
trace-150,clock-interval,1,7,no-ancestor-revocation,,,0,0,0
trace-150,clock-interval,1,7,no-alias-obligations,,,0,0,0
trace-150,clock-interval,1,7,top-one,,,0,0,0
trace-150,clock-interval,1,7,expiry-skyline,,,0,0,0
trace-150,clock-interval,1,8,direct,node-0072,node-0072,0,0,0
trace-150,clock-interval,1,8,verified,node-0072,node-0072,0,0,0
trace-150,clock-interval,1,8,full-compiled,node-0072,node-0072,0,0,0
trace-150,clock-interval,1,8,timestamp-only,node-0072,node-0072,0,0,0
trace-150,clock-interval,1,8,no-ancestor-expiry,node-0072,node-0072,0,0,0
trace-150,clock-interval,1,8,no-ancestor-revocation,node-0072,node-0072,0,0,0
trace-150,clock-interval,1,8,no-alias-obligations,node-0072,node-0072,0,0,0
trace-150,clock-interval,1,8,top-one,node-0072,node-0072,0,0,0
trace-150,clock-interval,1,8,expiry-skyline,node-0072,node-0072,0,0,0
trace-150,clock-interval,1,9,direct,node-0072,node-0072,0,0,0
trace-150,clock-interval,1,9,verified,node-0072,node-0072,0,0,0
trace-150,clock-interval,1,9,full-compiled,node-0072,node-0072,0,0,0
trace-150,clock-interval,1,9,timestamp-only,node-0072,node-0072,0,0,0
trace-150,clock-interval,1,9,no-ancestor-expiry,node-0072,node-0072,0,0,0
trace-150,clock-interval,1,9,no-ancestor-revocation,node-0072,node-0072,0,0,0
trace-150,clock-interval,1,9,no-alias-obligations,node-0072,node-0072,0,0,0
trace-150,clock-interval,1,9,top-one,node-0072,node-0072,0,0,0
trace-150,clock-interval,1,9,expiry-skyline,node-0072,node-0072,0,0,0
trace-150,clock-interval,1,10,direct,node-0072,node-0072,0,0,0
trace-150,clock-interval,1,10,verified,node-0072,node-0072,0,0,0
trace-150,clock-interval,1,10,full-compiled,node-0072,node-0072,0,0,0
trace-150,clock-interval,1,10,timestamp-only,node-0072,node-0072,0,0,0
trace-150,clock-interval,1,10,no-ancestor-expiry,node-0072,node-0072,0,0,0
trace-150,clock-interval,1,10,no-ancestor-revocation,node-0072,node-0072,0,0,0
trace-150,clock-interval,1,10,no-alias-obligations,node-0072,node-0072,0,0,0
trace-150,clock-interval,1,10,top-one,node-0072,node-0072,0,0,0
trace-150,clock-interval,1,10,expiry-skyline,node-0072,node-0072,0,0,0
trace-150,clock-interval,1,11,direct,node-0047,node-0047,0,0,0
trace-150,clock-interval,1,11,verified,node-0047,node-0047,0,0,0
trace-150,clock-interval,1,11,full-compiled,node-0047,node-0047,0,0,0
trace-150,clock-interval,1,11,timestamp-only,node-0047,node-0062,1,1,1
trace-150,clock-interval,1,11,no-ancestor-expiry,node-0047,node-0047,0,0,0
trace-150,clock-interval,1,11,no-ancestor-revocation,node-0047,node-0079,1,1,1
trace-150,clock-interval,1,11,no-alias-obligations,node-0047,node-0076,1,1,1
trace-150,clock-interval,1,11,top-one,node-0047,,1,1,0
trace-150,clock-interval,1,11,expiry-skyline,node-0047,,1,1,0
trace-151,clock-interval,0,0,direct,node-0068,node-0068,0,0,0
trace-151,clock-interval,0,0,verified,node-0068,node-0068,0,0,0
trace-151,clock-interval,0,0,full-compiled,node-0068,node-0068,0,0,0
trace-151,clock-interval,0,0,timestamp-only,node-0068,node-0068,0,0,0
trace-151,clock-interval,0,0,no-ancestor-expiry,node-0068,node-0068,0,0,0
trace-151,clock-interval,0,0,no-ancestor-revocation,node-0068,node-0068,0,0,0
trace-151,clock-interval,0,0,no-alias-obligations,node-0068,node-0068,0,0,0
trace-151,clock-interval,0,0,top-one,node-0068,node-0068,0,0,0
trace-151,clock-interval,0,0,expiry-skyline,node-0068,node-0068,0,0,0
trace-151,clock-interval,0,1,direct,node-0068,node-0068,0,0,0
trace-151,clock-interval,0,1,verified,node-0068,node-0068,0,0,0
trace-151,clock-interval,0,1,full-compiled,node-0068,node-0068,0,0,0
trace-151,clock-interval,0,1,timestamp-only,node-0068,node-0068,0,0,0
trace-151,clock-interval,0,1,no-ancestor-expiry,node-0068,node-0068,0,0,0
trace-151,clock-interval,0,1,no-ancestor-revocation,node-0068,node-0068,0,0,0
trace-151,clock-interval,0,1,no-alias-obligations,node-0068,node-0068,0,0,0
trace-151,clock-interval,0,1,top-one,node-0068,node-0068,0,0,0
trace-151,clock-interval,0,1,expiry-skyline,node-0068,node-0068,0,0,0
trace-151,clock-interval,0,2,direct,node-0064,node-0064,0,0,0
trace-151,clock-interval,0,2,verified,node-0064,node-0064,0,0,0
trace-151,clock-interval,0,2,full-compiled,node-0064,node-0064,0,0,0
trace-151,clock-interval,0,2,timestamp-only,node-0064,node-0081,1,1,1
trace-151,clock-interval,0,2,no-ancestor-expiry,node-0064,node-0064,0,0,0
trace-151,clock-interval,0,2,no-ancestor-revocation,node-0064,node-0064,0,0,0
trace-151,clock-interval,0,2,no-alias-obligations,node-0064,node-0081,1,1,1
trace-151,clock-interval,0,2,top-one,node-0064,,1,1,0
trace-151,clock-interval,0,2,expiry-skyline,node-0064,,1,1,0
trace-151,clock-interval,0,3,direct,node-0068,node-0068,0,0,0
trace-151,clock-interval,0,3,verified,node-0068,node-0068,0,0,0
trace-151,clock-interval,0,3,full-compiled,node-0068,node-0068,0,0,0
trace-151,clock-interval,0,3,timestamp-only,node-0068,node-0068,0,0,0
trace-151,clock-interval,0,3,no-ancestor-expiry,node-0068,node-0068,0,0,0
trace-151,clock-interval,0,3,no-ancestor-revocation,node-0068,node-0068,0,0,0
trace-151,clock-interval,0,3,no-alias-obligations,node-0068,node-0068,0,0,0
trace-151,clock-interval,0,3,top-one,node-0068,node-0068,0,0,0
trace-151,clock-interval,0,3,expiry-skyline,node-0068,node-0068,0,0,0
trace-151,clock-interval,0,4,direct,node-0068,node-0068,0,0,0
trace-151,clock-interval,0,4,verified,node-0068,node-0068,0,0,0
trace-151,clock-interval,0,4,full-compiled,node-0068,node-0068,0,0,0
trace-151,clock-interval,0,4,timestamp-only,node-0068,node-0068,0,0,0
trace-151,clock-interval,0,4,no-ancestor-expiry,node-0068,node-0068,0,0,0
trace-151,clock-interval,0,4,no-ancestor-revocation,node-0068,node-0068,0,0,0
trace-151,clock-interval,0,4,no-alias-obligations,node-0068,node-0068,0,0,0
trace-151,clock-interval,0,4,top-one,node-0068,node-0068,0,0,0
trace-151,clock-interval,0,4,expiry-skyline,node-0068,node-0068,0,0,0
trace-151,clock-interval,0,5,direct,node-0068,node-0068,0,0,0
trace-151,clock-interval,0,5,verified,node-0068,node-0068,0,0,0
trace-151,clock-interval,0,5,full-compiled,node-0068,node-0068,0,0,0
trace-151,clock-interval,0,5,timestamp-only,node-0068,node-0068,0,0,0
trace-151,clock-interval,0,5,no-ancestor-expiry,node-0068,node-0068,0,0,0
trace-151,clock-interval,0,5,no-ancestor-revocation,node-0068,node-0068,0,0,0
trace-151,clock-interval,0,5,no-alias-obligations,node-0068,node-0068,0,0,0
trace-151,clock-interval,0,5,top-one,node-0068,node-0068,0,0,0
trace-151,clock-interval,0,5,expiry-skyline,node-0068,node-0068,0,0,0
trace-151,clock-interval,0,6,direct,,,0,0,0
trace-151,clock-interval,0,6,verified,,,0,0,0
trace-151,clock-interval,0,6,full-compiled,,,0,0,0
trace-151,clock-interval,0,6,timestamp-only,,node-0048,1,1,1
trace-151,clock-interval,0,6,no-ancestor-expiry,,node-0048,1,1,1
trace-151,clock-interval,0,6,no-ancestor-revocation,,,0,0,0
trace-151,clock-interval,0,6,no-alias-obligations,,,0,0,0
trace-151,clock-interval,0,6,top-one,,,0,0,0
trace-151,clock-interval,0,6,expiry-skyline,,,0,0,0
trace-151,clock-interval,0,7,direct,,,0,0,0
trace-151,clock-interval,0,7,verified,,,0,0,0
trace-151,clock-interval,0,7,full-compiled,,,0,0,0
trace-151,clock-interval,0,7,timestamp-only,,,0,0,0
trace-151,clock-interval,0,7,no-ancestor-expiry,,,0,0,0
trace-151,clock-interval,0,7,no-ancestor-revocation,,,0,0,0
trace-151,clock-interval,0,7,no-alias-obligations,,,0,0,0
trace-151,clock-interval,0,7,top-one,,,0,0,0
trace-151,clock-interval,0,7,expiry-skyline,,,0,0,0
trace-151,clock-interval,0,8,direct,node-0068,node-0068,0,0,0
trace-151,clock-interval,0,8,verified,node-0068,node-0068,0,0,0
trace-151,clock-interval,0,8,full-compiled,node-0068,node-0068,0,0,0
trace-151,clock-interval,0,8,timestamp-only,node-0068,node-0068,0,0,0
trace-151,clock-interval,0,8,no-ancestor-expiry,node-0068,node-0068,0,0,0
trace-151,clock-interval,0,8,no-ancestor-revocation,node-0068,node-0068,0,0,0
trace-151,clock-interval,0,8,no-alias-obligations,node-0068,node-0068,0,0,0
trace-151,clock-interval,0,8,top-one,node-0068,node-0068,0,0,0
trace-151,clock-interval,0,8,expiry-skyline,node-0068,node-0068,0,0,0
trace-151,clock-interval,0,9,direct,node-0068,node-0068,0,0,0
trace-151,clock-interval,0,9,verified,node-0068,node-0068,0,0,0
trace-151,clock-interval,0,9,full-compiled,node-0068,node-0068,0,0,0
trace-151,clock-interval,0,9,timestamp-only,node-0068,node-0068,0,0,0
trace-151,clock-interval,0,9,no-ancestor-expiry,node-0068,node-0068,0,0,0
trace-151,clock-interval,0,9,no-ancestor-revocation,node-0068,node-0068,0,0,0
trace-151,clock-interval,0,9,no-alias-obligations,node-0068,node-0068,0,0,0
trace-151,clock-interval,0,9,top-one,node-0068,node-0068,0,0,0
trace-151,clock-interval,0,9,expiry-skyline,node-0068,node-0068,0,0,0
trace-151,clock-interval,0,10,direct,node-0068,node-0068,0,0,0
trace-151,clock-interval,0,10,verified,node-0068,node-0068,0,0,0
trace-151,clock-interval,0,10,full-compiled,node-0068,node-0068,0,0,0
trace-151,clock-interval,0,10,timestamp-only,node-0068,node-0068,0,0,0
trace-151,clock-interval,0,10,no-ancestor-expiry,node-0068,node-0068,0,0,0
trace-151,clock-interval,0,10,no-ancestor-revocation,node-0068,node-0068,0,0,0
trace-151,clock-interval,0,10,no-alias-obligations,node-0068,node-0068,0,0,0
trace-151,clock-interval,0,10,top-one,node-0068,node-0068,0,0,0
trace-151,clock-interval,0,10,expiry-skyline,node-0068,node-0068,0,0,0
trace-151,clock-interval,0,11,direct,node-0080,node-0080,0,0,0
trace-151,clock-interval,0,11,verified,node-0080,node-0080,0,0,0
trace-151,clock-interval,0,11,full-compiled,node-0080,node-0080,0,0,0
trace-151,clock-interval,0,11,timestamp-only,node-0080,node-0048,1,1,1
trace-151,clock-interval,0,11,no-ancestor-expiry,node-0080,node-0080,0,0,0
trace-151,clock-interval,0,11,no-ancestor-revocation,node-0080,node-0080,0,0,0
trace-151,clock-interval,0,11,no-alias-obligations,node-0080,node-0066,1,1,1
trace-151,clock-interval,0,11,top-one,node-0080,,1,1,0
trace-151,clock-interval,0,11,expiry-skyline,node-0080,,1,1,0
trace-151,clock-interval,1,0,direct,node-0091,node-0091,0,0,0
trace-151,clock-interval,1,0,verified,node-0091,node-0091,0,0,0
trace-151,clock-interval,1,0,full-compiled,node-0091,node-0091,0,0,0
trace-151,clock-interval,1,0,timestamp-only,node-0091,node-0091,0,0,0
trace-151,clock-interval,1,0,no-ancestor-expiry,node-0091,node-0091,0,0,0
trace-151,clock-interval,1,0,no-ancestor-revocation,node-0091,node-0091,0,0,0
trace-151,clock-interval,1,0,no-alias-obligations,node-0091,node-0091,0,0,0
trace-151,clock-interval,1,0,top-one,node-0091,node-0091,0,0,0
trace-151,clock-interval,1,0,expiry-skyline,node-0091,node-0091,0,0,0
trace-151,clock-interval,1,1,direct,node-0091,node-0091,0,0,0
trace-151,clock-interval,1,1,verified,node-0091,node-0091,0,0,0
trace-151,clock-interval,1,1,full-compiled,node-0091,node-0091,0,0,0
trace-151,clock-interval,1,1,timestamp-only,node-0091,node-0091,0,0,0
trace-151,clock-interval,1,1,no-ancestor-expiry,node-0091,node-0091,0,0,0
trace-151,clock-interval,1,1,no-ancestor-revocation,node-0091,node-0091,0,0,0
trace-151,clock-interval,1,1,no-alias-obligations,node-0091,node-0091,0,0,0
trace-151,clock-interval,1,1,top-one,node-0091,node-0091,0,0,0
trace-151,clock-interval,1,1,expiry-skyline,node-0091,node-0091,0,0,0
trace-151,clock-interval,1,2,direct,node-0047,node-0047,0,0,0
trace-151,clock-interval,1,2,verified,node-0047,node-0047,0,0,0
trace-151,clock-interval,1,2,full-compiled,node-0047,node-0047,0,0,0
trace-151,clock-interval,1,2,timestamp-only,node-0047,node-0076,1,0,1
trace-151,clock-interval,1,2,no-ancestor-expiry,node-0047,node-0047,0,0,0
trace-151,clock-interval,1,2,no-ancestor-revocation,node-0047,node-0047,0,0,0
trace-151,clock-interval,1,2,no-alias-obligations,node-0047,node-0076,1,0,1
trace-151,clock-interval,1,2,top-one,node-0047,,1,1,0
trace-151,clock-interval,1,2,expiry-skyline,node-0047,node-0047,0,0,0
trace-151,clock-interval,1,3,direct,node-0091,node-0091,0,0,0
trace-151,clock-interval,1,3,verified,node-0091,node-0091,0,0,0
trace-151,clock-interval,1,3,full-compiled,node-0091,node-0091,0,0,0
trace-151,clock-interval,1,3,timestamp-only,node-0091,node-0091,0,0,0
trace-151,clock-interval,1,3,no-ancestor-expiry,node-0091,node-0091,0,0,0
trace-151,clock-interval,1,3,no-ancestor-revocation,node-0091,node-0091,0,0,0
trace-151,clock-interval,1,3,no-alias-obligations,node-0091,node-0091,0,0,0
trace-151,clock-interval,1,3,top-one,node-0091,node-0091,0,0,0
trace-151,clock-interval,1,3,expiry-skyline,node-0091,node-0091,0,0,0
trace-151,clock-interval,1,4,direct,node-0091,node-0091,0,0,0
trace-151,clock-interval,1,4,verified,node-0091,node-0091,0,0,0
trace-151,clock-interval,1,4,full-compiled,node-0091,node-0091,0,0,0
trace-151,clock-interval,1,4,timestamp-only,node-0091,node-0091,0,0,0
trace-151,clock-interval,1,4,no-ancestor-expiry,node-0091,node-0091,0,0,0
trace-151,clock-interval,1,4,no-ancestor-revocation,node-0091,node-0091,0,0,0
trace-151,clock-interval,1,4,no-alias-obligations,node-0091,node-0091,0,0,0
trace-151,clock-interval,1,4,top-one,node-0091,node-0091,0,0,0
trace-151,clock-interval,1,4,expiry-skyline,node-0091,node-0091,0,0,0
trace-151,clock-interval,1,5,direct,node-0091,node-0091,0,0,0
trace-151,clock-interval,1,5,verified,node-0091,node-0091,0,0,0
trace-151,clock-interval,1,5,full-compiled,node-0091,node-0091,0,0,0
trace-151,clock-interval,1,5,timestamp-only,node-0091,node-0091,0,0,0
trace-151,clock-interval,1,5,no-ancestor-expiry,node-0091,node-0091,0,0,0
trace-151,clock-interval,1,5,no-ancestor-revocation,node-0091,node-0091,0,0,0
trace-151,clock-interval,1,5,no-alias-obligations,node-0091,node-0091,0,0,0
trace-151,clock-interval,1,5,top-one,node-0091,node-0091,0,0,0
trace-151,clock-interval,1,5,expiry-skyline,node-0091,node-0091,0,0,0
trace-151,clock-interval,1,6,direct,,,0,0,0
trace-151,clock-interval,1,6,verified,,,0,0,0
trace-151,clock-interval,1,6,full-compiled,,,0,0,0
trace-151,clock-interval,1,6,timestamp-only,,node-0042,1,1,1
trace-151,clock-interval,1,6,no-ancestor-expiry,,,0,0,0
trace-151,clock-interval,1,6,no-ancestor-revocation,,,0,0,0
trace-151,clock-interval,1,6,no-alias-obligations,,node-0042,1,1,1
trace-151,clock-interval,1,6,top-one,,,0,0,0
trace-151,clock-interval,1,6,expiry-skyline,,,0,0,0
trace-151,clock-interval,1,7,direct,,,0,0,0
trace-151,clock-interval,1,7,verified,,,0,0,0
trace-151,clock-interval,1,7,full-compiled,,,0,0,0
trace-151,clock-interval,1,7,timestamp-only,,,0,0,0
trace-151,clock-interval,1,7,no-ancestor-expiry,,,0,0,0
trace-151,clock-interval,1,7,no-ancestor-revocation,,,0,0,0
trace-151,clock-interval,1,7,no-alias-obligations,,,0,0,0
trace-151,clock-interval,1,7,top-one,,,0,0,0
trace-151,clock-interval,1,7,expiry-skyline,,,0,0,0
trace-151,clock-interval,1,8,direct,node-0091,node-0091,0,0,0
trace-151,clock-interval,1,8,verified,node-0091,node-0091,0,0,0
trace-151,clock-interval,1,8,full-compiled,node-0091,node-0091,0,0,0
trace-151,clock-interval,1,8,timestamp-only,node-0091,node-0091,0,0,0
trace-151,clock-interval,1,8,no-ancestor-expiry,node-0091,node-0091,0,0,0
trace-151,clock-interval,1,8,no-ancestor-revocation,node-0091,node-0091,0,0,0
trace-151,clock-interval,1,8,no-alias-obligations,node-0091,node-0091,0,0,0
trace-151,clock-interval,1,8,top-one,node-0091,node-0091,0,0,0
trace-151,clock-interval,1,8,expiry-skyline,node-0091,node-0091,0,0,0
trace-151,clock-interval,1,9,direct,node-0091,node-0091,0,0,0
trace-151,clock-interval,1,9,verified,node-0091,node-0091,0,0,0
trace-151,clock-interval,1,9,full-compiled,node-0091,node-0091,0,0,0
trace-151,clock-interval,1,9,timestamp-only,node-0091,node-0091,0,0,0
trace-151,clock-interval,1,9,no-ancestor-expiry,node-0091,node-0091,0,0,0
trace-151,clock-interval,1,9,no-ancestor-revocation,node-0091,node-0091,0,0,0
trace-151,clock-interval,1,9,no-alias-obligations,node-0091,node-0091,0,0,0
trace-151,clock-interval,1,9,top-one,node-0091,node-0091,0,0,0
trace-151,clock-interval,1,9,expiry-skyline,node-0091,node-0091,0,0,0
trace-151,clock-interval,1,10,direct,node-0091,node-0091,0,0,0
trace-151,clock-interval,1,10,verified,node-0091,node-0091,0,0,0
trace-151,clock-interval,1,10,full-compiled,node-0091,node-0091,0,0,0
trace-151,clock-interval,1,10,timestamp-only,node-0091,node-0091,0,0,0
trace-151,clock-interval,1,10,no-ancestor-expiry,node-0091,node-0091,0,0,0
trace-151,clock-interval,1,10,no-ancestor-revocation,node-0091,node-0091,0,0,0
trace-151,clock-interval,1,10,no-alias-obligations,node-0091,node-0091,0,0,0
trace-151,clock-interval,1,10,top-one,node-0091,node-0091,0,0,0
trace-151,clock-interval,1,10,expiry-skyline,node-0091,node-0091,0,0,0
trace-151,clock-interval,1,11,direct,,,0,0,0
trace-151,clock-interval,1,11,verified,,,0,0,0
trace-151,clock-interval,1,11,full-compiled,,,0,0,0
trace-151,clock-interval,1,11,timestamp-only,,node-0029,1,1,1
trace-151,clock-interval,1,11,no-ancestor-expiry,,,0,0,0
trace-151,clock-interval,1,11,no-ancestor-revocation,,,0,0,0
trace-151,clock-interval,1,11,no-alias-obligations,,node-0029,1,1,1
trace-151,clock-interval,1,11,top-one,,,0,0,0
trace-151,clock-interval,1,11,expiry-skyline,,,0,0,0
trace-152,clock-interval,0,0,direct,node-0080,node-0080,0,0,0
trace-152,clock-interval,0,0,verified,node-0080,node-0080,0,0,0
trace-152,clock-interval,0,0,full-compiled,node-0080,node-0080,0,0,0
trace-152,clock-interval,0,0,timestamp-only,node-0080,node-0080,0,0,0
trace-152,clock-interval,0,0,no-ancestor-expiry,node-0080,node-0080,0,0,0
trace-152,clock-interval,0,0,no-ancestor-revocation,node-0080,node-0080,0,0,0
trace-152,clock-interval,0,0,no-alias-obligations,node-0080,node-0080,0,0,0
trace-152,clock-interval,0,0,top-one,node-0080,node-0080,0,0,0
trace-152,clock-interval,0,0,expiry-skyline,node-0080,node-0080,0,0,0
trace-152,clock-interval,0,1,direct,node-0080,node-0080,0,0,0
trace-152,clock-interval,0,1,verified,node-0080,node-0080,0,0,0
trace-152,clock-interval,0,1,full-compiled,node-0080,node-0080,0,0,0
trace-152,clock-interval,0,1,timestamp-only,node-0080,node-0080,0,0,0
trace-152,clock-interval,0,1,no-ancestor-expiry,node-0080,node-0080,0,0,0
trace-152,clock-interval,0,1,no-ancestor-revocation,node-0080,node-0080,0,0,0
trace-152,clock-interval,0,1,no-alias-obligations,node-0080,node-0080,0,0,0
trace-152,clock-interval,0,1,top-one,node-0080,node-0080,0,0,0
trace-152,clock-interval,0,1,expiry-skyline,node-0080,node-0080,0,0,0
trace-152,clock-interval,0,2,direct,node-0000,node-0000,0,0,0
trace-152,clock-interval,0,2,verified,node-0000,node-0000,0,0,0
trace-152,clock-interval,0,2,full-compiled,node-0000,node-0000,0,0,0
trace-152,clock-interval,0,2,timestamp-only,node-0000,node-0019,1,1,1
trace-152,clock-interval,0,2,no-ancestor-expiry,node-0000,node-0000,0,0,0
trace-152,clock-interval,0,2,no-ancestor-revocation,node-0000,node-0000,0,0,0
trace-152,clock-interval,0,2,no-alias-obligations,node-0000,node-0019,1,1,1
trace-152,clock-interval,0,2,top-one,node-0000,,1,1,0
trace-152,clock-interval,0,2,expiry-skyline,node-0000,node-0032,1,0,0
trace-152,clock-interval,0,3,direct,node-0080,node-0080,0,0,0
trace-152,clock-interval,0,3,verified,node-0080,node-0080,0,0,0
trace-152,clock-interval,0,3,full-compiled,node-0080,node-0080,0,0,0
trace-152,clock-interval,0,3,timestamp-only,node-0080,node-0080,0,0,0
trace-152,clock-interval,0,3,no-ancestor-expiry,node-0080,node-0080,0,0,0
trace-152,clock-interval,0,3,no-ancestor-revocation,node-0080,node-0080,0,0,0
trace-152,clock-interval,0,3,no-alias-obligations,node-0080,node-0080,0,0,0
trace-152,clock-interval,0,3,top-one,node-0080,node-0080,0,0,0
trace-152,clock-interval,0,3,expiry-skyline,node-0080,node-0080,0,0,0
trace-152,clock-interval,0,4,direct,node-0080,node-0080,0,0,0
trace-152,clock-interval,0,4,verified,node-0080,node-0080,0,0,0
trace-152,clock-interval,0,4,full-compiled,node-0080,node-0080,0,0,0
trace-152,clock-interval,0,4,timestamp-only,node-0080,node-0080,0,0,0
trace-152,clock-interval,0,4,no-ancestor-expiry,node-0080,node-0080,0,0,0
trace-152,clock-interval,0,4,no-ancestor-revocation,node-0080,node-0080,0,0,0
trace-152,clock-interval,0,4,no-alias-obligations,node-0080,node-0080,0,0,0
trace-152,clock-interval,0,4,top-one,node-0080,node-0080,0,0,0
trace-152,clock-interval,0,4,expiry-skyline,node-0080,node-0080,0,0,0
trace-152,clock-interval,0,5,direct,node-0037,node-0037,0,0,0
trace-152,clock-interval,0,5,verified,node-0037,node-0037,0,0,0
trace-152,clock-interval,0,5,full-compiled,node-0037,node-0037,0,0,0
trace-152,clock-interval,0,5,timestamp-only,node-0037,node-0037,0,0,0
trace-152,clock-interval,0,5,no-ancestor-expiry,node-0037,node-0037,0,0,0
trace-152,clock-interval,0,5,no-ancestor-revocation,node-0037,node-0037,0,0,0
trace-152,clock-interval,0,5,no-alias-obligations,node-0037,node-0037,0,0,0
trace-152,clock-interval,0,5,top-one,node-0037,,1,1,0
trace-152,clock-interval,0,5,expiry-skyline,node-0037,node-0037,0,0,0
trace-152,clock-interval,0,6,direct,,,0,0,0
trace-152,clock-interval,0,6,verified,,,0,0,0
trace-152,clock-interval,0,6,full-compiled,,,0,0,0
trace-152,clock-interval,0,6,timestamp-only,,node-0054,1,1,1
trace-152,clock-interval,0,6,no-ancestor-expiry,,,0,0,0
trace-152,clock-interval,0,6,no-ancestor-revocation,,,0,0,0
trace-152,clock-interval,0,6,no-alias-obligations,,node-0054,1,1,1
trace-152,clock-interval,0,6,top-one,,,0,0,0
trace-152,clock-interval,0,6,expiry-skyline,,,0,0,0
trace-152,clock-interval,0,7,direct,,,0,0,0
trace-152,clock-interval,0,7,verified,,,0,0,0
trace-152,clock-interval,0,7,full-compiled,,,0,0,0
trace-152,clock-interval,0,7,timestamp-only,,,0,0,0
trace-152,clock-interval,0,7,no-ancestor-expiry,,,0,0,0
trace-152,clock-interval,0,7,no-ancestor-revocation,,,0,0,0
trace-152,clock-interval,0,7,no-alias-obligations,,,0,0,0
trace-152,clock-interval,0,7,top-one,,,0,0,0
trace-152,clock-interval,0,7,expiry-skyline,,,0,0,0
trace-152,clock-interval,0,8,direct,node-0080,node-0080,0,0,0
trace-152,clock-interval,0,8,verified,node-0080,node-0080,0,0,0
trace-152,clock-interval,0,8,full-compiled,node-0080,node-0080,0,0,0
trace-152,clock-interval,0,8,timestamp-only,node-0080,node-0080,0,0,0
trace-152,clock-interval,0,8,no-ancestor-expiry,node-0080,node-0080,0,0,0
trace-152,clock-interval,0,8,no-ancestor-revocation,node-0080,node-0080,0,0,0
trace-152,clock-interval,0,8,no-alias-obligations,node-0080,node-0080,0,0,0
trace-152,clock-interval,0,8,top-one,node-0080,node-0080,0,0,0
trace-152,clock-interval,0,8,expiry-skyline,node-0080,node-0080,0,0,0
trace-152,clock-interval,0,9,direct,node-0080,node-0080,0,0,0
trace-152,clock-interval,0,9,verified,node-0080,node-0080,0,0,0
trace-152,clock-interval,0,9,full-compiled,node-0080,node-0080,0,0,0
trace-152,clock-interval,0,9,timestamp-only,node-0080,node-0080,0,0,0
trace-152,clock-interval,0,9,no-ancestor-expiry,node-0080,node-0080,0,0,0
trace-152,clock-interval,0,9,no-ancestor-revocation,node-0080,node-0080,0,0,0
trace-152,clock-interval,0,9,no-alias-obligations,node-0080,node-0080,0,0,0
trace-152,clock-interval,0,9,top-one,node-0080,node-0080,0,0,0
trace-152,clock-interval,0,9,expiry-skyline,node-0080,node-0080,0,0,0
trace-152,clock-interval,0,10,direct,node-0037,node-0037,0,0,0
trace-152,clock-interval,0,10,verified,node-0037,node-0037,0,0,0
trace-152,clock-interval,0,10,full-compiled,node-0037,node-0037,0,0,0
trace-152,clock-interval,0,10,timestamp-only,node-0037,node-0037,0,0,0
trace-152,clock-interval,0,10,no-ancestor-expiry,node-0037,node-0037,0,0,0
trace-152,clock-interval,0,10,no-ancestor-revocation,node-0037,node-0037,0,0,0
trace-152,clock-interval,0,10,no-alias-obligations,node-0037,node-0037,0,0,0
trace-152,clock-interval,0,10,top-one,node-0037,,1,1,0
trace-152,clock-interval,0,10,expiry-skyline,node-0037,node-0037,0,0,0
trace-152,clock-interval,0,11,direct,node-0016,node-0016,0,0,0
trace-152,clock-interval,0,11,verified,node-0016,node-0016,0,0,0
trace-152,clock-interval,0,11,full-compiled,node-0016,node-0016,0,0,0
trace-152,clock-interval,0,11,timestamp-only,node-0016,node-0019,1,1,1
trace-152,clock-interval,0,11,no-ancestor-expiry,node-0016,node-0016,0,0,0
trace-152,clock-interval,0,11,no-ancestor-revocation,node-0016,node-0016,0,0,0
trace-152,clock-interval,0,11,no-alias-obligations,node-0016,node-0019,1,1,1
trace-152,clock-interval,0,11,top-one,node-0016,,1,1,0
trace-152,clock-interval,0,11,expiry-skyline,node-0016,,1,1,0
trace-152,clock-interval,1,0,direct,node-0075,node-0075,0,0,0
trace-152,clock-interval,1,0,verified,node-0075,node-0075,0,0,0
trace-152,clock-interval,1,0,full-compiled,node-0075,node-0075,0,0,0
trace-152,clock-interval,1,0,timestamp-only,node-0075,node-0075,0,0,0
trace-152,clock-interval,1,0,no-ancestor-expiry,node-0075,node-0075,0,0,0
trace-152,clock-interval,1,0,no-ancestor-revocation,node-0075,node-0075,0,0,0
trace-152,clock-interval,1,0,no-alias-obligations,node-0075,node-0075,0,0,0
trace-152,clock-interval,1,0,top-one,node-0075,node-0075,0,0,0
trace-152,clock-interval,1,0,expiry-skyline,node-0075,node-0075,0,0,0
trace-152,clock-interval,1,1,direct,node-0075,node-0075,0,0,0
trace-152,clock-interval,1,1,verified,node-0075,node-0075,0,0,0
trace-152,clock-interval,1,1,full-compiled,node-0075,node-0075,0,0,0
trace-152,clock-interval,1,1,timestamp-only,node-0075,node-0075,0,0,0
trace-152,clock-interval,1,1,no-ancestor-expiry,node-0075,node-0075,0,0,0
trace-152,clock-interval,1,1,no-ancestor-revocation,node-0075,node-0075,0,0,0
trace-152,clock-interval,1,1,no-alias-obligations,node-0075,node-0075,0,0,0
trace-152,clock-interval,1,1,top-one,node-0075,node-0075,0,0,0
trace-152,clock-interval,1,1,expiry-skyline,node-0075,node-0075,0,0,0
trace-152,clock-interval,1,2,direct,node-0079,node-0079,0,0,0
trace-152,clock-interval,1,2,verified,node-0079,node-0079,0,0,0
trace-152,clock-interval,1,2,full-compiled,node-0079,node-0079,0,0,0
trace-152,clock-interval,1,2,timestamp-only,node-0079,node-0045,1,1,1
trace-152,clock-interval,1,2,no-ancestor-expiry,node-0079,node-0079,0,0,0
trace-152,clock-interval,1,2,no-ancestor-revocation,node-0079,node-0079,0,0,0
trace-152,clock-interval,1,2,no-alias-obligations,node-0079,node-0045,1,1,1
trace-152,clock-interval,1,2,top-one,node-0079,,1,1,0
trace-152,clock-interval,1,2,expiry-skyline,node-0079,,1,1,0
trace-152,clock-interval,1,3,direct,node-0030,node-0030,0,0,0
trace-152,clock-interval,1,3,verified,node-0030,node-0030,0,0,0
trace-152,clock-interval,1,3,full-compiled,node-0030,node-0030,0,0,0
trace-152,clock-interval,1,3,timestamp-only,node-0030,node-0075,1,1,1
trace-152,clock-interval,1,3,no-ancestor-expiry,node-0030,node-0030,0,0,0
trace-152,clock-interval,1,3,no-ancestor-revocation,node-0030,node-0030,0,0,0
trace-152,clock-interval,1,3,no-alias-obligations,node-0030,node-0075,1,1,1
trace-152,clock-interval,1,3,top-one,node-0030,,1,1,0
trace-152,clock-interval,1,3,expiry-skyline,node-0030,node-0089,1,1,0
trace-152,clock-interval,1,4,direct,node-0075,node-0075,0,0,0
trace-152,clock-interval,1,4,verified,node-0075,node-0075,0,0,0
trace-152,clock-interval,1,4,full-compiled,node-0075,node-0075,0,0,0
trace-152,clock-interval,1,4,timestamp-only,node-0075,node-0075,0,0,0
trace-152,clock-interval,1,4,no-ancestor-expiry,node-0075,node-0075,0,0,0
trace-152,clock-interval,1,4,no-ancestor-revocation,node-0075,node-0075,0,0,0
trace-152,clock-interval,1,4,no-alias-obligations,node-0075,node-0075,0,0,0
trace-152,clock-interval,1,4,top-one,node-0075,node-0075,0,0,0
trace-152,clock-interval,1,4,expiry-skyline,node-0075,node-0075,0,0,0
trace-152,clock-interval,1,5,direct,node-0089,node-0089,0,0,0
trace-152,clock-interval,1,5,verified,node-0089,node-0089,0,0,0
trace-152,clock-interval,1,5,full-compiled,node-0089,node-0089,0,0,0
trace-152,clock-interval,1,5,timestamp-only,node-0089,node-0075,1,0,1
trace-152,clock-interval,1,5,no-ancestor-expiry,node-0089,node-0089,0,0,0
trace-152,clock-interval,1,5,no-ancestor-revocation,node-0089,node-0089,0,0,0
trace-152,clock-interval,1,5,no-alias-obligations,node-0089,node-0075,1,0,1
trace-152,clock-interval,1,5,top-one,node-0089,,1,1,0
trace-152,clock-interval,1,5,expiry-skyline,node-0089,node-0089,0,0,0
trace-152,clock-interval,1,6,direct,node-0008,node-0008,0,0,0
trace-152,clock-interval,1,6,verified,node-0008,node-0008,0,0,0
trace-152,clock-interval,1,6,full-compiled,node-0008,node-0008,0,0,0
trace-152,clock-interval,1,6,timestamp-only,node-0008,node-0030,1,0,1
trace-152,clock-interval,1,6,no-ancestor-expiry,node-0008,node-0008,0,0,0
trace-152,clock-interval,1,6,no-ancestor-revocation,node-0008,node-0008,0,0,0
trace-152,clock-interval,1,6,no-alias-obligations,node-0008,node-0030,1,0,1
trace-152,clock-interval,1,6,top-one,node-0008,,1,1,0
trace-152,clock-interval,1,6,expiry-skyline,node-0008,node-0008,0,0,0
trace-152,clock-interval,1,7,direct,,,0,0,0
trace-152,clock-interval,1,7,verified,,,0,0,0
trace-152,clock-interval,1,7,full-compiled,,,0,0,0
trace-152,clock-interval,1,7,timestamp-only,,,0,0,0
trace-152,clock-interval,1,7,no-ancestor-expiry,,,0,0,0
trace-152,clock-interval,1,7,no-ancestor-revocation,,,0,0,0
trace-152,clock-interval,1,7,no-alias-obligations,,,0,0,0
trace-152,clock-interval,1,7,top-one,,,0,0,0
trace-152,clock-interval,1,7,expiry-skyline,,,0,0,0
trace-152,clock-interval,1,8,direct,node-0075,node-0075,0,0,0
trace-152,clock-interval,1,8,verified,node-0075,node-0075,0,0,0
trace-152,clock-interval,1,8,full-compiled,node-0075,node-0075,0,0,0
trace-152,clock-interval,1,8,timestamp-only,node-0075,node-0075,0,0,0
trace-152,clock-interval,1,8,no-ancestor-expiry,node-0075,node-0075,0,0,0
trace-152,clock-interval,1,8,no-ancestor-revocation,node-0075,node-0075,0,0,0
trace-152,clock-interval,1,8,no-alias-obligations,node-0075,node-0075,0,0,0
trace-152,clock-interval,1,8,top-one,node-0075,node-0075,0,0,0
trace-152,clock-interval,1,8,expiry-skyline,node-0075,node-0075,0,0,0
trace-152,clock-interval,1,9,direct,node-0030,node-0030,0,0,0
trace-152,clock-interval,1,9,verified,node-0030,node-0030,0,0,0
trace-152,clock-interval,1,9,full-compiled,node-0030,node-0030,0,0,0
trace-152,clock-interval,1,9,timestamp-only,node-0030,node-0075,1,1,1
trace-152,clock-interval,1,9,no-ancestor-expiry,node-0030,node-0030,0,0,0
trace-152,clock-interval,1,9,no-ancestor-revocation,node-0030,node-0030,0,0,0
trace-152,clock-interval,1,9,no-alias-obligations,node-0030,node-0075,1,1,1
trace-152,clock-interval,1,9,top-one,node-0030,,1,1,0
trace-152,clock-interval,1,9,expiry-skyline,node-0030,node-0089,1,1,0
trace-152,clock-interval,1,10,direct,node-0089,node-0089,0,0,0
trace-152,clock-interval,1,10,verified,node-0089,node-0089,0,0,0
trace-152,clock-interval,1,10,full-compiled,node-0089,node-0089,0,0,0
trace-152,clock-interval,1,10,timestamp-only,node-0089,node-0075,1,0,1
trace-152,clock-interval,1,10,no-ancestor-expiry,node-0089,node-0089,0,0,0
trace-152,clock-interval,1,10,no-ancestor-revocation,node-0089,node-0089,0,0,0
trace-152,clock-interval,1,10,no-alias-obligations,node-0089,node-0075,1,0,1
trace-152,clock-interval,1,10,top-one,node-0089,,1,1,0
trace-152,clock-interval,1,10,expiry-skyline,node-0089,node-0089,0,0,0
trace-152,clock-interval,1,11,direct,,,0,0,0
trace-152,clock-interval,1,11,verified,,,0,0,0
trace-152,clock-interval,1,11,full-compiled,,,0,0,0
trace-152,clock-interval,1,11,timestamp-only,,node-0045,1,1,1
trace-152,clock-interval,1,11,no-ancestor-expiry,,,0,0,0
trace-152,clock-interval,1,11,no-ancestor-revocation,,,0,0,0
trace-152,clock-interval,1,11,no-alias-obligations,,node-0045,1,1,1
trace-152,clock-interval,1,11,top-one,,,0,0,0
trace-152,clock-interval,1,11,expiry-skyline,,,0,0,0
trace-153,clock-interval,0,0,direct,node-0068,node-0068,0,0,0
trace-153,clock-interval,0,0,verified,node-0068,node-0068,0,0,0
trace-153,clock-interval,0,0,full-compiled,node-0068,node-0068,0,0,0
trace-153,clock-interval,0,0,timestamp-only,node-0068,node-0068,0,0,0
trace-153,clock-interval,0,0,no-ancestor-expiry,node-0068,node-0068,0,0,0
trace-153,clock-interval,0,0,no-ancestor-revocation,node-0068,node-0068,0,0,0
trace-153,clock-interval,0,0,no-alias-obligations,node-0068,node-0068,0,0,0
trace-153,clock-interval,0,0,top-one,node-0068,node-0068,0,0,0
trace-153,clock-interval,0,0,expiry-skyline,node-0068,node-0068,0,0,0
trace-153,clock-interval,0,1,direct,node-0068,node-0068,0,0,0
trace-153,clock-interval,0,1,verified,node-0068,node-0068,0,0,0
trace-153,clock-interval,0,1,full-compiled,node-0068,node-0068,0,0,0
trace-153,clock-interval,0,1,timestamp-only,node-0068,node-0068,0,0,0
trace-153,clock-interval,0,1,no-ancestor-expiry,node-0068,node-0068,0,0,0
trace-153,clock-interval,0,1,no-ancestor-revocation,node-0068,node-0068,0,0,0
trace-153,clock-interval,0,1,no-alias-obligations,node-0068,node-0068,0,0,0
trace-153,clock-interval,0,1,top-one,node-0068,node-0068,0,0,0
trace-153,clock-interval,0,1,expiry-skyline,node-0068,node-0068,0,0,0
trace-153,clock-interval,0,2,direct,node-0032,node-0032,0,0,0
trace-153,clock-interval,0,2,verified,node-0032,node-0032,0,0,0
trace-153,clock-interval,0,2,full-compiled,node-0032,node-0032,0,0,0
trace-153,clock-interval,0,2,timestamp-only,node-0032,node-0054,1,1,1
trace-153,clock-interval,0,2,no-ancestor-expiry,node-0032,node-0032,0,0,0
trace-153,clock-interval,0,2,no-ancestor-revocation,node-0032,node-0032,0,0,0
trace-153,clock-interval,0,2,no-alias-obligations,node-0032,node-0054,1,1,1
trace-153,clock-interval,0,2,top-one,node-0032,,1,1,0
trace-153,clock-interval,0,2,expiry-skyline,node-0032,,1,1,0
trace-153,clock-interval,0,3,direct,node-0068,node-0068,0,0,0
trace-153,clock-interval,0,3,verified,node-0068,node-0068,0,0,0
trace-153,clock-interval,0,3,full-compiled,node-0068,node-0068,0,0,0
trace-153,clock-interval,0,3,timestamp-only,node-0068,node-0068,0,0,0
trace-153,clock-interval,0,3,no-ancestor-expiry,node-0068,node-0068,0,0,0
trace-153,clock-interval,0,3,no-ancestor-revocation,node-0068,node-0068,0,0,0
trace-153,clock-interval,0,3,no-alias-obligations,node-0068,node-0068,0,0,0
trace-153,clock-interval,0,3,top-one,node-0068,node-0068,0,0,0
trace-153,clock-interval,0,3,expiry-skyline,node-0068,node-0068,0,0,0
trace-153,clock-interval,0,4,direct,node-0068,node-0068,0,0,0
trace-153,clock-interval,0,4,verified,node-0068,node-0068,0,0,0
trace-153,clock-interval,0,4,full-compiled,node-0068,node-0068,0,0,0
trace-153,clock-interval,0,4,timestamp-only,node-0068,node-0068,0,0,0
trace-153,clock-interval,0,4,no-ancestor-expiry,node-0068,node-0068,0,0,0
trace-153,clock-interval,0,4,no-ancestor-revocation,node-0068,node-0068,0,0,0
trace-153,clock-interval,0,4,no-alias-obligations,node-0068,node-0068,0,0,0
trace-153,clock-interval,0,4,top-one,node-0068,node-0068,0,0,0
trace-153,clock-interval,0,4,expiry-skyline,node-0068,node-0068,0,0,0
trace-153,clock-interval,0,5,direct,node-0068,node-0068,0,0,0
trace-153,clock-interval,0,5,verified,node-0068,node-0068,0,0,0
trace-153,clock-interval,0,5,full-compiled,node-0068,node-0068,0,0,0
trace-153,clock-interval,0,5,timestamp-only,node-0068,node-0068,0,0,0
trace-153,clock-interval,0,5,no-ancestor-expiry,node-0068,node-0068,0,0,0
trace-153,clock-interval,0,5,no-ancestor-revocation,node-0068,node-0068,0,0,0
trace-153,clock-interval,0,5,no-alias-obligations,node-0068,node-0068,0,0,0
trace-153,clock-interval,0,5,top-one,node-0068,node-0068,0,0,0
trace-153,clock-interval,0,5,expiry-skyline,node-0068,node-0068,0,0,0
trace-153,clock-interval,0,6,direct,,,0,0,0
trace-153,clock-interval,0,6,verified,,,0,0,0
trace-153,clock-interval,0,6,full-compiled,,,0,0,0
trace-153,clock-interval,0,6,timestamp-only,,node-0023,1,1,1
trace-153,clock-interval,0,6,no-ancestor-expiry,,,0,0,0
trace-153,clock-interval,0,6,no-ancestor-revocation,,,0,0,0
trace-153,clock-interval,0,6,no-alias-obligations,,node-0023,1,1,1
trace-153,clock-interval,0,6,top-one,,,0,0,0
trace-153,clock-interval,0,6,expiry-skyline,,,0,0,0
trace-153,clock-interval,0,7,direct,,,0,0,0
trace-153,clock-interval,0,7,verified,,,0,0,0
trace-153,clock-interval,0,7,full-compiled,,,0,0,0
trace-153,clock-interval,0,7,timestamp-only,,,0,0,0
trace-153,clock-interval,0,7,no-ancestor-expiry,,,0,0,0
trace-153,clock-interval,0,7,no-ancestor-revocation,,,0,0,0
trace-153,clock-interval,0,7,no-alias-obligations,,,0,0,0
trace-153,clock-interval,0,7,top-one,,,0,0,0
trace-153,clock-interval,0,7,expiry-skyline,,,0,0,0
trace-153,clock-interval,0,8,direct,node-0068,node-0068,0,0,0
trace-153,clock-interval,0,8,verified,node-0068,node-0068,0,0,0
trace-153,clock-interval,0,8,full-compiled,node-0068,node-0068,0,0,0
trace-153,clock-interval,0,8,timestamp-only,node-0068,node-0068,0,0,0
trace-153,clock-interval,0,8,no-ancestor-expiry,node-0068,node-0068,0,0,0
trace-153,clock-interval,0,8,no-ancestor-revocation,node-0068,node-0068,0,0,0
trace-153,clock-interval,0,8,no-alias-obligations,node-0068,node-0068,0,0,0
trace-153,clock-interval,0,8,top-one,node-0068,node-0068,0,0,0
trace-153,clock-interval,0,8,expiry-skyline,node-0068,node-0068,0,0,0
trace-153,clock-interval,0,9,direct,node-0068,node-0068,0,0,0
trace-153,clock-interval,0,9,verified,node-0068,node-0068,0,0,0
trace-153,clock-interval,0,9,full-compiled,node-0068,node-0068,0,0,0
trace-153,clock-interval,0,9,timestamp-only,node-0068,node-0068,0,0,0
trace-153,clock-interval,0,9,no-ancestor-expiry,node-0068,node-0068,0,0,0
trace-153,clock-interval,0,9,no-ancestor-revocation,node-0068,node-0068,0,0,0
trace-153,clock-interval,0,9,no-alias-obligations,node-0068,node-0068,0,0,0
trace-153,clock-interval,0,9,top-one,node-0068,node-0068,0,0,0
trace-153,clock-interval,0,9,expiry-skyline,node-0068,node-0068,0,0,0
trace-153,clock-interval,0,10,direct,node-0068,node-0068,0,0,0
trace-153,clock-interval,0,10,verified,node-0068,node-0068,0,0,0
trace-153,clock-interval,0,10,full-compiled,node-0068,node-0068,0,0,0
trace-153,clock-interval,0,10,timestamp-only,node-0068,node-0068,0,0,0
trace-153,clock-interval,0,10,no-ancestor-expiry,node-0068,node-0068,0,0,0
trace-153,clock-interval,0,10,no-ancestor-revocation,node-0068,node-0068,0,0,0
trace-153,clock-interval,0,10,no-alias-obligations,node-0068,node-0068,0,0,0
trace-153,clock-interval,0,10,top-one,node-0068,node-0068,0,0,0
trace-153,clock-interval,0,10,expiry-skyline,node-0068,node-0068,0,0,0
trace-153,clock-interval,0,11,direct,,,0,0,0
trace-153,clock-interval,0,11,verified,,,0,0,0
trace-153,clock-interval,0,11,full-compiled,,,0,0,0
trace-153,clock-interval,0,11,timestamp-only,,node-0067,1,1,1
trace-153,clock-interval,0,11,no-ancestor-expiry,,,0,0,0
trace-153,clock-interval,0,11,no-ancestor-revocation,,,0,0,0
trace-153,clock-interval,0,11,no-alias-obligations,,node-0067,1,1,1
trace-153,clock-interval,0,11,top-one,,,0,0,0
trace-153,clock-interval,0,11,expiry-skyline,,,0,0,0
trace-153,clock-interval,1,0,direct,node-0079,node-0079,0,0,0
trace-153,clock-interval,1,0,verified,node-0079,node-0079,0,0,0
trace-153,clock-interval,1,0,full-compiled,node-0079,node-0079,0,0,0
trace-153,clock-interval,1,0,timestamp-only,node-0079,node-0079,0,0,0
trace-153,clock-interval,1,0,no-ancestor-expiry,node-0079,node-0079,0,0,0
trace-153,clock-interval,1,0,no-ancestor-revocation,node-0079,node-0079,0,0,0
trace-153,clock-interval,1,0,no-alias-obligations,node-0079,node-0079,0,0,0
trace-153,clock-interval,1,0,top-one,node-0079,node-0079,0,0,0
trace-153,clock-interval,1,0,expiry-skyline,node-0079,node-0079,0,0,0
trace-153,clock-interval,1,1,direct,node-0079,node-0079,0,0,0
trace-153,clock-interval,1,1,verified,node-0079,node-0079,0,0,0
trace-153,clock-interval,1,1,full-compiled,node-0079,node-0079,0,0,0
trace-153,clock-interval,1,1,timestamp-only,node-0079,node-0079,0,0,0
trace-153,clock-interval,1,1,no-ancestor-expiry,node-0079,node-0079,0,0,0
trace-153,clock-interval,1,1,no-ancestor-revocation,node-0079,node-0079,0,0,0
trace-153,clock-interval,1,1,no-alias-obligations,node-0079,node-0079,0,0,0
trace-153,clock-interval,1,1,top-one,node-0079,node-0079,0,0,0
trace-153,clock-interval,1,1,expiry-skyline,node-0079,node-0079,0,0,0
trace-153,clock-interval,1,2,direct,,,0,0,0
trace-153,clock-interval,1,2,verified,,,0,0,0
trace-153,clock-interval,1,2,full-compiled,,,0,0,0
trace-153,clock-interval,1,2,timestamp-only,,node-0094,1,1,1
trace-153,clock-interval,1,2,no-ancestor-expiry,,,0,0,0
trace-153,clock-interval,1,2,no-ancestor-revocation,,node-0047,1,1,1
trace-153,clock-interval,1,2,no-alias-obligations,,node-0094,1,1,1
trace-153,clock-interval,1,2,top-one,,,0,0,0
trace-153,clock-interval,1,2,expiry-skyline,,,0,0,0
trace-153,clock-interval,1,3,direct,node-0079,node-0079,0,0,0
trace-153,clock-interval,1,3,verified,node-0079,node-0079,0,0,0
trace-153,clock-interval,1,3,full-compiled,node-0079,node-0079,0,0,0
trace-153,clock-interval,1,3,timestamp-only,node-0079,node-0079,0,0,0
trace-153,clock-interval,1,3,no-ancestor-expiry,node-0079,node-0079,0,0,0
trace-153,clock-interval,1,3,no-ancestor-revocation,node-0079,node-0079,0,0,0
trace-153,clock-interval,1,3,no-alias-obligations,node-0079,node-0079,0,0,0
trace-153,clock-interval,1,3,top-one,node-0079,node-0079,0,0,0
trace-153,clock-interval,1,3,expiry-skyline,node-0079,node-0079,0,0,0
trace-153,clock-interval,1,4,direct,node-0079,node-0079,0,0,0
trace-153,clock-interval,1,4,verified,node-0079,node-0079,0,0,0
trace-153,clock-interval,1,4,full-compiled,node-0079,node-0079,0,0,0
trace-153,clock-interval,1,4,timestamp-only,node-0079,node-0079,0,0,0
trace-153,clock-interval,1,4,no-ancestor-expiry,node-0079,node-0079,0,0,0
trace-153,clock-interval,1,4,no-ancestor-revocation,node-0079,node-0079,0,0,0
trace-153,clock-interval,1,4,no-alias-obligations,node-0079,node-0079,0,0,0
trace-153,clock-interval,1,4,top-one,node-0079,node-0079,0,0,0
trace-153,clock-interval,1,4,expiry-skyline,node-0079,node-0079,0,0,0
trace-153,clock-interval,1,5,direct,node-0079,node-0079,0,0,0
trace-153,clock-interval,1,5,verified,node-0079,node-0079,0,0,0
trace-153,clock-interval,1,5,full-compiled,node-0079,node-0079,0,0,0
trace-153,clock-interval,1,5,timestamp-only,node-0079,node-0079,0,0,0
trace-153,clock-interval,1,5,no-ancestor-expiry,node-0079,node-0079,0,0,0
trace-153,clock-interval,1,5,no-ancestor-revocation,node-0079,node-0079,0,0,0
trace-153,clock-interval,1,5,no-alias-obligations,node-0079,node-0079,0,0,0
trace-153,clock-interval,1,5,top-one,node-0079,node-0079,0,0,0
trace-153,clock-interval,1,5,expiry-skyline,node-0079,node-0079,0,0,0
trace-153,clock-interval,1,6,direct,,,0,0,0
trace-153,clock-interval,1,6,verified,,,0,0,0
trace-153,clock-interval,1,6,full-compiled,,,0,0,0
trace-153,clock-interval,1,6,timestamp-only,,node-0075,1,1,1
trace-153,clock-interval,1,6,no-ancestor-expiry,,,0,0,0
trace-153,clock-interval,1,6,no-ancestor-revocation,,,0,0,0
trace-153,clock-interval,1,6,no-alias-obligations,,node-0075,1,1,1
trace-153,clock-interval,1,6,top-one,,,0,0,0
trace-153,clock-interval,1,6,expiry-skyline,,,0,0,0
trace-153,clock-interval,1,7,direct,,,0,0,0
trace-153,clock-interval,1,7,verified,,,0,0,0
trace-153,clock-interval,1,7,full-compiled,,,0,0,0
trace-153,clock-interval,1,7,timestamp-only,,,0,0,0
trace-153,clock-interval,1,7,no-ancestor-expiry,,,0,0,0
trace-153,clock-interval,1,7,no-ancestor-revocation,,,0,0,0
trace-153,clock-interval,1,7,no-alias-obligations,,,0,0,0
trace-153,clock-interval,1,7,top-one,,,0,0,0
trace-153,clock-interval,1,7,expiry-skyline,,,0,0,0
trace-153,clock-interval,1,8,direct,node-0079,node-0079,0,0,0
trace-153,clock-interval,1,8,verified,node-0079,node-0079,0,0,0
trace-153,clock-interval,1,8,full-compiled,node-0079,node-0079,0,0,0
trace-153,clock-interval,1,8,timestamp-only,node-0079,node-0079,0,0,0
trace-153,clock-interval,1,8,no-ancestor-expiry,node-0079,node-0079,0,0,0
trace-153,clock-interval,1,8,no-ancestor-revocation,node-0079,node-0079,0,0,0
trace-153,clock-interval,1,8,no-alias-obligations,node-0079,node-0079,0,0,0
trace-153,clock-interval,1,8,top-one,node-0079,node-0079,0,0,0
trace-153,clock-interval,1,8,expiry-skyline,node-0079,node-0079,0,0,0
trace-153,clock-interval,1,9,direct,node-0079,node-0079,0,0,0
trace-153,clock-interval,1,9,verified,node-0079,node-0079,0,0,0
trace-153,clock-interval,1,9,full-compiled,node-0079,node-0079,0,0,0
trace-153,clock-interval,1,9,timestamp-only,node-0079,node-0079,0,0,0
trace-153,clock-interval,1,9,no-ancestor-expiry,node-0079,node-0079,0,0,0
trace-153,clock-interval,1,9,no-ancestor-revocation,node-0079,node-0079,0,0,0
trace-153,clock-interval,1,9,no-alias-obligations,node-0079,node-0079,0,0,0
trace-153,clock-interval,1,9,top-one,node-0079,node-0079,0,0,0
trace-153,clock-interval,1,9,expiry-skyline,node-0079,node-0079,0,0,0
trace-153,clock-interval,1,10,direct,node-0079,node-0079,0,0,0
trace-153,clock-interval,1,10,verified,node-0079,node-0079,0,0,0
trace-153,clock-interval,1,10,full-compiled,node-0079,node-0079,0,0,0
trace-153,clock-interval,1,10,timestamp-only,node-0079,node-0079,0,0,0
trace-153,clock-interval,1,10,no-ancestor-expiry,node-0079,node-0079,0,0,0
trace-153,clock-interval,1,10,no-ancestor-revocation,node-0079,node-0079,0,0,0
trace-153,clock-interval,1,10,no-alias-obligations,node-0079,node-0079,0,0,0
trace-153,clock-interval,1,10,top-one,node-0079,node-0079,0,0,0
trace-153,clock-interval,1,10,expiry-skyline,node-0079,node-0079,0,0,0
trace-153,clock-interval,1,11,direct,,,0,0,0
trace-153,clock-interval,1,11,verified,,,0,0,0
trace-153,clock-interval,1,11,full-compiled,,,0,0,0
trace-153,clock-interval,1,11,timestamp-only,,node-0057,1,1,1
trace-153,clock-interval,1,11,no-ancestor-expiry,,,0,0,0
trace-153,clock-interval,1,11,no-ancestor-revocation,,node-0031,1,1,1
trace-153,clock-interval,1,11,no-alias-obligations,,node-0008,1,1,1
trace-153,clock-interval,1,11,top-one,,,0,0,0
trace-153,clock-interval,1,11,expiry-skyline,,,0,0,0
trace-154,clock-interval,0,0,direct,node-0000,node-0000,0,0,0
trace-154,clock-interval,0,0,verified,node-0000,node-0000,0,0,0
trace-154,clock-interval,0,0,full-compiled,node-0000,node-0000,0,0,0
trace-154,clock-interval,0,0,timestamp-only,node-0000,node-0000,0,0,0
trace-154,clock-interval,0,0,no-ancestor-expiry,node-0000,node-0000,0,0,0
trace-154,clock-interval,0,0,no-ancestor-revocation,node-0000,node-0000,0,0,0
trace-154,clock-interval,0,0,no-alias-obligations,node-0000,node-0000,0,0,0
trace-154,clock-interval,0,0,top-one,node-0000,node-0000,0,0,0
trace-154,clock-interval,0,0,expiry-skyline,node-0000,node-0000,0,0,0
trace-154,clock-interval,0,1,direct,node-0000,node-0000,0,0,0
trace-154,clock-interval,0,1,verified,node-0000,node-0000,0,0,0
trace-154,clock-interval,0,1,full-compiled,node-0000,node-0000,0,0,0
trace-154,clock-interval,0,1,timestamp-only,node-0000,node-0000,0,0,0
trace-154,clock-interval,0,1,no-ancestor-expiry,node-0000,node-0000,0,0,0
trace-154,clock-interval,0,1,no-ancestor-revocation,node-0000,node-0000,0,0,0
trace-154,clock-interval,0,1,no-alias-obligations,node-0000,node-0000,0,0,0
trace-154,clock-interval,0,1,top-one,node-0000,node-0000,0,0,0
trace-154,clock-interval,0,1,expiry-skyline,node-0000,node-0000,0,0,0
trace-154,clock-interval,0,2,direct,node-0064,node-0064,0,0,0
trace-154,clock-interval,0,2,verified,node-0064,node-0064,0,0,0
trace-154,clock-interval,0,2,full-compiled,node-0064,node-0064,0,0,0
trace-154,clock-interval,0,2,timestamp-only,node-0064,node-0064,0,0,0
trace-154,clock-interval,0,2,no-ancestor-expiry,node-0064,node-0064,0,0,0
trace-154,clock-interval,0,2,no-ancestor-revocation,node-0064,node-0064,0,0,0
trace-154,clock-interval,0,2,no-alias-obligations,node-0064,node-0064,0,0,0
trace-154,clock-interval,0,2,top-one,node-0064,,1,1,0
trace-154,clock-interval,0,2,expiry-skyline,node-0064,node-0064,0,0,0
trace-154,clock-interval,0,3,direct,node-0000,node-0000,0,0,0
trace-154,clock-interval,0,3,verified,node-0000,node-0000,0,0,0
trace-154,clock-interval,0,3,full-compiled,node-0000,node-0000,0,0,0
trace-154,clock-interval,0,3,timestamp-only,node-0000,node-0000,0,0,0
trace-154,clock-interval,0,3,no-ancestor-expiry,node-0000,node-0000,0,0,0
trace-154,clock-interval,0,3,no-ancestor-revocation,node-0000,node-0000,0,0,0
trace-154,clock-interval,0,3,no-alias-obligations,node-0000,node-0000,0,0,0
trace-154,clock-interval,0,3,top-one,node-0000,node-0000,0,0,0
trace-154,clock-interval,0,3,expiry-skyline,node-0000,node-0000,0,0,0
trace-154,clock-interval,0,4,direct,node-0000,node-0000,0,0,0
trace-154,clock-interval,0,4,verified,node-0000,node-0000,0,0,0
trace-154,clock-interval,0,4,full-compiled,node-0000,node-0000,0,0,0
trace-154,clock-interval,0,4,timestamp-only,node-0000,node-0000,0,0,0
trace-154,clock-interval,0,4,no-ancestor-expiry,node-0000,node-0000,0,0,0
trace-154,clock-interval,0,4,no-ancestor-revocation,node-0000,node-0000,0,0,0
trace-154,clock-interval,0,4,no-alias-obligations,node-0000,node-0000,0,0,0
trace-154,clock-interval,0,4,top-one,node-0000,node-0000,0,0,0
trace-154,clock-interval,0,4,expiry-skyline,node-0000,node-0000,0,0,0
trace-154,clock-interval,0,5,direct,node-0000,node-0000,0,0,0
trace-154,clock-interval,0,5,verified,node-0000,node-0000,0,0,0
trace-154,clock-interval,0,5,full-compiled,node-0000,node-0000,0,0,0
trace-154,clock-interval,0,5,timestamp-only,node-0000,node-0000,0,0,0
trace-154,clock-interval,0,5,no-ancestor-expiry,node-0000,node-0000,0,0,0
trace-154,clock-interval,0,5,no-ancestor-revocation,node-0000,node-0000,0,0,0
trace-154,clock-interval,0,5,no-alias-obligations,node-0000,node-0000,0,0,0
trace-154,clock-interval,0,5,top-one,node-0000,node-0000,0,0,0
trace-154,clock-interval,0,5,expiry-skyline,node-0000,node-0000,0,0,0
trace-154,clock-interval,0,6,direct,node-0000,node-0000,0,0,0
trace-154,clock-interval,0,6,verified,node-0000,node-0000,0,0,0
trace-154,clock-interval,0,6,full-compiled,node-0000,node-0000,0,0,0
trace-154,clock-interval,0,6,timestamp-only,node-0000,node-0000,0,0,0
trace-154,clock-interval,0,6,no-ancestor-expiry,node-0000,node-0000,0,0,0
trace-154,clock-interval,0,6,no-ancestor-revocation,node-0000,node-0000,0,0,0
trace-154,clock-interval,0,6,no-alias-obligations,node-0000,node-0000,0,0,0
trace-154,clock-interval,0,6,top-one,node-0000,node-0000,0,0,0
trace-154,clock-interval,0,6,expiry-skyline,node-0000,node-0000,0,0,0
trace-154,clock-interval,0,7,direct,,,0,0,0
trace-154,clock-interval,0,7,verified,,,0,0,0
trace-154,clock-interval,0,7,full-compiled,,,0,0,0
trace-154,clock-interval,0,7,timestamp-only,,,0,0,0
trace-154,clock-interval,0,7,no-ancestor-expiry,,,0,0,0
trace-154,clock-interval,0,7,no-ancestor-revocation,,,0,0,0
trace-154,clock-interval,0,7,no-alias-obligations,,,0,0,0
trace-154,clock-interval,0,7,top-one,,,0,0,0
trace-154,clock-interval,0,7,expiry-skyline,,,0,0,0
trace-154,clock-interval,0,8,direct,node-0000,node-0000,0,0,0
trace-154,clock-interval,0,8,verified,node-0000,node-0000,0,0,0
trace-154,clock-interval,0,8,full-compiled,node-0000,node-0000,0,0,0
trace-154,clock-interval,0,8,timestamp-only,node-0000,node-0000,0,0,0
trace-154,clock-interval,0,8,no-ancestor-expiry,node-0000,node-0000,0,0,0
trace-154,clock-interval,0,8,no-ancestor-revocation,node-0000,node-0000,0,0,0
trace-154,clock-interval,0,8,no-alias-obligations,node-0000,node-0000,0,0,0
trace-154,clock-interval,0,8,top-one,node-0000,node-0000,0,0,0
trace-154,clock-interval,0,8,expiry-skyline,node-0000,node-0000,0,0,0
trace-154,clock-interval,0,9,direct,node-0000,node-0000,0,0,0
trace-154,clock-interval,0,9,verified,node-0000,node-0000,0,0,0
trace-154,clock-interval,0,9,full-compiled,node-0000,node-0000,0,0,0
trace-154,clock-interval,0,9,timestamp-only,node-0000,node-0000,0,0,0
trace-154,clock-interval,0,9,no-ancestor-expiry,node-0000,node-0000,0,0,0
trace-154,clock-interval,0,9,no-ancestor-revocation,node-0000,node-0000,0,0,0
trace-154,clock-interval,0,9,no-alias-obligations,node-0000,node-0000,0,0,0
trace-154,clock-interval,0,9,top-one,node-0000,node-0000,0,0,0
trace-154,clock-interval,0,9,expiry-skyline,node-0000,node-0000,0,0,0
trace-154,clock-interval,0,10,direct,node-0000,node-0000,0,0,0
trace-154,clock-interval,0,10,verified,node-0000,node-0000,0,0,0
trace-154,clock-interval,0,10,full-compiled,node-0000,node-0000,0,0,0
trace-154,clock-interval,0,10,timestamp-only,node-0000,node-0000,0,0,0
trace-154,clock-interval,0,10,no-ancestor-expiry,node-0000,node-0000,0,0,0
trace-154,clock-interval,0,10,no-ancestor-revocation,node-0000,node-0000,0,0,0
trace-154,clock-interval,0,10,no-alias-obligations,node-0000,node-0000,0,0,0
trace-154,clock-interval,0,10,top-one,node-0000,node-0000,0,0,0
trace-154,clock-interval,0,10,expiry-skyline,node-0000,node-0000,0,0,0
trace-154,clock-interval,0,11,direct,,,0,0,0
trace-154,clock-interval,0,11,verified,,,0,0,0
trace-154,clock-interval,0,11,full-compiled,,,0,0,0
trace-154,clock-interval,0,11,timestamp-only,,,0,0,0
trace-154,clock-interval,0,11,no-ancestor-expiry,,,0,0,0
trace-154,clock-interval,0,11,no-ancestor-revocation,,,0,0,0
trace-154,clock-interval,0,11,no-alias-obligations,,,0,0,0
trace-154,clock-interval,0,11,top-one,,,0,0,0
trace-154,clock-interval,0,11,expiry-skyline,,,0,0,0
trace-154,clock-interval,1,0,direct,node-0079,node-0079,0,0,0
trace-154,clock-interval,1,0,verified,node-0079,node-0079,0,0,0
trace-154,clock-interval,1,0,full-compiled,node-0079,node-0079,0,0,0
trace-154,clock-interval,1,0,timestamp-only,node-0079,node-0079,0,0,0
trace-154,clock-interval,1,0,no-ancestor-expiry,node-0079,node-0079,0,0,0
trace-154,clock-interval,1,0,no-ancestor-revocation,node-0079,node-0079,0,0,0
trace-154,clock-interval,1,0,no-alias-obligations,node-0079,node-0079,0,0,0
trace-154,clock-interval,1,0,top-one,node-0079,node-0079,0,0,0
trace-154,clock-interval,1,0,expiry-skyline,node-0079,node-0079,0,0,0
trace-154,clock-interval,1,1,direct,node-0079,node-0079,0,0,0
trace-154,clock-interval,1,1,verified,node-0079,node-0079,0,0,0
trace-154,clock-interval,1,1,full-compiled,node-0079,node-0079,0,0,0
trace-154,clock-interval,1,1,timestamp-only,node-0079,node-0079,0,0,0
trace-154,clock-interval,1,1,no-ancestor-expiry,node-0079,node-0079,0,0,0
trace-154,clock-interval,1,1,no-ancestor-revocation,node-0079,node-0079,0,0,0
trace-154,clock-interval,1,1,no-alias-obligations,node-0079,node-0079,0,0,0
trace-154,clock-interval,1,1,top-one,node-0079,node-0079,0,0,0
trace-154,clock-interval,1,1,expiry-skyline,node-0079,node-0079,0,0,0
trace-154,clock-interval,1,2,direct,node-0063,node-0063,0,0,0
trace-154,clock-interval,1,2,verified,node-0063,node-0063,0,0,0
trace-154,clock-interval,1,2,full-compiled,node-0063,node-0063,0,0,0
trace-154,clock-interval,1,2,timestamp-only,node-0063,node-0063,0,0,0
trace-154,clock-interval,1,2,no-ancestor-expiry,node-0063,node-0063,0,0,0
trace-154,clock-interval,1,2,no-ancestor-revocation,node-0063,node-0063,0,0,0
trace-154,clock-interval,1,2,no-alias-obligations,node-0063,node-0063,0,0,0
trace-154,clock-interval,1,2,top-one,node-0063,,1,1,0
trace-154,clock-interval,1,2,expiry-skyline,node-0063,node-0063,0,0,0
trace-154,clock-interval,1,3,direct,node-0079,node-0079,0,0,0
trace-154,clock-interval,1,3,verified,node-0079,node-0079,0,0,0
trace-154,clock-interval,1,3,full-compiled,node-0079,node-0079,0,0,0
trace-154,clock-interval,1,3,timestamp-only,node-0079,node-0079,0,0,0
trace-154,clock-interval,1,3,no-ancestor-expiry,node-0079,node-0079,0,0,0
trace-154,clock-interval,1,3,no-ancestor-revocation,node-0079,node-0079,0,0,0
trace-154,clock-interval,1,3,no-alias-obligations,node-0079,node-0079,0,0,0
trace-154,clock-interval,1,3,top-one,node-0079,node-0079,0,0,0
trace-154,clock-interval,1,3,expiry-skyline,node-0079,node-0079,0,0,0
trace-154,clock-interval,1,4,direct,node-0079,node-0079,0,0,0
trace-154,clock-interval,1,4,verified,node-0079,node-0079,0,0,0
trace-154,clock-interval,1,4,full-compiled,node-0079,node-0079,0,0,0
trace-154,clock-interval,1,4,timestamp-only,node-0079,node-0079,0,0,0
trace-154,clock-interval,1,4,no-ancestor-expiry,node-0079,node-0079,0,0,0
trace-154,clock-interval,1,4,no-ancestor-revocation,node-0079,node-0079,0,0,0
trace-154,clock-interval,1,4,no-alias-obligations,node-0079,node-0079,0,0,0
trace-154,clock-interval,1,4,top-one,node-0079,node-0079,0,0,0
trace-154,clock-interval,1,4,expiry-skyline,node-0079,node-0079,0,0,0
trace-154,clock-interval,1,5,direct,node-0079,node-0079,0,0,0
trace-154,clock-interval,1,5,verified,node-0079,node-0079,0,0,0
trace-154,clock-interval,1,5,full-compiled,node-0079,node-0079,0,0,0
trace-154,clock-interval,1,5,timestamp-only,node-0079,node-0079,0,0,0
trace-154,clock-interval,1,5,no-ancestor-expiry,node-0079,node-0079,0,0,0
trace-154,clock-interval,1,5,no-ancestor-revocation,node-0079,node-0079,0,0,0
trace-154,clock-interval,1,5,no-alias-obligations,node-0079,node-0079,0,0,0
trace-154,clock-interval,1,5,top-one,node-0079,node-0079,0,0,0
trace-154,clock-interval,1,5,expiry-skyline,node-0079,node-0079,0,0,0
trace-154,clock-interval,1,6,direct,node-0063,node-0063,0,0,0
trace-154,clock-interval,1,6,verified,node-0063,node-0063,0,0,0
trace-154,clock-interval,1,6,full-compiled,node-0063,node-0063,0,0,0
trace-154,clock-interval,1,6,timestamp-only,node-0063,node-0062,1,1,1
trace-154,clock-interval,1,6,no-ancestor-expiry,node-0063,node-0063,0,0,0
trace-154,clock-interval,1,6,no-ancestor-revocation,node-0063,node-0063,0,0,0
trace-154,clock-interval,1,6,no-alias-obligations,node-0063,node-0062,1,1,1
trace-154,clock-interval,1,6,top-one,node-0063,,1,1,0
trace-154,clock-interval,1,6,expiry-skyline,node-0063,node-0063,0,0,0
trace-154,clock-interval,1,7,direct,,,0,0,0
trace-154,clock-interval,1,7,verified,,,0,0,0
trace-154,clock-interval,1,7,full-compiled,,,0,0,0
trace-154,clock-interval,1,7,timestamp-only,,,0,0,0
trace-154,clock-interval,1,7,no-ancestor-expiry,,,0,0,0
trace-154,clock-interval,1,7,no-ancestor-revocation,,,0,0,0
trace-154,clock-interval,1,7,no-alias-obligations,,,0,0,0
trace-154,clock-interval,1,7,top-one,,,0,0,0
trace-154,clock-interval,1,7,expiry-skyline,,,0,0,0
trace-154,clock-interval,1,8,direct,node-0079,node-0079,0,0,0
trace-154,clock-interval,1,8,verified,node-0079,node-0079,0,0,0
trace-154,clock-interval,1,8,full-compiled,node-0079,node-0079,0,0,0
trace-154,clock-interval,1,8,timestamp-only,node-0079,node-0079,0,0,0
trace-154,clock-interval,1,8,no-ancestor-expiry,node-0079,node-0079,0,0,0
trace-154,clock-interval,1,8,no-ancestor-revocation,node-0079,node-0079,0,0,0
trace-154,clock-interval,1,8,no-alias-obligations,node-0079,node-0079,0,0,0
trace-154,clock-interval,1,8,top-one,node-0079,node-0079,0,0,0
trace-154,clock-interval,1,8,expiry-skyline,node-0079,node-0079,0,0,0
trace-154,clock-interval,1,9,direct,node-0079,node-0079,0,0,0
trace-154,clock-interval,1,9,verified,node-0079,node-0079,0,0,0
trace-154,clock-interval,1,9,full-compiled,node-0079,node-0079,0,0,0
trace-154,clock-interval,1,9,timestamp-only,node-0079,node-0079,0,0,0
trace-154,clock-interval,1,9,no-ancestor-expiry,node-0079,node-0079,0,0,0
trace-154,clock-interval,1,9,no-ancestor-revocation,node-0079,node-0079,0,0,0
trace-154,clock-interval,1,9,no-alias-obligations,node-0079,node-0079,0,0,0
trace-154,clock-interval,1,9,top-one,node-0079,node-0079,0,0,0
trace-154,clock-interval,1,9,expiry-skyline,node-0079,node-0079,0,0,0
trace-154,clock-interval,1,10,direct,node-0079,node-0079,0,0,0
trace-154,clock-interval,1,10,verified,node-0079,node-0079,0,0,0
trace-154,clock-interval,1,10,full-compiled,node-0079,node-0079,0,0,0
trace-154,clock-interval,1,10,timestamp-only,node-0079,node-0079,0,0,0
trace-154,clock-interval,1,10,no-ancestor-expiry,node-0079,node-0079,0,0,0
trace-154,clock-interval,1,10,no-ancestor-revocation,node-0079,node-0079,0,0,0
trace-154,clock-interval,1,10,no-alias-obligations,node-0079,node-0079,0,0,0
trace-154,clock-interval,1,10,top-one,node-0079,node-0079,0,0,0
trace-154,clock-interval,1,10,expiry-skyline,node-0079,node-0079,0,0,0
trace-154,clock-interval,1,11,direct,,,0,0,0
trace-154,clock-interval,1,11,verified,,,0,0,0
trace-154,clock-interval,1,11,full-compiled,,,0,0,0
trace-154,clock-interval,1,11,timestamp-only,,,0,0,0
trace-154,clock-interval,1,11,no-ancestor-expiry,,,0,0,0
trace-154,clock-interval,1,11,no-ancestor-revocation,,,0,0,0
trace-154,clock-interval,1,11,no-alias-obligations,,,0,0,0
trace-154,clock-interval,1,11,top-one,,,0,0,0
trace-154,clock-interval,1,11,expiry-skyline,,,0,0,0
trace-155,clock-interval,0,0,direct,node-0081,node-0081,0,0,0
trace-155,clock-interval,0,0,verified,node-0081,node-0081,0,0,0
trace-155,clock-interval,0,0,full-compiled,node-0081,node-0081,0,0,0
trace-155,clock-interval,0,0,timestamp-only,node-0081,node-0081,0,0,0
trace-155,clock-interval,0,0,no-ancestor-expiry,node-0081,node-0081,0,0,0
trace-155,clock-interval,0,0,no-ancestor-revocation,node-0081,node-0081,0,0,0
trace-155,clock-interval,0,0,no-alias-obligations,node-0081,node-0081,0,0,0
trace-155,clock-interval,0,0,top-one,node-0081,node-0081,0,0,0
trace-155,clock-interval,0,0,expiry-skyline,node-0081,node-0081,0,0,0
trace-155,clock-interval,0,1,direct,node-0081,node-0081,0,0,0
trace-155,clock-interval,0,1,verified,node-0081,node-0081,0,0,0
trace-155,clock-interval,0,1,full-compiled,node-0081,node-0081,0,0,0
trace-155,clock-interval,0,1,timestamp-only,node-0081,node-0081,0,0,0
trace-155,clock-interval,0,1,no-ancestor-expiry,node-0081,node-0081,0,0,0
trace-155,clock-interval,0,1,no-ancestor-revocation,node-0081,node-0081,0,0,0
trace-155,clock-interval,0,1,no-alias-obligations,node-0081,node-0081,0,0,0
trace-155,clock-interval,0,1,top-one,node-0081,node-0081,0,0,0
trace-155,clock-interval,0,1,expiry-skyline,node-0081,node-0081,0,0,0
trace-155,clock-interval,0,2,direct,node-0064,node-0064,0,0,0
trace-155,clock-interval,0,2,verified,node-0064,node-0064,0,0,0
trace-155,clock-interval,0,2,full-compiled,node-0064,node-0064,0,0,0
trace-155,clock-interval,0,2,timestamp-only,node-0064,node-0064,0,0,0
trace-155,clock-interval,0,2,no-ancestor-expiry,node-0064,node-0064,0,0,0
trace-155,clock-interval,0,2,no-ancestor-revocation,node-0064,node-0064,0,0,0
trace-155,clock-interval,0,2,no-alias-obligations,node-0064,node-0064,0,0,0
trace-155,clock-interval,0,2,top-one,node-0064,,1,1,0
trace-155,clock-interval,0,2,expiry-skyline,node-0064,node-0048,1,0,0
trace-155,clock-interval,0,3,direct,node-0081,node-0081,0,0,0
trace-155,clock-interval,0,3,verified,node-0081,node-0081,0,0,0
trace-155,clock-interval,0,3,full-compiled,node-0081,node-0081,0,0,0
trace-155,clock-interval,0,3,timestamp-only,node-0081,node-0081,0,0,0
trace-155,clock-interval,0,3,no-ancestor-expiry,node-0081,node-0081,0,0,0
trace-155,clock-interval,0,3,no-ancestor-revocation,node-0081,node-0081,0,0,0
trace-155,clock-interval,0,3,no-alias-obligations,node-0081,node-0081,0,0,0
trace-155,clock-interval,0,3,top-one,node-0081,node-0081,0,0,0
trace-155,clock-interval,0,3,expiry-skyline,node-0081,node-0081,0,0,0
trace-155,clock-interval,0,4,direct,node-0081,node-0081,0,0,0
trace-155,clock-interval,0,4,verified,node-0081,node-0081,0,0,0
trace-155,clock-interval,0,4,full-compiled,node-0081,node-0081,0,0,0
trace-155,clock-interval,0,4,timestamp-only,node-0081,node-0081,0,0,0
trace-155,clock-interval,0,4,no-ancestor-expiry,node-0081,node-0081,0,0,0
trace-155,clock-interval,0,4,no-ancestor-revocation,node-0081,node-0081,0,0,0
trace-155,clock-interval,0,4,no-alias-obligations,node-0081,node-0081,0,0,0
trace-155,clock-interval,0,4,top-one,node-0081,node-0081,0,0,0
trace-155,clock-interval,0,4,expiry-skyline,node-0081,node-0081,0,0,0
trace-155,clock-interval,0,5,direct,node-0081,node-0081,0,0,0
trace-155,clock-interval,0,5,verified,node-0081,node-0081,0,0,0
trace-155,clock-interval,0,5,full-compiled,node-0081,node-0081,0,0,0
trace-155,clock-interval,0,5,timestamp-only,node-0081,node-0081,0,0,0
trace-155,clock-interval,0,5,no-ancestor-expiry,node-0081,node-0081,0,0,0
trace-155,clock-interval,0,5,no-ancestor-revocation,node-0081,node-0081,0,0,0
trace-155,clock-interval,0,5,no-alias-obligations,node-0081,node-0081,0,0,0
trace-155,clock-interval,0,5,top-one,node-0081,node-0081,0,0,0
trace-155,clock-interval,0,5,expiry-skyline,node-0081,node-0081,0,0,0
trace-155,clock-interval,0,6,direct,,,0,0,0
trace-155,clock-interval,0,6,verified,,,0,0,0
trace-155,clock-interval,0,6,full-compiled,,,0,0,0
trace-155,clock-interval,0,6,timestamp-only,,node-0081,1,1,1
trace-155,clock-interval,0,6,no-ancestor-expiry,,,0,0,0
trace-155,clock-interval,0,6,no-ancestor-revocation,,,0,0,0
trace-155,clock-interval,0,6,no-alias-obligations,,node-0081,1,1,1
trace-155,clock-interval,0,6,top-one,,,0,0,0
trace-155,clock-interval,0,6,expiry-skyline,,,0,0,0
trace-155,clock-interval,0,7,direct,,,0,0,0
trace-155,clock-interval,0,7,verified,,,0,0,0
trace-155,clock-interval,0,7,full-compiled,,,0,0,0
trace-155,clock-interval,0,7,timestamp-only,,,0,0,0
trace-155,clock-interval,0,7,no-ancestor-expiry,,,0,0,0
trace-155,clock-interval,0,7,no-ancestor-revocation,,,0,0,0
trace-155,clock-interval,0,7,no-alias-obligations,,,0,0,0
trace-155,clock-interval,0,7,top-one,,,0,0,0
trace-155,clock-interval,0,7,expiry-skyline,,,0,0,0
trace-155,clock-interval,0,8,direct,node-0081,node-0081,0,0,0
trace-155,clock-interval,0,8,verified,node-0081,node-0081,0,0,0
trace-155,clock-interval,0,8,full-compiled,node-0081,node-0081,0,0,0
trace-155,clock-interval,0,8,timestamp-only,node-0081,node-0081,0,0,0
trace-155,clock-interval,0,8,no-ancestor-expiry,node-0081,node-0081,0,0,0
trace-155,clock-interval,0,8,no-ancestor-revocation,node-0081,node-0081,0,0,0
trace-155,clock-interval,0,8,no-alias-obligations,node-0081,node-0081,0,0,0
trace-155,clock-interval,0,8,top-one,node-0081,node-0081,0,0,0
trace-155,clock-interval,0,8,expiry-skyline,node-0081,node-0081,0,0,0
trace-155,clock-interval,0,9,direct,node-0081,node-0081,0,0,0
trace-155,clock-interval,0,9,verified,node-0081,node-0081,0,0,0
trace-155,clock-interval,0,9,full-compiled,node-0081,node-0081,0,0,0
trace-155,clock-interval,0,9,timestamp-only,node-0081,node-0081,0,0,0
trace-155,clock-interval,0,9,no-ancestor-expiry,node-0081,node-0081,0,0,0
trace-155,clock-interval,0,9,no-ancestor-revocation,node-0081,node-0081,0,0,0
trace-155,clock-interval,0,9,no-alias-obligations,node-0081,node-0081,0,0,0
trace-155,clock-interval,0,9,top-one,node-0081,node-0081,0,0,0
trace-155,clock-interval,0,9,expiry-skyline,node-0081,node-0081,0,0,0
trace-155,clock-interval,0,10,direct,node-0081,node-0081,0,0,0
trace-155,clock-interval,0,10,verified,node-0081,node-0081,0,0,0
trace-155,clock-interval,0,10,full-compiled,node-0081,node-0081,0,0,0
trace-155,clock-interval,0,10,timestamp-only,node-0081,node-0081,0,0,0
trace-155,clock-interval,0,10,no-ancestor-expiry,node-0081,node-0081,0,0,0
trace-155,clock-interval,0,10,no-ancestor-revocation,node-0081,node-0081,0,0,0
trace-155,clock-interval,0,10,no-alias-obligations,node-0081,node-0081,0,0,0
trace-155,clock-interval,0,10,top-one,node-0081,node-0081,0,0,0
trace-155,clock-interval,0,10,expiry-skyline,node-0081,node-0081,0,0,0
trace-155,clock-interval,0,11,direct,,,0,0,0
trace-155,clock-interval,0,11,verified,,,0,0,0
trace-155,clock-interval,0,11,full-compiled,,,0,0,0
trace-155,clock-interval,0,11,timestamp-only,,node-0082,1,1,1
trace-155,clock-interval,0,11,no-ancestor-expiry,,,0,0,0
trace-155,clock-interval,0,11,no-ancestor-revocation,,,0,0,0
trace-155,clock-interval,0,11,no-alias-obligations,,node-0082,1,1,1
trace-155,clock-interval,0,11,top-one,,,0,0,0
trace-155,clock-interval,0,11,expiry-skyline,,,0,0,0
trace-155,clock-interval,1,0,direct,node-0077,node-0077,0,0,0
trace-155,clock-interval,1,0,verified,node-0077,node-0077,0,0,0
trace-155,clock-interval,1,0,full-compiled,node-0077,node-0077,0,0,0
trace-155,clock-interval,1,0,timestamp-only,node-0077,node-0077,0,0,0
trace-155,clock-interval,1,0,no-ancestor-expiry,node-0077,node-0077,0,0,0
trace-155,clock-interval,1,0,no-ancestor-revocation,node-0077,node-0077,0,0,0
trace-155,clock-interval,1,0,no-alias-obligations,node-0077,node-0077,0,0,0
trace-155,clock-interval,1,0,top-one,node-0077,node-0077,0,0,0
trace-155,clock-interval,1,0,expiry-skyline,node-0077,node-0077,0,0,0
trace-155,clock-interval,1,1,direct,node-0031,node-0031,0,0,0
trace-155,clock-interval,1,1,verified,node-0031,node-0031,0,0,0
trace-155,clock-interval,1,1,full-compiled,node-0031,node-0031,0,0,0
trace-155,clock-interval,1,1,timestamp-only,node-0031,node-0077,1,1,1
trace-155,clock-interval,1,1,no-ancestor-expiry,node-0031,node-0031,0,0,0
trace-155,clock-interval,1,1,no-ancestor-revocation,node-0031,node-0077,1,1,1
trace-155,clock-interval,1,1,no-alias-obligations,node-0031,node-0031,0,0,0
trace-155,clock-interval,1,1,top-one,node-0031,,1,1,0
trace-155,clock-interval,1,1,expiry-skyline,node-0031,node-0031,0,0,0
trace-155,clock-interval,1,2,direct,node-0079,node-0079,0,0,0
trace-155,clock-interval,1,2,verified,node-0079,node-0079,0,0,0
trace-155,clock-interval,1,2,full-compiled,node-0079,node-0079,0,0,0
trace-155,clock-interval,1,2,timestamp-only,node-0079,node-0040,1,0,1
trace-155,clock-interval,1,2,no-ancestor-expiry,node-0079,node-0079,0,0,0
trace-155,clock-interval,1,2,no-ancestor-revocation,node-0079,node-0079,0,0,0
trace-155,clock-interval,1,2,no-alias-obligations,node-0079,node-0040,1,0,1
trace-155,clock-interval,1,2,top-one,node-0079,,1,1,0
trace-155,clock-interval,1,2,expiry-skyline,node-0079,,1,1,0
trace-155,clock-interval,1,3,direct,node-0031,node-0031,0,0,0
trace-155,clock-interval,1,3,verified,node-0031,node-0031,0,0,0
trace-155,clock-interval,1,3,full-compiled,node-0031,node-0031,0,0,0
trace-155,clock-interval,1,3,timestamp-only,node-0031,node-0077,1,1,1
trace-155,clock-interval,1,3,no-ancestor-expiry,node-0031,node-0031,0,0,0
trace-155,clock-interval,1,3,no-ancestor-revocation,node-0031,node-0031,0,0,0
trace-155,clock-interval,1,3,no-alias-obligations,node-0031,node-0031,0,0,0
trace-155,clock-interval,1,3,top-one,node-0031,,1,1,0
trace-155,clock-interval,1,3,expiry-skyline,node-0031,node-0031,0,0,0
trace-155,clock-interval,1,4,direct,node-0074,node-0074,0,0,0
trace-155,clock-interval,1,4,verified,node-0074,node-0074,0,0,0
trace-155,clock-interval,1,4,full-compiled,node-0074,node-0074,0,0,0
trace-155,clock-interval,1,4,timestamp-only,node-0074,node-0077,1,1,1
trace-155,clock-interval,1,4,no-ancestor-expiry,node-0074,node-0077,1,1,1
trace-155,clock-interval,1,4,no-ancestor-revocation,node-0074,node-0074,0,0,0
trace-155,clock-interval,1,4,no-alias-obligations,node-0074,node-0074,0,0,0
trace-155,clock-interval,1,4,top-one,node-0074,,1,1,0
trace-155,clock-interval,1,4,expiry-skyline,node-0074,node-0074,0,0,0
trace-155,clock-interval,1,5,direct,node-0014,node-0014,0,0,0
trace-155,clock-interval,1,5,verified,node-0014,node-0014,0,0,0
trace-155,clock-interval,1,5,full-compiled,node-0014,node-0014,0,0,0
trace-155,clock-interval,1,5,timestamp-only,node-0014,node-0014,0,0,0
trace-155,clock-interval,1,5,no-ancestor-expiry,node-0014,node-0014,0,0,0
trace-155,clock-interval,1,5,no-ancestor-revocation,node-0014,node-0014,0,0,0
trace-155,clock-interval,1,5,no-alias-obligations,node-0014,node-0014,0,0,0
trace-155,clock-interval,1,5,top-one,node-0014,,1,1,0
trace-155,clock-interval,1,5,expiry-skyline,node-0014,node-0014,0,0,0
trace-155,clock-interval,1,6,direct,,,0,0,0
trace-155,clock-interval,1,6,verified,,,0,0,0
trace-155,clock-interval,1,6,full-compiled,,,0,0,0
trace-155,clock-interval,1,6,timestamp-only,,node-0094,1,1,1
trace-155,clock-interval,1,6,no-ancestor-expiry,,,0,0,0
trace-155,clock-interval,1,6,no-ancestor-revocation,,,0,0,0
trace-155,clock-interval,1,6,no-alias-obligations,,node-0094,1,1,1
trace-155,clock-interval,1,6,top-one,,,0,0,0
trace-155,clock-interval,1,6,expiry-skyline,,,0,0,0
trace-155,clock-interval,1,7,direct,,,0,0,0
trace-155,clock-interval,1,7,verified,,,0,0,0
trace-155,clock-interval,1,7,full-compiled,,,0,0,0
trace-155,clock-interval,1,7,timestamp-only,,,0,0,0
trace-155,clock-interval,1,7,no-ancestor-expiry,,,0,0,0
trace-155,clock-interval,1,7,no-ancestor-revocation,,,0,0,0
trace-155,clock-interval,1,7,no-alias-obligations,,,0,0,0
trace-155,clock-interval,1,7,top-one,,,0,0,0
trace-155,clock-interval,1,7,expiry-skyline,,,0,0,0
trace-155,clock-interval,1,8,direct,node-0031,node-0031,0,0,0
trace-155,clock-interval,1,8,verified,node-0031,node-0031,0,0,0
trace-155,clock-interval,1,8,full-compiled,node-0031,node-0031,0,0,0
trace-155,clock-interval,1,8,timestamp-only,node-0031,node-0077,1,1,1
trace-155,clock-interval,1,8,no-ancestor-expiry,node-0031,node-0031,0,0,0
trace-155,clock-interval,1,8,no-ancestor-revocation,node-0031,node-0077,1,1,1
trace-155,clock-interval,1,8,no-alias-obligations,node-0031,node-0031,0,0,0
trace-155,clock-interval,1,8,top-one,node-0031,,1,1,0
trace-155,clock-interval,1,8,expiry-skyline,node-0031,node-0031,0,0,0
trace-155,clock-interval,1,9,direct,node-0031,node-0031,0,0,0
trace-155,clock-interval,1,9,verified,node-0031,node-0031,0,0,0
trace-155,clock-interval,1,9,full-compiled,node-0031,node-0031,0,0,0
trace-155,clock-interval,1,9,timestamp-only,node-0031,node-0077,1,1,1
trace-155,clock-interval,1,9,no-ancestor-expiry,node-0031,node-0031,0,0,0
trace-155,clock-interval,1,9,no-ancestor-revocation,node-0031,node-0031,0,0,0
trace-155,clock-interval,1,9,no-alias-obligations,node-0031,node-0031,0,0,0
trace-155,clock-interval,1,9,top-one,node-0031,,1,1,0
trace-155,clock-interval,1,9,expiry-skyline,node-0031,node-0031,0,0,0
trace-155,clock-interval,1,10,direct,node-0014,node-0014,0,0,0
trace-155,clock-interval,1,10,verified,node-0014,node-0014,0,0,0
trace-155,clock-interval,1,10,full-compiled,node-0014,node-0014,0,0,0
trace-155,clock-interval,1,10,timestamp-only,node-0014,node-0077,1,1,1
trace-155,clock-interval,1,10,no-ancestor-expiry,node-0014,node-0014,0,0,0
trace-155,clock-interval,1,10,no-ancestor-revocation,node-0014,node-0014,0,0,0
trace-155,clock-interval,1,10,no-alias-obligations,node-0014,node-0014,0,0,0
trace-155,clock-interval,1,10,top-one,node-0014,,1,1,0
trace-155,clock-interval,1,10,expiry-skyline,node-0014,node-0014,0,0,0
trace-155,clock-interval,1,11,direct,node-0063,node-0063,0,0,0
trace-155,clock-interval,1,11,verified,node-0063,node-0063,0,0,0
trace-155,clock-interval,1,11,full-compiled,node-0063,node-0063,0,0,0
trace-155,clock-interval,1,11,timestamp-only,node-0063,node-0026,1,1,1
trace-155,clock-interval,1,11,no-ancestor-expiry,node-0063,node-0063,0,0,0
trace-155,clock-interval,1,11,no-ancestor-revocation,node-0063,node-0063,0,0,0
trace-155,clock-interval,1,11,no-alias-obligations,node-0063,node-0026,1,1,1
trace-155,clock-interval,1,11,top-one,node-0063,,1,1,0
trace-155,clock-interval,1,11,expiry-skyline,node-0063,,1,1,0
trace-156,clock-interval,0,0,direct,node-0065,node-0065,0,0,0
trace-156,clock-interval,0,0,verified,node-0065,node-0065,0,0,0
trace-156,clock-interval,0,0,full-compiled,node-0065,node-0065,0,0,0
trace-156,clock-interval,0,0,timestamp-only,node-0065,node-0065,0,0,0
trace-156,clock-interval,0,0,no-ancestor-expiry,node-0065,node-0065,0,0,0
trace-156,clock-interval,0,0,no-ancestor-revocation,node-0065,node-0065,0,0,0
trace-156,clock-interval,0,0,no-alias-obligations,node-0065,node-0065,0,0,0
trace-156,clock-interval,0,0,top-one,node-0065,node-0065,0,0,0
trace-156,clock-interval,0,0,expiry-skyline,node-0065,node-0065,0,0,0
trace-156,clock-interval,0,1,direct,node-0065,node-0065,0,0,0
trace-156,clock-interval,0,1,verified,node-0065,node-0065,0,0,0
trace-156,clock-interval,0,1,full-compiled,node-0065,node-0065,0,0,0
trace-156,clock-interval,0,1,timestamp-only,node-0065,node-0065,0,0,0
trace-156,clock-interval,0,1,no-ancestor-expiry,node-0065,node-0065,0,0,0
trace-156,clock-interval,0,1,no-ancestor-revocation,node-0065,node-0065,0,0,0
trace-156,clock-interval,0,1,no-alias-obligations,node-0065,node-0065,0,0,0
trace-156,clock-interval,0,1,top-one,node-0065,node-0065,0,0,0
trace-156,clock-interval,0,1,expiry-skyline,node-0065,node-0065,0,0,0
trace-156,clock-interval,0,2,direct,node-0000,node-0000,0,0,0
trace-156,clock-interval,0,2,verified,node-0000,node-0000,0,0,0
trace-156,clock-interval,0,2,full-compiled,node-0000,node-0000,0,0,0
trace-156,clock-interval,0,2,timestamp-only,node-0000,node-0020,1,1,1
trace-156,clock-interval,0,2,no-ancestor-expiry,node-0000,node-0000,0,0,0
trace-156,clock-interval,0,2,no-ancestor-revocation,node-0000,node-0000,0,0,0
trace-156,clock-interval,0,2,no-alias-obligations,node-0000,node-0020,1,1,1
trace-156,clock-interval,0,2,top-one,node-0000,,1,1,0
trace-156,clock-interval,0,2,expiry-skyline,node-0000,node-0048,1,1,0
trace-156,clock-interval,0,3,direct,node-0065,node-0065,0,0,0
trace-156,clock-interval,0,3,verified,node-0065,node-0065,0,0,0
trace-156,clock-interval,0,3,full-compiled,node-0065,node-0065,0,0,0
trace-156,clock-interval,0,3,timestamp-only,node-0065,node-0065,0,0,0
trace-156,clock-interval,0,3,no-ancestor-expiry,node-0065,node-0065,0,0,0
trace-156,clock-interval,0,3,no-ancestor-revocation,node-0065,node-0065,0,0,0
trace-156,clock-interval,0,3,no-alias-obligations,node-0065,node-0065,0,0,0
trace-156,clock-interval,0,3,top-one,node-0065,node-0065,0,0,0
trace-156,clock-interval,0,3,expiry-skyline,node-0065,node-0065,0,0,0
trace-156,clock-interval,0,4,direct,node-0065,node-0065,0,0,0
trace-156,clock-interval,0,4,verified,node-0065,node-0065,0,0,0
trace-156,clock-interval,0,4,full-compiled,node-0065,node-0065,0,0,0
trace-156,clock-interval,0,4,timestamp-only,node-0065,node-0065,0,0,0
trace-156,clock-interval,0,4,no-ancestor-expiry,node-0065,node-0065,0,0,0
trace-156,clock-interval,0,4,no-ancestor-revocation,node-0065,node-0065,0,0,0
trace-156,clock-interval,0,4,no-alias-obligations,node-0065,node-0065,0,0,0
trace-156,clock-interval,0,4,top-one,node-0065,node-0065,0,0,0
trace-156,clock-interval,0,4,expiry-skyline,node-0065,node-0065,0,0,0
trace-156,clock-interval,0,5,direct,node-0065,node-0065,0,0,0
trace-156,clock-interval,0,5,verified,node-0065,node-0065,0,0,0
trace-156,clock-interval,0,5,full-compiled,node-0065,node-0065,0,0,0
trace-156,clock-interval,0,5,timestamp-only,node-0065,node-0065,0,0,0
trace-156,clock-interval,0,5,no-ancestor-expiry,node-0065,node-0065,0,0,0
trace-156,clock-interval,0,5,no-ancestor-revocation,node-0065,node-0065,0,0,0
trace-156,clock-interval,0,5,no-alias-obligations,node-0065,node-0065,0,0,0
trace-156,clock-interval,0,5,top-one,node-0065,node-0065,0,0,0
trace-156,clock-interval,0,5,expiry-skyline,node-0065,node-0065,0,0,0
trace-156,clock-interval,0,6,direct,,,0,0,0
trace-156,clock-interval,0,6,verified,,,0,0,0
trace-156,clock-interval,0,6,full-compiled,,,0,0,0
trace-156,clock-interval,0,6,timestamp-only,,node-0033,1,1,1
trace-156,clock-interval,0,6,no-ancestor-expiry,,,0,0,0
trace-156,clock-interval,0,6,no-ancestor-revocation,,,0,0,0
trace-156,clock-interval,0,6,no-alias-obligations,,node-0033,1,1,1
trace-156,clock-interval,0,6,top-one,,,0,0,0
trace-156,clock-interval,0,6,expiry-skyline,,,0,0,0
trace-156,clock-interval,0,7,direct,,,0,0,0
trace-156,clock-interval,0,7,verified,,,0,0,0
trace-156,clock-interval,0,7,full-compiled,,,0,0,0
trace-156,clock-interval,0,7,timestamp-only,,,0,0,0
trace-156,clock-interval,0,7,no-ancestor-expiry,,,0,0,0
trace-156,clock-interval,0,7,no-ancestor-revocation,,,0,0,0
trace-156,clock-interval,0,7,no-alias-obligations,,,0,0,0
trace-156,clock-interval,0,7,top-one,,,0,0,0
trace-156,clock-interval,0,7,expiry-skyline,,,0,0,0
trace-156,clock-interval,0,8,direct,node-0065,node-0065,0,0,0
trace-156,clock-interval,0,8,verified,node-0065,node-0065,0,0,0
trace-156,clock-interval,0,8,full-compiled,node-0065,node-0065,0,0,0
trace-156,clock-interval,0,8,timestamp-only,node-0065,node-0065,0,0,0
trace-156,clock-interval,0,8,no-ancestor-expiry,node-0065,node-0065,0,0,0
trace-156,clock-interval,0,8,no-ancestor-revocation,node-0065,node-0065,0,0,0
trace-156,clock-interval,0,8,no-alias-obligations,node-0065,node-0065,0,0,0
trace-156,clock-interval,0,8,top-one,node-0065,node-0065,0,0,0
trace-156,clock-interval,0,8,expiry-skyline,node-0065,node-0065,0,0,0
trace-156,clock-interval,0,9,direct,node-0065,node-0065,0,0,0
trace-156,clock-interval,0,9,verified,node-0065,node-0065,0,0,0
trace-156,clock-interval,0,9,full-compiled,node-0065,node-0065,0,0,0
trace-156,clock-interval,0,9,timestamp-only,node-0065,node-0065,0,0,0
trace-156,clock-interval,0,9,no-ancestor-expiry,node-0065,node-0065,0,0,0
trace-156,clock-interval,0,9,no-ancestor-revocation,node-0065,node-0065,0,0,0
trace-156,clock-interval,0,9,no-alias-obligations,node-0065,node-0065,0,0,0
trace-156,clock-interval,0,9,top-one,node-0065,node-0065,0,0,0
trace-156,clock-interval,0,9,expiry-skyline,node-0065,node-0065,0,0,0
trace-156,clock-interval,0,10,direct,node-0065,node-0065,0,0,0
trace-156,clock-interval,0,10,verified,node-0065,node-0065,0,0,0
trace-156,clock-interval,0,10,full-compiled,node-0065,node-0065,0,0,0
trace-156,clock-interval,0,10,timestamp-only,node-0065,node-0065,0,0,0
trace-156,clock-interval,0,10,no-ancestor-expiry,node-0065,node-0065,0,0,0
trace-156,clock-interval,0,10,no-ancestor-revocation,node-0065,node-0065,0,0,0
trace-156,clock-interval,0,10,no-alias-obligations,node-0065,node-0065,0,0,0
trace-156,clock-interval,0,10,top-one,node-0065,node-0065,0,0,0
trace-156,clock-interval,0,10,expiry-skyline,node-0065,node-0065,0,0,0
trace-156,clock-interval,0,11,direct,node-0048,node-0048,0,0,0
trace-156,clock-interval,0,11,verified,node-0048,node-0048,0,0,0
trace-156,clock-interval,0,11,full-compiled,node-0048,node-0048,0,0,0
trace-156,clock-interval,0,11,timestamp-only,node-0048,node-0048,0,0,0
trace-156,clock-interval,0,11,no-ancestor-expiry,node-0048,node-0048,0,0,0
trace-156,clock-interval,0,11,no-ancestor-revocation,node-0048,node-0048,0,0,0
trace-156,clock-interval,0,11,no-alias-obligations,node-0048,node-0048,0,0,0
trace-156,clock-interval,0,11,top-one,node-0048,,1,1,0
trace-156,clock-interval,0,11,expiry-skyline,node-0048,node-0048,0,0,0
trace-156,clock-interval,1,0,direct,node-0093,node-0093,0,0,0
trace-156,clock-interval,1,0,verified,node-0093,node-0093,0,0,0
trace-156,clock-interval,1,0,full-compiled,node-0093,node-0093,0,0,0
trace-156,clock-interval,1,0,timestamp-only,node-0093,node-0093,0,0,0
trace-156,clock-interval,1,0,no-ancestor-expiry,node-0093,node-0093,0,0,0
trace-156,clock-interval,1,0,no-ancestor-revocation,node-0093,node-0093,0,0,0
trace-156,clock-interval,1,0,no-alias-obligations,node-0093,node-0093,0,0,0
trace-156,clock-interval,1,0,top-one,node-0093,node-0093,0,0,0
trace-156,clock-interval,1,0,expiry-skyline,node-0093,node-0093,0,0,0
trace-156,clock-interval,1,1,direct,node-0093,node-0093,0,0,0
trace-156,clock-interval,1,1,verified,node-0093,node-0093,0,0,0
trace-156,clock-interval,1,1,full-compiled,node-0093,node-0093,0,0,0
trace-156,clock-interval,1,1,timestamp-only,node-0093,node-0093,0,0,0
trace-156,clock-interval,1,1,no-ancestor-expiry,node-0093,node-0093,0,0,0
trace-156,clock-interval,1,1,no-ancestor-revocation,node-0093,node-0093,0,0,0
trace-156,clock-interval,1,1,no-alias-obligations,node-0093,node-0093,0,0,0
trace-156,clock-interval,1,1,top-one,node-0093,node-0093,0,0,0
trace-156,clock-interval,1,1,expiry-skyline,node-0093,node-0093,0,0,0
trace-156,clock-interval,1,2,direct,node-0047,node-0047,0,0,0
trace-156,clock-interval,1,2,verified,node-0047,node-0047,0,0,0
trace-156,clock-interval,1,2,full-compiled,node-0047,node-0047,0,0,0
trace-156,clock-interval,1,2,timestamp-only,node-0047,node-0028,1,1,1
trace-156,clock-interval,1,2,no-ancestor-expiry,node-0047,node-0047,0,0,0
trace-156,clock-interval,1,2,no-ancestor-revocation,node-0047,node-0047,0,0,0
trace-156,clock-interval,1,2,no-alias-obligations,node-0047,node-0028,1,1,1
trace-156,clock-interval,1,2,top-one,node-0047,,1,1,0
trace-156,clock-interval,1,2,expiry-skyline,node-0047,,1,1,0
trace-156,clock-interval,1,3,direct,node-0093,node-0093,0,0,0
trace-156,clock-interval,1,3,verified,node-0093,node-0093,0,0,0
trace-156,clock-interval,1,3,full-compiled,node-0093,node-0093,0,0,0
trace-156,clock-interval,1,3,timestamp-only,node-0093,node-0093,0,0,0
trace-156,clock-interval,1,3,no-ancestor-expiry,node-0093,node-0093,0,0,0
trace-156,clock-interval,1,3,no-ancestor-revocation,node-0093,node-0093,0,0,0
trace-156,clock-interval,1,3,no-alias-obligations,node-0093,node-0093,0,0,0
trace-156,clock-interval,1,3,top-one,node-0093,node-0093,0,0,0
trace-156,clock-interval,1,3,expiry-skyline,node-0093,node-0093,0,0,0
trace-156,clock-interval,1,4,direct,node-0093,node-0093,0,0,0
trace-156,clock-interval,1,4,verified,node-0093,node-0093,0,0,0
trace-156,clock-interval,1,4,full-compiled,node-0093,node-0093,0,0,0
trace-156,clock-interval,1,4,timestamp-only,node-0093,node-0093,0,0,0
trace-156,clock-interval,1,4,no-ancestor-expiry,node-0093,node-0093,0,0,0
trace-156,clock-interval,1,4,no-ancestor-revocation,node-0093,node-0093,0,0,0
trace-156,clock-interval,1,4,no-alias-obligations,node-0093,node-0093,0,0,0
trace-156,clock-interval,1,4,top-one,node-0093,node-0093,0,0,0
trace-156,clock-interval,1,4,expiry-skyline,node-0093,node-0093,0,0,0
trace-156,clock-interval,1,5,direct,node-0057,node-0057,0,0,0
trace-156,clock-interval,1,5,verified,node-0057,node-0057,0,0,0
trace-156,clock-interval,1,5,full-compiled,node-0057,node-0057,0,0,0
trace-156,clock-interval,1,5,timestamp-only,node-0057,node-0057,0,0,0
trace-156,clock-interval,1,5,no-ancestor-expiry,node-0057,node-0057,0,0,0
trace-156,clock-interval,1,5,no-ancestor-revocation,node-0057,node-0057,0,0,0
trace-156,clock-interval,1,5,no-alias-obligations,node-0057,node-0057,0,0,0
trace-156,clock-interval,1,5,top-one,node-0057,,1,1,0
trace-156,clock-interval,1,5,expiry-skyline,node-0057,node-0057,0,0,0
trace-156,clock-interval,1,6,direct,node-0063,node-0063,0,0,0
trace-156,clock-interval,1,6,verified,node-0063,node-0063,0,0,0
trace-156,clock-interval,1,6,full-compiled,node-0063,node-0063,0,0,0
trace-156,clock-interval,1,6,timestamp-only,node-0063,node-0057,1,1,1
trace-156,clock-interval,1,6,no-ancestor-expiry,node-0063,node-0063,0,0,0
trace-156,clock-interval,1,6,no-ancestor-revocation,node-0063,node-0063,0,0,0
trace-156,clock-interval,1,6,no-alias-obligations,node-0063,node-0057,1,1,1
trace-156,clock-interval,1,6,top-one,node-0063,,1,1,0
trace-156,clock-interval,1,6,expiry-skyline,node-0063,node-0063,0,0,0
trace-156,clock-interval,1,7,direct,,,0,0,0
trace-156,clock-interval,1,7,verified,,,0,0,0
trace-156,clock-interval,1,7,full-compiled,,,0,0,0
trace-156,clock-interval,1,7,timestamp-only,,,0,0,0
trace-156,clock-interval,1,7,no-ancestor-expiry,,,0,0,0
trace-156,clock-interval,1,7,no-ancestor-revocation,,,0,0,0
trace-156,clock-interval,1,7,no-alias-obligations,,,0,0,0
trace-156,clock-interval,1,7,top-one,,,0,0,0
trace-156,clock-interval,1,7,expiry-skyline,,,0,0,0
trace-156,clock-interval,1,8,direct,node-0093,node-0093,0,0,0
trace-156,clock-interval,1,8,verified,node-0093,node-0093,0,0,0
trace-156,clock-interval,1,8,full-compiled,node-0093,node-0093,0,0,0
trace-156,clock-interval,1,8,timestamp-only,node-0093,node-0093,0,0,0
trace-156,clock-interval,1,8,no-ancestor-expiry,node-0093,node-0093,0,0,0
trace-156,clock-interval,1,8,no-ancestor-revocation,node-0093,node-0093,0,0,0
trace-156,clock-interval,1,8,no-alias-obligations,node-0093,node-0093,0,0,0
trace-156,clock-interval,1,8,top-one,node-0093,node-0093,0,0,0
trace-156,clock-interval,1,8,expiry-skyline,node-0093,node-0093,0,0,0
trace-156,clock-interval,1,9,direct,node-0093,node-0093,0,0,0
trace-156,clock-interval,1,9,verified,node-0093,node-0093,0,0,0
trace-156,clock-interval,1,9,full-compiled,node-0093,node-0093,0,0,0
trace-156,clock-interval,1,9,timestamp-only,node-0093,node-0093,0,0,0
trace-156,clock-interval,1,9,no-ancestor-expiry,node-0093,node-0093,0,0,0
trace-156,clock-interval,1,9,no-ancestor-revocation,node-0093,node-0093,0,0,0
trace-156,clock-interval,1,9,no-alias-obligations,node-0093,node-0093,0,0,0
trace-156,clock-interval,1,9,top-one,node-0093,node-0093,0,0,0
trace-156,clock-interval,1,9,expiry-skyline,node-0093,node-0093,0,0,0
trace-156,clock-interval,1,10,direct,node-0093,node-0093,0,0,0
trace-156,clock-interval,1,10,verified,node-0093,node-0093,0,0,0
trace-156,clock-interval,1,10,full-compiled,node-0093,node-0093,0,0,0
trace-156,clock-interval,1,10,timestamp-only,node-0093,node-0093,0,0,0
trace-156,clock-interval,1,10,no-ancestor-expiry,node-0093,node-0093,0,0,0
trace-156,clock-interval,1,10,no-ancestor-revocation,node-0093,node-0093,0,0,0
trace-156,clock-interval,1,10,no-alias-obligations,node-0093,node-0093,0,0,0
trace-156,clock-interval,1,10,top-one,node-0093,node-0093,0,0,0
trace-156,clock-interval,1,10,expiry-skyline,node-0093,node-0093,0,0,0
trace-156,clock-interval,1,11,direct,,,0,0,0
trace-156,clock-interval,1,11,verified,,,0,0,0
trace-156,clock-interval,1,11,full-compiled,,,0,0,0
trace-156,clock-interval,1,11,timestamp-only,,node-0075,1,1,1
trace-156,clock-interval,1,11,no-ancestor-expiry,,,0,0,0
trace-156,clock-interval,1,11,no-ancestor-revocation,,,0,0,0
trace-156,clock-interval,1,11,no-alias-obligations,,node-0011,1,1,1
trace-156,clock-interval,1,11,top-one,,,0,0,0
trace-156,clock-interval,1,11,expiry-skyline,,,0,0,0
trace-157,clock-interval,0,0,direct,node-0051,node-0051,0,0,0
trace-157,clock-interval,0,0,verified,node-0051,node-0051,0,0,0
trace-157,clock-interval,0,0,full-compiled,node-0051,node-0051,0,0,0
trace-157,clock-interval,0,0,timestamp-only,node-0051,node-0051,0,0,0
trace-157,clock-interval,0,0,no-ancestor-expiry,node-0051,node-0051,0,0,0
trace-157,clock-interval,0,0,no-ancestor-revocation,node-0051,node-0051,0,0,0
trace-157,clock-interval,0,0,no-alias-obligations,node-0051,node-0051,0,0,0
trace-157,clock-interval,0,0,top-one,node-0051,node-0051,0,0,0
trace-157,clock-interval,0,0,expiry-skyline,node-0051,node-0051,0,0,0
trace-157,clock-interval,0,1,direct,node-0051,node-0051,0,0,0
trace-157,clock-interval,0,1,verified,node-0051,node-0051,0,0,0
trace-157,clock-interval,0,1,full-compiled,node-0051,node-0051,0,0,0
trace-157,clock-interval,0,1,timestamp-only,node-0051,node-0051,0,0,0
trace-157,clock-interval,0,1,no-ancestor-expiry,node-0051,node-0051,0,0,0
trace-157,clock-interval,0,1,no-ancestor-revocation,node-0051,node-0051,0,0,0
trace-157,clock-interval,0,1,no-alias-obligations,node-0051,node-0051,0,0,0
trace-157,clock-interval,0,1,top-one,node-0051,node-0051,0,0,0
trace-157,clock-interval,0,1,expiry-skyline,node-0051,node-0051,0,0,0
trace-157,clock-interval,0,2,direct,node-0016,node-0016,0,0,0
trace-157,clock-interval,0,2,verified,node-0016,node-0016,0,0,0
trace-157,clock-interval,0,2,full-compiled,node-0016,node-0016,0,0,0
trace-157,clock-interval,0,2,timestamp-only,node-0016,node-0068,1,1,1
trace-157,clock-interval,0,2,no-ancestor-expiry,node-0016,node-0016,0,0,0
trace-157,clock-interval,0,2,no-ancestor-revocation,node-0016,node-0016,0,0,0
trace-157,clock-interval,0,2,no-alias-obligations,node-0016,node-0068,1,1,1
trace-157,clock-interval,0,2,top-one,node-0016,,1,1,0
trace-157,clock-interval,0,2,expiry-skyline,node-0016,,1,1,0
trace-157,clock-interval,0,3,direct,node-0051,node-0051,0,0,0
trace-157,clock-interval,0,3,verified,node-0051,node-0051,0,0,0
trace-157,clock-interval,0,3,full-compiled,node-0051,node-0051,0,0,0
trace-157,clock-interval,0,3,timestamp-only,node-0051,node-0051,0,0,0
trace-157,clock-interval,0,3,no-ancestor-expiry,node-0051,node-0051,0,0,0
trace-157,clock-interval,0,3,no-ancestor-revocation,node-0051,node-0051,0,0,0
trace-157,clock-interval,0,3,no-alias-obligations,node-0051,node-0051,0,0,0
trace-157,clock-interval,0,3,top-one,node-0051,node-0051,0,0,0
trace-157,clock-interval,0,3,expiry-skyline,node-0051,node-0051,0,0,0
trace-157,clock-interval,0,4,direct,node-0051,node-0051,0,0,0
trace-157,clock-interval,0,4,verified,node-0051,node-0051,0,0,0
trace-157,clock-interval,0,4,full-compiled,node-0051,node-0051,0,0,0
trace-157,clock-interval,0,4,timestamp-only,node-0051,node-0051,0,0,0
trace-157,clock-interval,0,4,no-ancestor-expiry,node-0051,node-0051,0,0,0
trace-157,clock-interval,0,4,no-ancestor-revocation,node-0051,node-0051,0,0,0
trace-157,clock-interval,0,4,no-alias-obligations,node-0051,node-0051,0,0,0
trace-157,clock-interval,0,4,top-one,node-0051,node-0051,0,0,0
trace-157,clock-interval,0,4,expiry-skyline,node-0051,node-0051,0,0,0
trace-157,clock-interval,0,5,direct,node-0051,node-0051,0,0,0
trace-157,clock-interval,0,5,verified,node-0051,node-0051,0,0,0
trace-157,clock-interval,0,5,full-compiled,node-0051,node-0051,0,0,0
trace-157,clock-interval,0,5,timestamp-only,node-0051,node-0051,0,0,0
trace-157,clock-interval,0,5,no-ancestor-expiry,node-0051,node-0051,0,0,0
trace-157,clock-interval,0,5,no-ancestor-revocation,node-0051,node-0051,0,0,0
trace-157,clock-interval,0,5,no-alias-obligations,node-0051,node-0051,0,0,0
trace-157,clock-interval,0,5,top-one,node-0051,node-0051,0,0,0
trace-157,clock-interval,0,5,expiry-skyline,node-0051,node-0051,0,0,0
trace-157,clock-interval,0,6,direct,,,0,0,0
trace-157,clock-interval,0,6,verified,,,0,0,0
trace-157,clock-interval,0,6,full-compiled,,,0,0,0
trace-157,clock-interval,0,6,timestamp-only,,node-0051,1,1,1
trace-157,clock-interval,0,6,no-ancestor-expiry,,,0,0,0
trace-157,clock-interval,0,6,no-ancestor-revocation,,,0,0,0
trace-157,clock-interval,0,6,no-alias-obligations,,node-0051,1,1,1
trace-157,clock-interval,0,6,top-one,,,0,0,0
trace-157,clock-interval,0,6,expiry-skyline,,,0,0,0
trace-157,clock-interval,0,7,direct,,,0,0,0
trace-157,clock-interval,0,7,verified,,,0,0,0
trace-157,clock-interval,0,7,full-compiled,,,0,0,0
trace-157,clock-interval,0,7,timestamp-only,,,0,0,0
trace-157,clock-interval,0,7,no-ancestor-expiry,,,0,0,0
trace-157,clock-interval,0,7,no-ancestor-revocation,,,0,0,0
trace-157,clock-interval,0,7,no-alias-obligations,,,0,0,0
trace-157,clock-interval,0,7,top-one,,,0,0,0
trace-157,clock-interval,0,7,expiry-skyline,,,0,0,0
trace-157,clock-interval,0,8,direct,node-0016,node-0016,0,0,0
trace-157,clock-interval,0,8,verified,node-0016,node-0016,0,0,0
trace-157,clock-interval,0,8,full-compiled,node-0016,node-0016,0,0,0
trace-157,clock-interval,0,8,timestamp-only,node-0016,node-0068,1,1,1
trace-157,clock-interval,0,8,no-ancestor-expiry,node-0016,node-0016,0,0,0
trace-157,clock-interval,0,8,no-ancestor-revocation,node-0016,node-0016,0,0,0
trace-157,clock-interval,0,8,no-alias-obligations,node-0016,node-0068,1,1,1
trace-157,clock-interval,0,8,top-one,node-0016,,1,1,0
trace-157,clock-interval,0,8,expiry-skyline,node-0016,,1,1,0
trace-157,clock-interval,0,9,direct,,,0,0,0
trace-157,clock-interval,0,9,verified,,,0,0,0
trace-157,clock-interval,0,9,full-compiled,,,0,0,0
trace-157,clock-interval,0,9,timestamp-only,,node-0068,1,1,1
trace-157,clock-interval,0,9,no-ancestor-expiry,,,0,0,0
trace-157,clock-interval,0,9,no-ancestor-revocation,,,0,0,0
trace-157,clock-interval,0,9,no-alias-obligations,,node-0068,1,1,1
trace-157,clock-interval,0,9,top-one,,,0,0,0
trace-157,clock-interval,0,9,expiry-skyline,,,0,0,0
trace-157,clock-interval,0,10,direct,node-0051,node-0051,0,0,0
trace-157,clock-interval,0,10,verified,node-0051,node-0051,0,0,0
trace-157,clock-interval,0,10,full-compiled,node-0051,node-0051,0,0,0
trace-157,clock-interval,0,10,timestamp-only,node-0051,node-0051,0,0,0
trace-157,clock-interval,0,10,no-ancestor-expiry,node-0051,node-0051,0,0,0
trace-157,clock-interval,0,10,no-ancestor-revocation,node-0051,node-0051,0,0,0
trace-157,clock-interval,0,10,no-alias-obligations,node-0051,node-0051,0,0,0
trace-157,clock-interval,0,10,top-one,node-0051,node-0051,0,0,0
trace-157,clock-interval,0,10,expiry-skyline,node-0051,node-0051,0,0,0
trace-157,clock-interval,0,11,direct,node-0016,node-0016,0,0,0
trace-157,clock-interval,0,11,verified,node-0016,node-0016,0,0,0
trace-157,clock-interval,0,11,full-compiled,node-0016,node-0016,0,0,0
trace-157,clock-interval,0,11,timestamp-only,node-0016,node-0052,1,1,1
trace-157,clock-interval,0,11,no-ancestor-expiry,node-0016,node-0016,0,0,0
trace-157,clock-interval,0,11,no-ancestor-revocation,node-0016,node-0016,0,0,0
trace-157,clock-interval,0,11,no-alias-obligations,node-0016,node-0052,1,1,1
trace-157,clock-interval,0,11,top-one,node-0016,,1,1,0
trace-157,clock-interval,0,11,expiry-skyline,node-0016,,1,1,0
trace-157,clock-interval,1,0,direct,node-0076,node-0076,0,0,0
trace-157,clock-interval,1,0,verified,node-0076,node-0076,0,0,0
trace-157,clock-interval,1,0,full-compiled,node-0076,node-0076,0,0,0
trace-157,clock-interval,1,0,timestamp-only,node-0076,node-0076,0,0,0
trace-157,clock-interval,1,0,no-ancestor-expiry,node-0076,node-0076,0,0,0
trace-157,clock-interval,1,0,no-ancestor-revocation,node-0076,node-0076,0,0,0
trace-157,clock-interval,1,0,no-alias-obligations,node-0076,node-0076,0,0,0
trace-157,clock-interval,1,0,top-one,node-0076,node-0076,0,0,0
trace-157,clock-interval,1,0,expiry-skyline,node-0076,node-0076,0,0,0
trace-157,clock-interval,1,1,direct,node-0076,node-0076,0,0,0
trace-157,clock-interval,1,1,verified,node-0076,node-0076,0,0,0
trace-157,clock-interval,1,1,full-compiled,node-0076,node-0076,0,0,0
trace-157,clock-interval,1,1,timestamp-only,node-0076,node-0076,0,0,0
trace-157,clock-interval,1,1,no-ancestor-expiry,node-0076,node-0076,0,0,0
trace-157,clock-interval,1,1,no-ancestor-revocation,node-0076,node-0076,0,0,0
trace-157,clock-interval,1,1,no-alias-obligations,node-0076,node-0076,0,0,0
trace-157,clock-interval,1,1,top-one,node-0076,node-0076,0,0,0
trace-157,clock-interval,1,1,expiry-skyline,node-0076,node-0076,0,0,0
trace-157,clock-interval,1,2,direct,node-0015,node-0015,0,0,0
trace-157,clock-interval,1,2,verified,node-0015,node-0015,0,0,0
trace-157,clock-interval,1,2,full-compiled,node-0015,node-0015,0,0,0
trace-157,clock-interval,1,2,timestamp-only,node-0015,node-0062,1,1,1
trace-157,clock-interval,1,2,no-ancestor-expiry,node-0015,node-0015,0,0,0
trace-157,clock-interval,1,2,no-ancestor-revocation,node-0015,node-0015,0,0,0
trace-157,clock-interval,1,2,no-alias-obligations,node-0015,node-0062,1,1,1
trace-157,clock-interval,1,2,top-one,node-0015,,1,1,0
trace-157,clock-interval,1,2,expiry-skyline,node-0015,node-0063,1,1,0
trace-157,clock-interval,1,3,direct,node-0076,node-0076,0,0,0
trace-157,clock-interval,1,3,verified,node-0076,node-0076,0,0,0
trace-157,clock-interval,1,3,full-compiled,node-0076,node-0076,0,0,0
trace-157,clock-interval,1,3,timestamp-only,node-0076,node-0076,0,0,0
trace-157,clock-interval,1,3,no-ancestor-expiry,node-0076,node-0076,0,0,0
trace-157,clock-interval,1,3,no-ancestor-revocation,node-0076,node-0076,0,0,0
trace-157,clock-interval,1,3,no-alias-obligations,node-0076,node-0076,0,0,0
trace-157,clock-interval,1,3,top-one,node-0076,node-0076,0,0,0
trace-157,clock-interval,1,3,expiry-skyline,node-0076,node-0076,0,0,0
trace-157,clock-interval,1,4,direct,node-0076,node-0076,0,0,0
trace-157,clock-interval,1,4,verified,node-0076,node-0076,0,0,0
trace-157,clock-interval,1,4,full-compiled,node-0076,node-0076,0,0,0
trace-157,clock-interval,1,4,timestamp-only,node-0076,node-0076,0,0,0
trace-157,clock-interval,1,4,no-ancestor-expiry,node-0076,node-0076,0,0,0
trace-157,clock-interval,1,4,no-ancestor-revocation,node-0076,node-0076,0,0,0
trace-157,clock-interval,1,4,no-alias-obligations,node-0076,node-0076,0,0,0
trace-157,clock-interval,1,4,top-one,node-0076,node-0076,0,0,0
trace-157,clock-interval,1,4,expiry-skyline,node-0076,node-0076,0,0,0
trace-157,clock-interval,1,5,direct,node-0078,node-0078,0,0,0
trace-157,clock-interval,1,5,verified,node-0078,node-0078,0,0,0
trace-157,clock-interval,1,5,full-compiled,node-0078,node-0078,0,0,0
trace-157,clock-interval,1,5,timestamp-only,node-0078,node-0047,1,1,1
trace-157,clock-interval,1,5,no-ancestor-expiry,node-0078,node-0047,1,1,1
trace-157,clock-interval,1,5,no-ancestor-revocation,node-0078,node-0078,0,0,0
trace-157,clock-interval,1,5,no-alias-obligations,node-0078,node-0078,0,0,0
trace-157,clock-interval,1,5,top-one,node-0078,,1,1,0
trace-157,clock-interval,1,5,expiry-skyline,node-0078,node-0078,0,0,0
trace-157,clock-interval,1,6,direct,,,0,0,0
trace-157,clock-interval,1,6,verified,,,0,0,0
trace-157,clock-interval,1,6,full-compiled,,,0,0,0
trace-157,clock-interval,1,6,timestamp-only,,node-0047,1,1,1
trace-157,clock-interval,1,6,no-ancestor-expiry,,node-0047,1,1,1
trace-157,clock-interval,1,6,no-ancestor-revocation,,,0,0,0
trace-157,clock-interval,1,6,no-alias-obligations,,node-0060,1,1,1
trace-157,clock-interval,1,6,top-one,,,0,0,0
trace-157,clock-interval,1,6,expiry-skyline,,,0,0,0
trace-157,clock-interval,1,7,direct,,,0,0,0
trace-157,clock-interval,1,7,verified,,,0,0,0
trace-157,clock-interval,1,7,full-compiled,,,0,0,0
trace-157,clock-interval,1,7,timestamp-only,,,0,0,0
trace-157,clock-interval,1,7,no-ancestor-expiry,,,0,0,0
trace-157,clock-interval,1,7,no-ancestor-revocation,,,0,0,0
trace-157,clock-interval,1,7,no-alias-obligations,,,0,0,0
trace-157,clock-interval,1,7,top-one,,,0,0,0
trace-157,clock-interval,1,7,expiry-skyline,,,0,0,0
trace-157,clock-interval,1,8,direct,node-0015,node-0015,0,0,0
trace-157,clock-interval,1,8,verified,node-0015,node-0015,0,0,0
trace-157,clock-interval,1,8,full-compiled,node-0015,node-0015,0,0,0
trace-157,clock-interval,1,8,timestamp-only,node-0015,node-0062,1,1,1
trace-157,clock-interval,1,8,no-ancestor-expiry,node-0015,node-0015,0,0,0
trace-157,clock-interval,1,8,no-ancestor-revocation,node-0015,node-0015,0,0,0
trace-157,clock-interval,1,8,no-alias-obligations,node-0015,node-0062,1,1,1
trace-157,clock-interval,1,8,top-one,node-0015,,1,1,0
trace-157,clock-interval,1,8,expiry-skyline,node-0015,node-0063,1,1,0
trace-157,clock-interval,1,9,direct,,,0,0,0
trace-157,clock-interval,1,9,verified,,,0,0,0
trace-157,clock-interval,1,9,full-compiled,,,0,0,0
trace-157,clock-interval,1,9,timestamp-only,,node-0062,1,1,1
trace-157,clock-interval,1,9,no-ancestor-expiry,,,0,0,0
trace-157,clock-interval,1,9,no-ancestor-revocation,,,0,0,0
trace-157,clock-interval,1,9,no-alias-obligations,,node-0062,1,1,1
trace-157,clock-interval,1,9,top-one,,,0,0,0
trace-157,clock-interval,1,9,expiry-skyline,,,0,0,0
trace-157,clock-interval,1,10,direct,node-0076,node-0076,0,0,0
trace-157,clock-interval,1,10,verified,node-0076,node-0076,0,0,0
trace-157,clock-interval,1,10,full-compiled,node-0076,node-0076,0,0,0
trace-157,clock-interval,1,10,timestamp-only,node-0076,node-0076,0,0,0
trace-157,clock-interval,1,10,no-ancestor-expiry,node-0076,node-0076,0,0,0
trace-157,clock-interval,1,10,no-ancestor-revocation,node-0076,node-0076,0,0,0
trace-157,clock-interval,1,10,no-alias-obligations,node-0076,node-0076,0,0,0
trace-157,clock-interval,1,10,top-one,node-0076,node-0076,0,0,0
trace-157,clock-interval,1,10,expiry-skyline,node-0076,node-0076,0,0,0
trace-157,clock-interval,1,11,direct,node-0063,node-0063,0,0,0
trace-157,clock-interval,1,11,verified,node-0063,node-0063,0,0,0
trace-157,clock-interval,1,11,full-compiled,node-0063,node-0063,0,0,0
trace-157,clock-interval,1,11,timestamp-only,node-0063,node-0072,1,1,1
trace-157,clock-interval,1,11,no-ancestor-expiry,node-0063,node-0031,1,1,1
trace-157,clock-interval,1,11,no-ancestor-revocation,node-0063,node-0063,0,0,0
trace-157,clock-interval,1,11,no-alias-obligations,node-0063,node-0072,1,1,1
trace-157,clock-interval,1,11,top-one,node-0063,,1,1,0
trace-157,clock-interval,1,11,expiry-skyline,node-0063,node-0063,0,0,0
trace-158,clock-interval,0,0,direct,node-0053,node-0053,0,0,0
trace-158,clock-interval,0,0,verified,node-0053,node-0053,0,0,0
trace-158,clock-interval,0,0,full-compiled,node-0053,node-0053,0,0,0
trace-158,clock-interval,0,0,timestamp-only,node-0053,node-0053,0,0,0
trace-158,clock-interval,0,0,no-ancestor-expiry,node-0053,node-0053,0,0,0
trace-158,clock-interval,0,0,no-ancestor-revocation,node-0053,node-0053,0,0,0
trace-158,clock-interval,0,0,no-alias-obligations,node-0053,node-0053,0,0,0
trace-158,clock-interval,0,0,top-one,node-0053,node-0053,0,0,0
trace-158,clock-interval,0,0,expiry-skyline,node-0053,node-0053,0,0,0
trace-158,clock-interval,0,1,direct,node-0053,node-0053,0,0,0
trace-158,clock-interval,0,1,verified,node-0053,node-0053,0,0,0
trace-158,clock-interval,0,1,full-compiled,node-0053,node-0053,0,0,0
trace-158,clock-interval,0,1,timestamp-only,node-0053,node-0053,0,0,0
trace-158,clock-interval,0,1,no-ancestor-expiry,node-0053,node-0053,0,0,0
trace-158,clock-interval,0,1,no-ancestor-revocation,node-0053,node-0053,0,0,0
trace-158,clock-interval,0,1,no-alias-obligations,node-0053,node-0053,0,0,0
trace-158,clock-interval,0,1,top-one,node-0053,node-0053,0,0,0
trace-158,clock-interval,0,1,expiry-skyline,node-0053,node-0053,0,0,0
trace-158,clock-interval,0,2,direct,node-0000,node-0000,0,0,0
trace-158,clock-interval,0,2,verified,node-0000,node-0000,0,0,0
trace-158,clock-interval,0,2,full-compiled,node-0000,node-0000,0,0,0
trace-158,clock-interval,0,2,timestamp-only,node-0000,node-0000,0,0,0
trace-158,clock-interval,0,2,no-ancestor-expiry,node-0000,node-0000,0,0,0
trace-158,clock-interval,0,2,no-ancestor-revocation,node-0000,node-0000,0,0,0
trace-158,clock-interval,0,2,no-alias-obligations,node-0000,node-0000,0,0,0
trace-158,clock-interval,0,2,top-one,node-0000,,1,1,0
trace-158,clock-interval,0,2,expiry-skyline,node-0000,,1,1,0
trace-158,clock-interval,0,3,direct,node-0053,node-0053,0,0,0
trace-158,clock-interval,0,3,verified,node-0053,node-0053,0,0,0
trace-158,clock-interval,0,3,full-compiled,node-0053,node-0053,0,0,0
trace-158,clock-interval,0,3,timestamp-only,node-0053,node-0053,0,0,0
trace-158,clock-interval,0,3,no-ancestor-expiry,node-0053,node-0053,0,0,0
trace-158,clock-interval,0,3,no-ancestor-revocation,node-0053,node-0053,0,0,0
trace-158,clock-interval,0,3,no-alias-obligations,node-0053,node-0053,0,0,0
trace-158,clock-interval,0,3,top-one,node-0053,node-0053,0,0,0
trace-158,clock-interval,0,3,expiry-skyline,node-0053,node-0053,0,0,0
trace-158,clock-interval,0,4,direct,node-0053,node-0053,0,0,0
trace-158,clock-interval,0,4,verified,node-0053,node-0053,0,0,0
trace-158,clock-interval,0,4,full-compiled,node-0053,node-0053,0,0,0
trace-158,clock-interval,0,4,timestamp-only,node-0053,node-0053,0,0,0
trace-158,clock-interval,0,4,no-ancestor-expiry,node-0053,node-0053,0,0,0
trace-158,clock-interval,0,4,no-ancestor-revocation,node-0053,node-0053,0,0,0
trace-158,clock-interval,0,4,no-alias-obligations,node-0053,node-0053,0,0,0
trace-158,clock-interval,0,4,top-one,node-0053,node-0053,0,0,0
trace-158,clock-interval,0,4,expiry-skyline,node-0053,node-0053,0,0,0
trace-158,clock-interval,0,5,direct,node-0033,node-0033,0,0,0
trace-158,clock-interval,0,5,verified,node-0033,node-0033,0,0,0
trace-158,clock-interval,0,5,full-compiled,node-0033,node-0033,0,0,0
trace-158,clock-interval,0,5,timestamp-only,node-0033,node-0033,0,0,0
trace-158,clock-interval,0,5,no-ancestor-expiry,node-0033,node-0033,0,0,0
trace-158,clock-interval,0,5,no-ancestor-revocation,node-0033,node-0033,0,0,0
trace-158,clock-interval,0,5,no-alias-obligations,node-0033,node-0033,0,0,0
trace-158,clock-interval,0,5,top-one,node-0033,,1,1,0
trace-158,clock-interval,0,5,expiry-skyline,node-0033,node-0033,0,0,0
trace-158,clock-interval,0,6,direct,,,0,0,0
trace-158,clock-interval,0,6,verified,,,0,0,0
trace-158,clock-interval,0,6,full-compiled,,,0,0,0
trace-158,clock-interval,0,6,timestamp-only,,node-0070,1,1,1
trace-158,clock-interval,0,6,no-ancestor-expiry,,,0,0,0
trace-158,clock-interval,0,6,no-ancestor-revocation,,,0,0,0
trace-158,clock-interval,0,6,no-alias-obligations,,node-0070,1,1,1
trace-158,clock-interval,0,6,top-one,,,0,0,0
trace-158,clock-interval,0,6,expiry-skyline,,,0,0,0
trace-158,clock-interval,0,7,direct,,,0,0,0
trace-158,clock-interval,0,7,verified,,,0,0,0
trace-158,clock-interval,0,7,full-compiled,,,0,0,0
trace-158,clock-interval,0,7,timestamp-only,,,0,0,0
trace-158,clock-interval,0,7,no-ancestor-expiry,,,0,0,0
trace-158,clock-interval,0,7,no-ancestor-revocation,,,0,0,0
trace-158,clock-interval,0,7,no-alias-obligations,,,0,0,0
trace-158,clock-interval,0,7,top-one,,,0,0,0
trace-158,clock-interval,0,7,expiry-skyline,,,0,0,0
trace-158,clock-interval,0,8,direct,node-0053,node-0053,0,0,0
trace-158,clock-interval,0,8,verified,node-0053,node-0053,0,0,0
trace-158,clock-interval,0,8,full-compiled,node-0053,node-0053,0,0,0
trace-158,clock-interval,0,8,timestamp-only,node-0053,node-0053,0,0,0
trace-158,clock-interval,0,8,no-ancestor-expiry,node-0053,node-0053,0,0,0
trace-158,clock-interval,0,8,no-ancestor-revocation,node-0053,node-0053,0,0,0
trace-158,clock-interval,0,8,no-alias-obligations,node-0053,node-0053,0,0,0
trace-158,clock-interval,0,8,top-one,node-0053,node-0053,0,0,0
trace-158,clock-interval,0,8,expiry-skyline,node-0053,node-0053,0,0,0
trace-158,clock-interval,0,9,direct,node-0000,node-0000,0,0,0
trace-158,clock-interval,0,9,verified,node-0000,node-0000,0,0,0
trace-158,clock-interval,0,9,full-compiled,node-0000,node-0000,0,0,0
trace-158,clock-interval,0,9,timestamp-only,node-0000,node-0000,0,0,0
trace-158,clock-interval,0,9,no-ancestor-expiry,node-0000,node-0000,0,0,0
trace-158,clock-interval,0,9,no-ancestor-revocation,node-0000,node-0000,0,0,0
trace-158,clock-interval,0,9,no-alias-obligations,node-0000,node-0000,0,0,0
trace-158,clock-interval,0,9,top-one,node-0000,,1,1,0
trace-158,clock-interval,0,9,expiry-skyline,node-0000,,1,1,0
trace-158,clock-interval,0,10,direct,node-0033,node-0033,0,0,0
trace-158,clock-interval,0,10,verified,node-0033,node-0033,0,0,0
trace-158,clock-interval,0,10,full-compiled,node-0033,node-0033,0,0,0
trace-158,clock-interval,0,10,timestamp-only,node-0033,node-0033,0,0,0
trace-158,clock-interval,0,10,no-ancestor-expiry,node-0033,node-0033,0,0,0
trace-158,clock-interval,0,10,no-ancestor-revocation,node-0033,node-0033,0,0,0
trace-158,clock-interval,0,10,no-alias-obligations,node-0033,node-0033,0,0,0
trace-158,clock-interval,0,10,top-one,node-0033,,1,1,0
trace-158,clock-interval,0,10,expiry-skyline,node-0033,node-0033,0,0,0
trace-158,clock-interval,0,11,direct,node-0000,node-0000,0,0,0
trace-158,clock-interval,0,11,verified,node-0000,node-0000,0,0,0
trace-158,clock-interval,0,11,full-compiled,node-0000,node-0000,0,0,0
trace-158,clock-interval,0,11,timestamp-only,node-0000,node-0000,0,0,0
trace-158,clock-interval,0,11,no-ancestor-expiry,node-0000,node-0000,0,0,0
trace-158,clock-interval,0,11,no-ancestor-revocation,node-0000,node-0000,0,0,0
trace-158,clock-interval,0,11,no-alias-obligations,node-0000,node-0000,0,0,0
trace-158,clock-interval,0,11,top-one,node-0000,,1,1,0
trace-158,clock-interval,0,11,expiry-skyline,node-0000,,1,1,0
trace-158,clock-interval,1,0,direct,node-0091,node-0091,0,0,0
trace-158,clock-interval,1,0,verified,node-0091,node-0091,0,0,0
trace-158,clock-interval,1,0,full-compiled,node-0091,node-0091,0,0,0
trace-158,clock-interval,1,0,timestamp-only,node-0091,node-0091,0,0,0
trace-158,clock-interval,1,0,no-ancestor-expiry,node-0091,node-0091,0,0,0
trace-158,clock-interval,1,0,no-ancestor-revocation,node-0091,node-0091,0,0,0
trace-158,clock-interval,1,0,no-alias-obligations,node-0091,node-0091,0,0,0
trace-158,clock-interval,1,0,top-one,node-0091,node-0091,0,0,0
trace-158,clock-interval,1,0,expiry-skyline,node-0091,node-0091,0,0,0
trace-158,clock-interval,1,1,direct,node-0091,node-0091,0,0,0
trace-158,clock-interval,1,1,verified,node-0091,node-0091,0,0,0
trace-158,clock-interval,1,1,full-compiled,node-0091,node-0091,0,0,0
trace-158,clock-interval,1,1,timestamp-only,node-0091,node-0091,0,0,0
trace-158,clock-interval,1,1,no-ancestor-expiry,node-0091,node-0091,0,0,0
trace-158,clock-interval,1,1,no-ancestor-revocation,node-0091,node-0091,0,0,0
trace-158,clock-interval,1,1,no-alias-obligations,node-0091,node-0091,0,0,0
trace-158,clock-interval,1,1,top-one,node-0091,node-0091,0,0,0
trace-158,clock-interval,1,1,expiry-skyline,node-0091,node-0091,0,0,0
trace-158,clock-interval,1,2,direct,node-0015,node-0015,0,0,0
trace-158,clock-interval,1,2,verified,node-0015,node-0015,0,0,0
trace-158,clock-interval,1,2,full-compiled,node-0015,node-0015,0,0,0
trace-158,clock-interval,1,2,timestamp-only,node-0015,node-0060,1,1,1
trace-158,clock-interval,1,2,no-ancestor-expiry,node-0015,node-0015,0,0,0
trace-158,clock-interval,1,2,no-ancestor-revocation,node-0015,node-0015,0,0,0
trace-158,clock-interval,1,2,no-alias-obligations,node-0015,node-0060,1,1,1
trace-158,clock-interval,1,2,top-one,node-0015,,1,1,0
trace-158,clock-interval,1,2,expiry-skyline,node-0015,,1,1,0
trace-158,clock-interval,1,3,direct,node-0091,node-0091,0,0,0
trace-158,clock-interval,1,3,verified,node-0091,node-0091,0,0,0
trace-158,clock-interval,1,3,full-compiled,node-0091,node-0091,0,0,0
trace-158,clock-interval,1,3,timestamp-only,node-0091,node-0091,0,0,0
trace-158,clock-interval,1,3,no-ancestor-expiry,node-0091,node-0091,0,0,0
trace-158,clock-interval,1,3,no-ancestor-revocation,node-0091,node-0091,0,0,0
trace-158,clock-interval,1,3,no-alias-obligations,node-0091,node-0091,0,0,0
trace-158,clock-interval,1,3,top-one,node-0091,node-0091,0,0,0
trace-158,clock-interval,1,3,expiry-skyline,node-0091,node-0091,0,0,0
trace-158,clock-interval,1,4,direct,node-0091,node-0091,0,0,0
trace-158,clock-interval,1,4,verified,node-0091,node-0091,0,0,0
trace-158,clock-interval,1,4,full-compiled,node-0091,node-0091,0,0,0
trace-158,clock-interval,1,4,timestamp-only,node-0091,node-0091,0,0,0
trace-158,clock-interval,1,4,no-ancestor-expiry,node-0091,node-0091,0,0,0
trace-158,clock-interval,1,4,no-ancestor-revocation,node-0091,node-0091,0,0,0
trace-158,clock-interval,1,4,no-alias-obligations,node-0091,node-0091,0,0,0
trace-158,clock-interval,1,4,top-one,node-0091,node-0091,0,0,0
trace-158,clock-interval,1,4,expiry-skyline,node-0091,node-0091,0,0,0
trace-158,clock-interval,1,5,direct,node-0091,node-0091,0,0,0
trace-158,clock-interval,1,5,verified,node-0091,node-0091,0,0,0
trace-158,clock-interval,1,5,full-compiled,node-0091,node-0091,0,0,0
trace-158,clock-interval,1,5,timestamp-only,node-0091,node-0091,0,0,0
trace-158,clock-interval,1,5,no-ancestor-expiry,node-0091,node-0091,0,0,0
trace-158,clock-interval,1,5,no-ancestor-revocation,node-0091,node-0091,0,0,0
trace-158,clock-interval,1,5,no-alias-obligations,node-0091,node-0091,0,0,0
trace-158,clock-interval,1,5,top-one,node-0091,node-0091,0,0,0
trace-158,clock-interval,1,5,expiry-skyline,node-0091,node-0091,0,0,0
trace-158,clock-interval,1,6,direct,,,0,0,0
trace-158,clock-interval,1,6,verified,,,0,0,0
trace-158,clock-interval,1,6,full-compiled,,,0,0,0
trace-158,clock-interval,1,6,timestamp-only,,node-0045,1,1,1
trace-158,clock-interval,1,6,no-ancestor-expiry,,,0,0,0
trace-158,clock-interval,1,6,no-ancestor-revocation,,,0,0,0
trace-158,clock-interval,1,6,no-alias-obligations,,node-0045,1,1,1
trace-158,clock-interval,1,6,top-one,,,0,0,0
trace-158,clock-interval,1,6,expiry-skyline,,,0,0,0
trace-158,clock-interval,1,7,direct,,,0,0,0
trace-158,clock-interval,1,7,verified,,,0,0,0
trace-158,clock-interval,1,7,full-compiled,,,0,0,0
trace-158,clock-interval,1,7,timestamp-only,,,0,0,0
trace-158,clock-interval,1,7,no-ancestor-expiry,,,0,0,0
trace-158,clock-interval,1,7,no-ancestor-revocation,,,0,0,0
trace-158,clock-interval,1,7,no-alias-obligations,,,0,0,0
trace-158,clock-interval,1,7,top-one,,,0,0,0
trace-158,clock-interval,1,7,expiry-skyline,,,0,0,0
trace-158,clock-interval,1,8,direct,node-0091,node-0091,0,0,0
trace-158,clock-interval,1,8,verified,node-0091,node-0091,0,0,0
trace-158,clock-interval,1,8,full-compiled,node-0091,node-0091,0,0,0
trace-158,clock-interval,1,8,timestamp-only,node-0091,node-0091,0,0,0
trace-158,clock-interval,1,8,no-ancestor-expiry,node-0091,node-0091,0,0,0
trace-158,clock-interval,1,8,no-ancestor-revocation,node-0091,node-0091,0,0,0
trace-158,clock-interval,1,8,no-alias-obligations,node-0091,node-0091,0,0,0
trace-158,clock-interval,1,8,top-one,node-0091,node-0091,0,0,0
trace-158,clock-interval,1,8,expiry-skyline,node-0091,node-0091,0,0,0
trace-158,clock-interval,1,9,direct,node-0015,node-0015,0,0,0
trace-158,clock-interval,1,9,verified,node-0015,node-0015,0,0,0
trace-158,clock-interval,1,9,full-compiled,node-0015,node-0015,0,0,0
trace-158,clock-interval,1,9,timestamp-only,node-0015,node-0060,1,1,1
trace-158,clock-interval,1,9,no-ancestor-expiry,node-0015,node-0015,0,0,0
trace-158,clock-interval,1,9,no-ancestor-revocation,node-0015,node-0015,0,0,0
trace-158,clock-interval,1,9,no-alias-obligations,node-0015,node-0060,1,1,1
trace-158,clock-interval,1,9,top-one,node-0015,,1,1,0
trace-158,clock-interval,1,9,expiry-skyline,node-0015,,1,1,0
trace-158,clock-interval,1,10,direct,node-0091,node-0091,0,0,0
trace-158,clock-interval,1,10,verified,node-0091,node-0091,0,0,0
trace-158,clock-interval,1,10,full-compiled,node-0091,node-0091,0,0,0
trace-158,clock-interval,1,10,timestamp-only,node-0091,node-0091,0,0,0
trace-158,clock-interval,1,10,no-ancestor-expiry,node-0091,node-0091,0,0,0
trace-158,clock-interval,1,10,no-ancestor-revocation,node-0091,node-0091,0,0,0
trace-158,clock-interval,1,10,no-alias-obligations,node-0091,node-0091,0,0,0
trace-158,clock-interval,1,10,top-one,node-0091,node-0091,0,0,0
trace-158,clock-interval,1,10,expiry-skyline,node-0091,node-0091,0,0,0
trace-158,clock-interval,1,11,direct,node-0015,node-0015,0,0,0
trace-158,clock-interval,1,11,verified,node-0015,node-0015,0,0,0
trace-158,clock-interval,1,11,full-compiled,node-0015,node-0015,0,0,0
trace-158,clock-interval,1,11,timestamp-only,node-0015,node-0015,0,0,0
trace-158,clock-interval,1,11,no-ancestor-expiry,node-0015,node-0015,0,0,0
trace-158,clock-interval,1,11,no-ancestor-revocation,node-0015,node-0015,0,0,0
trace-158,clock-interval,1,11,no-alias-obligations,node-0015,node-0015,0,0,0
trace-158,clock-interval,1,11,top-one,node-0015,,1,1,0
trace-158,clock-interval,1,11,expiry-skyline,node-0015,,1,1,0
trace-159,clock-interval,0,0,direct,node-0053,node-0053,0,0,0
trace-159,clock-interval,0,0,verified,node-0053,node-0053,0,0,0
trace-159,clock-interval,0,0,full-compiled,node-0053,node-0053,0,0,0
trace-159,clock-interval,0,0,timestamp-only,node-0053,node-0053,0,0,0
trace-159,clock-interval,0,0,no-ancestor-expiry,node-0053,node-0053,0,0,0
trace-159,clock-interval,0,0,no-ancestor-revocation,node-0053,node-0053,0,0,0
trace-159,clock-interval,0,0,no-alias-obligations,node-0053,node-0053,0,0,0
trace-159,clock-interval,0,0,top-one,node-0053,node-0053,0,0,0
trace-159,clock-interval,0,0,expiry-skyline,node-0053,node-0053,0,0,0
trace-159,clock-interval,0,1,direct,node-0053,node-0053,0,0,0
trace-159,clock-interval,0,1,verified,node-0053,node-0053,0,0,0
trace-159,clock-interval,0,1,full-compiled,node-0053,node-0053,0,0,0
trace-159,clock-interval,0,1,timestamp-only,node-0053,node-0053,0,0,0
trace-159,clock-interval,0,1,no-ancestor-expiry,node-0053,node-0053,0,0,0
trace-159,clock-interval,0,1,no-ancestor-revocation,node-0053,node-0053,0,0,0
trace-159,clock-interval,0,1,no-alias-obligations,node-0053,node-0053,0,0,0
trace-159,clock-interval,0,1,top-one,node-0053,node-0053,0,0,0
trace-159,clock-interval,0,1,expiry-skyline,node-0053,node-0053,0,0,0
trace-159,clock-interval,0,2,direct,node-0080,node-0080,0,0,0
trace-159,clock-interval,0,2,verified,node-0080,node-0080,0,0,0
trace-159,clock-interval,0,2,full-compiled,node-0080,node-0080,0,0,0
trace-159,clock-interval,0,2,timestamp-only,node-0080,node-0001,1,0,1
trace-159,clock-interval,0,2,no-ancestor-expiry,node-0080,node-0080,0,0,0
trace-159,clock-interval,0,2,no-ancestor-revocation,node-0080,node-0080,0,0,0
trace-159,clock-interval,0,2,no-alias-obligations,node-0080,node-0001,1,0,1
trace-159,clock-interval,0,2,top-one,node-0080,,1,1,0
trace-159,clock-interval,0,2,expiry-skyline,node-0080,,1,1,0
trace-159,clock-interval,0,3,direct,node-0053,node-0053,0,0,0
trace-159,clock-interval,0,3,verified,node-0053,node-0053,0,0,0
trace-159,clock-interval,0,3,full-compiled,node-0053,node-0053,0,0,0
trace-159,clock-interval,0,3,timestamp-only,node-0053,node-0053,0,0,0
trace-159,clock-interval,0,3,no-ancestor-expiry,node-0053,node-0053,0,0,0
trace-159,clock-interval,0,3,no-ancestor-revocation,node-0053,node-0053,0,0,0
trace-159,clock-interval,0,3,no-alias-obligations,node-0053,node-0053,0,0,0
trace-159,clock-interval,0,3,top-one,node-0053,node-0053,0,0,0
trace-159,clock-interval,0,3,expiry-skyline,node-0053,node-0053,0,0,0
trace-159,clock-interval,0,4,direct,node-0053,node-0053,0,0,0
trace-159,clock-interval,0,4,verified,node-0053,node-0053,0,0,0
trace-159,clock-interval,0,4,full-compiled,node-0053,node-0053,0,0,0
trace-159,clock-interval,0,4,timestamp-only,node-0053,node-0053,0,0,0
trace-159,clock-interval,0,4,no-ancestor-expiry,node-0053,node-0053,0,0,0
trace-159,clock-interval,0,4,no-ancestor-revocation,node-0053,node-0053,0,0,0
trace-159,clock-interval,0,4,no-alias-obligations,node-0053,node-0053,0,0,0
trace-159,clock-interval,0,4,top-one,node-0053,node-0053,0,0,0
trace-159,clock-interval,0,4,expiry-skyline,node-0053,node-0053,0,0,0
trace-159,clock-interval,0,5,direct,node-0053,node-0053,0,0,0
trace-159,clock-interval,0,5,verified,node-0053,node-0053,0,0,0
trace-159,clock-interval,0,5,full-compiled,node-0053,node-0053,0,0,0
trace-159,clock-interval,0,5,timestamp-only,node-0053,node-0053,0,0,0
trace-159,clock-interval,0,5,no-ancestor-expiry,node-0053,node-0053,0,0,0
trace-159,clock-interval,0,5,no-ancestor-revocation,node-0053,node-0053,0,0,0
trace-159,clock-interval,0,5,no-alias-obligations,node-0053,node-0053,0,0,0
trace-159,clock-interval,0,5,top-one,node-0053,node-0053,0,0,0
trace-159,clock-interval,0,5,expiry-skyline,node-0053,node-0053,0,0,0
trace-159,clock-interval,0,6,direct,,,0,0,0
trace-159,clock-interval,0,6,verified,,,0,0,0
trace-159,clock-interval,0,6,full-compiled,,,0,0,0
trace-159,clock-interval,0,6,timestamp-only,,node-0071,1,1,1
trace-159,clock-interval,0,6,no-ancestor-expiry,,,0,0,0
trace-159,clock-interval,0,6,no-ancestor-revocation,,,0,0,0
trace-159,clock-interval,0,6,no-alias-obligations,,node-0071,1,1,1
trace-159,clock-interval,0,6,top-one,,,0,0,0
trace-159,clock-interval,0,6,expiry-skyline,,,0,0,0
trace-159,clock-interval,0,7,direct,,,0,0,0
trace-159,clock-interval,0,7,verified,,,0,0,0
trace-159,clock-interval,0,7,full-compiled,,,0,0,0
trace-159,clock-interval,0,7,timestamp-only,,,0,0,0
trace-159,clock-interval,0,7,no-ancestor-expiry,,,0,0,0
trace-159,clock-interval,0,7,no-ancestor-revocation,,,0,0,0
trace-159,clock-interval,0,7,no-alias-obligations,,,0,0,0
trace-159,clock-interval,0,7,top-one,,,0,0,0
trace-159,clock-interval,0,7,expiry-skyline,,,0,0,0
trace-159,clock-interval,0,8,direct,node-0053,node-0053,0,0,0
trace-159,clock-interval,0,8,verified,node-0053,node-0053,0,0,0
trace-159,clock-interval,0,8,full-compiled,node-0053,node-0053,0,0,0
trace-159,clock-interval,0,8,timestamp-only,node-0053,node-0053,0,0,0
trace-159,clock-interval,0,8,no-ancestor-expiry,node-0053,node-0053,0,0,0
trace-159,clock-interval,0,8,no-ancestor-revocation,node-0053,node-0053,0,0,0
trace-159,clock-interval,0,8,no-alias-obligations,node-0053,node-0053,0,0,0
trace-159,clock-interval,0,8,top-one,node-0053,node-0053,0,0,0
trace-159,clock-interval,0,8,expiry-skyline,node-0053,node-0053,0,0,0
trace-159,clock-interval,0,9,direct,node-0000,node-0000,0,0,0
trace-159,clock-interval,0,9,verified,node-0000,node-0000,0,0,0
trace-159,clock-interval,0,9,full-compiled,node-0000,node-0000,0,0,0
trace-159,clock-interval,0,9,timestamp-only,node-0000,node-0051,1,0,1
trace-159,clock-interval,0,9,no-ancestor-expiry,node-0000,node-0000,0,0,0
trace-159,clock-interval,0,9,no-ancestor-revocation,node-0000,node-0000,0,0,0
trace-159,clock-interval,0,9,no-alias-obligations,node-0000,node-0051,1,0,1
trace-159,clock-interval,0,9,top-one,node-0000,,1,1,0
trace-159,clock-interval,0,9,expiry-skyline,node-0000,,1,1,0
trace-159,clock-interval,0,10,direct,node-0053,node-0053,0,0,0
trace-159,clock-interval,0,10,verified,node-0053,node-0053,0,0,0
trace-159,clock-interval,0,10,full-compiled,node-0053,node-0053,0,0,0
trace-159,clock-interval,0,10,timestamp-only,node-0053,node-0053,0,0,0
trace-159,clock-interval,0,10,no-ancestor-expiry,node-0053,node-0053,0,0,0
trace-159,clock-interval,0,10,no-ancestor-revocation,node-0053,node-0053,0,0,0
trace-159,clock-interval,0,10,no-alias-obligations,node-0053,node-0053,0,0,0
trace-159,clock-interval,0,10,top-one,node-0053,node-0053,0,0,0
trace-159,clock-interval,0,10,expiry-skyline,node-0053,node-0053,0,0,0
trace-159,clock-interval,0,11,direct,,,0,0,0
trace-159,clock-interval,0,11,verified,,,0,0,0
trace-159,clock-interval,0,11,full-compiled,,,0,0,0
trace-159,clock-interval,0,11,timestamp-only,,node-0035,1,1,1
trace-159,clock-interval,0,11,no-ancestor-expiry,,,0,0,0
trace-159,clock-interval,0,11,no-ancestor-revocation,,,0,0,0
trace-159,clock-interval,0,11,no-alias-obligations,,node-0004,1,1,1
trace-159,clock-interval,0,11,top-one,,,0,0,0
trace-159,clock-interval,0,11,expiry-skyline,,,0,0,0
trace-159,clock-interval,1,0,direct,node-0042,node-0042,0,0,0
trace-159,clock-interval,1,0,verified,node-0042,node-0042,0,0,0
trace-159,clock-interval,1,0,full-compiled,node-0042,node-0042,0,0,0
trace-159,clock-interval,1,0,timestamp-only,node-0042,node-0042,0,0,0
trace-159,clock-interval,1,0,no-ancestor-expiry,node-0042,node-0042,0,0,0
trace-159,clock-interval,1,0,no-ancestor-revocation,node-0042,node-0042,0,0,0
trace-159,clock-interval,1,0,no-alias-obligations,node-0042,node-0042,0,0,0
trace-159,clock-interval,1,0,top-one,node-0042,node-0042,0,0,0
trace-159,clock-interval,1,0,expiry-skyline,node-0042,node-0042,0,0,0
trace-159,clock-interval,1,1,direct,node-0041,node-0041,0,0,0
trace-159,clock-interval,1,1,verified,node-0041,node-0041,0,0,0
trace-159,clock-interval,1,1,full-compiled,node-0041,node-0041,0,0,0
trace-159,clock-interval,1,1,timestamp-only,node-0041,node-0042,1,1,1
trace-159,clock-interval,1,1,no-ancestor-expiry,node-0041,node-0041,0,0,0
trace-159,clock-interval,1,1,no-ancestor-revocation,node-0041,node-0042,1,1,1
trace-159,clock-interval,1,1,no-alias-obligations,node-0041,node-0041,0,0,0
trace-159,clock-interval,1,1,top-one,node-0041,,1,1,0
trace-159,clock-interval,1,1,expiry-skyline,node-0041,node-0015,1,1,0
trace-159,clock-interval,1,2,direct,node-0063,node-0063,0,0,0
trace-159,clock-interval,1,2,verified,node-0063,node-0063,0,0,0
trace-159,clock-interval,1,2,full-compiled,node-0063,node-0063,0,0,0
trace-159,clock-interval,1,2,timestamp-only,node-0063,node-0026,1,1,1
trace-159,clock-interval,1,2,no-ancestor-expiry,node-0063,node-0063,0,0,0
trace-159,clock-interval,1,2,no-ancestor-revocation,node-0063,node-0031,1,1,1
trace-159,clock-interval,1,2,no-alias-obligations,node-0063,node-0026,1,1,1
trace-159,clock-interval,1,2,top-one,node-0063,,1,1,0
trace-159,clock-interval,1,2,expiry-skyline,node-0063,,1,1,0
trace-159,clock-interval,1,3,direct,node-0041,node-0041,0,0,0
trace-159,clock-interval,1,3,verified,node-0041,node-0041,0,0,0
trace-159,clock-interval,1,3,full-compiled,node-0041,node-0041,0,0,0
trace-159,clock-interval,1,3,timestamp-only,node-0041,node-0042,1,1,1
trace-159,clock-interval,1,3,no-ancestor-expiry,node-0041,node-0041,0,0,0
trace-159,clock-interval,1,3,no-ancestor-revocation,node-0041,node-0042,1,1,1
trace-159,clock-interval,1,3,no-alias-obligations,node-0041,node-0041,0,0,0
trace-159,clock-interval,1,3,top-one,node-0041,,1,1,0
trace-159,clock-interval,1,3,expiry-skyline,node-0041,node-0015,1,1,0
trace-159,clock-interval,1,4,direct,node-0042,node-0042,0,0,0
trace-159,clock-interval,1,4,verified,node-0042,node-0042,0,0,0
trace-159,clock-interval,1,4,full-compiled,node-0042,node-0042,0,0,0
trace-159,clock-interval,1,4,timestamp-only,node-0042,node-0042,0,0,0
trace-159,clock-interval,1,4,no-ancestor-expiry,node-0042,node-0042,0,0,0
trace-159,clock-interval,1,4,no-ancestor-revocation,node-0042,node-0042,0,0,0
trace-159,clock-interval,1,4,no-alias-obligations,node-0042,node-0042,0,0,0
trace-159,clock-interval,1,4,top-one,node-0042,node-0042,0,0,0
trace-159,clock-interval,1,4,expiry-skyline,node-0042,node-0042,0,0,0
trace-159,clock-interval,1,5,direct,node-0042,node-0042,0,0,0
trace-159,clock-interval,1,5,verified,node-0042,node-0042,0,0,0
trace-159,clock-interval,1,5,full-compiled,node-0042,node-0042,0,0,0
trace-159,clock-interval,1,5,timestamp-only,node-0042,node-0042,0,0,0
trace-159,clock-interval,1,5,no-ancestor-expiry,node-0042,node-0042,0,0,0
trace-159,clock-interval,1,5,no-ancestor-revocation,node-0042,node-0042,0,0,0
trace-159,clock-interval,1,5,no-alias-obligations,node-0042,node-0042,0,0,0
trace-159,clock-interval,1,5,top-one,node-0042,node-0042,0,0,0
trace-159,clock-interval,1,5,expiry-skyline,node-0042,node-0042,0,0,0
trace-159,clock-interval,1,6,direct,node-0015,node-0015,0,0,0
trace-159,clock-interval,1,6,verified,node-0015,node-0015,0,0,0
trace-159,clock-interval,1,6,full-compiled,node-0015,node-0015,0,0,0
trace-159,clock-interval,1,6,timestamp-only,node-0015,node-0043,1,1,1
trace-159,clock-interval,1,6,no-ancestor-expiry,node-0015,node-0015,0,0,0
trace-159,clock-interval,1,6,no-ancestor-revocation,node-0015,node-0015,0,0,0
trace-159,clock-interval,1,6,no-alias-obligations,node-0015,node-0015,0,0,0
trace-159,clock-interval,1,6,top-one,node-0015,,1,1,0
trace-159,clock-interval,1,6,expiry-skyline,node-0015,node-0015,0,0,0
trace-159,clock-interval,1,7,direct,,,0,0,0
trace-159,clock-interval,1,7,verified,,,0,0,0
trace-159,clock-interval,1,7,full-compiled,,,0,0,0
trace-159,clock-interval,1,7,timestamp-only,,,0,0,0
trace-159,clock-interval,1,7,no-ancestor-expiry,,,0,0,0
trace-159,clock-interval,1,7,no-ancestor-revocation,,,0,0,0
trace-159,clock-interval,1,7,no-alias-obligations,,,0,0,0
trace-159,clock-interval,1,7,top-one,,,0,0,0
trace-159,clock-interval,1,7,expiry-skyline,,,0,0,0
trace-159,clock-interval,1,8,direct,node-0042,node-0042,0,0,0
trace-159,clock-interval,1,8,verified,node-0042,node-0042,0,0,0
trace-159,clock-interval,1,8,full-compiled,node-0042,node-0042,0,0,0
trace-159,clock-interval,1,8,timestamp-only,node-0042,node-0042,0,0,0
trace-159,clock-interval,1,8,no-ancestor-expiry,node-0042,node-0042,0,0,0
trace-159,clock-interval,1,8,no-ancestor-revocation,node-0042,node-0042,0,0,0
trace-159,clock-interval,1,8,no-alias-obligations,node-0042,node-0042,0,0,0
trace-159,clock-interval,1,8,top-one,node-0042,node-0042,0,0,0
trace-159,clock-interval,1,8,expiry-skyline,node-0042,node-0042,0,0,0
trace-159,clock-interval,1,9,direct,node-0079,node-0079,0,0,0
trace-159,clock-interval,1,9,verified,node-0079,node-0079,0,0,0
trace-159,clock-interval,1,9,full-compiled,node-0079,node-0079,0,0,0
trace-159,clock-interval,1,9,timestamp-only,node-0079,node-0008,1,1,1
trace-159,clock-interval,1,9,no-ancestor-expiry,node-0079,node-0079,0,0,0
trace-159,clock-interval,1,9,no-ancestor-revocation,node-0079,node-0079,0,0,0
trace-159,clock-interval,1,9,no-alias-obligations,node-0079,node-0008,1,1,1
trace-159,clock-interval,1,9,top-one,node-0079,,1,1,0
trace-159,clock-interval,1,9,expiry-skyline,node-0079,,1,1,0
trace-159,clock-interval,1,10,direct,node-0042,node-0042,0,0,0
trace-159,clock-interval,1,10,verified,node-0042,node-0042,0,0,0
trace-159,clock-interval,1,10,full-compiled,node-0042,node-0042,0,0,0
trace-159,clock-interval,1,10,timestamp-only,node-0042,node-0042,0,0,0
trace-159,clock-interval,1,10,no-ancestor-expiry,node-0042,node-0042,0,0,0
trace-159,clock-interval,1,10,no-ancestor-revocation,node-0042,node-0042,0,0,0
trace-159,clock-interval,1,10,no-alias-obligations,node-0042,node-0042,0,0,0
trace-159,clock-interval,1,10,top-one,node-0042,node-0042,0,0,0
trace-159,clock-interval,1,10,expiry-skyline,node-0042,node-0042,0,0,0
trace-159,clock-interval,1,11,direct,node-0095,node-0095,0,0,0
trace-159,clock-interval,1,11,verified,node-0095,node-0095,0,0,0
trace-159,clock-interval,1,11,full-compiled,node-0095,node-0095,0,0,0
trace-159,clock-interval,1,11,timestamp-only,node-0095,node-0095,0,0,0
trace-159,clock-interval,1,11,no-ancestor-expiry,node-0095,node-0095,0,0,0
trace-159,clock-interval,1,11,no-ancestor-revocation,node-0095,node-0095,0,0,0
trace-159,clock-interval,1,11,no-alias-obligations,node-0095,node-0095,0,0,0
trace-159,clock-interval,1,11,top-one,node-0095,,1,1,0
trace-159,clock-interval,1,11,expiry-skyline,node-0095,,1,1,0
