case,regime,query,context,method,expected,returned,id_error,value_error,unsafe_return
trace-032,and-dependency,0,0,direct,node-0076,node-0076,0,0,0
trace-032,and-dependency,0,0,verified,node-0076,node-0076,0,0,0
trace-032,and-dependency,0,0,full-compiled,node-0076,node-0076,0,0,0
trace-032,and-dependency,0,0,timestamp-only,node-0076,node-0076,0,0,0
trace-032,and-dependency,0,0,no-ancestor-expiry,node-0076,node-0076,0,0,0
trace-032,and-dependency,0,0,no-ancestor-revocation,node-0076,node-0076,0,0,0
trace-032,and-dependency,0,0,no-alias-obligations,node-0076,node-0076,0,0,0
trace-032,and-dependency,0,0,top-one,node-0076,node-0076,0,0,0
trace-032,and-dependency,0,0,expiry-skyline,node-0076,node-0076,0,0,0
trace-032,and-dependency,0,1,direct,node-0076,node-0076,0,0,0
trace-032,and-dependency,0,1,verified,node-0076,node-0076,0,0,0
trace-032,and-dependency,0,1,full-compiled,node-0076,node-0076,0,0,0
trace-032,and-dependency,0,1,timestamp-only,node-0076,node-0076,0,0,0
trace-032,and-dependency,0,1,no-ancestor-expiry,node-0076,node-0076,0,0,0
trace-032,and-dependency,0,1,no-ancestor-revocation,node-0076,node-0076,0,0,0
trace-032,and-dependency,0,1,no-alias-obligations,node-0076,node-0076,0,0,0
trace-032,and-dependency,0,1,top-one,node-0076,node-0076,0,0,0
trace-032,and-dependency,0,1,expiry-skyline,node-0076,node-0076,0,0,0
trace-032,and-dependency,0,2,direct,node-0040,node-0040,0,0,0
trace-032,and-dependency,0,2,verified,node-0040,node-0040,0,0,0
trace-032,and-dependency,0,2,full-compiled,node-0040,node-0040,0,0,0
trace-032,and-dependency,0,2,timestamp-only,node-0040,node-0084,1,1,1
trace-032,and-dependency,0,2,no-ancestor-expiry,node-0040,node-0040,0,0,0
trace-032,and-dependency,0,2,no-ancestor-revocation,node-0040,node-0084,1,1,1
trace-032,and-dependency,0,2,no-alias-obligations,node-0040,node-0001,1,0,1
trace-032,and-dependency,0,2,top-one,node-0040,,1,1,0
trace-032,and-dependency,0,2,expiry-skyline,node-0040,node-0032,1,0,0
trace-032,and-dependency,0,3,direct,node-0076,node-0076,0,0,0
trace-032,and-dependency,0,3,verified,node-0076,node-0076,0,0,0
trace-032,and-dependency,0,3,full-compiled,node-0076,node-0076,0,0,0
trace-032,and-dependency,0,3,timestamp-only,node-0076,node-0076,0,0,0
trace-032,and-dependency,0,3,no-ancestor-expiry,node-0076,node-0076,0,0,0
trace-032,and-dependency,0,3,no-ancestor-revocation,node-0076,node-0076,0,0,0
trace-032,and-dependency,0,3,no-alias-obligations,node-0076,node-0076,0,0,0
trace-032,and-dependency,0,3,top-one,node-0076,node-0076,0,0,0
trace-032,and-dependency,0,3,expiry-skyline,node-0076,node-0076,0,0,0
trace-032,and-dependency,0,4,direct,node-0076,node-0076,0,0,0
trace-032,and-dependency,0,4,verified,node-0076,node-0076,0,0,0
trace-032,and-dependency,0,4,full-compiled,node-0076,node-0076,0,0,0
trace-032,and-dependency,0,4,timestamp-only,node-0076,node-0076,0,0,0
trace-032,and-dependency,0,4,no-ancestor-expiry,node-0076,node-0076,0,0,0
trace-032,and-dependency,0,4,no-ancestor-revocation,node-0076,node-0076,0,0,0
trace-032,and-dependency,0,4,no-alias-obligations,node-0076,node-0076,0,0,0
trace-032,and-dependency,0,4,top-one,node-0076,node-0076,0,0,0
trace-032,and-dependency,0,4,expiry-skyline,node-0076,node-0076,0,0,0
trace-032,and-dependency,0,5,direct,node-0072,node-0072,0,0,0
trace-032,and-dependency,0,5,verified,node-0072,node-0072,0,0,0
trace-032,and-dependency,0,5,full-compiled,node-0072,node-0072,0,0,0
trace-032,and-dependency,0,5,timestamp-only,node-0072,node-0072,0,0,0
trace-032,and-dependency,0,5,no-ancestor-expiry,node-0072,node-0072,0,0,0
trace-032,and-dependency,0,5,no-ancestor-revocation,node-0072,node-0072,0,0,0
trace-032,and-dependency,0,5,no-alias-obligations,node-0072,node-0072,0,0,0
trace-032,and-dependency,0,5,top-one,node-0072,,1,1,0
trace-032,and-dependency,0,5,expiry-skyline,node-0072,node-0072,0,0,0
trace-032,and-dependency,0,6,direct,node-0032,node-0032,0,0,0
trace-032,and-dependency,0,6,verified,node-0032,node-0032,0,0,0
trace-032,and-dependency,0,6,full-compiled,node-0032,node-0032,0,0,0
trace-032,and-dependency,0,6,timestamp-only,node-0032,node-0048,1,1,1
trace-032,and-dependency,0,6,no-ancestor-expiry,node-0032,node-0048,1,1,1
trace-032,and-dependency,0,6,no-ancestor-revocation,node-0032,node-0032,0,0,0
trace-032,and-dependency,0,6,no-alias-obligations,node-0032,node-0032,0,0,0
trace-032,and-dependency,0,6,top-one,node-0032,,1,1,0
trace-032,and-dependency,0,6,expiry-skyline,node-0032,node-0032,0,0,0
trace-032,and-dependency,0,7,direct,,,0,0,0
trace-032,and-dependency,0,7,verified,,,0,0,0
trace-032,and-dependency,0,7,full-compiled,,,0,0,0
trace-032,and-dependency,0,7,timestamp-only,,,0,0,0
trace-032,and-dependency,0,7,no-ancestor-expiry,,,0,0,0
trace-032,and-dependency,0,7,no-ancestor-revocation,,,0,0,0
trace-032,and-dependency,0,7,no-alias-obligations,,,0,0,0
trace-032,and-dependency,0,7,top-one,,,0,0,0
trace-032,and-dependency,0,7,expiry-skyline,,,0,0,0
trace-032,and-dependency,0,8,direct,node-0040,node-0040,0,0,0
trace-032,and-dependency,0,8,verified,node-0040,node-0040,0,0,0
trace-032,and-dependency,0,8,full-compiled,node-0040,node-0040,0,0,0
trace-032,and-dependency,0,8,timestamp-only,node-0040,node-0084,1,1,1
trace-032,and-dependency,0,8,no-ancestor-expiry,node-0040,node-0040,0,0,0
trace-032,and-dependency,0,8,no-ancestor-revocation,node-0040,node-0084,1,1,1
trace-032,and-dependency,0,8,no-alias-obligations,node-0040,node-0001,1,0,1
trace-032,and-dependency,0,8,top-one,node-0040,,1,1,0
trace-032,and-dependency,0,8,expiry-skyline,node-0040,node-0032,1,0,0
trace-032,and-dependency,0,9,direct,node-0040,node-0040,0,0,0
trace-032,and-dependency,0,9,verified,node-0040,node-0040,0,0,0
trace-032,and-dependency,0,9,full-compiled,node-0040,node-0040,0,0,0
trace-032,and-dependency,0,9,timestamp-only,node-0040,node-0084,1,1,1
trace-032,and-dependency,0,9,no-ancestor-expiry,node-0040,node-0040,0,0,0
trace-032,and-dependency,0,9,no-ancestor-revocation,node-0040,node-0084,1,1,1
trace-032,and-dependency,0,9,no-alias-obligations,node-0040,node-0001,1,0,1
trace-032,and-dependency,0,9,top-one,node-0040,,1,1,0
trace-032,and-dependency,0,9,expiry-skyline,node-0040,node-0032,1,0,0
trace-032,and-dependency,0,10,direct,node-0076,node-0076,0,0,0
trace-032,and-dependency,0,10,verified,node-0076,node-0076,0,0,0
trace-032,and-dependency,0,10,full-compiled,node-0076,node-0076,0,0,0
trace-032,and-dependency,0,10,timestamp-only,node-0076,node-0076,0,0,0
trace-032,and-dependency,0,10,no-ancestor-expiry,node-0076,node-0076,0,0,0
trace-032,and-dependency,0,10,no-ancestor-revocation,node-0076,node-0076,0,0,0
trace-032,and-dependency,0,10,no-alias-obligations,node-0076,node-0076,0,0,0
trace-032,and-dependency,0,10,top-one,node-0076,node-0076,0,0,0
trace-032,and-dependency,0,10,expiry-skyline,node-0076,node-0076,0,0,0
trace-032,and-dependency,0,11,direct,,,0,0,0
trace-032,and-dependency,0,11,verified,,,0,0,0
trace-032,and-dependency,0,11,full-compiled,,,0,0,0
trace-032,and-dependency,0,11,timestamp-only,,node-0125,1,1,1
trace-032,and-dependency,0,11,no-ancestor-expiry,,,0,0,0
trace-032,and-dependency,0,11,no-ancestor-revocation,,,0,0,0
trace-032,and-dependency,0,11,no-alias-obligations,,,0,0,0
trace-032,and-dependency,0,11,top-one,,,0,0,0
trace-032,and-dependency,0,11,expiry-skyline,,,0,0,0
trace-032,and-dependency,1,0,direct,node-0023,node-0023,0,0,0
trace-032,and-dependency,1,0,verified,node-0023,node-0023,0,0,0
trace-032,and-dependency,1,0,full-compiled,node-0023,node-0023,0,0,0
trace-032,and-dependency,1,0,timestamp-only,node-0023,node-0111,1,1,1
trace-032,and-dependency,1,0,no-ancestor-expiry,node-0023,node-0111,1,1,1
trace-032,and-dependency,1,0,no-ancestor-revocation,node-0023,node-0023,0,0,0
trace-032,and-dependency,1,0,no-alias-obligations,node-0023,node-0023,0,0,0
trace-032,and-dependency,1,0,top-one,node-0023,node-0023,0,0,0
trace-032,and-dependency,1,0,expiry-skyline,node-0023,node-0023,0,0,0
trace-032,and-dependency,1,1,direct,node-0023,node-0023,0,0,0
trace-032,and-dependency,1,1,verified,node-0023,node-0023,0,0,0
trace-032,and-dependency,1,1,full-compiled,node-0023,node-0023,0,0,0
trace-032,and-dependency,1,1,timestamp-only,node-0023,node-0111,1,1,1
trace-032,and-dependency,1,1,no-ancestor-expiry,node-0023,node-0023,0,0,0
trace-032,and-dependency,1,1,no-ancestor-revocation,node-0023,node-0023,0,0,0
trace-032,and-dependency,1,1,no-alias-obligations,node-0023,node-0023,0,0,0
trace-032,and-dependency,1,1,top-one,node-0023,node-0023,0,0,0
trace-032,and-dependency,1,1,expiry-skyline,node-0023,node-0023,0,0,0
trace-032,and-dependency,1,2,direct,node-0011,node-0011,0,0,0
trace-032,and-dependency,1,2,verified,node-0011,node-0011,0,0,0
trace-032,and-dependency,1,2,full-compiled,node-0011,node-0011,0,0,0
trace-032,and-dependency,1,2,timestamp-only,node-0011,node-0011,0,0,0
trace-032,and-dependency,1,2,no-ancestor-expiry,node-0011,node-0011,0,0,0
trace-032,and-dependency,1,2,no-ancestor-revocation,node-0011,node-0011,0,0,0
trace-032,and-dependency,1,2,no-alias-obligations,node-0011,node-0011,0,0,0
trace-032,and-dependency,1,2,top-one,node-0011,,1,1,0
trace-032,and-dependency,1,2,expiry-skyline,node-0011,node-0075,1,1,0
trace-032,and-dependency,1,3,direct,node-0119,node-0119,0,0,0
trace-032,and-dependency,1,3,verified,node-0119,node-0119,0,0,0
trace-032,and-dependency,1,3,full-compiled,node-0119,node-0119,0,0,0
trace-032,and-dependency,1,3,timestamp-only,node-0119,node-0111,1,1,1
trace-032,and-dependency,1,3,no-ancestor-expiry,node-0119,node-0119,0,0,0
trace-032,and-dependency,1,3,no-ancestor-revocation,node-0119,node-0119,0,0,0
trace-032,and-dependency,1,3,no-alias-obligations,node-0119,node-0119,0,0,0
trace-032,and-dependency,1,3,top-one,node-0119,,1,1,0
trace-032,and-dependency,1,3,expiry-skyline,node-0119,node-0119,0,0,0
trace-032,and-dependency,1,4,direct,node-0119,node-0119,0,0,0
trace-032,and-dependency,1,4,verified,node-0119,node-0119,0,0,0
trace-032,and-dependency,1,4,full-compiled,node-0119,node-0119,0,0,0
trace-032,and-dependency,1,4,timestamp-only,node-0119,node-0111,1,1,1
trace-032,and-dependency,1,4,no-ancestor-expiry,node-0119,node-0111,1,1,1
trace-032,and-dependency,1,4,no-ancestor-revocation,node-0119,node-0119,0,0,0
trace-032,and-dependency,1,4,no-alias-obligations,node-0119,node-0119,0,0,0
trace-032,and-dependency,1,4,top-one,node-0119,,1,1,0
trace-032,and-dependency,1,4,expiry-skyline,node-0119,node-0119,0,0,0
trace-032,and-dependency,1,5,direct,node-0075,node-0075,0,0,0
trace-032,and-dependency,1,5,verified,node-0075,node-0075,0,0,0
trace-032,and-dependency,1,5,full-compiled,node-0075,node-0075,0,0,0
trace-032,and-dependency,1,5,timestamp-only,node-0075,node-0111,1,1,1
trace-032,and-dependency,1,5,no-ancestor-expiry,node-0075,node-0111,1,1,1
trace-032,and-dependency,1,5,no-ancestor-revocation,node-0075,node-0075,0,0,0
trace-032,and-dependency,1,5,no-alias-obligations,node-0075,node-0075,0,0,0
trace-032,and-dependency,1,5,top-one,node-0075,,1,1,0
trace-032,and-dependency,1,5,expiry-skyline,node-0075,node-0075,0,0,0
trace-032,and-dependency,1,6,direct,,,0,0,0
trace-032,and-dependency,1,6,verified,,,0,0,0
trace-032,and-dependency,1,6,full-compiled,,,0,0,0
trace-032,and-dependency,1,6,timestamp-only,,node-0011,1,1,1
trace-032,and-dependency,1,6,no-ancestor-expiry,,node-0011,1,1,1
trace-032,and-dependency,1,6,no-ancestor-revocation,,,0,0,0
trace-032,and-dependency,1,6,no-alias-obligations,,,0,0,0
trace-032,and-dependency,1,6,top-one,,,0,0,0
trace-032,and-dependency,1,6,expiry-skyline,,,0,0,0
trace-032,and-dependency,1,7,direct,,,0,0,0
trace-032,and-dependency,1,7,verified,,,0,0,0
trace-032,and-dependency,1,7,full-compiled,,,0,0,0
trace-032,and-dependency,1,7,timestamp-only,,,0,0,0
trace-032,and-dependency,1,7,no-ancestor-expiry,,,0,0,0
trace-032,and-dependency,1,7,no-ancestor-revocation,,,0,0,0
trace-032,and-dependency,1,7,no-alias-obligations,,,0,0,0
trace-032,and-dependency,1,7,top-one,,,0,0,0
trace-032,and-dependency,1,7,expiry-skyline,,,0,0,0
trace-032,and-dependency,1,8,direct,node-0011,node-0011,0,0,0
trace-032,and-dependency,1,8,verified,node-0011,node-0011,0,0,0
trace-032,and-dependency,1,8,full-compiled,node-0011,node-0011,0,0,0
trace-032,and-dependency,1,8,timestamp-only,node-0011,node-0011,0,0,0
trace-032,and-dependency,1,8,no-ancestor-expiry,node-0011,node-0011,0,0,0
trace-032,and-dependency,1,8,no-ancestor-revocation,node-0011,node-0011,0,0,0
trace-032,and-dependency,1,8,no-alias-obligations,node-0011,node-0011,0,0,0
trace-032,and-dependency,1,8,top-one,node-0011,,1,1,0
trace-032,and-dependency,1,8,expiry-skyline,node-0011,node-0075,1,1,0
trace-032,and-dependency,1,9,direct,node-0011,node-0011,0,0,0
trace-032,and-dependency,1,9,verified,node-0011,node-0011,0,0,0
trace-032,and-dependency,1,9,full-compiled,node-0011,node-0011,0,0,0
trace-032,and-dependency,1,9,timestamp-only,node-0011,node-0011,0,0,0
trace-032,and-dependency,1,9,no-ancestor-expiry,node-0011,node-0011,0,0,0
trace-032,and-dependency,1,9,no-ancestor-revocation,node-0011,node-0011,0,0,0
trace-032,and-dependency,1,9,no-alias-obligations,node-0011,node-0011,0,0,0
trace-032,and-dependency,1,9,top-one,node-0011,,1,1,0
trace-032,and-dependency,1,9,expiry-skyline,node-0011,node-0075,1,1,0
trace-032,and-dependency,1,10,direct,node-0119,node-0119,0,0,0
trace-032,and-dependency,1,10,verified,node-0119,node-0119,0,0,0
trace-032,and-dependency,1,10,full-compiled,node-0119,node-0119,0,0,0
trace-032,and-dependency,1,10,timestamp-only,node-0119,node-0111,1,1,1
trace-032,and-dependency,1,10,no-ancestor-expiry,node-0119,node-0119,0,0,0
trace-032,and-dependency,1,10,no-ancestor-revocation,node-0119,node-0119,0,0,0
trace-032,and-dependency,1,10,no-alias-obligations,node-0119,node-0119,0,0,0
trace-032,and-dependency,1,10,top-one,node-0119,,1,1,0
trace-032,and-dependency,1,10,expiry-skyline,node-0119,node-0119,0,0,0
trace-032,and-dependency,1,11,direct,,,0,0,0
trace-032,and-dependency,1,11,verified,,,0,0,0
trace-032,and-dependency,1,11,full-compiled,,,0,0,0
trace-032,and-dependency,1,11,timestamp-only,,node-0066,1,1,1
trace-032,and-dependency,1,11,no-ancestor-expiry,,,0,0,0
trace-032,and-dependency,1,11,no-ancestor-revocation,,,0,0,0
trace-032,and-dependency,1,11,no-alias-obligations,,node-0002,1,1,1
trace-032,and-dependency,1,11,top-one,,,0,0,0
trace-032,and-dependency,1,11,expiry-skyline,,,0,0,0
trace-033,and-dependency,0,0,direct,node-0004,node-0004,0,0,0
trace-033,and-dependency,0,0,verified,node-0004,node-0004,0,0,0
trace-033,and-dependency,0,0,full-compiled,node-0004,node-0004,0,0,0
trace-033,and-dependency,0,0,timestamp-only,node-0004,node-0064,1,0,1
trace-033,and-dependency,0,0,no-ancestor-expiry,node-0004,node-0004,0,0,0
trace-033,and-dependency,0,0,no-ancestor-revocation,node-0004,node-0017,1,1,1
trace-033,and-dependency,0,0,no-alias-obligations,node-0004,node-0004,0,0,0
trace-033,and-dependency,0,0,top-one,node-0004,node-0004,0,0,0
trace-033,and-dependency,0,0,expiry-skyline,node-0004,node-0004,0,0,0
trace-033,and-dependency,0,1,direct,node-0004,node-0004,0,0,0
trace-033,and-dependency,0,1,verified,node-0004,node-0004,0,0,0
trace-033,and-dependency,0,1,full-compiled,node-0004,node-0004,0,0,0
trace-033,and-dependency,0,1,timestamp-only,node-0004,node-0064,1,0,1
trace-033,and-dependency,0,1,no-ancestor-expiry,node-0004,node-0004,0,0,0
trace-033,and-dependency,0,1,no-ancestor-revocation,node-0004,node-0017,1,1,1
trace-033,and-dependency,0,1,no-alias-obligations,node-0004,node-0004,0,0,0
trace-033,and-dependency,0,1,top-one,node-0004,node-0004,0,0,0
trace-033,and-dependency,0,1,expiry-skyline,node-0004,node-0004,0,0,0
trace-033,and-dependency,0,2,direct,node-0004,node-0004,0,0,0
trace-033,and-dependency,0,2,verified,node-0004,node-0004,0,0,0
trace-033,and-dependency,0,2,full-compiled,node-0004,node-0004,0,0,0
trace-033,and-dependency,0,2,timestamp-only,node-0004,node-0024,1,0,1
trace-033,and-dependency,0,2,no-ancestor-expiry,node-0004,node-0004,0,0,0
trace-033,and-dependency,0,2,no-ancestor-revocation,node-0004,node-0024,1,0,1
trace-033,and-dependency,0,2,no-alias-obligations,node-0004,node-0004,0,0,0
trace-033,and-dependency,0,2,top-one,node-0004,node-0004,0,0,0
trace-033,and-dependency,0,2,expiry-skyline,node-0004,node-0004,0,0,0
trace-033,and-dependency,0,3,direct,node-0112,node-0112,0,0,0
trace-033,and-dependency,0,3,verified,node-0112,node-0112,0,0,0
trace-033,and-dependency,0,3,full-compiled,node-0112,node-0112,0,0,0
trace-033,and-dependency,0,3,timestamp-only,node-0112,node-0064,1,1,1
trace-033,and-dependency,0,3,no-ancestor-expiry,node-0112,node-0004,1,1,1
trace-033,and-dependency,0,3,no-ancestor-revocation,node-0112,node-0017,1,1,1
trace-033,and-dependency,0,3,no-alias-obligations,node-0112,node-0112,0,0,0
trace-033,and-dependency,0,3,top-one,node-0112,,1,1,0
trace-033,and-dependency,0,3,expiry-skyline,node-0112,node-0112,0,0,0
trace-033,and-dependency,0,4,direct,node-0112,node-0112,0,0,0
trace-033,and-dependency,0,4,verified,node-0112,node-0112,0,0,0
trace-033,and-dependency,0,4,full-compiled,node-0112,node-0112,0,0,0
trace-033,and-dependency,0,4,timestamp-only,node-0112,node-0064,1,1,1
trace-033,and-dependency,0,4,no-ancestor-expiry,node-0112,node-0004,1,1,1
trace-033,and-dependency,0,4,no-ancestor-revocation,node-0112,node-0017,1,1,1
trace-033,and-dependency,0,4,no-alias-obligations,node-0112,node-0112,0,0,0
trace-033,and-dependency,0,4,top-one,node-0112,,1,1,0
trace-033,and-dependency,0,4,expiry-skyline,node-0112,node-0112,0,0,0
trace-033,and-dependency,0,5,direct,node-0112,node-0112,0,0,0
trace-033,and-dependency,0,5,verified,node-0112,node-0112,0,0,0
trace-033,and-dependency,0,5,full-compiled,node-0112,node-0112,0,0,0
trace-033,and-dependency,0,5,timestamp-only,node-0112,node-0064,1,1,1
trace-033,and-dependency,0,5,no-ancestor-expiry,node-0112,node-0112,0,0,0
trace-033,and-dependency,0,5,no-ancestor-revocation,node-0112,node-0112,0,0,0
trace-033,and-dependency,0,5,no-alias-obligations,node-0112,node-0112,0,0,0
trace-033,and-dependency,0,5,top-one,node-0112,,1,1,0
trace-033,and-dependency,0,5,expiry-skyline,node-0112,node-0112,0,0,0
trace-033,and-dependency,0,6,direct,,,0,0,0
trace-033,and-dependency,0,6,verified,,,0,0,0
trace-033,and-dependency,0,6,full-compiled,,,0,0,0
trace-033,and-dependency,0,6,timestamp-only,,node-0109,1,1,1
trace-033,and-dependency,0,6,no-ancestor-expiry,,node-0076,1,1,1
trace-033,and-dependency,0,6,no-ancestor-revocation,,,0,0,0
trace-033,and-dependency,0,6,no-alias-obligations,,,0,0,0
trace-033,and-dependency,0,6,top-one,,,0,0,0
trace-033,and-dependency,0,6,expiry-skyline,,,0,0,0
trace-033,and-dependency,0,7,direct,,,0,0,0
trace-033,and-dependency,0,7,verified,,,0,0,0
trace-033,and-dependency,0,7,full-compiled,,,0,0,0
trace-033,and-dependency,0,7,timestamp-only,,,0,0,0
trace-033,and-dependency,0,7,no-ancestor-expiry,,,0,0,0
trace-033,and-dependency,0,7,no-ancestor-revocation,,,0,0,0
trace-033,and-dependency,0,7,no-alias-obligations,,,0,0,0
trace-033,and-dependency,0,7,top-one,,,0,0,0
trace-033,and-dependency,0,7,expiry-skyline,,,0,0,0
trace-033,and-dependency,0,8,direct,node-0004,node-0004,0,0,0
trace-033,and-dependency,0,8,verified,node-0004,node-0004,0,0,0
trace-033,and-dependency,0,8,full-compiled,node-0004,node-0004,0,0,0
trace-033,and-dependency,0,8,timestamp-only,node-0004,node-0064,1,0,1
trace-033,and-dependency,0,8,no-ancestor-expiry,node-0004,node-0004,0,0,0
trace-033,and-dependency,0,8,no-ancestor-revocation,node-0004,node-0017,1,1,1
trace-033,and-dependency,0,8,no-alias-obligations,node-0004,node-0004,0,0,0
trace-033,and-dependency,0,8,top-one,node-0004,node-0004,0,0,0
trace-033,and-dependency,0,8,expiry-skyline,node-0004,node-0004,0,0,0
trace-033,and-dependency,0,9,direct,node-0068,node-0068,0,0,0
trace-033,and-dependency,0,9,verified,node-0068,node-0068,0,0,0
trace-033,and-dependency,0,9,full-compiled,node-0068,node-0068,0,0,0
trace-033,and-dependency,0,9,timestamp-only,node-0068,node-0024,1,1,1
trace-033,and-dependency,0,9,no-ancestor-expiry,node-0068,node-0004,1,1,1
trace-033,and-dependency,0,9,no-ancestor-revocation,node-0068,node-0068,0,0,0
trace-033,and-dependency,0,9,no-alias-obligations,node-0068,node-0068,0,0,0
trace-033,and-dependency,0,9,top-one,node-0068,,1,1,0
trace-033,and-dependency,0,9,expiry-skyline,node-0068,node-0068,0,0,0
trace-033,and-dependency,0,10,direct,node-0112,node-0112,0,0,0
trace-033,and-dependency,0,10,verified,node-0112,node-0112,0,0,0
trace-033,and-dependency,0,10,full-compiled,node-0112,node-0112,0,0,0
trace-033,and-dependency,0,10,timestamp-only,node-0112,node-0064,1,1,1
trace-033,and-dependency,0,10,no-ancestor-expiry,node-0112,node-0004,1,1,1
trace-033,and-dependency,0,10,no-ancestor-revocation,node-0112,node-0017,1,1,1
trace-033,and-dependency,0,10,no-alias-obligations,node-0112,node-0112,0,0,0
trace-033,and-dependency,0,10,top-one,node-0112,,1,1,0
trace-033,and-dependency,0,10,expiry-skyline,node-0112,node-0112,0,0,0
trace-033,and-dependency,0,11,direct,,,0,0,0
trace-033,and-dependency,0,11,verified,,,0,0,0
trace-033,and-dependency,0,11,full-compiled,,,0,0,0
trace-033,and-dependency,0,11,timestamp-only,,node-0064,1,1,1
trace-033,and-dependency,0,11,no-ancestor-expiry,,,0,0,0
trace-033,and-dependency,0,11,no-ancestor-revocation,,,0,0,0
trace-033,and-dependency,0,11,no-alias-obligations,,,0,0,0
trace-033,and-dependency,0,11,top-one,,,0,0,0
trace-033,and-dependency,0,11,expiry-skyline,,,0,0,0
trace-033,and-dependency,1,0,direct,node-0006,node-0006,0,0,0
trace-033,and-dependency,1,0,verified,node-0006,node-0006,0,0,0
trace-033,and-dependency,1,0,full-compiled,node-0006,node-0006,0,0,0
trace-033,and-dependency,1,0,timestamp-only,node-0006,node-0095,1,1,1
trace-033,and-dependency,1,0,no-ancestor-expiry,node-0006,node-0006,0,0,0
trace-033,and-dependency,1,0,no-ancestor-revocation,node-0006,node-0095,1,1,1
trace-033,and-dependency,1,0,no-alias-obligations,node-0006,node-0006,0,0,0
trace-033,and-dependency,1,0,top-one,node-0006,node-0006,0,0,0
trace-033,and-dependency,1,0,expiry-skyline,node-0006,node-0006,0,0,0
trace-033,and-dependency,1,1,direct,node-0006,node-0006,0,0,0
trace-033,and-dependency,1,1,verified,node-0006,node-0006,0,0,0
trace-033,and-dependency,1,1,full-compiled,node-0006,node-0006,0,0,0
trace-033,and-dependency,1,1,timestamp-only,node-0006,node-0095,1,1,1
trace-033,and-dependency,1,1,no-ancestor-expiry,node-0006,node-0006,0,0,0
trace-033,and-dependency,1,1,no-ancestor-revocation,node-0006,node-0095,1,1,1
trace-033,and-dependency,1,1,no-alias-obligations,node-0006,node-0006,0,0,0
trace-033,and-dependency,1,1,top-one,node-0006,node-0006,0,0,0
trace-033,and-dependency,1,1,expiry-skyline,node-0006,node-0006,0,0,0
trace-033,and-dependency,1,2,direct,node-0075,node-0075,0,0,0
trace-033,and-dependency,1,2,verified,node-0075,node-0075,0,0,0
trace-033,and-dependency,1,2,full-compiled,node-0075,node-0075,0,0,0
trace-033,and-dependency,1,2,timestamp-only,node-0075,node-0122,1,1,1
trace-033,and-dependency,1,2,no-ancestor-expiry,node-0075,node-0075,0,0,0
trace-033,and-dependency,1,2,no-ancestor-revocation,node-0075,node-0075,0,0,0
trace-033,and-dependency,1,2,no-alias-obligations,node-0075,node-0075,0,0,0
trace-033,and-dependency,1,2,top-one,node-0075,,1,1,0
trace-033,and-dependency,1,2,expiry-skyline,node-0075,node-0039,1,1,0
trace-033,and-dependency,1,3,direct,node-0006,node-0006,0,0,0
trace-033,and-dependency,1,3,verified,node-0006,node-0006,0,0,0
trace-033,and-dependency,1,3,full-compiled,node-0006,node-0006,0,0,0
trace-033,and-dependency,1,3,timestamp-only,node-0006,node-0095,1,1,1
trace-033,and-dependency,1,3,no-ancestor-expiry,node-0006,node-0006,0,0,0
trace-033,and-dependency,1,3,no-ancestor-revocation,node-0006,node-0006,0,0,0
trace-033,and-dependency,1,3,no-alias-obligations,node-0006,node-0006,0,0,0
trace-033,and-dependency,1,3,top-one,node-0006,node-0006,0,0,0
trace-033,and-dependency,1,3,expiry-skyline,node-0006,node-0006,0,0,0
trace-033,and-dependency,1,4,direct,node-0006,node-0006,0,0,0
trace-033,and-dependency,1,4,verified,node-0006,node-0006,0,0,0
trace-033,and-dependency,1,4,full-compiled,node-0006,node-0006,0,0,0
trace-033,and-dependency,1,4,timestamp-only,node-0006,node-0095,1,1,1
trace-033,and-dependency,1,4,no-ancestor-expiry,node-0006,node-0006,0,0,0
trace-033,and-dependency,1,4,no-ancestor-revocation,node-0006,node-0006,0,0,0
trace-033,and-dependency,1,4,no-alias-obligations,node-0006,node-0006,0,0,0
trace-033,and-dependency,1,4,top-one,node-0006,node-0006,0,0,0
trace-033,and-dependency,1,4,expiry-skyline,node-0006,node-0006,0,0,0
trace-033,and-dependency,1,5,direct,node-0006,node-0006,0,0,0
trace-033,and-dependency,1,5,verified,node-0006,node-0006,0,0,0
trace-033,and-dependency,1,5,full-compiled,node-0006,node-0006,0,0,0
trace-033,and-dependency,1,5,timestamp-only,node-0006,node-0006,0,0,0
trace-033,and-dependency,1,5,no-ancestor-expiry,node-0006,node-0006,0,0,0
trace-033,and-dependency,1,5,no-ancestor-revocation,node-0006,node-0006,0,0,0
trace-033,and-dependency,1,5,no-alias-obligations,node-0006,node-0006,0,0,0
trace-033,and-dependency,1,5,top-one,node-0006,node-0006,0,0,0
trace-033,and-dependency,1,5,expiry-skyline,node-0006,node-0006,0,0,0
trace-033,and-dependency,1,6,direct,node-0039,node-0039,0,0,0
trace-033,and-dependency,1,6,verified,node-0039,node-0039,0,0,0
trace-033,and-dependency,1,6,full-compiled,node-0039,node-0039,0,0,0
trace-033,and-dependency,1,6,timestamp-only,node-0039,node-0030,1,1,1
trace-033,and-dependency,1,6,no-ancestor-expiry,node-0039,node-0039,0,0,0
trace-033,and-dependency,1,6,no-ancestor-revocation,node-0039,node-0039,0,0,0
trace-033,and-dependency,1,6,no-alias-obligations,node-0039,node-0039,0,0,0
trace-033,and-dependency,1,6,top-one,node-0039,,1,1,0
trace-033,and-dependency,1,6,expiry-skyline,node-0039,node-0039,0,0,0
trace-033,and-dependency,1,7,direct,,,0,0,0
trace-033,and-dependency,1,7,verified,,,0,0,0
trace-033,and-dependency,1,7,full-compiled,,,0,0,0
trace-033,and-dependency,1,7,timestamp-only,,,0,0,0
trace-033,and-dependency,1,7,no-ancestor-expiry,,,0,0,0
trace-033,and-dependency,1,7,no-ancestor-revocation,,,0,0,0
trace-033,and-dependency,1,7,no-alias-obligations,,,0,0,0
trace-033,and-dependency,1,7,top-one,,,0,0,0
trace-033,and-dependency,1,7,expiry-skyline,,,0,0,0
trace-033,and-dependency,1,8,direct,node-0006,node-0006,0,0,0
trace-033,and-dependency,1,8,verified,node-0006,node-0006,0,0,0
trace-033,and-dependency,1,8,full-compiled,node-0006,node-0006,0,0,0
trace-033,and-dependency,1,8,timestamp-only,node-0006,node-0095,1,1,1
trace-033,and-dependency,1,8,no-ancestor-expiry,node-0006,node-0006,0,0,0
trace-033,and-dependency,1,8,no-ancestor-revocation,node-0006,node-0095,1,1,1
trace-033,and-dependency,1,8,no-alias-obligations,node-0006,node-0006,0,0,0
trace-033,and-dependency,1,8,top-one,node-0006,node-0006,0,0,0
trace-033,and-dependency,1,8,expiry-skyline,node-0006,node-0006,0,0,0
trace-033,and-dependency,1,9,direct,node-0075,node-0075,0,0,0
trace-033,and-dependency,1,9,verified,node-0075,node-0075,0,0,0
trace-033,and-dependency,1,9,full-compiled,node-0075,node-0075,0,0,0
trace-033,and-dependency,1,9,timestamp-only,node-0075,node-0122,1,1,1
trace-033,and-dependency,1,9,no-ancestor-expiry,node-0075,node-0075,0,0,0
trace-033,and-dependency,1,9,no-ancestor-revocation,node-0075,node-0075,0,0,0
trace-033,and-dependency,1,9,no-alias-obligations,node-0075,node-0075,0,0,0
trace-033,and-dependency,1,9,top-one,node-0075,,1,1,0
trace-033,and-dependency,1,9,expiry-skyline,node-0075,node-0039,1,1,0
trace-033,and-dependency,1,10,direct,node-0006,node-0006,0,0,0
trace-033,and-dependency,1,10,verified,node-0006,node-0006,0,0,0
trace-033,and-dependency,1,10,full-compiled,node-0006,node-0006,0,0,0
trace-033,and-dependency,1,10,timestamp-only,node-0006,node-0006,0,0,0
trace-033,and-dependency,1,10,no-ancestor-expiry,node-0006,node-0006,0,0,0
trace-033,and-dependency,1,10,no-ancestor-revocation,node-0006,node-0006,0,0,0
trace-033,and-dependency,1,10,no-alias-obligations,node-0006,node-0006,0,0,0
trace-033,and-dependency,1,10,top-one,node-0006,node-0006,0,0,0
trace-033,and-dependency,1,10,expiry-skyline,node-0006,node-0006,0,0,0
trace-033,and-dependency,1,11,direct,node-0006,node-0006,0,0,0
trace-033,and-dependency,1,11,verified,node-0006,node-0006,0,0,0
trace-033,and-dependency,1,11,full-compiled,node-0006,node-0006,0,0,0
trace-033,and-dependency,1,11,timestamp-only,node-0006,node-0006,0,0,0
trace-033,and-dependency,1,11,no-ancestor-expiry,node-0006,node-0006,0,0,0
trace-033,and-dependency,1,11,no-ancestor-revocation,node-0006,node-0006,0,0,0
trace-033,and-dependency,1,11,no-alias-obligations,node-0006,node-0006,0,0,0
trace-033,and-dependency,1,11,top-one,node-0006,node-0006,0,0,0
trace-033,and-dependency,1,11,expiry-skyline,node-0006,node-0006,0,0,0
trace-034,and-dependency,0,0,direct,node-0029,node-0029,0,0,0
trace-034,and-dependency,0,0,verified,node-0029,node-0029,0,0,0
trace-034,and-dependency,0,0,full-compiled,node-0029,node-0029,0,0,0
trace-034,and-dependency,0,0,timestamp-only,node-0029,node-0029,0,0,0
trace-034,and-dependency,0,0,no-ancestor-expiry,node-0029,node-0029,0,0,0
trace-034,and-dependency,0,0,no-ancestor-revocation,node-0029,node-0029,0,0,0
trace-034,and-dependency,0,0,no-alias-obligations,node-0029,node-0029,0,0,0
trace-034,and-dependency,0,0,top-one,node-0029,node-0029,0,0,0
trace-034,and-dependency,0,0,expiry-skyline,node-0029,node-0029,0,0,0
trace-034,and-dependency,0,1,direct,node-0029,node-0029,0,0,0
trace-034,and-dependency,0,1,verified,node-0029,node-0029,0,0,0
trace-034,and-dependency,0,1,full-compiled,node-0029,node-0029,0,0,0
trace-034,and-dependency,0,1,timestamp-only,node-0029,node-0029,0,0,0
trace-034,and-dependency,0,1,no-ancestor-expiry,node-0029,node-0029,0,0,0
trace-034,and-dependency,0,1,no-ancestor-revocation,node-0029,node-0029,0,0,0
trace-034,and-dependency,0,1,no-alias-obligations,node-0029,node-0029,0,0,0
trace-034,and-dependency,0,1,top-one,node-0029,node-0029,0,0,0
trace-034,and-dependency,0,1,expiry-skyline,node-0029,node-0029,0,0,0
trace-034,and-dependency,0,2,direct,node-0100,node-0100,0,0,0
trace-034,and-dependency,0,2,verified,node-0100,node-0100,0,0,0
trace-034,and-dependency,0,2,full-compiled,node-0100,node-0100,0,0,0
trace-034,and-dependency,0,2,timestamp-only,node-0100,node-0080,1,1,1
trace-034,and-dependency,0,2,no-ancestor-expiry,node-0100,node-0080,1,1,1
trace-034,and-dependency,0,2,no-ancestor-revocation,node-0100,node-0100,0,0,0
trace-034,and-dependency,0,2,no-alias-obligations,node-0100,node-0005,1,1,1
trace-034,and-dependency,0,2,top-one,node-0100,,1,1,0
trace-034,and-dependency,0,2,expiry-skyline,node-0100,node-0100,0,0,0
trace-034,and-dependency,0,3,direct,node-0085,node-0085,0,0,0
trace-034,and-dependency,0,3,verified,node-0085,node-0085,0,0,0
trace-034,and-dependency,0,3,full-compiled,node-0085,node-0085,0,0,0
trace-034,and-dependency,0,3,timestamp-only,node-0085,node-0096,1,1,1
trace-034,and-dependency,0,3,no-ancestor-expiry,node-0085,node-0085,0,0,0
trace-034,and-dependency,0,3,no-ancestor-revocation,node-0085,node-0085,0,0,0
trace-034,and-dependency,0,3,no-alias-obligations,node-0085,node-0085,0,0,0
trace-034,and-dependency,0,3,top-one,node-0085,,1,1,0
trace-034,and-dependency,0,3,expiry-skyline,node-0085,node-0085,0,0,0
trace-034,and-dependency,0,4,direct,node-0085,node-0085,0,0,0
trace-034,and-dependency,0,4,verified,node-0085,node-0085,0,0,0
trace-034,and-dependency,0,4,full-compiled,node-0085,node-0085,0,0,0
trace-034,and-dependency,0,4,timestamp-only,node-0085,node-0096,1,1,1
trace-034,and-dependency,0,4,no-ancestor-expiry,node-0085,node-0096,1,1,1
trace-034,and-dependency,0,4,no-ancestor-revocation,node-0085,node-0085,0,0,0
trace-034,and-dependency,0,4,no-alias-obligations,node-0085,node-0085,0,0,0
trace-034,and-dependency,0,4,top-one,node-0085,,1,1,0
trace-034,and-dependency,0,4,expiry-skyline,node-0085,node-0085,0,0,0
trace-034,and-dependency,0,5,direct,node-0100,node-0100,0,0,0
trace-034,and-dependency,0,5,verified,node-0100,node-0100,0,0,0
trace-034,and-dependency,0,5,full-compiled,node-0100,node-0100,0,0,0
trace-034,and-dependency,0,5,timestamp-only,node-0100,node-0096,1,1,1
trace-034,and-dependency,0,5,no-ancestor-expiry,node-0100,node-0096,1,1,1
trace-034,and-dependency,0,5,no-ancestor-revocation,node-0100,node-0100,0,0,0
trace-034,and-dependency,0,5,no-alias-obligations,node-0100,node-0100,0,0,0
trace-034,and-dependency,0,5,top-one,node-0100,,1,1,0
trace-034,and-dependency,0,5,expiry-skyline,node-0100,node-0100,0,0,0
trace-034,and-dependency,0,6,direct,,,0,0,0
trace-034,and-dependency,0,6,verified,,,0,0,0
trace-034,and-dependency,0,6,full-compiled,,,0,0,0
trace-034,and-dependency,0,6,timestamp-only,,node-0080,1,1,1
trace-034,and-dependency,0,6,no-ancestor-expiry,,node-0080,1,1,1
trace-034,and-dependency,0,6,no-ancestor-revocation,,,0,0,0
trace-034,and-dependency,0,6,no-alias-obligations,,,0,0,0
trace-034,and-dependency,0,6,top-one,,,0,0,0
trace-034,and-dependency,0,6,expiry-skyline,,,0,0,0
trace-034,and-dependency,0,7,direct,,,0,0,0
trace-034,and-dependency,0,7,verified,,,0,0,0
trace-034,and-dependency,0,7,full-compiled,,,0,0,0
trace-034,and-dependency,0,7,timestamp-only,,,0,0,0
trace-034,and-dependency,0,7,no-ancestor-expiry,,,0,0,0
trace-034,and-dependency,0,7,no-ancestor-revocation,,,0,0,0
trace-034,and-dependency,0,7,no-alias-obligations,,,0,0,0
trace-034,and-dependency,0,7,top-one,,,0,0,0
trace-034,and-dependency,0,7,expiry-skyline,,,0,0,0
trace-034,and-dependency,0,8,direct,node-0085,node-0085,0,0,0
trace-034,and-dependency,0,8,verified,node-0085,node-0085,0,0,0
trace-034,and-dependency,0,8,full-compiled,node-0085,node-0085,0,0,0
trace-034,and-dependency,0,8,timestamp-only,node-0085,node-0029,1,1,1
trace-034,and-dependency,0,8,no-ancestor-expiry,node-0085,node-0085,0,0,0
trace-034,and-dependency,0,8,no-ancestor-revocation,node-0085,node-0029,1,1,1
trace-034,and-dependency,0,8,no-alias-obligations,node-0085,node-0085,0,0,0
trace-034,and-dependency,0,8,top-one,node-0085,,1,1,0
trace-034,and-dependency,0,8,expiry-skyline,node-0085,node-0085,0,0,0
trace-034,and-dependency,0,9,direct,node-0085,node-0085,0,0,0
trace-034,and-dependency,0,9,verified,node-0085,node-0085,0,0,0
trace-034,and-dependency,0,9,full-compiled,node-0085,node-0085,0,0,0
trace-034,and-dependency,0,9,timestamp-only,node-0085,node-0029,1,1,1
trace-034,and-dependency,0,9,no-ancestor-expiry,node-0085,node-0085,0,0,0
trace-034,and-dependency,0,9,no-ancestor-revocation,node-0085,node-0085,0,0,0
trace-034,and-dependency,0,9,no-alias-obligations,node-0085,node-0085,0,0,0
trace-034,and-dependency,0,9,top-one,node-0085,,1,1,0
trace-034,and-dependency,0,9,expiry-skyline,node-0085,node-0085,0,0,0
trace-034,and-dependency,0,10,direct,node-0085,node-0085,0,0,0
trace-034,and-dependency,0,10,verified,node-0085,node-0085,0,0,0
trace-034,and-dependency,0,10,full-compiled,node-0085,node-0085,0,0,0
trace-034,and-dependency,0,10,timestamp-only,node-0085,node-0096,1,1,1
trace-034,and-dependency,0,10,no-ancestor-expiry,node-0085,node-0085,0,0,0
trace-034,and-dependency,0,10,no-ancestor-revocation,node-0085,node-0085,0,0,0
trace-034,and-dependency,0,10,no-alias-obligations,node-0085,node-0085,0,0,0
trace-034,and-dependency,0,10,top-one,node-0085,,1,1,0
trace-034,and-dependency,0,10,expiry-skyline,node-0085,node-0085,0,0,0
trace-034,and-dependency,0,11,direct,node-0008,node-0008,0,0,0
trace-034,and-dependency,0,11,verified,node-0008,node-0008,0,0,0
trace-034,and-dependency,0,11,full-compiled,node-0008,node-0008,0,0,0
trace-034,and-dependency,0,11,timestamp-only,node-0008,node-0013,1,1,1
trace-034,and-dependency,0,11,no-ancestor-expiry,node-0008,node-0008,0,0,0
trace-034,and-dependency,0,11,no-ancestor-revocation,node-0008,node-0008,0,0,0
trace-034,and-dependency,0,11,no-alias-obligations,node-0008,node-0008,0,0,0
trace-034,and-dependency,0,11,top-one,node-0008,,1,1,0
trace-034,and-dependency,0,11,expiry-skyline,node-0008,node-0008,0,0,0
trace-034,and-dependency,1,0,direct,node-0118,node-0118,0,0,0
trace-034,and-dependency,1,0,verified,node-0118,node-0118,0,0,0
trace-034,and-dependency,1,0,full-compiled,node-0118,node-0118,0,0,0
trace-034,and-dependency,1,0,timestamp-only,node-0118,node-0062,1,1,1
trace-034,and-dependency,1,0,no-ancestor-expiry,node-0118,node-0062,1,1,1
trace-034,and-dependency,1,0,no-ancestor-revocation,node-0118,node-0118,0,0,0
trace-034,and-dependency,1,0,no-alias-obligations,node-0118,node-0118,0,0,0
trace-034,and-dependency,1,0,top-one,node-0118,node-0118,0,0,0
trace-034,and-dependency,1,0,expiry-skyline,node-0118,node-0118,0,0,0
trace-034,and-dependency,1,1,direct,node-0118,node-0118,0,0,0
trace-034,and-dependency,1,1,verified,node-0118,node-0118,0,0,0
trace-034,and-dependency,1,1,full-compiled,node-0118,node-0118,0,0,0
trace-034,and-dependency,1,1,timestamp-only,node-0118,node-0062,1,1,1
trace-034,and-dependency,1,1,no-ancestor-expiry,node-0118,node-0118,0,0,0
trace-034,and-dependency,1,1,no-ancestor-revocation,node-0118,node-0118,0,0,0
trace-034,and-dependency,1,1,no-alias-obligations,node-0118,node-0118,0,0,0
trace-034,and-dependency,1,1,top-one,node-0118,node-0118,0,0,0
trace-034,and-dependency,1,1,expiry-skyline,node-0118,node-0118,0,0,0
trace-034,and-dependency,1,2,direct,node-0051,node-0051,0,0,0
trace-034,and-dependency,1,2,verified,node-0051,node-0051,0,0,0
trace-034,and-dependency,1,2,full-compiled,node-0051,node-0051,0,0,0
trace-034,and-dependency,1,2,timestamp-only,node-0051,node-0030,1,1,1
trace-034,and-dependency,1,2,no-ancestor-expiry,node-0051,node-0051,0,0,0
trace-034,and-dependency,1,2,no-ancestor-revocation,node-0051,node-0083,1,1,1
trace-034,and-dependency,1,2,no-alias-obligations,node-0051,node-0094,1,1,1
trace-034,and-dependency,1,2,top-one,node-0051,,1,1,0
trace-034,and-dependency,1,2,expiry-skyline,node-0051,,1,1,0
trace-034,and-dependency,1,3,direct,node-0118,node-0118,0,0,0
trace-034,and-dependency,1,3,verified,node-0118,node-0118,0,0,0
trace-034,and-dependency,1,3,full-compiled,node-0118,node-0118,0,0,0
trace-034,and-dependency,1,3,timestamp-only,node-0118,node-0062,1,1,1
trace-034,and-dependency,1,3,no-ancestor-expiry,node-0118,node-0118,0,0,0
trace-034,and-dependency,1,3,no-ancestor-revocation,node-0118,node-0118,0,0,0
trace-034,and-dependency,1,3,no-alias-obligations,node-0118,node-0118,0,0,0
trace-034,and-dependency,1,3,top-one,node-0118,node-0118,0,0,0
trace-034,and-dependency,1,3,expiry-skyline,node-0118,node-0118,0,0,0
trace-034,and-dependency,1,4,direct,node-0078,node-0078,0,0,0
trace-034,and-dependency,1,4,verified,node-0078,node-0078,0,0,0
trace-034,and-dependency,1,4,full-compiled,node-0078,node-0078,0,0,0
trace-034,and-dependency,1,4,timestamp-only,node-0078,node-0062,1,1,1
trace-034,and-dependency,1,4,no-ancestor-expiry,node-0078,node-0062,1,1,1
trace-034,and-dependency,1,4,no-ancestor-revocation,node-0078,node-0078,0,0,0
trace-034,and-dependency,1,4,no-alias-obligations,node-0078,node-0078,0,0,0
trace-034,and-dependency,1,4,top-one,node-0078,,1,1,0
trace-034,and-dependency,1,4,expiry-skyline,node-0078,node-0078,0,0,0
trace-034,and-dependency,1,5,direct,node-0078,node-0078,0,0,0
trace-034,and-dependency,1,5,verified,node-0078,node-0078,0,0,0
trace-034,and-dependency,1,5,full-compiled,node-0078,node-0078,0,0,0
trace-034,and-dependency,1,5,timestamp-only,node-0078,node-0058,1,1,1
trace-034,and-dependency,1,5,no-ancestor-expiry,node-0078,node-0058,1,1,1
trace-034,and-dependency,1,5,no-ancestor-revocation,node-0078,node-0078,0,0,0
trace-034,and-dependency,1,5,no-alias-obligations,node-0078,node-0078,0,0,0
trace-034,and-dependency,1,5,top-one,node-0078,,1,1,0
trace-034,and-dependency,1,5,expiry-skyline,node-0078,node-0078,0,0,0
trace-034,and-dependency,1,6,direct,,,0,0,0
trace-034,and-dependency,1,6,verified,,,0,0,0
trace-034,and-dependency,1,6,full-compiled,,,0,0,0
trace-034,and-dependency,1,6,timestamp-only,,node-0058,1,1,1
trace-034,and-dependency,1,6,no-ancestor-expiry,,node-0119,1,1,1
trace-034,and-dependency,1,6,no-ancestor-revocation,,,0,0,0
trace-034,and-dependency,1,6,no-alias-obligations,,,0,0,0
trace-034,and-dependency,1,6,top-one,,,0,0,0
trace-034,and-dependency,1,6,expiry-skyline,,,0,0,0
trace-034,and-dependency,1,7,direct,,,0,0,0
trace-034,and-dependency,1,7,verified,,,0,0,0
trace-034,and-dependency,1,7,full-compiled,,,0,0,0
trace-034,and-dependency,1,7,timestamp-only,,,0,0,0
trace-034,and-dependency,1,7,no-ancestor-expiry,,,0,0,0
trace-034,and-dependency,1,7,no-ancestor-revocation,,,0,0,0
trace-034,and-dependency,1,7,no-alias-obligations,,,0,0,0
trace-034,and-dependency,1,7,top-one,,,0,0,0
trace-034,and-dependency,1,7,expiry-skyline,,,0,0,0
trace-034,and-dependency,1,8,direct,node-0019,node-0019,0,0,0
trace-034,and-dependency,1,8,verified,node-0019,node-0019,0,0,0
trace-034,and-dependency,1,8,full-compiled,node-0019,node-0019,0,0,0
trace-034,and-dependency,1,8,timestamp-only,node-0019,node-0062,1,1,1
trace-034,and-dependency,1,8,no-ancestor-expiry,node-0019,node-0019,0,0,0
trace-034,and-dependency,1,8,no-ancestor-revocation,node-0019,node-0118,1,1,1
trace-034,and-dependency,1,8,no-alias-obligations,node-0019,node-0019,0,0,0
trace-034,and-dependency,1,8,top-one,node-0019,,1,1,0
trace-034,and-dependency,1,8,expiry-skyline,node-0019,node-0078,1,1,0
trace-034,and-dependency,1,9,direct,node-0047,node-0047,0,0,0
trace-034,and-dependency,1,9,verified,node-0047,node-0047,0,0,0
trace-034,and-dependency,1,9,full-compiled,node-0047,node-0047,0,0,0
trace-034,and-dependency,1,9,timestamp-only,node-0047,node-0062,1,1,1
trace-034,and-dependency,1,9,no-ancestor-expiry,node-0047,node-0047,0,0,0
trace-034,and-dependency,1,9,no-ancestor-revocation,node-0047,node-0118,1,1,1
trace-034,and-dependency,1,9,no-alias-obligations,node-0047,node-0047,0,0,0
trace-034,and-dependency,1,9,top-one,node-0047,,1,1,0
trace-034,and-dependency,1,9,expiry-skyline,node-0047,node-0078,1,1,0
trace-034,and-dependency,1,10,direct,node-0078,node-0078,0,0,0
trace-034,and-dependency,1,10,verified,node-0078,node-0078,0,0,0
trace-034,and-dependency,1,10,full-compiled,node-0078,node-0078,0,0,0
trace-034,and-dependency,1,10,timestamp-only,node-0078,node-0062,1,1,1
trace-034,and-dependency,1,10,no-ancestor-expiry,node-0078,node-0019,1,1,1
trace-034,and-dependency,1,10,no-ancestor-revocation,node-0078,node-0078,0,0,0
trace-034,and-dependency,1,10,no-alias-obligations,node-0078,node-0078,0,0,0
trace-034,and-dependency,1,10,top-one,node-0078,,1,1,0
trace-034,and-dependency,1,10,expiry-skyline,node-0078,node-0078,0,0,0
trace-034,and-dependency,1,11,direct,,,0,0,0
trace-034,and-dependency,1,11,verified,,,0,0,0
trace-034,and-dependency,1,11,full-compiled,,,0,0,0
trace-034,and-dependency,1,11,timestamp-only,,node-0119,1,1,1
trace-034,and-dependency,1,11,no-ancestor-expiry,,,0,0,0
trace-034,and-dependency,1,11,no-ancestor-revocation,,,0,0,0
trace-034,and-dependency,1,11,no-alias-obligations,,,0,0,0
trace-034,and-dependency,1,11,top-one,,,0,0,0
trace-034,and-dependency,1,11,expiry-skyline,,,0,0,0
trace-035,and-dependency,0,0,direct,node-0080,node-0080,0,0,0
trace-035,and-dependency,0,0,verified,node-0080,node-0080,0,0,0
trace-035,and-dependency,0,0,full-compiled,node-0080,node-0080,0,0,0
trace-035,and-dependency,0,0,timestamp-only,node-0080,node-0080,0,0,0
trace-035,and-dependency,0,0,no-ancestor-expiry,node-0080,node-0080,0,0,0
trace-035,and-dependency,0,0,no-ancestor-revocation,node-0080,node-0080,0,0,0
trace-035,and-dependency,0,0,no-alias-obligations,node-0080,node-0080,0,0,0
trace-035,and-dependency,0,0,top-one,node-0080,node-0080,0,0,0
trace-035,and-dependency,0,0,expiry-skyline,node-0080,node-0080,0,0,0
trace-035,and-dependency,0,1,direct,node-0024,node-0024,0,0,0
trace-035,and-dependency,0,1,verified,node-0024,node-0024,0,0,0
trace-035,and-dependency,0,1,full-compiled,node-0024,node-0024,0,0,0
trace-035,and-dependency,0,1,timestamp-only,node-0024,node-0080,1,1,1
trace-035,and-dependency,0,1,no-ancestor-expiry,node-0024,node-0024,0,0,0
trace-035,and-dependency,0,1,no-ancestor-revocation,node-0024,node-0080,1,1,1
trace-035,and-dependency,0,1,no-alias-obligations,node-0024,node-0024,0,0,0
trace-035,and-dependency,0,1,top-one,node-0024,,1,1,0
trace-035,and-dependency,0,1,expiry-skyline,node-0024,node-0024,0,0,0
trace-035,and-dependency,0,2,direct,node-0004,node-0004,0,0,0
trace-035,and-dependency,0,2,verified,node-0004,node-0004,0,0,0
trace-035,and-dependency,0,2,full-compiled,node-0004,node-0004,0,0,0
trace-035,and-dependency,0,2,timestamp-only,node-0004,node-0072,1,1,1
trace-035,and-dependency,0,2,no-ancestor-expiry,node-0004,node-0004,0,0,0
trace-035,and-dependency,0,2,no-ancestor-revocation,node-0004,node-0072,1,1,1
trace-035,and-dependency,0,2,no-alias-obligations,node-0004,node-0109,1,1,1
trace-035,and-dependency,0,2,top-one,node-0004,,1,1,0
trace-035,and-dependency,0,2,expiry-skyline,node-0004,,1,1,0
trace-035,and-dependency,0,3,direct,node-0024,node-0024,0,0,0
trace-035,and-dependency,0,3,verified,node-0024,node-0024,0,0,0
trace-035,and-dependency,0,3,full-compiled,node-0024,node-0024,0,0,0
trace-035,and-dependency,0,3,timestamp-only,node-0024,node-0080,1,1,1
trace-035,and-dependency,0,3,no-ancestor-expiry,node-0024,node-0024,0,0,0
trace-035,and-dependency,0,3,no-ancestor-revocation,node-0024,node-0080,1,1,1
trace-035,and-dependency,0,3,no-alias-obligations,node-0024,node-0024,0,0,0
trace-035,and-dependency,0,3,top-one,node-0024,,1,1,0
trace-035,and-dependency,0,3,expiry-skyline,node-0024,node-0024,0,0,0
trace-035,and-dependency,0,4,direct,node-0024,node-0024,0,0,0
trace-035,and-dependency,0,4,verified,node-0024,node-0024,0,0,0
trace-035,and-dependency,0,4,full-compiled,node-0024,node-0024,0,0,0
trace-035,and-dependency,0,4,timestamp-only,node-0024,node-0080,1,1,1
trace-035,and-dependency,0,4,no-ancestor-expiry,node-0024,node-0080,1,1,1
trace-035,and-dependency,0,4,no-ancestor-revocation,node-0024,node-0024,0,0,0
trace-035,and-dependency,0,4,no-alias-obligations,node-0024,node-0024,0,0,0
trace-035,and-dependency,0,4,top-one,node-0024,,1,1,0
trace-035,and-dependency,0,4,expiry-skyline,node-0024,node-0024,0,0,0
trace-035,and-dependency,0,5,direct,node-0109,node-0109,0,0,0
trace-035,and-dependency,0,5,verified,node-0109,node-0109,0,0,0
trace-035,and-dependency,0,5,full-compiled,node-0109,node-0109,0,0,0
trace-035,and-dependency,0,5,timestamp-only,node-0109,node-0080,1,1,1
trace-035,and-dependency,0,5,no-ancestor-expiry,node-0109,node-0080,1,1,1
trace-035,and-dependency,0,5,no-ancestor-revocation,node-0109,node-0109,0,0,0
trace-035,and-dependency,0,5,no-alias-obligations,node-0109,node-0109,0,0,0
trace-035,and-dependency,0,5,top-one,node-0109,,1,1,0
trace-035,and-dependency,0,5,expiry-skyline,node-0109,node-0109,0,0,0
trace-035,and-dependency,0,6,direct,,,0,0,0
trace-035,and-dependency,0,6,verified,,,0,0,0
trace-035,and-dependency,0,6,full-compiled,,,0,0,0
trace-035,and-dependency,0,6,timestamp-only,,node-0116,1,1,1
trace-035,and-dependency,0,6,no-ancestor-expiry,,node-0116,1,1,1
trace-035,and-dependency,0,6,no-ancestor-revocation,,,0,0,0
trace-035,and-dependency,0,6,no-alias-obligations,,,0,0,0
trace-035,and-dependency,0,6,top-one,,,0,0,0
trace-035,and-dependency,0,6,expiry-skyline,,,0,0,0
trace-035,and-dependency,0,7,direct,,,0,0,0
trace-035,and-dependency,0,7,verified,,,0,0,0
trace-035,and-dependency,0,7,full-compiled,,,0,0,0
trace-035,and-dependency,0,7,timestamp-only,,,0,0,0
trace-035,and-dependency,0,7,no-ancestor-expiry,,,0,0,0
trace-035,and-dependency,0,7,no-ancestor-revocation,,,0,0,0
trace-035,and-dependency,0,7,no-alias-obligations,,,0,0,0
trace-035,and-dependency,0,7,top-one,,,0,0,0
trace-035,and-dependency,0,7,expiry-skyline,,,0,0,0
trace-035,and-dependency,0,8,direct,node-0004,node-0004,0,0,0
trace-035,and-dependency,0,8,verified,node-0004,node-0004,0,0,0
trace-035,and-dependency,0,8,full-compiled,node-0004,node-0004,0,0,0
trace-035,and-dependency,0,8,timestamp-only,node-0004,node-0072,1,1,1
trace-035,and-dependency,0,8,no-ancestor-expiry,node-0004,node-0004,0,0,0
trace-035,and-dependency,0,8,no-ancestor-revocation,node-0004,node-0072,1,1,1
trace-035,and-dependency,0,8,no-alias-obligations,node-0004,node-0109,1,1,1
trace-035,and-dependency,0,8,top-one,node-0004,,1,1,0
trace-035,and-dependency,0,8,expiry-skyline,node-0004,,1,1,0
trace-035,and-dependency,0,9,direct,node-0000,node-0000,0,0,0
trace-035,and-dependency,0,9,verified,node-0000,node-0000,0,0,0
trace-035,and-dependency,0,9,full-compiled,node-0000,node-0000,0,0,0
trace-035,and-dependency,0,9,timestamp-only,node-0000,node-0116,1,1,1
trace-035,and-dependency,0,9,no-ancestor-expiry,node-0000,node-0116,1,1,1
trace-035,and-dependency,0,9,no-ancestor-revocation,node-0000,node-0060,1,1,1
trace-035,and-dependency,0,9,no-alias-obligations,node-0000,node-0065,1,1,1
trace-035,and-dependency,0,9,top-one,node-0000,,1,1,0
trace-035,and-dependency,0,9,expiry-skyline,node-0000,,1,1,0
trace-035,and-dependency,0,10,direct,node-0024,node-0024,0,0,0
trace-035,and-dependency,0,10,verified,node-0024,node-0024,0,0,0
trace-035,and-dependency,0,10,full-compiled,node-0024,node-0024,0,0,0
trace-035,and-dependency,0,10,timestamp-only,node-0024,node-0080,1,1,1
trace-035,and-dependency,0,10,no-ancestor-expiry,node-0024,node-0021,1,1,1
trace-035,and-dependency,0,10,no-ancestor-revocation,node-0024,node-0024,0,0,0
trace-035,and-dependency,0,10,no-alias-obligations,node-0024,node-0024,0,0,0
trace-035,and-dependency,0,10,top-one,node-0024,,1,1,0
trace-035,and-dependency,0,10,expiry-skyline,node-0024,node-0024,0,0,0
trace-035,and-dependency,0,11,direct,,,0,0,0
trace-035,and-dependency,0,11,verified,,,0,0,0
trace-035,and-dependency,0,11,full-compiled,,,0,0,0
trace-035,and-dependency,0,11,timestamp-only,,node-0109,1,1,1
trace-035,and-dependency,0,11,no-ancestor-expiry,,,0,0,0
trace-035,and-dependency,0,11,no-ancestor-revocation,,,0,0,0
trace-035,and-dependency,0,11,no-alias-obligations,,,0,0,0
trace-035,and-dependency,0,11,top-one,,,0,0,0
trace-035,and-dependency,0,11,expiry-skyline,,,0,0,0
trace-035,and-dependency,1,0,direct,node-0047,node-0047,0,0,0
trace-035,and-dependency,1,0,verified,node-0047,node-0047,0,0,0
trace-035,and-dependency,1,0,full-compiled,node-0047,node-0047,0,0,0
trace-035,and-dependency,1,0,timestamp-only,node-0047,node-0047,0,0,0
trace-035,and-dependency,1,0,no-ancestor-expiry,node-0047,node-0047,0,0,0
trace-035,and-dependency,1,0,no-ancestor-revocation,node-0047,node-0047,0,0,0
trace-035,and-dependency,1,0,no-alias-obligations,node-0047,node-0047,0,0,0
trace-035,and-dependency,1,0,top-one,node-0047,node-0047,0,0,0
trace-035,and-dependency,1,0,expiry-skyline,node-0047,node-0047,0,0,0
trace-035,and-dependency,1,1,direct,node-0054,node-0054,0,0,0
trace-035,and-dependency,1,1,verified,node-0054,node-0054,0,0,0
trace-035,and-dependency,1,1,full-compiled,node-0054,node-0054,0,0,0
trace-035,and-dependency,1,1,timestamp-only,node-0054,node-0047,1,1,1
trace-035,and-dependency,1,1,no-ancestor-expiry,node-0054,node-0054,0,0,0
trace-035,and-dependency,1,1,no-ancestor-revocation,node-0054,node-0047,1,1,1
trace-035,and-dependency,1,1,no-alias-obligations,node-0054,node-0054,0,0,0
trace-035,and-dependency,1,1,top-one,node-0054,,1,1,0
trace-035,and-dependency,1,1,expiry-skyline,node-0054,node-0054,0,0,0
trace-035,and-dependency,1,2,direct,node-0115,node-0115,0,0,0
trace-035,and-dependency,1,2,verified,node-0115,node-0115,0,0,0
trace-035,and-dependency,1,2,full-compiled,node-0115,node-0115,0,0,0
trace-035,and-dependency,1,2,timestamp-only,node-0115,node-0115,0,0,0
trace-035,and-dependency,1,2,no-ancestor-expiry,node-0115,node-0115,0,0,0
trace-035,and-dependency,1,2,no-ancestor-revocation,node-0115,node-0115,0,0,0
trace-035,and-dependency,1,2,no-alias-obligations,node-0115,node-0115,0,0,0
trace-035,and-dependency,1,2,top-one,node-0115,,1,1,0
trace-035,and-dependency,1,2,expiry-skyline,node-0115,,1,1,0
trace-035,and-dependency,1,3,direct,node-0054,node-0054,0,0,0
trace-035,and-dependency,1,3,verified,node-0054,node-0054,0,0,0
trace-035,and-dependency,1,3,full-compiled,node-0054,node-0054,0,0,0
trace-035,and-dependency,1,3,timestamp-only,node-0054,node-0047,1,1,1
trace-035,and-dependency,1,3,no-ancestor-expiry,node-0054,node-0054,0,0,0
trace-035,and-dependency,1,3,no-ancestor-revocation,node-0054,node-0054,0,0,0
trace-035,and-dependency,1,3,no-alias-obligations,node-0054,node-0054,0,0,0
trace-035,and-dependency,1,3,top-one,node-0054,,1,1,0
trace-035,and-dependency,1,3,expiry-skyline,node-0054,node-0054,0,0,0
trace-035,and-dependency,1,4,direct,node-0054,node-0054,0,0,0
trace-035,and-dependency,1,4,verified,node-0054,node-0054,0,0,0
trace-035,and-dependency,1,4,full-compiled,node-0054,node-0054,0,0,0
trace-035,and-dependency,1,4,timestamp-only,node-0054,node-0047,1,1,1
trace-035,and-dependency,1,4,no-ancestor-expiry,node-0054,node-0047,1,1,1
trace-035,and-dependency,1,4,no-ancestor-revocation,node-0054,node-0054,0,0,0
trace-035,and-dependency,1,4,no-alias-obligations,node-0054,node-0054,0,0,0
trace-035,and-dependency,1,4,top-one,node-0054,,1,1,0
trace-035,and-dependency,1,4,expiry-skyline,node-0054,node-0054,0,0,0
trace-035,and-dependency,1,5,direct,node-0091,node-0091,0,0,0
trace-035,and-dependency,1,5,verified,node-0091,node-0091,0,0,0
trace-035,and-dependency,1,5,full-compiled,node-0091,node-0091,0,0,0
trace-035,and-dependency,1,5,timestamp-only,node-0091,node-0047,1,0,1
trace-035,and-dependency,1,5,no-ancestor-expiry,node-0091,node-0047,1,0,1
trace-035,and-dependency,1,5,no-ancestor-revocation,node-0091,node-0091,0,0,0
trace-035,and-dependency,1,5,no-alias-obligations,node-0091,node-0091,0,0,0
trace-035,and-dependency,1,5,top-one,node-0091,,1,1,0
trace-035,and-dependency,1,5,expiry-skyline,node-0091,node-0091,0,0,0
trace-035,and-dependency,1,6,direct,,,0,0,0
trace-035,and-dependency,1,6,verified,,,0,0,0
trace-035,and-dependency,1,6,full-compiled,,,0,0,0
trace-035,and-dependency,1,6,timestamp-only,,node-0075,1,1,1
trace-035,and-dependency,1,6,no-ancestor-expiry,,node-0075,1,1,1
trace-035,and-dependency,1,6,no-ancestor-revocation,,,0,0,0
trace-035,and-dependency,1,6,no-alias-obligations,,,0,0,0
trace-035,and-dependency,1,6,top-one,,,0,0,0
trace-035,and-dependency,1,6,expiry-skyline,,,0,0,0
trace-035,and-dependency,1,7,direct,,,0,0,0
trace-035,and-dependency,1,7,verified,,,0,0,0
trace-035,and-dependency,1,7,full-compiled,,,0,0,0
trace-035,and-dependency,1,7,timestamp-only,,,0,0,0
trace-035,and-dependency,1,7,no-ancestor-expiry,,,0,0,0
trace-035,and-dependency,1,7,no-ancestor-revocation,,,0,0,0
trace-035,and-dependency,1,7,no-alias-obligations,,,0,0,0
trace-035,and-dependency,1,7,top-one,,,0,0,0
trace-035,and-dependency,1,7,expiry-skyline,,,0,0,0
trace-035,and-dependency,1,8,direct,node-0115,node-0115,0,0,0
trace-035,and-dependency,1,8,verified,node-0115,node-0115,0,0,0
trace-035,and-dependency,1,8,full-compiled,node-0115,node-0115,0,0,0
trace-035,and-dependency,1,8,timestamp-only,node-0115,node-0115,0,0,0
trace-035,and-dependency,1,8,no-ancestor-expiry,node-0115,node-0115,0,0,0
trace-035,and-dependency,1,8,no-ancestor-revocation,node-0115,node-0115,0,0,0
trace-035,and-dependency,1,8,no-alias-obligations,node-0115,node-0115,0,0,0
trace-035,and-dependency,1,8,top-one,node-0115,,1,1,0
trace-035,and-dependency,1,8,expiry-skyline,node-0115,,1,1,0
trace-035,and-dependency,1,9,direct,node-0087,node-0087,0,0,0
trace-035,and-dependency,1,9,verified,node-0087,node-0087,0,0,0
trace-035,and-dependency,1,9,full-compiled,node-0087,node-0087,0,0,0
trace-035,and-dependency,1,9,timestamp-only,node-0087,node-0074,1,1,1
trace-035,and-dependency,1,9,no-ancestor-expiry,node-0087,node-0059,1,1,1
trace-035,and-dependency,1,9,no-ancestor-revocation,node-0087,node-0019,1,1,1
trace-035,and-dependency,1,9,no-alias-obligations,node-0087,node-0094,1,1,1
trace-035,and-dependency,1,9,top-one,node-0087,,1,1,0
trace-035,and-dependency,1,9,expiry-skyline,node-0087,,1,1,0
trace-035,and-dependency,1,10,direct,node-0054,node-0054,0,0,0
trace-035,and-dependency,1,10,verified,node-0054,node-0054,0,0,0
trace-035,and-dependency,1,10,full-compiled,node-0054,node-0054,0,0,0
trace-035,and-dependency,1,10,timestamp-only,node-0054,node-0047,1,1,1
trace-035,and-dependency,1,10,no-ancestor-expiry,node-0054,node-0054,0,0,0
trace-035,and-dependency,1,10,no-ancestor-revocation,node-0054,node-0054,0,0,0
trace-035,and-dependency,1,10,no-alias-obligations,node-0054,node-0054,0,0,0
trace-035,and-dependency,1,10,top-one,node-0054,,1,1,0
trace-035,and-dependency,1,10,expiry-skyline,node-0054,node-0054,0,0,0
trace-035,and-dependency,1,11,direct,,,0,0,0
trace-035,and-dependency,1,11,verified,,,0,0,0
trace-035,and-dependency,1,11,full-compiled,,,0,0,0
trace-035,and-dependency,1,11,timestamp-only,,node-0038,1,1,1
trace-035,and-dependency,1,11,no-ancestor-expiry,,,0,0,0
trace-035,and-dependency,1,11,no-ancestor-revocation,,,0,0,0
trace-035,and-dependency,1,11,no-alias-obligations,,,0,0,0
trace-035,and-dependency,1,11,top-one,,,0,0,0
trace-035,and-dependency,1,11,expiry-skyline,,,0,0,0
trace-036,and-dependency,0,0,direct,node-0073,node-0073,0,0,0
trace-036,and-dependency,0,0,verified,node-0073,node-0073,0,0,0
trace-036,and-dependency,0,0,full-compiled,node-0073,node-0073,0,0,0
trace-036,and-dependency,0,0,timestamp-only,node-0073,node-0073,0,0,0
trace-036,and-dependency,0,0,no-ancestor-expiry,node-0073,node-0073,0,0,0
trace-036,and-dependency,0,0,no-ancestor-revocation,node-0073,node-0073,0,0,0
trace-036,and-dependency,0,0,no-alias-obligations,node-0073,node-0073,0,0,0
trace-036,and-dependency,0,0,top-one,node-0073,node-0073,0,0,0
trace-036,and-dependency,0,0,expiry-skyline,node-0073,node-0073,0,0,0
trace-036,and-dependency,0,1,direct,node-0073,node-0073,0,0,0
trace-036,and-dependency,0,1,verified,node-0073,node-0073,0,0,0
trace-036,and-dependency,0,1,full-compiled,node-0073,node-0073,0,0,0
trace-036,and-dependency,0,1,timestamp-only,node-0073,node-0073,0,0,0
trace-036,and-dependency,0,1,no-ancestor-expiry,node-0073,node-0073,0,0,0
trace-036,and-dependency,0,1,no-ancestor-revocation,node-0073,node-0073,0,0,0
trace-036,and-dependency,0,1,no-alias-obligations,node-0073,node-0073,0,0,0
trace-036,and-dependency,0,1,top-one,node-0073,node-0073,0,0,0
trace-036,and-dependency,0,1,expiry-skyline,node-0073,node-0073,0,0,0
trace-036,and-dependency,0,2,direct,node-0096,node-0096,0,0,0
trace-036,and-dependency,0,2,verified,node-0096,node-0096,0,0,0
trace-036,and-dependency,0,2,full-compiled,node-0096,node-0096,0,0,0
trace-036,and-dependency,0,2,timestamp-only,node-0096,node-0104,1,1,1
trace-036,and-dependency,0,2,no-ancestor-expiry,node-0096,node-0096,0,0,0
trace-036,and-dependency,0,2,no-ancestor-revocation,node-0096,node-0104,1,1,1
trace-036,and-dependency,0,2,no-alias-obligations,node-0096,node-0096,0,0,0
trace-036,and-dependency,0,2,top-one,node-0096,,1,1,0
trace-036,and-dependency,0,2,expiry-skyline,node-0096,,1,1,0
trace-036,and-dependency,0,3,direct,node-0073,node-0073,0,0,0
trace-036,and-dependency,0,3,verified,node-0073,node-0073,0,0,0
trace-036,and-dependency,0,3,full-compiled,node-0073,node-0073,0,0,0
trace-036,and-dependency,0,3,timestamp-only,node-0073,node-0073,0,0,0
trace-036,and-dependency,0,3,no-ancestor-expiry,node-0073,node-0073,0,0,0
trace-036,and-dependency,0,3,no-ancestor-revocation,node-0073,node-0073,0,0,0
trace-036,and-dependency,0,3,no-alias-obligations,node-0073,node-0073,0,0,0
trace-036,and-dependency,0,3,top-one,node-0073,node-0073,0,0,0
trace-036,and-dependency,0,3,expiry-skyline,node-0073,node-0073,0,0,0
trace-036,and-dependency,0,4,direct,node-0073,node-0073,0,0,0
trace-036,and-dependency,0,4,verified,node-0073,node-0073,0,0,0
trace-036,and-dependency,0,4,full-compiled,node-0073,node-0073,0,0,0
trace-036,and-dependency,0,4,timestamp-only,node-0073,node-0073,0,0,0
trace-036,and-dependency,0,4,no-ancestor-expiry,node-0073,node-0073,0,0,0
trace-036,and-dependency,0,4,no-ancestor-revocation,node-0073,node-0073,0,0,0
trace-036,and-dependency,0,4,no-alias-obligations,node-0073,node-0073,0,0,0
trace-036,and-dependency,0,4,top-one,node-0073,node-0073,0,0,0
trace-036,and-dependency,0,4,expiry-skyline,node-0073,node-0073,0,0,0
trace-036,and-dependency,0,5,direct,node-0073,node-0073,0,0,0
trace-036,and-dependency,0,5,verified,node-0073,node-0073,0,0,0
trace-036,and-dependency,0,5,full-compiled,node-0073,node-0073,0,0,0
trace-036,and-dependency,0,5,timestamp-only,node-0073,node-0073,0,0,0
trace-036,and-dependency,0,5,no-ancestor-expiry,node-0073,node-0073,0,0,0
trace-036,and-dependency,0,5,no-ancestor-revocation,node-0073,node-0073,0,0,0
trace-036,and-dependency,0,5,no-alias-obligations,node-0073,node-0073,0,0,0
trace-036,and-dependency,0,5,top-one,node-0073,node-0073,0,0,0
trace-036,and-dependency,0,5,expiry-skyline,node-0073,node-0073,0,0,0
trace-036,and-dependency,0,6,direct,,,0,0,0
trace-036,and-dependency,0,6,verified,,,0,0,0
trace-036,and-dependency,0,6,full-compiled,,,0,0,0
trace-036,and-dependency,0,6,timestamp-only,,node-0073,1,1,1
trace-036,and-dependency,0,6,no-ancestor-expiry,,node-0020,1,1,1
trace-036,and-dependency,0,6,no-ancestor-revocation,,,0,0,0
trace-036,and-dependency,0,6,no-alias-obligations,,node-0073,1,1,1
trace-036,and-dependency,0,6,top-one,,,0,0,0
trace-036,and-dependency,0,6,expiry-skyline,,,0,0,0
trace-036,and-dependency,0,7,direct,,,0,0,0
trace-036,and-dependency,0,7,verified,,,0,0,0
trace-036,and-dependency,0,7,full-compiled,,,0,0,0
trace-036,and-dependency,0,7,timestamp-only,,,0,0,0
trace-036,and-dependency,0,7,no-ancestor-expiry,,,0,0,0
trace-036,and-dependency,0,7,no-ancestor-revocation,,,0,0,0
trace-036,and-dependency,0,7,no-alias-obligations,,,0,0,0
trace-036,and-dependency,0,7,top-one,,,0,0,0
trace-036,and-dependency,0,7,expiry-skyline,,,0,0,0
trace-036,and-dependency,0,8,direct,node-0073,node-0073,0,0,0
trace-036,and-dependency,0,8,verified,node-0073,node-0073,0,0,0
trace-036,and-dependency,0,8,full-compiled,node-0073,node-0073,0,0,0
trace-036,and-dependency,0,8,timestamp-only,node-0073,node-0073,0,0,0
trace-036,and-dependency,0,8,no-ancestor-expiry,node-0073,node-0073,0,0,0
trace-036,and-dependency,0,8,no-ancestor-revocation,node-0073,node-0073,0,0,0
trace-036,and-dependency,0,8,no-alias-obligations,node-0073,node-0073,0,0,0
trace-036,and-dependency,0,8,top-one,node-0073,node-0073,0,0,0
trace-036,and-dependency,0,8,expiry-skyline,node-0073,node-0073,0,0,0
trace-036,and-dependency,0,9,direct,node-0096,node-0096,0,0,0
trace-036,and-dependency,0,9,verified,node-0096,node-0096,0,0,0
trace-036,and-dependency,0,9,full-compiled,node-0096,node-0096,0,0,0
trace-036,and-dependency,0,9,timestamp-only,node-0096,node-0104,1,1,1
trace-036,and-dependency,0,9,no-ancestor-expiry,node-0096,node-0096,0,0,0
trace-036,and-dependency,0,9,no-ancestor-revocation,node-0096,node-0104,1,1,1
trace-036,and-dependency,0,9,no-alias-obligations,node-0096,node-0096,0,0,0
trace-036,and-dependency,0,9,top-one,node-0096,,1,1,0
trace-036,and-dependency,0,9,expiry-skyline,node-0096,,1,1,0
trace-036,and-dependency,0,10,direct,node-0073,node-0073,0,0,0
trace-036,and-dependency,0,10,verified,node-0073,node-0073,0,0,0
trace-036,and-dependency,0,10,full-compiled,node-0073,node-0073,0,0,0
trace-036,and-dependency,0,10,timestamp-only,node-0073,node-0073,0,0,0
trace-036,and-dependency,0,10,no-ancestor-expiry,node-0073,node-0073,0,0,0
trace-036,and-dependency,0,10,no-ancestor-revocation,node-0073,node-0073,0,0,0
trace-036,and-dependency,0,10,no-alias-obligations,node-0073,node-0073,0,0,0
trace-036,and-dependency,0,10,top-one,node-0073,node-0073,0,0,0
trace-036,and-dependency,0,10,expiry-skyline,node-0073,node-0073,0,0,0
trace-036,and-dependency,0,11,direct,,,0,0,0
trace-036,and-dependency,0,11,verified,,,0,0,0
trace-036,and-dependency,0,11,full-compiled,,,0,0,0
trace-036,and-dependency,0,11,timestamp-only,,node-0065,1,1,1
trace-036,and-dependency,0,11,no-ancestor-expiry,,,0,0,0
trace-036,and-dependency,0,11,no-ancestor-revocation,,,0,0,0
trace-036,and-dependency,0,11,no-alias-obligations,,node-0029,1,1,1
trace-036,and-dependency,0,11,top-one,,,0,0,0
trace-036,and-dependency,0,11,expiry-skyline,,,0,0,0
trace-036,and-dependency,1,0,direct,node-0030,node-0030,0,0,0
trace-036,and-dependency,1,0,verified,node-0030,node-0030,0,0,0
trace-036,and-dependency,1,0,full-compiled,node-0030,node-0030,0,0,0
trace-036,and-dependency,1,0,timestamp-only,node-0030,node-0115,1,1,1
trace-036,and-dependency,1,0,no-ancestor-expiry,node-0030,node-0115,1,1,1
trace-036,and-dependency,1,0,no-ancestor-revocation,node-0030,node-0030,0,0,0
trace-036,and-dependency,1,0,no-alias-obligations,node-0030,node-0030,0,0,0
trace-036,and-dependency,1,0,top-one,node-0030,node-0030,0,0,0
trace-036,and-dependency,1,0,expiry-skyline,node-0030,node-0030,0,0,0
trace-036,and-dependency,1,1,direct,node-0030,node-0030,0,0,0
trace-036,and-dependency,1,1,verified,node-0030,node-0030,0,0,0
trace-036,and-dependency,1,1,full-compiled,node-0030,node-0030,0,0,0
trace-036,and-dependency,1,1,timestamp-only,node-0030,node-0115,1,1,1
trace-036,and-dependency,1,1,no-ancestor-expiry,node-0030,node-0115,1,1,1
trace-036,and-dependency,1,1,no-ancestor-revocation,node-0030,node-0030,0,0,0
trace-036,and-dependency,1,1,no-alias-obligations,node-0030,node-0030,0,0,0
trace-036,and-dependency,1,1,top-one,node-0030,node-0030,0,0,0
trace-036,and-dependency,1,1,expiry-skyline,node-0030,node-0030,0,0,0
trace-036,and-dependency,1,2,direct,node-0027,node-0027,0,0,0
trace-036,and-dependency,1,2,verified,node-0027,node-0027,0,0,0
trace-036,and-dependency,1,2,full-compiled,node-0027,node-0027,0,0,0
trace-036,and-dependency,1,2,timestamp-only,node-0027,node-0066,1,1,1
trace-036,and-dependency,1,2,no-ancestor-expiry,node-0027,node-0027,0,0,0
trace-036,and-dependency,1,2,no-ancestor-revocation,node-0027,node-0095,1,1,1
trace-036,and-dependency,1,2,no-alias-obligations,node-0027,node-0006,1,1,1
trace-036,and-dependency,1,2,top-one,node-0027,,1,1,0
trace-036,and-dependency,1,2,expiry-skyline,node-0027,node-0035,1,1,0
trace-036,and-dependency,1,3,direct,node-0030,node-0030,0,0,0
trace-036,and-dependency,1,3,verified,node-0030,node-0030,0,0,0
trace-036,and-dependency,1,3,full-compiled,node-0030,node-0030,0,0,0
trace-036,and-dependency,1,3,timestamp-only,node-0030,node-0115,1,1,1
trace-036,and-dependency,1,3,no-ancestor-expiry,node-0030,node-0115,1,1,1
trace-036,and-dependency,1,3,no-ancestor-revocation,node-0030,node-0030,0,0,0
trace-036,and-dependency,1,3,no-alias-obligations,node-0030,node-0030,0,0,0
trace-036,and-dependency,1,3,top-one,node-0030,node-0030,0,0,0
trace-036,and-dependency,1,3,expiry-skyline,node-0030,node-0030,0,0,0
trace-036,and-dependency,1,4,direct,node-0030,node-0030,0,0,0
trace-036,and-dependency,1,4,verified,node-0030,node-0030,0,0,0
trace-036,and-dependency,1,4,full-compiled,node-0030,node-0030,0,0,0
trace-036,and-dependency,1,4,timestamp-only,node-0030,node-0030,0,0,0
trace-036,and-dependency,1,4,no-ancestor-expiry,node-0030,node-0030,0,0,0
trace-036,and-dependency,1,4,no-ancestor-revocation,node-0030,node-0030,0,0,0
trace-036,and-dependency,1,4,no-alias-obligations,node-0030,node-0030,0,0,0
trace-036,and-dependency,1,4,top-one,node-0030,node-0030,0,0,0
trace-036,and-dependency,1,4,expiry-skyline,node-0030,node-0030,0,0,0
trace-036,and-dependency,1,5,direct,node-0030,node-0030,0,0,0
trace-036,and-dependency,1,5,verified,node-0030,node-0030,0,0,0
trace-036,and-dependency,1,5,full-compiled,node-0030,node-0030,0,0,0
trace-036,and-dependency,1,5,timestamp-only,node-0030,node-0030,0,0,0
trace-036,and-dependency,1,5,no-ancestor-expiry,node-0030,node-0030,0,0,0
trace-036,and-dependency,1,5,no-ancestor-revocation,node-0030,node-0030,0,0,0
trace-036,and-dependency,1,5,no-alias-obligations,node-0030,node-0030,0,0,0
trace-036,and-dependency,1,5,top-one,node-0030,node-0030,0,0,0
trace-036,and-dependency,1,5,expiry-skyline,node-0030,node-0030,0,0,0
trace-036,and-dependency,1,6,direct,node-0127,node-0127,0,0,0
trace-036,and-dependency,1,6,verified,node-0127,node-0127,0,0,0
trace-036,and-dependency,1,6,full-compiled,node-0127,node-0127,0,0,0
trace-036,and-dependency,1,6,timestamp-only,node-0127,node-0030,1,1,1
trace-036,and-dependency,1,6,no-ancestor-expiry,node-0127,node-0023,1,1,1
trace-036,and-dependency,1,6,no-ancestor-revocation,node-0127,node-0127,0,0,0
trace-036,and-dependency,1,6,no-alias-obligations,node-0127,node-0030,1,1,1
trace-036,and-dependency,1,6,top-one,node-0127,,1,1,0
trace-036,and-dependency,1,6,expiry-skyline,node-0127,node-0127,0,0,0
trace-036,and-dependency,1,7,direct,,,0,0,0
trace-036,and-dependency,1,7,verified,,,0,0,0
trace-036,and-dependency,1,7,full-compiled,,,0,0,0
trace-036,and-dependency,1,7,timestamp-only,,,0,0,0
trace-036,and-dependency,1,7,no-ancestor-expiry,,,0,0,0
trace-036,and-dependency,1,7,no-ancestor-revocation,,,0,0,0
trace-036,and-dependency,1,7,no-alias-obligations,,,0,0,0
trace-036,and-dependency,1,7,top-one,,,0,0,0
trace-036,and-dependency,1,7,expiry-skyline,,,0,0,0
trace-036,and-dependency,1,8,direct,node-0030,node-0030,0,0,0
trace-036,and-dependency,1,8,verified,node-0030,node-0030,0,0,0
trace-036,and-dependency,1,8,full-compiled,node-0030,node-0030,0,0,0
trace-036,and-dependency,1,8,timestamp-only,node-0030,node-0115,1,1,1
trace-036,and-dependency,1,8,no-ancestor-expiry,node-0030,node-0030,0,0,0
trace-036,and-dependency,1,8,no-ancestor-revocation,node-0030,node-0030,0,0,0
trace-036,and-dependency,1,8,no-alias-obligations,node-0030,node-0030,0,0,0
trace-036,and-dependency,1,8,top-one,node-0030,node-0030,0,0,0
trace-036,and-dependency,1,8,expiry-skyline,node-0030,node-0030,0,0,0
trace-036,and-dependency,1,9,direct,node-0035,node-0035,0,0,0
trace-036,and-dependency,1,9,verified,node-0035,node-0035,0,0,0
trace-036,and-dependency,1,9,full-compiled,node-0035,node-0035,0,0,0
trace-036,and-dependency,1,9,timestamp-only,node-0035,node-0066,1,1,1
trace-036,and-dependency,1,9,no-ancestor-expiry,node-0035,node-0035,0,0,0
trace-036,and-dependency,1,9,no-ancestor-revocation,node-0035,node-0095,1,1,1
trace-036,and-dependency,1,9,no-alias-obligations,node-0035,node-0094,1,1,1
trace-036,and-dependency,1,9,top-one,node-0035,,1,1,0
trace-036,and-dependency,1,9,expiry-skyline,node-0035,node-0035,0,0,0
trace-036,and-dependency,1,10,direct,node-0030,node-0030,0,0,0
trace-036,and-dependency,1,10,verified,node-0030,node-0030,0,0,0
trace-036,and-dependency,1,10,full-compiled,node-0030,node-0030,0,0,0
trace-036,and-dependency,1,10,timestamp-only,node-0030,node-0030,0,0,0
trace-036,and-dependency,1,10,no-ancestor-expiry,node-0030,node-0030,0,0,0
trace-036,and-dependency,1,10,no-ancestor-revocation,node-0030,node-0030,0,0,0
trace-036,and-dependency,1,10,no-alias-obligations,node-0030,node-0030,0,0,0
trace-036,and-dependency,1,10,top-one,node-0030,node-0030,0,0,0
trace-036,and-dependency,1,10,expiry-skyline,node-0030,node-0030,0,0,0
trace-036,and-dependency,1,11,direct,,,0,0,0
trace-036,and-dependency,1,11,verified,,,0,0,0
trace-036,and-dependency,1,11,full-compiled,,,0,0,0
trace-036,and-dependency,1,11,timestamp-only,,node-0118,1,1,1
trace-036,and-dependency,1,11,no-ancestor-expiry,,node-0015,1,1,1
trace-036,and-dependency,1,11,no-ancestor-revocation,,,0,0,0
trace-036,and-dependency,1,11,no-alias-obligations,,node-0002,1,1,1
trace-036,and-dependency,1,11,top-one,,,0,0,0
trace-036,and-dependency,1,11,expiry-skyline,,,0,0,0
trace-037,and-dependency,0,0,direct,node-0108,node-0108,0,0,0
trace-037,and-dependency,0,0,verified,node-0108,node-0108,0,0,0
trace-037,and-dependency,0,0,full-compiled,node-0108,node-0108,0,0,0
trace-037,and-dependency,0,0,timestamp-only,node-0108,node-0108,0,0,0
trace-037,and-dependency,0,0,no-ancestor-expiry,node-0108,node-0108,0,0,0
trace-037,and-dependency,0,0,no-ancestor-revocation,node-0108,node-0108,0,0,0
trace-037,and-dependency,0,0,no-alias-obligations,node-0108,node-0108,0,0,0
trace-037,and-dependency,0,0,top-one,node-0108,node-0108,0,0,0
trace-037,and-dependency,0,0,expiry-skyline,node-0108,node-0108,0,0,0
trace-037,and-dependency,0,1,direct,node-0108,node-0108,0,0,0
trace-037,and-dependency,0,1,verified,node-0108,node-0108,0,0,0
trace-037,and-dependency,0,1,full-compiled,node-0108,node-0108,0,0,0
trace-037,and-dependency,0,1,timestamp-only,node-0108,node-0108,0,0,0
trace-037,and-dependency,0,1,no-ancestor-expiry,node-0108,node-0108,0,0,0
trace-037,and-dependency,0,1,no-ancestor-revocation,node-0108,node-0108,0,0,0
trace-037,and-dependency,0,1,no-alias-obligations,node-0108,node-0108,0,0,0
trace-037,and-dependency,0,1,top-one,node-0108,node-0108,0,0,0
trace-037,and-dependency,0,1,expiry-skyline,node-0108,node-0108,0,0,0
trace-037,and-dependency,0,2,direct,node-0016,node-0016,0,0,0
trace-037,and-dependency,0,2,verified,node-0016,node-0016,0,0,0
trace-037,and-dependency,0,2,full-compiled,node-0016,node-0016,0,0,0
trace-037,and-dependency,0,2,timestamp-only,node-0016,node-0021,1,1,1
trace-037,and-dependency,0,2,no-ancestor-expiry,node-0016,node-0016,0,0,0
trace-037,and-dependency,0,2,no-ancestor-revocation,node-0016,node-0096,1,1,1
trace-037,and-dependency,0,2,no-alias-obligations,node-0016,node-0016,0,0,0
trace-037,and-dependency,0,2,top-one,node-0016,,1,1,0
trace-037,and-dependency,0,2,expiry-skyline,node-0016,node-0016,0,0,0
trace-037,and-dependency,0,3,direct,node-0088,node-0088,0,0,0
trace-037,and-dependency,0,3,verified,node-0088,node-0088,0,0,0
trace-037,and-dependency,0,3,full-compiled,node-0088,node-0088,0,0,0
trace-037,and-dependency,0,3,timestamp-only,node-0088,node-0108,1,1,1
trace-037,and-dependency,0,3,no-ancestor-expiry,node-0088,node-0088,0,0,0
trace-037,and-dependency,0,3,no-ancestor-revocation,node-0088,node-0108,1,1,1
trace-037,and-dependency,0,3,no-alias-obligations,node-0088,node-0088,0,0,0
trace-037,and-dependency,0,3,top-one,node-0088,,1,1,0
trace-037,and-dependency,0,3,expiry-skyline,node-0088,node-0088,0,0,0
trace-037,and-dependency,0,4,direct,node-0108,node-0108,0,0,0
trace-037,and-dependency,0,4,verified,node-0108,node-0108,0,0,0
trace-037,and-dependency,0,4,full-compiled,node-0108,node-0108,0,0,0
trace-037,and-dependency,0,4,timestamp-only,node-0108,node-0108,0,0,0
trace-037,and-dependency,0,4,no-ancestor-expiry,node-0108,node-0108,0,0,0
trace-037,and-dependency,0,4,no-ancestor-revocation,node-0108,node-0108,0,0,0
trace-037,and-dependency,0,4,no-alias-obligations,node-0108,node-0108,0,0,0
trace-037,and-dependency,0,4,top-one,node-0108,node-0108,0,0,0
trace-037,and-dependency,0,4,expiry-skyline,node-0108,node-0108,0,0,0
trace-037,and-dependency,0,5,direct,node-0088,node-0088,0,0,0
trace-037,and-dependency,0,5,verified,node-0088,node-0088,0,0,0
trace-037,and-dependency,0,5,full-compiled,node-0088,node-0088,0,0,0
trace-037,and-dependency,0,5,timestamp-only,node-0088,node-0108,1,1,1
trace-037,and-dependency,0,5,no-ancestor-expiry,node-0088,node-0108,1,1,1
trace-037,and-dependency,0,5,no-ancestor-revocation,node-0088,node-0088,0,0,0
trace-037,and-dependency,0,5,no-alias-obligations,node-0088,node-0088,0,0,0
trace-037,and-dependency,0,5,top-one,node-0088,,1,1,0
trace-037,and-dependency,0,5,expiry-skyline,node-0088,node-0088,0,0,0
trace-037,and-dependency,0,6,direct,,,0,0,0
trace-037,and-dependency,0,6,verified,,,0,0,0
trace-037,and-dependency,0,6,full-compiled,,,0,0,0
trace-037,and-dependency,0,6,timestamp-only,,node-0080,1,1,1
trace-037,and-dependency,0,6,no-ancestor-expiry,,node-0080,1,1,1
trace-037,and-dependency,0,6,no-ancestor-revocation,,,0,0,0
trace-037,and-dependency,0,6,no-alias-obligations,,,0,0,0
trace-037,and-dependency,0,6,top-one,,,0,0,0
trace-037,and-dependency,0,6,expiry-skyline,,,0,0,0
trace-037,and-dependency,0,7,direct,,,0,0,0
trace-037,and-dependency,0,7,verified,,,0,0,0
trace-037,and-dependency,0,7,full-compiled,,,0,0,0
trace-037,and-dependency,0,7,timestamp-only,,,0,0,0
trace-037,and-dependency,0,7,no-ancestor-expiry,,,0,0,0
trace-037,and-dependency,0,7,no-ancestor-revocation,,,0,0,0
trace-037,and-dependency,0,7,no-alias-obligations,,,0,0,0
trace-037,and-dependency,0,7,top-one,,,0,0,0
trace-037,and-dependency,0,7,expiry-skyline,,,0,0,0
trace-037,and-dependency,0,8,direct,node-0016,node-0016,0,0,0
trace-037,and-dependency,0,8,verified,node-0016,node-0016,0,0,0
trace-037,and-dependency,0,8,full-compiled,node-0016,node-0016,0,0,0
trace-037,and-dependency,0,8,timestamp-only,node-0016,node-0021,1,1,1
trace-037,and-dependency,0,8,no-ancestor-expiry,node-0016,node-0016,0,0,0
trace-037,and-dependency,0,8,no-ancestor-revocation,node-0016,node-0096,1,1,1
trace-037,and-dependency,0,8,no-alias-obligations,node-0016,node-0016,0,0,0
trace-037,and-dependency,0,8,top-one,node-0016,,1,1,0
trace-037,and-dependency,0,8,expiry-skyline,node-0016,node-0016,0,0,0
trace-037,and-dependency,0,9,direct,node-0016,node-0016,0,0,0
trace-037,and-dependency,0,9,verified,node-0016,node-0016,0,0,0
trace-037,and-dependency,0,9,full-compiled,node-0016,node-0016,0,0,0
trace-037,and-dependency,0,9,timestamp-only,node-0016,node-0021,1,1,1
trace-037,and-dependency,0,9,no-ancestor-expiry,node-0016,node-0016,0,0,0
trace-037,and-dependency,0,9,no-ancestor-revocation,node-0016,node-0096,1,1,1
trace-037,and-dependency,0,9,no-alias-obligations,node-0016,node-0016,0,0,0
trace-037,and-dependency,0,9,top-one,node-0016,,1,1,0
trace-037,and-dependency,0,9,expiry-skyline,node-0016,node-0016,0,0,0
trace-037,and-dependency,0,10,direct,node-0016,node-0016,0,0,0
trace-037,and-dependency,0,10,verified,node-0016,node-0016,0,0,0
trace-037,and-dependency,0,10,full-compiled,node-0016,node-0016,0,0,0
trace-037,and-dependency,0,10,timestamp-only,node-0016,node-0021,1,1,1
trace-037,and-dependency,0,10,no-ancestor-expiry,node-0016,node-0016,0,0,0
trace-037,and-dependency,0,10,no-ancestor-revocation,node-0016,node-0096,1,1,1
trace-037,and-dependency,0,10,no-alias-obligations,node-0016,node-0016,0,0,0
trace-037,and-dependency,0,10,top-one,node-0016,,1,1,0
trace-037,and-dependency,0,10,expiry-skyline,node-0016,node-0016,0,0,0
trace-037,and-dependency,0,11,direct,node-0000,node-0000,0,0,0
trace-037,and-dependency,0,11,verified,node-0000,node-0000,0,0,0
trace-037,and-dependency,0,11,full-compiled,node-0000,node-0000,0,0,0
trace-037,and-dependency,0,11,timestamp-only,node-0000,node-0108,1,1,1
trace-037,and-dependency,0,11,no-ancestor-expiry,node-0000,node-0000,0,0,0
trace-037,and-dependency,0,11,no-ancestor-revocation,node-0000,node-0020,1,1,1
trace-037,and-dependency,0,11,no-alias-obligations,node-0000,node-0000,0,0,0
trace-037,and-dependency,0,11,top-one,node-0000,,1,1,0
trace-037,and-dependency,0,11,expiry-skyline,node-0000,node-0000,0,0,0
trace-037,and-dependency,1,0,direct,node-0067,node-0067,0,0,0
trace-037,and-dependency,1,0,verified,node-0067,node-0067,0,0,0
trace-037,and-dependency,1,0,full-compiled,node-0067,node-0067,0,0,0
trace-037,and-dependency,1,0,timestamp-only,node-0067,node-0067,0,0,0
trace-037,and-dependency,1,0,no-ancestor-expiry,node-0067,node-0067,0,0,0
trace-037,and-dependency,1,0,no-ancestor-revocation,node-0067,node-0067,0,0,0
trace-037,and-dependency,1,0,no-alias-obligations,node-0067,node-0067,0,0,0
trace-037,and-dependency,1,0,top-one,node-0067,node-0067,0,0,0
trace-037,and-dependency,1,0,expiry-skyline,node-0067,node-0067,0,0,0
trace-037,and-dependency,1,1,direct,node-0090,node-0090,0,0,0
trace-037,and-dependency,1,1,verified,node-0090,node-0090,0,0,0
trace-037,and-dependency,1,1,full-compiled,node-0090,node-0090,0,0,0
trace-037,and-dependency,1,1,timestamp-only,node-0090,node-0067,1,1,1
trace-037,and-dependency,1,1,no-ancestor-expiry,node-0090,node-0090,0,0,0
trace-037,and-dependency,1,1,no-ancestor-revocation,node-0090,node-0067,1,1,1
trace-037,and-dependency,1,1,no-alias-obligations,node-0090,node-0090,0,0,0
trace-037,and-dependency,1,1,top-one,node-0090,,1,1,0
trace-037,and-dependency,1,1,expiry-skyline,node-0090,node-0082,1,1,0
trace-037,and-dependency,1,2,direct,node-0011,node-0011,0,0,0
trace-037,and-dependency,1,2,verified,node-0011,node-0011,0,0,0
trace-037,and-dependency,1,2,full-compiled,node-0011,node-0011,0,0,0
trace-037,and-dependency,1,2,timestamp-only,node-0011,node-0011,0,0,0
trace-037,and-dependency,1,2,no-ancestor-expiry,node-0011,node-0011,0,0,0
trace-037,and-dependency,1,2,no-ancestor-revocation,node-0011,node-0011,0,0,0
trace-037,and-dependency,1,2,no-alias-obligations,node-0011,node-0011,0,0,0
trace-037,and-dependency,1,2,top-one,node-0011,,1,1,0
trace-037,and-dependency,1,2,expiry-skyline,node-0011,,1,1,0
trace-037,and-dependency,1,3,direct,node-0082,node-0082,0,0,0
trace-037,and-dependency,1,3,verified,node-0082,node-0082,0,0,0
trace-037,and-dependency,1,3,full-compiled,node-0082,node-0082,0,0,0
trace-037,and-dependency,1,3,timestamp-only,node-0082,node-0067,1,1,1
trace-037,and-dependency,1,3,no-ancestor-expiry,node-0082,node-0090,1,1,1
trace-037,and-dependency,1,3,no-ancestor-revocation,node-0082,node-0082,0,0,0
trace-037,and-dependency,1,3,no-alias-obligations,node-0082,node-0082,0,0,0
trace-037,and-dependency,1,3,top-one,node-0082,,1,1,0
trace-037,and-dependency,1,3,expiry-skyline,node-0082,node-0082,0,0,0
trace-037,and-dependency,1,4,direct,node-0082,node-0082,0,0,0
trace-037,and-dependency,1,4,verified,node-0082,node-0082,0,0,0
trace-037,and-dependency,1,4,full-compiled,node-0082,node-0082,0,0,0
trace-037,and-dependency,1,4,timestamp-only,node-0082,node-0042,1,1,1
trace-037,and-dependency,1,4,no-ancestor-expiry,node-0082,node-0042,1,1,1
trace-037,and-dependency,1,4,no-ancestor-revocation,node-0082,node-0082,0,0,0
trace-037,and-dependency,1,4,no-alias-obligations,node-0082,node-0082,0,0,0
trace-037,and-dependency,1,4,top-one,node-0082,,1,1,0
trace-037,and-dependency,1,4,expiry-skyline,node-0082,node-0082,0,0,0
trace-037,and-dependency,1,5,direct,node-0082,node-0082,0,0,0
trace-037,and-dependency,1,5,verified,node-0082,node-0082,0,0,0
trace-037,and-dependency,1,5,full-compiled,node-0082,node-0082,0,0,0
trace-037,and-dependency,1,5,timestamp-only,node-0082,node-0042,1,1,1
trace-037,and-dependency,1,5,no-ancestor-expiry,node-0082,node-0042,1,1,1
trace-037,and-dependency,1,5,no-ancestor-revocation,node-0082,node-0082,0,0,0
trace-037,and-dependency,1,5,no-alias-obligations,node-0082,node-0082,0,0,0
trace-037,and-dependency,1,5,top-one,node-0082,,1,1,0
trace-037,and-dependency,1,5,expiry-skyline,node-0082,node-0082,0,0,0
trace-037,and-dependency,1,6,direct,,,0,0,0
trace-037,and-dependency,1,6,verified,,,0,0,0
trace-037,and-dependency,1,6,full-compiled,,,0,0,0
trace-037,and-dependency,1,6,timestamp-only,,node-0046,1,1,1
trace-037,and-dependency,1,6,no-ancestor-expiry,,,0,0,0
trace-037,and-dependency,1,6,no-ancestor-revocation,,,0,0,0
trace-037,and-dependency,1,6,no-alias-obligations,,,0,0,0
trace-037,and-dependency,1,6,top-one,,,0,0,0
trace-037,and-dependency,1,6,expiry-skyline,,,0,0,0
trace-037,and-dependency,1,7,direct,,,0,0,0
trace-037,and-dependency,1,7,verified,,,0,0,0
trace-037,and-dependency,1,7,full-compiled,,,0,0,0
trace-037,and-dependency,1,7,timestamp-only,,,0,0,0
trace-037,and-dependency,1,7,no-ancestor-expiry,,,0,0,0
trace-037,and-dependency,1,7,no-ancestor-revocation,,,0,0,0
trace-037,and-dependency,1,7,no-alias-obligations,,,0,0,0
trace-037,and-dependency,1,7,top-one,,,0,0,0
trace-037,and-dependency,1,7,expiry-skyline,,,0,0,0
trace-037,and-dependency,1,8,direct,node-0011,node-0011,0,0,0
trace-037,and-dependency,1,8,verified,node-0011,node-0011,0,0,0
trace-037,and-dependency,1,8,full-compiled,node-0011,node-0011,0,0,0
trace-037,and-dependency,1,8,timestamp-only,node-0011,node-0011,0,0,0
trace-037,and-dependency,1,8,no-ancestor-expiry,node-0011,node-0011,0,0,0
trace-037,and-dependency,1,8,no-ancestor-revocation,node-0011,node-0011,0,0,0
trace-037,and-dependency,1,8,no-alias-obligations,node-0011,node-0011,0,0,0
trace-037,and-dependency,1,8,top-one,node-0011,,1,1,0
trace-037,and-dependency,1,8,expiry-skyline,node-0011,,1,1,0
trace-037,and-dependency,1,9,direct,node-0003,node-0003,0,0,0
trace-037,and-dependency,1,9,verified,node-0003,node-0003,0,0,0
trace-037,and-dependency,1,9,full-compiled,node-0003,node-0003,0,0,0
trace-037,and-dependency,1,9,timestamp-only,node-0003,node-0011,1,0,1
trace-037,and-dependency,1,9,no-ancestor-expiry,node-0003,node-0003,0,0,0
trace-037,and-dependency,1,9,no-ancestor-revocation,node-0003,node-0011,1,0,1
trace-037,and-dependency,1,9,no-alias-obligations,node-0003,node-0050,1,1,1
trace-037,and-dependency,1,9,top-one,node-0003,,1,1,0
trace-037,and-dependency,1,9,expiry-skyline,node-0003,,1,1,0
trace-037,and-dependency,1,10,direct,node-0011,node-0011,0,0,0
trace-037,and-dependency,1,10,verified,node-0011,node-0011,0,0,0
trace-037,and-dependency,1,10,full-compiled,node-0011,node-0011,0,0,0
trace-037,and-dependency,1,10,timestamp-only,node-0011,node-0011,0,0,0
trace-037,and-dependency,1,10,no-ancestor-expiry,node-0011,node-0011,0,0,0
trace-037,and-dependency,1,10,no-ancestor-revocation,node-0011,node-0011,0,0,0
trace-037,and-dependency,1,10,no-alias-obligations,node-0011,node-0011,0,0,0
trace-037,and-dependency,1,10,top-one,node-0011,,1,1,0
trace-037,and-dependency,1,10,expiry-skyline,node-0011,,1,1,0
trace-037,and-dependency,1,11,direct,node-0082,node-0082,0,0,0
trace-037,and-dependency,1,11,verified,node-0082,node-0082,0,0,0
trace-037,and-dependency,1,11,full-compiled,node-0082,node-0082,0,0,0
trace-037,and-dependency,1,11,timestamp-only,node-0082,node-0042,1,1,1
trace-037,and-dependency,1,11,no-ancestor-expiry,node-0082,node-0082,0,0,0
trace-037,and-dependency,1,11,no-ancestor-revocation,node-0082,node-0082,0,0,0
trace-037,and-dependency,1,11,no-alias-obligations,node-0082,node-0082,0,0,0
trace-037,and-dependency,1,11,top-one,node-0082,,1,1,0
trace-037,and-dependency,1,11,expiry-skyline,node-0082,node-0082,0,0,0
trace-038,and-dependency,0,0,direct,node-0084,node-0084,0,0,0
trace-038,and-dependency,0,0,verified,node-0084,node-0084,0,0,0
trace-038,and-dependency,0,0,full-compiled,node-0084,node-0084,0,0,0
trace-038,and-dependency,0,0,timestamp-only,node-0084,node-0084,0,0,0
trace-038,and-dependency,0,0,no-ancestor-expiry,node-0084,node-0084,0,0,0
trace-038,and-dependency,0,0,no-ancestor-revocation,node-0084,node-0084,0,0,0
trace-038,and-dependency,0,0,no-alias-obligations,node-0084,node-0084,0,0,0
trace-038,and-dependency,0,0,top-one,node-0084,node-0084,0,0,0
trace-038,and-dependency,0,0,expiry-skyline,node-0084,node-0084,0,0,0
trace-038,and-dependency,0,1,direct,node-0104,node-0104,0,0,0
trace-038,and-dependency,0,1,verified,node-0104,node-0104,0,0,0
trace-038,and-dependency,0,1,full-compiled,node-0104,node-0104,0,0,0
trace-038,and-dependency,0,1,timestamp-only,node-0104,node-0084,1,1,1
trace-038,and-dependency,0,1,no-ancestor-expiry,node-0104,node-0104,0,0,0
trace-038,and-dependency,0,1,no-ancestor-revocation,node-0104,node-0084,1,1,1
trace-038,and-dependency,0,1,no-alias-obligations,node-0104,node-0104,0,0,0
trace-038,and-dependency,0,1,top-one,node-0104,,1,1,0
trace-038,and-dependency,0,1,expiry-skyline,node-0104,node-0104,0,0,0
trace-038,and-dependency,0,2,direct,node-0000,node-0000,0,0,0
trace-038,and-dependency,0,2,verified,node-0000,node-0000,0,0,0
trace-038,and-dependency,0,2,full-compiled,node-0000,node-0000,0,0,0
trace-038,and-dependency,0,2,timestamp-only,node-0000,node-0108,1,1,1
trace-038,and-dependency,0,2,no-ancestor-expiry,node-0000,node-0000,0,0,0
trace-038,and-dependency,0,2,no-ancestor-revocation,node-0000,node-0108,1,1,1
trace-038,and-dependency,0,2,no-alias-obligations,node-0000,node-0000,0,0,0
trace-038,and-dependency,0,2,top-one,node-0000,,1,1,0
trace-038,and-dependency,0,2,expiry-skyline,node-0000,,1,1,0
trace-038,and-dependency,0,3,direct,node-0104,node-0104,0,0,0
trace-038,and-dependency,0,3,verified,node-0104,node-0104,0,0,0
trace-038,and-dependency,0,3,full-compiled,node-0104,node-0104,0,0,0
trace-038,and-dependency,0,3,timestamp-only,node-0104,node-0084,1,1,1
trace-038,and-dependency,0,3,no-ancestor-expiry,node-0104,node-0104,0,0,0
trace-038,and-dependency,0,3,no-ancestor-revocation,node-0104,node-0104,0,0,0
trace-038,and-dependency,0,3,no-alias-obligations,node-0104,node-0104,0,0,0
trace-038,and-dependency,0,3,top-one,node-0104,,1,1,0
trace-038,and-dependency,0,3,expiry-skyline,node-0104,node-0104,0,0,0
trace-038,and-dependency,0,4,direct,node-0104,node-0104,0,0,0
trace-038,and-dependency,0,4,verified,node-0104,node-0104,0,0,0
trace-038,and-dependency,0,4,full-compiled,node-0104,node-0104,0,0,0
trace-038,and-dependency,0,4,timestamp-only,node-0104,node-0084,1,1,1
trace-038,and-dependency,0,4,no-ancestor-expiry,node-0104,node-0084,1,1,1
trace-038,and-dependency,0,4,no-ancestor-revocation,node-0104,node-0104,0,0,0
trace-038,and-dependency,0,4,no-alias-obligations,node-0104,node-0104,0,0,0
trace-038,and-dependency,0,4,top-one,node-0104,,1,1,0
trace-038,and-dependency,0,4,expiry-skyline,node-0104,node-0104,0,0,0
trace-038,and-dependency,0,5,direct,node-0080,node-0080,0,0,0
trace-038,and-dependency,0,5,verified,node-0080,node-0080,0,0,0
trace-038,and-dependency,0,5,full-compiled,node-0080,node-0080,0,0,0
trace-038,and-dependency,0,5,timestamp-only,node-0080,node-0084,1,1,1
trace-038,and-dependency,0,5,no-ancestor-expiry,node-0080,node-0084,1,1,1
trace-038,and-dependency,0,5,no-ancestor-revocation,node-0080,node-0080,0,0,0
trace-038,and-dependency,0,5,no-alias-obligations,node-0080,node-0080,0,0,0
trace-038,and-dependency,0,5,top-one,node-0080,,1,1,0
trace-038,and-dependency,0,5,expiry-skyline,node-0080,node-0080,0,0,0
trace-038,and-dependency,0,6,direct,,,0,0,0
trace-038,and-dependency,0,6,verified,,,0,0,0
trace-038,and-dependency,0,6,full-compiled,,,0,0,0
trace-038,and-dependency,0,6,timestamp-only,,node-0073,1,1,1
trace-038,and-dependency,0,6,no-ancestor-expiry,,node-0116,1,1,1
trace-038,and-dependency,0,6,no-ancestor-revocation,,,0,0,0
trace-038,and-dependency,0,6,no-alias-obligations,,,0,0,0
trace-038,and-dependency,0,6,top-one,,,0,0,0
trace-038,and-dependency,0,6,expiry-skyline,,,0,0,0
trace-038,and-dependency,0,7,direct,,,0,0,0
trace-038,and-dependency,0,7,verified,,,0,0,0
trace-038,and-dependency,0,7,full-compiled,,,0,0,0
trace-038,and-dependency,0,7,timestamp-only,,,0,0,0
trace-038,and-dependency,0,7,no-ancestor-expiry,,,0,0,0
trace-038,and-dependency,0,7,no-ancestor-revocation,,,0,0,0
trace-038,and-dependency,0,7,no-alias-obligations,,,0,0,0
trace-038,and-dependency,0,7,top-one,,,0,0,0
trace-038,and-dependency,0,7,expiry-skyline,,,0,0,0
trace-038,and-dependency,0,8,direct,node-0000,node-0000,0,0,0
trace-038,and-dependency,0,8,verified,node-0000,node-0000,0,0,0
trace-038,and-dependency,0,8,full-compiled,node-0000,node-0000,0,0,0
trace-038,and-dependency,0,8,timestamp-only,node-0000,node-0108,1,1,1
trace-038,and-dependency,0,8,no-ancestor-expiry,node-0000,node-0000,0,0,0
trace-038,and-dependency,0,8,no-ancestor-revocation,node-0000,node-0108,1,1,1
trace-038,and-dependency,0,8,no-alias-obligations,node-0000,node-0000,0,0,0
trace-038,and-dependency,0,8,top-one,node-0000,,1,1,0
trace-038,and-dependency,0,8,expiry-skyline,node-0000,,1,1,0
trace-038,and-dependency,0,9,direct,node-0000,node-0000,0,0,0
trace-038,and-dependency,0,9,verified,node-0000,node-0000,0,0,0
trace-038,and-dependency,0,9,full-compiled,node-0000,node-0000,0,0,0
trace-038,and-dependency,0,9,timestamp-only,node-0000,node-0108,1,1,1
trace-038,and-dependency,0,9,no-ancestor-expiry,node-0000,node-0000,0,0,0
trace-038,and-dependency,0,9,no-ancestor-revocation,node-0000,node-0108,1,1,1
trace-038,and-dependency,0,9,no-alias-obligations,node-0000,node-0000,0,0,0
trace-038,and-dependency,0,9,top-one,node-0000,,1,1,0
trace-038,and-dependency,0,9,expiry-skyline,node-0000,,1,1,0
trace-038,and-dependency,0,10,direct,node-0000,node-0000,0,0,0
trace-038,and-dependency,0,10,verified,node-0000,node-0000,0,0,0
trace-038,and-dependency,0,10,full-compiled,node-0000,node-0000,0,0,0
trace-038,and-dependency,0,10,timestamp-only,node-0000,node-0108,1,1,1
trace-038,and-dependency,0,10,no-ancestor-expiry,node-0000,node-0000,0,0,0
trace-038,and-dependency,0,10,no-ancestor-revocation,node-0000,node-0000,0,0,0
trace-038,and-dependency,0,10,no-alias-obligations,node-0000,node-0000,0,0,0
trace-038,and-dependency,0,10,top-one,node-0000,,1,1,0
trace-038,and-dependency,0,10,expiry-skyline,node-0000,,1,1,0
trace-038,and-dependency,0,11,direct,node-0016,node-0016,0,0,0
trace-038,and-dependency,0,11,verified,node-0016,node-0016,0,0,0
trace-038,and-dependency,0,11,full-compiled,node-0016,node-0016,0,0,0
trace-038,and-dependency,0,11,timestamp-only,node-0016,node-0116,1,1,1
trace-038,and-dependency,0,11,no-ancestor-expiry,node-0016,node-0016,0,0,0
trace-038,and-dependency,0,11,no-ancestor-revocation,node-0016,node-0016,0,0,0
trace-038,and-dependency,0,11,no-alias-obligations,node-0016,node-0016,0,0,0
trace-038,and-dependency,0,11,top-one,node-0016,,1,1,0
trace-038,and-dependency,0,11,expiry-skyline,node-0016,,1,1,0
trace-038,and-dependency,1,0,direct,node-0003,node-0003,0,0,0
trace-038,and-dependency,1,0,verified,node-0003,node-0003,0,0,0
trace-038,and-dependency,1,0,full-compiled,node-0003,node-0003,0,0,0
trace-038,and-dependency,1,0,timestamp-only,node-0003,node-0003,0,0,0
trace-038,and-dependency,1,0,no-ancestor-expiry,node-0003,node-0003,0,0,0
trace-038,and-dependency,1,0,no-ancestor-revocation,node-0003,node-0003,0,0,0
trace-038,and-dependency,1,0,no-alias-obligations,node-0003,node-0003,0,0,0
trace-038,and-dependency,1,0,top-one,node-0003,node-0003,0,0,0
trace-038,and-dependency,1,0,expiry-skyline,node-0003,node-0003,0,0,0
trace-038,and-dependency,1,1,direct,node-0003,node-0003,0,0,0
trace-038,and-dependency,1,1,verified,node-0003,node-0003,0,0,0
trace-038,and-dependency,1,1,full-compiled,node-0003,node-0003,0,0,0
trace-038,and-dependency,1,1,timestamp-only,node-0003,node-0003,0,0,0
trace-038,and-dependency,1,1,no-ancestor-expiry,node-0003,node-0003,0,0,0
trace-038,and-dependency,1,1,no-ancestor-revocation,node-0003,node-0003,0,0,0
trace-038,and-dependency,1,1,no-alias-obligations,node-0003,node-0003,0,0,0
trace-038,and-dependency,1,1,top-one,node-0003,node-0003,0,0,0
trace-038,and-dependency,1,1,expiry-skyline,node-0003,node-0003,0,0,0
trace-038,and-dependency,1,2,direct,node-0079,node-0079,0,0,0
trace-038,and-dependency,1,2,verified,node-0079,node-0079,0,0,0
trace-038,and-dependency,1,2,full-compiled,node-0079,node-0079,0,0,0
trace-038,and-dependency,1,2,timestamp-only,node-0079,node-0083,1,1,1
trace-038,and-dependency,1,2,no-ancestor-expiry,node-0079,node-0079,0,0,0
trace-038,and-dependency,1,2,no-ancestor-revocation,node-0079,node-0007,1,1,1
trace-038,and-dependency,1,2,no-alias-obligations,node-0079,node-0002,1,1,1
trace-038,and-dependency,1,2,top-one,node-0079,,1,1,0
trace-038,and-dependency,1,2,expiry-skyline,node-0079,node-0079,0,0,0
trace-038,and-dependency,1,3,direct,node-0003,node-0003,0,0,0
trace-038,and-dependency,1,3,verified,node-0003,node-0003,0,0,0
trace-038,and-dependency,1,3,full-compiled,node-0003,node-0003,0,0,0
trace-038,and-dependency,1,3,timestamp-only,node-0003,node-0003,0,0,0
trace-038,and-dependency,1,3,no-ancestor-expiry,node-0003,node-0003,0,0,0
trace-038,and-dependency,1,3,no-ancestor-revocation,node-0003,node-0003,0,0,0
trace-038,and-dependency,1,3,no-alias-obligations,node-0003,node-0003,0,0,0
trace-038,and-dependency,1,3,top-one,node-0003,node-0003,0,0,0
trace-038,and-dependency,1,3,expiry-skyline,node-0003,node-0003,0,0,0
trace-038,and-dependency,1,4,direct,node-0003,node-0003,0,0,0
trace-038,and-dependency,1,4,verified,node-0003,node-0003,0,0,0
trace-038,and-dependency,1,4,full-compiled,node-0003,node-0003,0,0,0
trace-038,and-dependency,1,4,timestamp-only,node-0003,node-0003,0,0,0
trace-038,and-dependency,1,4,no-ancestor-expiry,node-0003,node-0003,0,0,0
trace-038,and-dependency,1,4,no-ancestor-revocation,node-0003,node-0003,0,0,0
trace-038,and-dependency,1,4,no-alias-obligations,node-0003,node-0003,0,0,0
trace-038,and-dependency,1,4,top-one,node-0003,node-0003,0,0,0
trace-038,and-dependency,1,4,expiry-skyline,node-0003,node-0003,0,0,0
trace-038,and-dependency,1,5,direct,node-0003,node-0003,0,0,0
trace-038,and-dependency,1,5,verified,node-0003,node-0003,0,0,0
trace-038,and-dependency,1,5,full-compiled,node-0003,node-0003,0,0,0
trace-038,and-dependency,1,5,timestamp-only,node-0003,node-0003,0,0,0
trace-038,and-dependency,1,5,no-ancestor-expiry,node-0003,node-0003,0,0,0
trace-038,and-dependency,1,5,no-ancestor-revocation,node-0003,node-0003,0,0,0
trace-038,and-dependency,1,5,no-alias-obligations,node-0003,node-0003,0,0,0
trace-038,and-dependency,1,5,top-one,node-0003,node-0003,0,0,0
trace-038,and-dependency,1,5,expiry-skyline,node-0003,node-0003,0,0,0
trace-038,and-dependency,1,6,direct,node-0079,node-0079,0,0,0
trace-038,and-dependency,1,6,verified,node-0079,node-0079,0,0,0
trace-038,and-dependency,1,6,full-compiled,node-0079,node-0079,0,0,0
trace-038,and-dependency,1,6,timestamp-only,node-0079,node-0074,1,1,1
trace-038,and-dependency,1,6,no-ancestor-expiry,node-0079,node-0079,0,0,0
trace-038,and-dependency,1,6,no-ancestor-revocation,node-0079,node-0079,0,0,0
trace-038,and-dependency,1,6,no-alias-obligations,node-0079,node-0002,1,1,1
trace-038,and-dependency,1,6,top-one,node-0079,,1,1,0
trace-038,and-dependency,1,6,expiry-skyline,node-0079,node-0079,0,0,0
trace-038,and-dependency,1,7,direct,,,0,0,0
trace-038,and-dependency,1,7,verified,,,0,0,0
trace-038,and-dependency,1,7,full-compiled,,,0,0,0
trace-038,and-dependency,1,7,timestamp-only,,,0,0,0
trace-038,and-dependency,1,7,no-ancestor-expiry,,,0,0,0
trace-038,and-dependency,1,7,no-ancestor-revocation,,,0,0,0
trace-038,and-dependency,1,7,no-alias-obligations,,,0,0,0
trace-038,and-dependency,1,7,top-one,,,0,0,0
trace-038,and-dependency,1,7,expiry-skyline,,,0,0,0
trace-038,and-dependency,1,8,direct,node-0079,node-0079,0,0,0
trace-038,and-dependency,1,8,verified,node-0079,node-0079,0,0,0
trace-038,and-dependency,1,8,full-compiled,node-0079,node-0079,0,0,0
trace-038,and-dependency,1,8,timestamp-only,node-0079,node-0083,1,1,1
trace-038,and-dependency,1,8,no-ancestor-expiry,node-0079,node-0079,0,0,0
trace-038,and-dependency,1,8,no-ancestor-revocation,node-0079,node-0007,1,1,1
trace-038,and-dependency,1,8,no-alias-obligations,node-0079,node-0002,1,1,1
trace-038,and-dependency,1,8,top-one,node-0079,,1,1,0
trace-038,and-dependency,1,8,expiry-skyline,node-0079,node-0079,0,0,0
trace-038,and-dependency,1,9,direct,node-0079,node-0079,0,0,0
trace-038,and-dependency,1,9,verified,node-0079,node-0079,0,0,0
trace-038,and-dependency,1,9,full-compiled,node-0079,node-0079,0,0,0
trace-038,and-dependency,1,9,timestamp-only,node-0079,node-0083,1,1,1
trace-038,and-dependency,1,9,no-ancestor-expiry,node-0079,node-0079,0,0,0
trace-038,and-dependency,1,9,no-ancestor-revocation,node-0079,node-0007,1,1,1
trace-038,and-dependency,1,9,no-alias-obligations,node-0079,node-0002,1,1,1
trace-038,and-dependency,1,9,top-one,node-0079,,1,1,0
trace-038,and-dependency,1,9,expiry-skyline,node-0079,node-0079,0,0,0
trace-038,and-dependency,1,10,direct,node-0079,node-0079,0,0,0
trace-038,and-dependency,1,10,verified,node-0079,node-0079,0,0,0
trace-038,and-dependency,1,10,full-compiled,node-0079,node-0079,0,0,0
trace-038,and-dependency,1,10,timestamp-only,node-0079,node-0083,1,1,1
trace-038,and-dependency,1,10,no-ancestor-expiry,node-0079,node-0079,0,0,0
trace-038,and-dependency,1,10,no-ancestor-revocation,node-0079,node-0079,0,0,0
trace-038,and-dependency,1,10,no-alias-obligations,node-0079,node-0002,1,1,1
trace-038,and-dependency,1,10,top-one,node-0079,,1,1,0
trace-038,and-dependency,1,10,expiry-skyline,node-0079,node-0079,0,0,0
trace-038,and-dependency,1,11,direct,,,0,0,0
trace-038,and-dependency,1,11,verified,,,0,0,0
trace-038,and-dependency,1,11,full-compiled,,,0,0,0
trace-038,and-dependency,1,11,timestamp-only,,node-0098,1,1,1
trace-038,and-dependency,1,11,no-ancestor-expiry,,,0,0,0
trace-038,and-dependency,1,11,no-ancestor-revocation,,,0,0,0
trace-038,and-dependency,1,11,no-alias-obligations,,,0,0,0
trace-038,and-dependency,1,11,top-one,,,0,0,0
trace-038,and-dependency,1,11,expiry-skyline,,,0,0,0
trace-039,and-dependency,0,0,direct,node-0044,node-0044,0,0,0
trace-039,and-dependency,0,0,verified,node-0044,node-0044,0,0,0
trace-039,and-dependency,0,0,full-compiled,node-0044,node-0044,0,0,0
trace-039,and-dependency,0,0,timestamp-only,node-0044,node-0084,1,1,1
trace-039,and-dependency,0,0,no-ancestor-expiry,node-0044,node-0084,1,1,1
trace-039,and-dependency,0,0,no-ancestor-revocation,node-0044,node-0044,0,0,0
trace-039,and-dependency,0,0,no-alias-obligations,node-0044,node-0044,0,0,0
trace-039,and-dependency,0,0,top-one,node-0044,node-0044,0,0,0
trace-039,and-dependency,0,0,expiry-skyline,node-0044,node-0044,0,0,0
trace-039,and-dependency,0,1,direct,node-0024,node-0024,0,0,0
trace-039,and-dependency,0,1,verified,node-0024,node-0024,0,0,0
trace-039,and-dependency,0,1,full-compiled,node-0024,node-0024,0,0,0
trace-039,and-dependency,0,1,timestamp-only,node-0024,node-0084,1,1,1
trace-039,and-dependency,0,1,no-ancestor-expiry,node-0024,node-0024,0,0,0
trace-039,and-dependency,0,1,no-ancestor-revocation,node-0024,node-0044,1,1,1
trace-039,and-dependency,0,1,no-alias-obligations,node-0024,node-0024,0,0,0
trace-039,and-dependency,0,1,top-one,node-0024,,1,1,0
trace-039,and-dependency,0,1,expiry-skyline,node-0024,node-0024,0,0,0
trace-039,and-dependency,0,2,direct,node-0040,node-0040,0,0,0
trace-039,and-dependency,0,2,verified,node-0040,node-0040,0,0,0
trace-039,and-dependency,0,2,full-compiled,node-0040,node-0040,0,0,0
trace-039,and-dependency,0,2,timestamp-only,node-0040,node-0125,1,1,1
trace-039,and-dependency,0,2,no-ancestor-expiry,node-0040,node-0040,0,0,0
trace-039,and-dependency,0,2,no-ancestor-revocation,node-0040,node-0040,0,0,0
trace-039,and-dependency,0,2,no-alias-obligations,node-0040,node-0040,0,0,0
trace-039,and-dependency,0,2,top-one,node-0040,,1,1,0
trace-039,and-dependency,0,2,expiry-skyline,node-0040,,1,1,0
trace-039,and-dependency,0,3,direct,node-0024,node-0024,0,0,0
trace-039,and-dependency,0,3,verified,node-0024,node-0024,0,0,0
trace-039,and-dependency,0,3,full-compiled,node-0024,node-0024,0,0,0
trace-039,and-dependency,0,3,timestamp-only,node-0024,node-0084,1,1,1
trace-039,and-dependency,0,3,no-ancestor-expiry,node-0024,node-0024,0,0,0
trace-039,and-dependency,0,3,no-ancestor-revocation,node-0024,node-0044,1,1,1
trace-039,and-dependency,0,3,no-alias-obligations,node-0024,node-0024,0,0,0
trace-039,and-dependency,0,3,top-one,node-0024,,1,1,0
trace-039,and-dependency,0,3,expiry-skyline,node-0024,node-0024,0,0,0
trace-039,and-dependency,0,4,direct,node-0044,node-0044,0,0,0
trace-039,and-dependency,0,4,verified,node-0044,node-0044,0,0,0
trace-039,and-dependency,0,4,full-compiled,node-0044,node-0044,0,0,0
trace-039,and-dependency,0,4,timestamp-only,node-0044,node-0084,1,1,1
trace-039,and-dependency,0,4,no-ancestor-expiry,node-0044,node-0084,1,1,1
trace-039,and-dependency,0,4,no-ancestor-revocation,node-0044,node-0044,0,0,0
trace-039,and-dependency,0,4,no-alias-obligations,node-0044,node-0044,0,0,0
trace-039,and-dependency,0,4,top-one,node-0044,node-0044,0,0,0
trace-039,and-dependency,0,4,expiry-skyline,node-0044,node-0044,0,0,0
trace-039,and-dependency,0,5,direct,node-0024,node-0024,0,0,0
trace-039,and-dependency,0,5,verified,node-0024,node-0024,0,0,0
trace-039,and-dependency,0,5,full-compiled,node-0024,node-0024,0,0,0
trace-039,and-dependency,0,5,timestamp-only,node-0024,node-0084,1,1,1
trace-039,and-dependency,0,5,no-ancestor-expiry,node-0024,node-0084,1,1,1
trace-039,and-dependency,0,5,no-ancestor-revocation,node-0024,node-0024,0,0,0
trace-039,and-dependency,0,5,no-alias-obligations,node-0024,node-0024,0,0,0
trace-039,and-dependency,0,5,top-one,node-0024,,1,1,0
trace-039,and-dependency,0,5,expiry-skyline,node-0024,node-0024,0,0,0
trace-039,and-dependency,0,6,direct,,,0,0,0
trace-039,and-dependency,0,6,verified,,,0,0,0
trace-039,and-dependency,0,6,full-compiled,,,0,0,0
trace-039,and-dependency,0,6,timestamp-only,,node-0125,1,1,1
trace-039,and-dependency,0,6,no-ancestor-expiry,,node-0080,1,1,1
trace-039,and-dependency,0,6,no-ancestor-revocation,,,0,0,0
trace-039,and-dependency,0,6,no-alias-obligations,,,0,0,0
trace-039,and-dependency,0,6,top-one,,,0,0,0
trace-039,and-dependency,0,6,expiry-skyline,,,0,0,0
trace-039,and-dependency,0,7,direct,,,0,0,0
trace-039,and-dependency,0,7,verified,,,0,0,0
trace-039,and-dependency,0,7,full-compiled,,,0,0,0
trace-039,and-dependency,0,7,timestamp-only,,,0,0,0
trace-039,and-dependency,0,7,no-ancestor-expiry,,,0,0,0
trace-039,and-dependency,0,7,no-ancestor-revocation,,,0,0,0
trace-039,and-dependency,0,7,no-alias-obligations,,,0,0,0
trace-039,and-dependency,0,7,top-one,,,0,0,0
trace-039,and-dependency,0,7,expiry-skyline,,,0,0,0
trace-039,and-dependency,0,8,direct,node-0044,node-0044,0,0,0
trace-039,and-dependency,0,8,verified,node-0044,node-0044,0,0,0
trace-039,and-dependency,0,8,full-compiled,node-0044,node-0044,0,0,0
trace-039,and-dependency,0,8,timestamp-only,node-0044,node-0084,1,1,1
trace-039,and-dependency,0,8,no-ancestor-expiry,node-0044,node-0044,0,0,0
trace-039,and-dependency,0,8,no-ancestor-revocation,node-0044,node-0044,0,0,0
trace-039,and-dependency,0,8,no-alias-obligations,node-0044,node-0044,0,0,0
trace-039,and-dependency,0,8,top-one,node-0044,node-0044,0,0,0
trace-039,and-dependency,0,8,expiry-skyline,node-0044,node-0044,0,0,0
trace-039,and-dependency,0,9,direct,node-0045,node-0045,0,0,0
trace-039,and-dependency,0,9,verified,node-0045,node-0045,0,0,0
trace-039,and-dependency,0,9,full-compiled,node-0045,node-0045,0,0,0
trace-039,and-dependency,0,9,timestamp-only,node-0045,node-0084,1,1,1
trace-039,and-dependency,0,9,no-ancestor-expiry,node-0045,node-0045,0,0,0
trace-039,and-dependency,0,9,no-ancestor-revocation,node-0045,node-0044,1,1,1
trace-039,and-dependency,0,9,no-alias-obligations,node-0045,node-0045,0,0,0
trace-039,and-dependency,0,9,top-one,node-0045,,1,1,0
trace-039,and-dependency,0,9,expiry-skyline,node-0045,node-0024,1,1,0
trace-039,and-dependency,0,10,direct,node-0024,node-0024,0,0,0
trace-039,and-dependency,0,10,verified,node-0024,node-0024,0,0,0
trace-039,and-dependency,0,10,full-compiled,node-0024,node-0024,0,0,0
trace-039,and-dependency,0,10,timestamp-only,node-0024,node-0084,1,1,1
trace-039,and-dependency,0,10,no-ancestor-expiry,node-0024,node-0024,0,0,0
trace-039,and-dependency,0,10,no-ancestor-revocation,node-0024,node-0044,1,1,1
trace-039,and-dependency,0,10,no-alias-obligations,node-0024,node-0024,0,0,0
trace-039,and-dependency,0,10,top-one,node-0024,,1,1,0
trace-039,and-dependency,0,10,expiry-skyline,node-0024,node-0024,0,0,0
trace-039,and-dependency,0,11,direct,node-0020,node-0020,0,0,0
trace-039,and-dependency,0,11,verified,node-0020,node-0020,0,0,0
trace-039,and-dependency,0,11,full-compiled,node-0020,node-0020,0,0,0
trace-039,and-dependency,0,11,timestamp-only,node-0020,node-0077,1,1,1
trace-039,and-dependency,0,11,no-ancestor-expiry,node-0020,node-0020,0,0,0
trace-039,and-dependency,0,11,no-ancestor-revocation,node-0020,node-0020,0,0,0
trace-039,and-dependency,0,11,no-alias-obligations,node-0020,node-0020,0,0,0
trace-039,and-dependency,0,11,top-one,node-0020,,1,1,0
trace-039,and-dependency,0,11,expiry-skyline,node-0020,node-0020,0,0,0
trace-039,and-dependency,1,0,direct,node-0102,node-0102,0,0,0
trace-039,and-dependency,1,0,verified,node-0102,node-0102,0,0,0
trace-039,and-dependency,1,0,full-compiled,node-0102,node-0102,0,0,0
trace-039,and-dependency,1,0,timestamp-only,node-0102,node-0123,1,1,1
trace-039,and-dependency,1,0,no-ancestor-expiry,node-0102,node-0123,1,1,1
trace-039,and-dependency,1,0,no-ancestor-revocation,node-0102,node-0102,0,0,0
trace-039,and-dependency,1,0,no-alias-obligations,node-0102,node-0102,0,0,0
trace-039,and-dependency,1,0,top-one,node-0102,node-0102,0,0,0
trace-039,and-dependency,1,0,expiry-skyline,node-0102,node-0102,0,0,0
trace-039,and-dependency,1,1,direct,node-0102,node-0102,0,0,0
trace-039,and-dependency,1,1,verified,node-0102,node-0102,0,0,0
trace-039,and-dependency,1,1,full-compiled,node-0102,node-0102,0,0,0
trace-039,and-dependency,1,1,timestamp-only,node-0102,node-0123,1,1,1
trace-039,and-dependency,1,1,no-ancestor-expiry,node-0102,node-0031,1,1,1
trace-039,and-dependency,1,1,no-ancestor-revocation,node-0102,node-0102,0,0,0
trace-039,and-dependency,1,1,no-alias-obligations,node-0102,node-0102,0,0,0
trace-039,and-dependency,1,1,top-one,node-0102,node-0102,0,0,0
trace-039,and-dependency,1,1,expiry-skyline,node-0102,node-0102,0,0,0
trace-039,and-dependency,1,2,direct,node-0011,node-0011,0,0,0
trace-039,and-dependency,1,2,verified,node-0011,node-0011,0,0,0
trace-039,and-dependency,1,2,full-compiled,node-0011,node-0011,0,0,0
trace-039,and-dependency,1,2,timestamp-only,node-0011,node-0019,1,1,1
trace-039,and-dependency,1,2,no-ancestor-expiry,node-0011,node-0019,1,1,1
trace-039,and-dependency,1,2,no-ancestor-revocation,node-0011,node-0011,0,0,0
trace-039,and-dependency,1,2,no-alias-obligations,node-0011,node-0006,1,1,1
trace-039,and-dependency,1,2,top-one,node-0011,,1,1,0
trace-039,and-dependency,1,2,expiry-skyline,node-0011,node-0011,0,0,0
trace-039,and-dependency,1,3,direct,node-0102,node-0102,0,0,0
trace-039,and-dependency,1,3,verified,node-0102,node-0102,0,0,0
trace-039,and-dependency,1,3,full-compiled,node-0102,node-0102,0,0,0
trace-039,and-dependency,1,3,timestamp-only,node-0102,node-0123,1,1,1
trace-039,and-dependency,1,3,no-ancestor-expiry,node-0102,node-0102,0,0,0
trace-039,and-dependency,1,3,no-ancestor-revocation,node-0102,node-0102,0,0,0
trace-039,and-dependency,1,3,no-alias-obligations,node-0102,node-0102,0,0,0
trace-039,and-dependency,1,3,top-one,node-0102,node-0102,0,0,0
trace-039,and-dependency,1,3,expiry-skyline,node-0102,node-0102,0,0,0
trace-039,and-dependency,1,4,direct,node-0102,node-0102,0,0,0
trace-039,and-dependency,1,4,verified,node-0102,node-0102,0,0,0
trace-039,and-dependency,1,4,full-compiled,node-0102,node-0102,0,0,0
trace-039,and-dependency,1,4,timestamp-only,node-0102,node-0123,1,1,1
trace-039,and-dependency,1,4,no-ancestor-expiry,node-0102,node-0123,1,1,1
trace-039,and-dependency,1,4,no-ancestor-revocation,node-0102,node-0102,0,0,0
trace-039,and-dependency,1,4,no-alias-obligations,node-0102,node-0102,0,0,0
trace-039,and-dependency,1,4,top-one,node-0102,node-0102,0,0,0
trace-039,and-dependency,1,4,expiry-skyline,node-0102,node-0102,0,0,0
trace-039,and-dependency,1,5,direct,node-0102,node-0102,0,0,0
trace-039,and-dependency,1,5,verified,node-0102,node-0102,0,0,0
trace-039,and-dependency,1,5,full-compiled,node-0102,node-0102,0,0,0
trace-039,and-dependency,1,5,timestamp-only,node-0102,node-0123,1,1,1
trace-039,and-dependency,1,5,no-ancestor-expiry,node-0102,node-0123,1,1,1
trace-039,and-dependency,1,5,no-ancestor-revocation,node-0102,node-0102,0,0,0
trace-039,and-dependency,1,5,no-alias-obligations,node-0102,node-0102,0,0,0
trace-039,and-dependency,1,5,top-one,node-0102,node-0102,0,0,0
trace-039,and-dependency,1,5,expiry-skyline,node-0102,node-0102,0,0,0
trace-039,and-dependency,1,6,direct,node-0011,node-0011,0,0,0
trace-039,and-dependency,1,6,verified,node-0011,node-0011,0,0,0
trace-039,and-dependency,1,6,full-compiled,node-0011,node-0011,0,0,0
trace-039,and-dependency,1,6,timestamp-only,node-0011,node-0019,1,1,1
trace-039,and-dependency,1,6,no-ancestor-expiry,node-0011,node-0019,1,1,1
trace-039,and-dependency,1,6,no-ancestor-revocation,node-0011,node-0011,0,0,0
trace-039,and-dependency,1,6,no-alias-obligations,node-0011,node-0011,0,0,0
trace-039,and-dependency,1,6,top-one,node-0011,,1,1,0
trace-039,and-dependency,1,6,expiry-skyline,node-0011,node-0011,0,0,0
trace-039,and-dependency,1,7,direct,,,0,0,0
trace-039,and-dependency,1,7,verified,,,0,0,0
trace-039,and-dependency,1,7,full-compiled,,,0,0,0
trace-039,and-dependency,1,7,timestamp-only,,,0,0,0
trace-039,and-dependency,1,7,no-ancestor-expiry,,,0,0,0
trace-039,and-dependency,1,7,no-ancestor-revocation,,,0,0,0
trace-039,and-dependency,1,7,no-alias-obligations,,,0,0,0
trace-039,and-dependency,1,7,top-one,,,0,0,0
trace-039,and-dependency,1,7,expiry-skyline,,,0,0,0
trace-039,and-dependency,1,8,direct,node-0102,node-0102,0,0,0
trace-039,and-dependency,1,8,verified,node-0102,node-0102,0,0,0
trace-039,and-dependency,1,8,full-compiled,node-0102,node-0102,0,0,0
trace-039,and-dependency,1,8,timestamp-only,node-0102,node-0123,1,1,1
trace-039,and-dependency,1,8,no-ancestor-expiry,node-0102,node-0102,0,0,0
trace-039,and-dependency,1,8,no-ancestor-revocation,node-0102,node-0102,0,0,0
trace-039,and-dependency,1,8,no-alias-obligations,node-0102,node-0102,0,0,0
trace-039,and-dependency,1,8,top-one,node-0102,node-0102,0,0,0
trace-039,and-dependency,1,8,expiry-skyline,node-0102,node-0102,0,0,0
trace-039,and-dependency,1,9,direct,node-0102,node-0102,0,0,0
trace-039,and-dependency,1,9,verified,node-0102,node-0102,0,0,0
trace-039,and-dependency,1,9,full-compiled,node-0102,node-0102,0,0,0
trace-039,and-dependency,1,9,timestamp-only,node-0102,node-0123,1,1,1
trace-039,and-dependency,1,9,no-ancestor-expiry,node-0102,node-0102,0,0,0
trace-039,and-dependency,1,9,no-ancestor-revocation,node-0102,node-0102,0,0,0
trace-039,and-dependency,1,9,no-alias-obligations,node-0102,node-0102,0,0,0
trace-039,and-dependency,1,9,top-one,node-0102,node-0102,0,0,0
trace-039,and-dependency,1,9,expiry-skyline,node-0102,node-0102,0,0,0
trace-039,and-dependency,1,10,direct,node-0102,node-0102,0,0,0
trace-039,and-dependency,1,10,verified,node-0102,node-0102,0,0,0
trace-039,and-dependency,1,10,full-compiled,node-0102,node-0102,0,0,0
trace-039,and-dependency,1,10,timestamp-only,node-0102,node-0123,1,1,1
trace-039,and-dependency,1,10,no-ancestor-expiry,node-0102,node-0102,0,0,0
trace-039,and-dependency,1,10,no-ancestor-revocation,node-0102,node-0102,0,0,0
trace-039,and-dependency,1,10,no-alias-obligations,node-0102,node-0102,0,0,0
trace-039,and-dependency,1,10,top-one,node-0102,node-0102,0,0,0
trace-039,and-dependency,1,10,expiry-skyline,node-0102,node-0102,0,0,0
trace-039,and-dependency,1,11,direct,node-0102,node-0102,0,0,0
trace-039,and-dependency,1,11,verified,node-0102,node-0102,0,0,0
trace-039,and-dependency,1,11,full-compiled,node-0102,node-0102,0,0,0
trace-039,and-dependency,1,11,timestamp-only,node-0102,node-0123,1,1,1
trace-039,and-dependency,1,11,no-ancestor-expiry,node-0102,node-0102,0,0,0
trace-039,and-dependency,1,11,no-ancestor-revocation,node-0102,node-0102,0,0,0
trace-039,and-dependency,1,11,no-alias-obligations,node-0102,node-0102,0,0,0
trace-039,and-dependency,1,11,top-one,node-0102,node-0102,0,0,0
trace-039,and-dependency,1,11,expiry-skyline,node-0102,node-0102,0,0,0
trace-040,and-dependency,0,0,direct,node-0089,node-0089,0,0,0
trace-040,and-dependency,0,0,verified,node-0089,node-0089,0,0,0
trace-040,and-dependency,0,0,full-compiled,node-0089,node-0089,0,0,0
trace-040,and-dependency,0,0,timestamp-only,node-0089,node-0089,0,0,0
trace-040,and-dependency,0,0,no-ancestor-expiry,node-0089,node-0089,0,0,0
trace-040,and-dependency,0,0,no-ancestor-revocation,node-0089,node-0089,0,0,0
trace-040,and-dependency,0,0,no-alias-obligations,node-0089,node-0089,0,0,0
trace-040,and-dependency,0,0,top-one,node-0089,node-0089,0,0,0
trace-040,and-dependency,0,0,expiry-skyline,node-0089,node-0089,0,0,0
trace-040,and-dependency,0,1,direct,node-0089,node-0089,0,0,0
trace-040,and-dependency,0,1,verified,node-0089,node-0089,0,0,0
trace-040,and-dependency,0,1,full-compiled,node-0089,node-0089,0,0,0
trace-040,and-dependency,0,1,timestamp-only,node-0089,node-0089,0,0,0
trace-040,and-dependency,0,1,no-ancestor-expiry,node-0089,node-0089,0,0,0
trace-040,and-dependency,0,1,no-ancestor-revocation,node-0089,node-0089,0,0,0
trace-040,and-dependency,0,1,no-alias-obligations,node-0089,node-0089,0,0,0
trace-040,and-dependency,0,1,top-one,node-0089,node-0089,0,0,0
trace-040,and-dependency,0,1,expiry-skyline,node-0089,node-0089,0,0,0
trace-040,and-dependency,0,2,direct,node-0096,node-0096,0,0,0
trace-040,and-dependency,0,2,verified,node-0096,node-0096,0,0,0
trace-040,and-dependency,0,2,full-compiled,node-0096,node-0096,0,0,0
trace-040,and-dependency,0,2,timestamp-only,node-0096,node-0052,1,1,1
trace-040,and-dependency,0,2,no-ancestor-expiry,node-0096,node-0096,0,0,0
trace-040,and-dependency,0,2,no-ancestor-revocation,node-0096,node-0052,1,1,1
trace-040,and-dependency,0,2,no-alias-obligations,node-0096,node-0029,1,1,1
trace-040,and-dependency,0,2,top-one,node-0096,,1,1,0
trace-040,and-dependency,0,2,expiry-skyline,node-0096,node-0060,1,1,0
trace-040,and-dependency,0,3,direct,node-0089,node-0089,0,0,0
trace-040,and-dependency,0,3,verified,node-0089,node-0089,0,0,0
trace-040,and-dependency,0,3,full-compiled,node-0089,node-0089,0,0,0
trace-040,and-dependency,0,3,timestamp-only,node-0089,node-0089,0,0,0
trace-040,and-dependency,0,3,no-ancestor-expiry,node-0089,node-0089,0,0,0
trace-040,and-dependency,0,3,no-ancestor-revocation,node-0089,node-0089,0,0,0
trace-040,and-dependency,0,3,no-alias-obligations,node-0089,node-0089,0,0,0
trace-040,and-dependency,0,3,top-one,node-0089,node-0089,0,0,0
trace-040,and-dependency,0,3,expiry-skyline,node-0089,node-0089,0,0,0
trace-040,and-dependency,0,4,direct,node-0056,node-0056,0,0,0
trace-040,and-dependency,0,4,verified,node-0056,node-0056,0,0,0
trace-040,and-dependency,0,4,full-compiled,node-0056,node-0056,0,0,0
trace-040,and-dependency,0,4,timestamp-only,node-0056,node-0089,1,1,1
trace-040,and-dependency,0,4,no-ancestor-expiry,node-0056,node-0089,1,1,1
trace-040,and-dependency,0,4,no-ancestor-revocation,node-0056,node-0056,0,0,0
trace-040,and-dependency,0,4,no-alias-obligations,node-0056,node-0056,0,0,0
trace-040,and-dependency,0,4,top-one,node-0056,,1,1,0
trace-040,and-dependency,0,4,expiry-skyline,node-0056,node-0056,0,0,0
trace-040,and-dependency,0,5,direct,node-0056,node-0056,0,0,0
trace-040,and-dependency,0,5,verified,node-0056,node-0056,0,0,0
trace-040,and-dependency,0,5,full-compiled,node-0056,node-0056,0,0,0
trace-040,and-dependency,0,5,timestamp-only,node-0056,node-0089,1,1,1
trace-040,and-dependency,0,5,no-ancestor-expiry,node-0056,node-0089,1,1,1
trace-040,and-dependency,0,5,no-ancestor-revocation,node-0056,node-0056,0,0,0
trace-040,and-dependency,0,5,no-alias-obligations,node-0056,node-0056,0,0,0
trace-040,and-dependency,0,5,top-one,node-0056,,1,1,0
trace-040,and-dependency,0,5,expiry-skyline,node-0056,node-0056,0,0,0
trace-040,and-dependency,0,6,direct,node-0060,node-0060,0,0,0
trace-040,and-dependency,0,6,verified,node-0060,node-0060,0,0,0
trace-040,and-dependency,0,6,full-compiled,node-0060,node-0060,0,0,0
trace-040,and-dependency,0,6,timestamp-only,node-0060,node-0008,1,0,1
trace-040,and-dependency,0,6,no-ancestor-expiry,node-0060,node-0008,1,0,1
trace-040,and-dependency,0,6,no-ancestor-revocation,node-0060,node-0060,0,0,0
trace-040,and-dependency,0,6,no-alias-obligations,node-0060,node-0029,1,1,1
trace-040,and-dependency,0,6,top-one,node-0060,,1,1,0
trace-040,and-dependency,0,6,expiry-skyline,node-0060,node-0060,0,0,0
trace-040,and-dependency,0,7,direct,,,0,0,0
trace-040,and-dependency,0,7,verified,,,0,0,0
trace-040,and-dependency,0,7,full-compiled,,,0,0,0
trace-040,and-dependency,0,7,timestamp-only,,,0,0,0
trace-040,and-dependency,0,7,no-ancestor-expiry,,,0,0,0
trace-040,and-dependency,0,7,no-ancestor-revocation,,,0,0,0
trace-040,and-dependency,0,7,no-alias-obligations,,,0,0,0
trace-040,and-dependency,0,7,top-one,,,0,0,0
trace-040,and-dependency,0,7,expiry-skyline,,,0,0,0
trace-040,and-dependency,0,8,direct,node-0089,node-0089,0,0,0
trace-040,and-dependency,0,8,verified,node-0089,node-0089,0,0,0
trace-040,and-dependency,0,8,full-compiled,node-0089,node-0089,0,0,0
trace-040,and-dependency,0,8,timestamp-only,node-0089,node-0089,0,0,0
trace-040,and-dependency,0,8,no-ancestor-expiry,node-0089,node-0089,0,0,0
trace-040,and-dependency,0,8,no-ancestor-revocation,node-0089,node-0089,0,0,0
trace-040,and-dependency,0,8,no-alias-obligations,node-0089,node-0089,0,0,0
trace-040,and-dependency,0,8,top-one,node-0089,node-0089,0,0,0
trace-040,and-dependency,0,8,expiry-skyline,node-0089,node-0089,0,0,0
trace-040,and-dependency,0,9,direct,node-0089,node-0089,0,0,0
trace-040,and-dependency,0,9,verified,node-0089,node-0089,0,0,0
trace-040,and-dependency,0,9,full-compiled,node-0089,node-0089,0,0,0
trace-040,and-dependency,0,9,timestamp-only,node-0089,node-0089,0,0,0
trace-040,and-dependency,0,9,no-ancestor-expiry,node-0089,node-0089,0,0,0
trace-040,and-dependency,0,9,no-ancestor-revocation,node-0089,node-0089,0,0,0
trace-040,and-dependency,0,9,no-alias-obligations,node-0089,node-0089,0,0,0
trace-040,and-dependency,0,9,top-one,node-0089,node-0089,0,0,0
trace-040,and-dependency,0,9,expiry-skyline,node-0089,node-0089,0,0,0
trace-040,and-dependency,0,10,direct,node-0056,node-0056,0,0,0
trace-040,and-dependency,0,10,verified,node-0056,node-0056,0,0,0
trace-040,and-dependency,0,10,full-compiled,node-0056,node-0056,0,0,0
trace-040,and-dependency,0,10,timestamp-only,node-0056,node-0089,1,1,1
trace-040,and-dependency,0,10,no-ancestor-expiry,node-0056,node-0089,1,1,1
trace-040,and-dependency,0,10,no-ancestor-revocation,node-0056,node-0056,0,0,0
trace-040,and-dependency,0,10,no-alias-obligations,node-0056,node-0056,0,0,0
trace-040,and-dependency,0,10,top-one,node-0056,,1,1,0
trace-040,and-dependency,0,10,expiry-skyline,node-0056,node-0056,0,0,0
trace-040,and-dependency,0,11,direct,,,0,0,0
trace-040,and-dependency,0,11,verified,,,0,0,0
trace-040,and-dependency,0,11,full-compiled,,,0,0,0
trace-040,and-dependency,0,11,timestamp-only,,node-0057,1,1,1
trace-040,and-dependency,0,11,no-ancestor-expiry,,node-0004,1,1,1
trace-040,and-dependency,0,11,no-ancestor-revocation,,,0,0,0
trace-040,and-dependency,0,11,no-alias-obligations,,node-0001,1,1,1
trace-040,and-dependency,0,11,top-one,,,0,0,0
trace-040,and-dependency,0,11,expiry-skyline,,,0,0,0
trace-040,and-dependency,1,0,direct,node-0015,node-0015,0,0,0
trace-040,and-dependency,1,0,verified,node-0015,node-0015,0,0,0
trace-040,and-dependency,1,0,full-compiled,node-0015,node-0015,0,0,0
trace-040,and-dependency,1,0,timestamp-only,node-0015,node-0015,0,0,0
trace-040,and-dependency,1,0,no-ancestor-expiry,node-0015,node-0015,0,0,0
trace-040,and-dependency,1,0,no-ancestor-revocation,node-0015,node-0015,0,0,0
trace-040,and-dependency,1,0,no-alias-obligations,node-0015,node-0015,0,0,0
trace-040,and-dependency,1,0,top-one,node-0015,node-0015,0,0,0
trace-040,and-dependency,1,0,expiry-skyline,node-0015,node-0015,0,0,0
trace-040,and-dependency,1,1,direct,node-0114,node-0114,0,0,0
trace-040,and-dependency,1,1,verified,node-0114,node-0114,0,0,0
trace-040,and-dependency,1,1,full-compiled,node-0114,node-0114,0,0,0
trace-040,and-dependency,1,1,timestamp-only,node-0114,node-0015,1,1,1
trace-040,and-dependency,1,1,no-ancestor-expiry,node-0114,node-0114,0,0,0
trace-040,and-dependency,1,1,no-ancestor-revocation,node-0114,node-0015,1,1,1
trace-040,and-dependency,1,1,no-alias-obligations,node-0114,node-0114,0,0,0
trace-040,and-dependency,1,1,top-one,node-0114,,1,1,0
trace-040,and-dependency,1,1,expiry-skyline,node-0114,,1,1,0
trace-040,and-dependency,1,2,direct,node-0127,node-0127,0,0,0
trace-040,and-dependency,1,2,verified,node-0127,node-0127,0,0,0
trace-040,and-dependency,1,2,full-compiled,node-0127,node-0127,0,0,0
trace-040,and-dependency,1,2,timestamp-only,node-0127,node-0087,1,1,1
trace-040,and-dependency,1,2,no-ancestor-expiry,node-0127,node-0127,0,0,0
trace-040,and-dependency,1,2,no-ancestor-revocation,node-0127,node-0075,1,1,1
trace-040,and-dependency,1,2,no-alias-obligations,node-0127,node-0127,0,0,0
trace-040,and-dependency,1,2,top-one,node-0127,,1,1,0
trace-040,and-dependency,1,2,expiry-skyline,node-0127,node-0031,1,1,0
trace-040,and-dependency,1,3,direct,node-0114,node-0114,0,0,0
trace-040,and-dependency,1,3,verified,node-0114,node-0114,0,0,0
trace-040,and-dependency,1,3,full-compiled,node-0114,node-0114,0,0,0
trace-040,and-dependency,1,3,timestamp-only,node-0114,node-0015,1,1,1
trace-040,and-dependency,1,3,no-ancestor-expiry,node-0114,node-0114,0,0,0
trace-040,and-dependency,1,3,no-ancestor-revocation,node-0114,node-0015,1,1,1
trace-040,and-dependency,1,3,no-alias-obligations,node-0114,node-0114,0,0,0
trace-040,and-dependency,1,3,top-one,node-0114,,1,1,0
trace-040,and-dependency,1,3,expiry-skyline,node-0114,,1,1,0
trace-040,and-dependency,1,4,direct,node-0015,node-0015,0,0,0
trace-040,and-dependency,1,4,verified,node-0015,node-0015,0,0,0
trace-040,and-dependency,1,4,full-compiled,node-0015,node-0015,0,0,0
trace-040,and-dependency,1,4,timestamp-only,node-0015,node-0015,0,0,0
trace-040,and-dependency,1,4,no-ancestor-expiry,node-0015,node-0015,0,0,0
trace-040,and-dependency,1,4,no-ancestor-revocation,node-0015,node-0015,0,0,0
trace-040,and-dependency,1,4,no-alias-obligations,node-0015,node-0015,0,0,0
trace-040,and-dependency,1,4,top-one,node-0015,node-0015,0,0,0
trace-040,and-dependency,1,4,expiry-skyline,node-0015,node-0015,0,0,0
trace-040,and-dependency,1,5,direct,node-0015,node-0015,0,0,0
trace-040,and-dependency,1,5,verified,node-0015,node-0015,0,0,0
trace-040,and-dependency,1,5,full-compiled,node-0015,node-0015,0,0,0
trace-040,and-dependency,1,5,timestamp-only,node-0015,node-0015,0,0,0
trace-040,and-dependency,1,5,no-ancestor-expiry,node-0015,node-0015,0,0,0
trace-040,and-dependency,1,5,no-ancestor-revocation,node-0015,node-0015,0,0,0
trace-040,and-dependency,1,5,no-alias-obligations,node-0015,node-0015,0,0,0
trace-040,and-dependency,1,5,top-one,node-0015,node-0015,0,0,0
trace-040,and-dependency,1,5,expiry-skyline,node-0015,node-0015,0,0,0
trace-040,and-dependency,1,6,direct,node-0003,node-0003,0,0,0
trace-040,and-dependency,1,6,verified,node-0003,node-0003,0,0,0
trace-040,and-dependency,1,6,full-compiled,node-0003,node-0003,0,0,0
trace-040,and-dependency,1,6,timestamp-only,node-0003,node-0054,1,1,1
trace-040,and-dependency,1,6,no-ancestor-expiry,node-0003,node-0011,1,0,1
trace-040,and-dependency,1,6,no-ancestor-revocation,node-0003,node-0003,0,0,0
trace-040,and-dependency,1,6,no-alias-obligations,node-0003,node-0003,0,0,0
trace-040,and-dependency,1,6,top-one,node-0003,,1,1,0
trace-040,and-dependency,1,6,expiry-skyline,node-0003,node-0003,0,0,0
trace-040,and-dependency,1,7,direct,,,0,0,0
trace-040,and-dependency,1,7,verified,,,0,0,0
trace-040,and-dependency,1,7,full-compiled,,,0,0,0
trace-040,and-dependency,1,7,timestamp-only,,,0,0,0
trace-040,and-dependency,1,7,no-ancestor-expiry,,,0,0,0
trace-040,and-dependency,1,7,no-ancestor-revocation,,,0,0,0
trace-040,and-dependency,1,7,no-alias-obligations,,,0,0,0
trace-040,and-dependency,1,7,top-one,,,0,0,0
trace-040,and-dependency,1,7,expiry-skyline,,,0,0,0
trace-040,and-dependency,1,8,direct,node-0114,node-0114,0,0,0
trace-040,and-dependency,1,8,verified,node-0114,node-0114,0,0,0
trace-040,and-dependency,1,8,full-compiled,node-0114,node-0114,0,0,0
trace-040,and-dependency,1,8,timestamp-only,node-0114,node-0015,1,1,1
trace-040,and-dependency,1,8,no-ancestor-expiry,node-0114,node-0114,0,0,0
trace-040,and-dependency,1,8,no-ancestor-revocation,node-0114,node-0015,1,1,1
trace-040,and-dependency,1,8,no-alias-obligations,node-0114,node-0114,0,0,0
trace-040,and-dependency,1,8,top-one,node-0114,,1,1,0
trace-040,and-dependency,1,8,expiry-skyline,node-0114,,1,1,0
trace-040,and-dependency,1,9,direct,node-0114,node-0114,0,0,0
trace-040,and-dependency,1,9,verified,node-0114,node-0114,0,0,0
trace-040,and-dependency,1,9,full-compiled,node-0114,node-0114,0,0,0
trace-040,and-dependency,1,9,timestamp-only,node-0114,node-0015,1,1,1
trace-040,and-dependency,1,9,no-ancestor-expiry,node-0114,node-0114,0,0,0
trace-040,and-dependency,1,9,no-ancestor-revocation,node-0114,node-0015,1,1,1
trace-040,and-dependency,1,9,no-alias-obligations,node-0114,node-0114,0,0,0
trace-040,and-dependency,1,9,top-one,node-0114,,1,1,0
trace-040,and-dependency,1,9,expiry-skyline,node-0114,,1,1,0
trace-040,and-dependency,1,10,direct,node-0114,node-0114,0,0,0
trace-040,and-dependency,1,10,verified,node-0114,node-0114,0,0,0
trace-040,and-dependency,1,10,full-compiled,node-0114,node-0114,0,0,0
trace-040,and-dependency,1,10,timestamp-only,node-0114,node-0015,1,1,1
trace-040,and-dependency,1,10,no-ancestor-expiry,node-0114,node-0114,0,0,0
trace-040,and-dependency,1,10,no-ancestor-revocation,node-0114,node-0015,1,1,1
trace-040,and-dependency,1,10,no-alias-obligations,node-0114,node-0114,0,0,0
trace-040,and-dependency,1,10,top-one,node-0114,,1,1,0
trace-040,and-dependency,1,10,expiry-skyline,node-0114,node-0031,1,1,0
trace-040,and-dependency,1,11,direct,,,0,0,0
trace-040,and-dependency,1,11,verified,,,0,0,0
trace-040,and-dependency,1,11,full-compiled,,,0,0,0
trace-040,and-dependency,1,11,timestamp-only,,node-0067,1,1,1
trace-040,and-dependency,1,11,no-ancestor-expiry,,,0,0,0
trace-040,and-dependency,1,11,no-ancestor-revocation,,node-0007,1,1,1
trace-040,and-dependency,1,11,no-alias-obligations,,,0,0,0
trace-040,and-dependency,1,11,top-one,,,0,0,0
trace-040,and-dependency,1,11,expiry-skyline,,,0,0,0
trace-041,and-dependency,0,0,direct,node-0073,node-0073,0,0,0
trace-041,and-dependency,0,0,verified,node-0073,node-0073,0,0,0
trace-041,and-dependency,0,0,full-compiled,node-0073,node-0073,0,0,0
trace-041,and-dependency,0,0,timestamp-only,node-0073,node-0100,1,1,1
trace-041,and-dependency,0,0,no-ancestor-expiry,node-0073,node-0100,1,1,1
trace-041,and-dependency,0,0,no-ancestor-revocation,node-0073,node-0073,0,0,0
trace-041,and-dependency,0,0,no-alias-obligations,node-0073,node-0073,0,0,0
trace-041,and-dependency,0,0,top-one,node-0073,node-0073,0,0,0
trace-041,and-dependency,0,0,expiry-skyline,node-0073,node-0073,0,0,0
trace-041,and-dependency,0,1,direct,node-0073,node-0073,0,0,0
trace-041,and-dependency,0,1,verified,node-0073,node-0073,0,0,0
trace-041,and-dependency,0,1,full-compiled,node-0073,node-0073,0,0,0
trace-041,and-dependency,0,1,timestamp-only,node-0073,node-0100,1,1,1
trace-041,and-dependency,0,1,no-ancestor-expiry,node-0073,node-0073,0,0,0
trace-041,and-dependency,0,1,no-ancestor-revocation,node-0073,node-0073,0,0,0
trace-041,and-dependency,0,1,no-alias-obligations,node-0073,node-0073,0,0,0
trace-041,and-dependency,0,1,top-one,node-0073,node-0073,0,0,0
trace-041,and-dependency,0,1,expiry-skyline,node-0073,node-0073,0,0,0
trace-041,and-dependency,0,2,direct,node-0116,node-0116,0,0,0
trace-041,and-dependency,0,2,verified,node-0116,node-0116,0,0,0
trace-041,and-dependency,0,2,full-compiled,node-0116,node-0116,0,0,0
trace-041,and-dependency,0,2,timestamp-only,node-0116,node-0116,0,0,0
trace-041,and-dependency,0,2,no-ancestor-expiry,node-0116,node-0116,0,0,0
trace-041,and-dependency,0,2,no-ancestor-revocation,node-0116,node-0116,0,0,0
trace-041,and-dependency,0,2,no-alias-obligations,node-0116,node-0116,0,0,0
trace-041,and-dependency,0,2,top-one,node-0116,,1,1,0
trace-041,and-dependency,0,2,expiry-skyline,node-0116,node-0000,1,1,0
trace-041,and-dependency,0,3,direct,node-0073,node-0073,0,0,0
trace-041,and-dependency,0,3,verified,node-0073,node-0073,0,0,0
trace-041,and-dependency,0,3,full-compiled,node-0073,node-0073,0,0,0
trace-041,and-dependency,0,3,timestamp-only,node-0073,node-0100,1,1,1
trace-041,and-dependency,0,3,no-ancestor-expiry,node-0073,node-0073,0,0,0
trace-041,and-dependency,0,3,no-ancestor-revocation,node-0073,node-0073,0,0,0
trace-041,and-dependency,0,3,no-alias-obligations,node-0073,node-0073,0,0,0
trace-041,and-dependency,0,3,top-one,node-0073,node-0073,0,0,0
trace-041,and-dependency,0,3,expiry-skyline,node-0073,node-0073,0,0,0
trace-041,and-dependency,0,4,direct,node-0073,node-0073,0,0,0
trace-041,and-dependency,0,4,verified,node-0073,node-0073,0,0,0
trace-041,and-dependency,0,4,full-compiled,node-0073,node-0073,0,0,0
trace-041,and-dependency,0,4,timestamp-only,node-0073,node-0100,1,1,1
trace-041,and-dependency,0,4,no-ancestor-expiry,node-0073,node-0100,1,1,1
trace-041,and-dependency,0,4,no-ancestor-revocation,node-0073,node-0073,0,0,0
trace-041,and-dependency,0,4,no-alias-obligations,node-0073,node-0073,0,0,0
trace-041,and-dependency,0,4,top-one,node-0073,node-0073,0,0,0
trace-041,and-dependency,0,4,expiry-skyline,node-0073,node-0073,0,0,0
trace-041,and-dependency,0,5,direct,node-0068,node-0068,0,0,0
trace-041,and-dependency,0,5,verified,node-0068,node-0068,0,0,0
trace-041,and-dependency,0,5,full-compiled,node-0068,node-0068,0,0,0
trace-041,and-dependency,0,5,timestamp-only,node-0068,node-0080,1,1,1
trace-041,and-dependency,0,5,no-ancestor-expiry,node-0068,node-0080,1,1,1
trace-041,and-dependency,0,5,no-ancestor-revocation,node-0068,node-0068,0,0,0
trace-041,and-dependency,0,5,no-alias-obligations,node-0068,node-0068,0,0,0
trace-041,and-dependency,0,5,top-one,node-0068,,1,1,0
trace-041,and-dependency,0,5,expiry-skyline,node-0068,node-0068,0,0,0
trace-041,and-dependency,0,6,direct,,,0,0,0
trace-041,and-dependency,0,6,verified,,,0,0,0
trace-041,and-dependency,0,6,full-compiled,,,0,0,0
trace-041,and-dependency,0,6,timestamp-only,,node-0105,1,1,1
trace-041,and-dependency,0,6,no-ancestor-expiry,,,0,0,0
trace-041,and-dependency,0,6,no-ancestor-revocation,,,0,0,0
trace-041,and-dependency,0,6,no-alias-obligations,,,0,0,0
trace-041,and-dependency,0,6,top-one,,,0,0,0
trace-041,and-dependency,0,6,expiry-skyline,,,0,0,0
trace-041,and-dependency,0,7,direct,,,0,0,0
trace-041,and-dependency,0,7,verified,,,0,0,0
trace-041,and-dependency,0,7,full-compiled,,,0,0,0
trace-041,and-dependency,0,7,timestamp-only,,,0,0,0
trace-041,and-dependency,0,7,no-ancestor-expiry,,,0,0,0
trace-041,and-dependency,0,7,no-ancestor-revocation,,,0,0,0
trace-041,and-dependency,0,7,no-alias-obligations,,,0,0,0
trace-041,and-dependency,0,7,top-one,,,0,0,0
trace-041,and-dependency,0,7,expiry-skyline,,,0,0,0
trace-041,and-dependency,0,8,direct,node-0073,node-0073,0,0,0
trace-041,and-dependency,0,8,verified,node-0073,node-0073,0,0,0
trace-041,and-dependency,0,8,full-compiled,node-0073,node-0073,0,0,0
trace-041,and-dependency,0,8,timestamp-only,node-0073,node-0100,1,1,1
trace-041,and-dependency,0,8,no-ancestor-expiry,node-0073,node-0073,0,0,0
trace-041,and-dependency,0,8,no-ancestor-revocation,node-0073,node-0073,0,0,0
trace-041,and-dependency,0,8,no-alias-obligations,node-0073,node-0073,0,0,0
trace-041,and-dependency,0,8,top-one,node-0073,node-0073,0,0,0
trace-041,and-dependency,0,8,expiry-skyline,node-0073,node-0073,0,0,0
trace-041,and-dependency,0,9,direct,node-0116,node-0116,0,0,0
trace-041,and-dependency,0,9,verified,node-0116,node-0116,0,0,0
trace-041,and-dependency,0,9,full-compiled,node-0116,node-0116,0,0,0
trace-041,and-dependency,0,9,timestamp-only,node-0116,node-0116,0,0,0
trace-041,and-dependency,0,9,no-ancestor-expiry,node-0116,node-0116,0,0,0
trace-041,and-dependency,0,9,no-ancestor-revocation,node-0116,node-0116,0,0,0
trace-041,and-dependency,0,9,no-alias-obligations,node-0116,node-0116,0,0,0
trace-041,and-dependency,0,9,top-one,node-0116,,1,1,0
trace-041,and-dependency,0,9,expiry-skyline,node-0116,node-0000,1,1,0
trace-041,and-dependency,0,10,direct,node-0073,node-0073,0,0,0
trace-041,and-dependency,0,10,verified,node-0073,node-0073,0,0,0
trace-041,and-dependency,0,10,full-compiled,node-0073,node-0073,0,0,0
trace-041,and-dependency,0,10,timestamp-only,node-0073,node-0100,1,1,1
trace-041,and-dependency,0,10,no-ancestor-expiry,node-0073,node-0073,0,0,0
trace-041,and-dependency,0,10,no-ancestor-revocation,node-0073,node-0073,0,0,0
trace-041,and-dependency,0,10,no-alias-obligations,node-0073,node-0073,0,0,0
trace-041,and-dependency,0,10,top-one,node-0073,node-0073,0,0,0
trace-041,and-dependency,0,10,expiry-skyline,node-0073,node-0073,0,0,0
trace-041,and-dependency,0,11,direct,node-0000,node-0000,0,0,0
trace-041,and-dependency,0,11,verified,node-0000,node-0000,0,0,0
trace-041,and-dependency,0,11,full-compiled,node-0000,node-0000,0,0,0
trace-041,and-dependency,0,11,timestamp-only,node-0000,node-0024,1,0,1
trace-041,and-dependency,0,11,no-ancestor-expiry,node-0000,node-0000,0,0,0
trace-041,and-dependency,0,11,no-ancestor-revocation,node-0000,node-0000,0,0,0
trace-041,and-dependency,0,11,no-alias-obligations,node-0000,node-0000,0,0,0
trace-041,and-dependency,0,11,top-one,node-0000,,1,1,0
trace-041,and-dependency,0,11,expiry-skyline,node-0000,node-0000,0,0,0
trace-041,and-dependency,1,0,direct,node-0015,node-0015,0,0,0
trace-041,and-dependency,1,0,verified,node-0015,node-0015,0,0,0
trace-041,and-dependency,1,0,full-compiled,node-0015,node-0015,0,0,0
trace-041,and-dependency,1,0,timestamp-only,node-0015,node-0114,1,1,1
trace-041,and-dependency,1,0,no-ancestor-expiry,node-0015,node-0114,1,1,1
trace-041,and-dependency,1,0,no-ancestor-revocation,node-0015,node-0015,0,0,0
trace-041,and-dependency,1,0,no-alias-obligations,node-0015,node-0015,0,0,0
trace-041,and-dependency,1,0,top-one,node-0015,node-0015,0,0,0
trace-041,and-dependency,1,0,expiry-skyline,node-0015,node-0015,0,0,0
trace-041,and-dependency,1,1,direct,node-0002,node-0002,0,0,0
trace-041,and-dependency,1,1,verified,node-0002,node-0002,0,0,0
trace-041,and-dependency,1,1,full-compiled,node-0002,node-0002,0,0,0
trace-041,and-dependency,1,1,timestamp-only,node-0002,node-0114,1,1,1
trace-041,and-dependency,1,1,no-ancestor-expiry,node-0002,node-0002,0,0,0
trace-041,and-dependency,1,1,no-ancestor-revocation,node-0002,node-0015,1,1,1
trace-041,and-dependency,1,1,no-alias-obligations,node-0002,node-0002,0,0,0
trace-041,and-dependency,1,1,top-one,node-0002,,1,1,0
trace-041,and-dependency,1,1,expiry-skyline,node-0002,node-0002,0,0,0
trace-041,and-dependency,1,2,direct,node-0115,node-0115,0,0,0
trace-041,and-dependency,1,2,verified,node-0115,node-0115,0,0,0
trace-041,and-dependency,1,2,full-compiled,node-0115,node-0115,0,0,0
trace-041,and-dependency,1,2,timestamp-only,node-0115,node-0046,1,1,1
trace-041,and-dependency,1,2,no-ancestor-expiry,node-0115,node-0115,0,0,0
trace-041,and-dependency,1,2,no-ancestor-revocation,node-0115,node-0115,0,0,0
trace-041,and-dependency,1,2,no-alias-obligations,node-0115,node-0046,1,1,1
trace-041,and-dependency,1,2,top-one,node-0115,,1,1,0
trace-041,and-dependency,1,2,expiry-skyline,node-0115,node-0087,1,1,0
trace-041,and-dependency,1,3,direct,node-0002,node-0002,0,0,0
trace-041,and-dependency,1,3,verified,node-0002,node-0002,0,0,0
trace-041,and-dependency,1,3,full-compiled,node-0002,node-0002,0,0,0
trace-041,and-dependency,1,3,timestamp-only,node-0002,node-0114,1,1,1
trace-041,and-dependency,1,3,no-ancestor-expiry,node-0002,node-0002,0,0,0
trace-041,and-dependency,1,3,no-ancestor-revocation,node-0002,node-0015,1,1,1
trace-041,and-dependency,1,3,no-alias-obligations,node-0002,node-0002,0,0,0
trace-041,and-dependency,1,3,top-one,node-0002,,1,1,0
trace-041,and-dependency,1,3,expiry-skyline,node-0002,node-0002,0,0,0
trace-041,and-dependency,1,4,direct,node-0015,node-0015,0,0,0
trace-041,and-dependency,1,4,verified,node-0015,node-0015,0,0,0
trace-041,and-dependency,1,4,full-compiled,node-0015,node-0015,0,0,0
trace-041,and-dependency,1,4,timestamp-only,node-0015,node-0114,1,1,1
trace-041,and-dependency,1,4,no-ancestor-expiry,node-0015,node-0114,1,1,1
trace-041,and-dependency,1,4,no-ancestor-revocation,node-0015,node-0015,0,0,0
trace-041,and-dependency,1,4,no-alias-obligations,node-0015,node-0015,0,0,0
trace-041,and-dependency,1,4,top-one,node-0015,node-0015,0,0,0
trace-041,and-dependency,1,4,expiry-skyline,node-0015,node-0015,0,0,0
trace-041,and-dependency,1,5,direct,node-0002,node-0002,0,0,0
trace-041,and-dependency,1,5,verified,node-0002,node-0002,0,0,0
trace-041,and-dependency,1,5,full-compiled,node-0002,node-0002,0,0,0
trace-041,and-dependency,1,5,timestamp-only,node-0002,node-0015,1,1,1
trace-041,and-dependency,1,5,no-ancestor-expiry,node-0002,node-0015,1,1,1
trace-041,and-dependency,1,5,no-ancestor-revocation,node-0002,node-0002,0,0,0
trace-041,and-dependency,1,5,no-alias-obligations,node-0002,node-0002,0,0,0
trace-041,and-dependency,1,5,top-one,node-0002,,1,1,0
trace-041,and-dependency,1,5,expiry-skyline,node-0002,node-0002,0,0,0
trace-041,and-dependency,1,6,direct,,,0,0,0
trace-041,and-dependency,1,6,verified,,,0,0,0
trace-041,and-dependency,1,6,full-compiled,,,0,0,0
trace-041,and-dependency,1,6,timestamp-only,,node-0015,1,1,1
trace-041,and-dependency,1,6,no-ancestor-expiry,,node-0015,1,1,1
trace-041,and-dependency,1,6,no-ancestor-revocation,,,0,0,0
trace-041,and-dependency,1,6,no-alias-obligations,,node-0010,1,1,1
trace-041,and-dependency,1,6,top-one,,,0,0,0
trace-041,and-dependency,1,6,expiry-skyline,,,0,0,0
trace-041,and-dependency,1,7,direct,,,0,0,0
trace-041,and-dependency,1,7,verified,,,0,0,0
trace-041,and-dependency,1,7,full-compiled,,,0,0,0
trace-041,and-dependency,1,7,timestamp-only,,,0,0,0
trace-041,and-dependency,1,7,no-ancestor-expiry,,,0,0,0
trace-041,and-dependency,1,7,no-ancestor-revocation,,,0,0,0
trace-041,and-dependency,1,7,no-alias-obligations,,,0,0,0
trace-041,and-dependency,1,7,top-one,,,0,0,0
trace-041,and-dependency,1,7,expiry-skyline,,,0,0,0
trace-041,and-dependency,1,8,direct,node-0014,node-0014,0,0,0
trace-041,and-dependency,1,8,verified,node-0014,node-0014,0,0,0
trace-041,and-dependency,1,8,full-compiled,node-0014,node-0014,0,0,0
trace-041,and-dependency,1,8,timestamp-only,node-0014,node-0114,1,1,1
trace-041,and-dependency,1,8,no-ancestor-expiry,node-0014,node-0014,0,0,0
trace-041,and-dependency,1,8,no-ancestor-revocation,node-0014,node-0015,1,1,1
trace-041,and-dependency,1,8,no-alias-obligations,node-0014,node-0014,0,0,0
trace-041,and-dependency,1,8,top-one,node-0014,,1,1,0
trace-041,and-dependency,1,8,expiry-skyline,node-0014,node-0002,1,1,0
trace-041,and-dependency,1,9,direct,node-0115,node-0115,0,0,0
trace-041,and-dependency,1,9,verified,node-0115,node-0115,0,0,0
trace-041,and-dependency,1,9,full-compiled,node-0115,node-0115,0,0,0
trace-041,and-dependency,1,9,timestamp-only,node-0115,node-0046,1,1,1
trace-041,and-dependency,1,9,no-ancestor-expiry,node-0115,node-0115,0,0,0
trace-041,and-dependency,1,9,no-ancestor-revocation,node-0115,node-0115,0,0,0
trace-041,and-dependency,1,9,no-alias-obligations,node-0115,node-0115,0,0,0
trace-041,and-dependency,1,9,top-one,node-0115,,1,1,0
trace-041,and-dependency,1,9,expiry-skyline,node-0115,node-0087,1,1,0
trace-041,and-dependency,1,10,direct,node-0002,node-0002,0,0,0
trace-041,and-dependency,1,10,verified,node-0002,node-0002,0,0,0
trace-041,and-dependency,1,10,full-compiled,node-0002,node-0002,0,0,0
trace-041,and-dependency,1,10,timestamp-only,node-0002,node-0015,1,1,1
trace-041,and-dependency,1,10,no-ancestor-expiry,node-0002,node-0002,0,0,0
trace-041,and-dependency,1,10,no-ancestor-revocation,node-0002,node-0015,1,1,1
trace-041,and-dependency,1,10,no-alias-obligations,node-0002,node-0002,0,0,0
trace-041,and-dependency,1,10,top-one,node-0002,,1,1,0
trace-041,and-dependency,1,10,expiry-skyline,node-0002,node-0002,0,0,0
trace-041,and-dependency,1,11,direct,node-0087,node-0087,0,0,0
trace-041,and-dependency,1,11,verified,node-0087,node-0087,0,0,0
trace-041,and-dependency,1,11,full-compiled,node-0087,node-0087,0,0,0
trace-041,and-dependency,1,11,timestamp-only,node-0087,node-0046,1,1,1
trace-041,and-dependency,1,11,no-ancestor-expiry,node-0087,node-0087,0,0,0
trace-041,and-dependency,1,11,no-ancestor-revocation,node-0087,node-0087,0,0,0
trace-041,and-dependency,1,11,no-alias-obligations,node-0087,node-0087,0,0,0
trace-041,and-dependency,1,11,top-one,node-0087,,1,1,0
trace-041,and-dependency,1,11,expiry-skyline,node-0087,node-0087,0,0,0
trace-042,and-dependency,0,0,direct,node-0116,node-0116,0,0,0
trace-042,and-dependency,0,0,verified,node-0116,node-0116,0,0,0
trace-042,and-dependency,0,0,full-compiled,node-0116,node-0116,0,0,0
trace-042,and-dependency,0,0,timestamp-only,node-0116,node-0116,0,0,0
trace-042,and-dependency,0,0,no-ancestor-expiry,node-0116,node-0116,0,0,0
trace-042,and-dependency,0,0,no-ancestor-revocation,node-0116,node-0116,0,0,0
trace-042,and-dependency,0,0,no-alias-obligations,node-0116,node-0116,0,0,0
trace-042,and-dependency,0,0,top-one,node-0116,node-0116,0,0,0
trace-042,and-dependency,0,0,expiry-skyline,node-0116,node-0116,0,0,0
trace-042,and-dependency,0,1,direct,node-0116,node-0116,0,0,0
trace-042,and-dependency,0,1,verified,node-0116,node-0116,0,0,0
trace-042,and-dependency,0,1,full-compiled,node-0116,node-0116,0,0,0
trace-042,and-dependency,0,1,timestamp-only,node-0116,node-0116,0,0,0
trace-042,and-dependency,0,1,no-ancestor-expiry,node-0116,node-0116,0,0,0
trace-042,and-dependency,0,1,no-ancestor-revocation,node-0116,node-0116,0,0,0
trace-042,and-dependency,0,1,no-alias-obligations,node-0116,node-0116,0,0,0
trace-042,and-dependency,0,1,top-one,node-0116,node-0116,0,0,0
trace-042,and-dependency,0,1,expiry-skyline,node-0116,node-0116,0,0,0
trace-042,and-dependency,0,2,direct,node-0108,node-0108,0,0,0
trace-042,and-dependency,0,2,verified,node-0108,node-0108,0,0,0
trace-042,and-dependency,0,2,full-compiled,node-0108,node-0108,0,0,0
trace-042,and-dependency,0,2,timestamp-only,node-0108,node-0028,1,1,1
trace-042,and-dependency,0,2,no-ancestor-expiry,node-0108,node-0028,1,1,1
trace-042,and-dependency,0,2,no-ancestor-revocation,node-0108,node-0124,1,1,1
trace-042,and-dependency,0,2,no-alias-obligations,node-0108,node-0108,0,0,0
trace-042,and-dependency,0,2,top-one,node-0108,,1,1,0
trace-042,and-dependency,0,2,expiry-skyline,node-0108,,1,1,0
trace-042,and-dependency,0,3,direct,node-0116,node-0116,0,0,0
trace-042,and-dependency,0,3,verified,node-0116,node-0116,0,0,0
trace-042,and-dependency,0,3,full-compiled,node-0116,node-0116,0,0,0
trace-042,and-dependency,0,3,timestamp-only,node-0116,node-0116,0,0,0
trace-042,and-dependency,0,3,no-ancestor-expiry,node-0116,node-0116,0,0,0
trace-042,and-dependency,0,3,no-ancestor-revocation,node-0116,node-0116,0,0,0
trace-042,and-dependency,0,3,no-alias-obligations,node-0116,node-0116,0,0,0
trace-042,and-dependency,0,3,top-one,node-0116,node-0116,0,0,0
trace-042,and-dependency,0,3,expiry-skyline,node-0116,node-0116,0,0,0
trace-042,and-dependency,0,4,direct,node-0116,node-0116,0,0,0
trace-042,and-dependency,0,4,verified,node-0116,node-0116,0,0,0
trace-042,and-dependency,0,4,full-compiled,node-0116,node-0116,0,0,0
trace-042,and-dependency,0,4,timestamp-only,node-0116,node-0116,0,0,0
trace-042,and-dependency,0,4,no-ancestor-expiry,node-0116,node-0116,0,0,0
trace-042,and-dependency,0,4,no-ancestor-revocation,node-0116,node-0116,0,0,0
trace-042,and-dependency,0,4,no-alias-obligations,node-0116,node-0116,0,0,0
trace-042,and-dependency,0,4,top-one,node-0116,node-0116,0,0,0
trace-042,and-dependency,0,4,expiry-skyline,node-0116,node-0116,0,0,0
trace-042,and-dependency,0,5,direct,node-0116,node-0116,0,0,0
trace-042,and-dependency,0,5,verified,node-0116,node-0116,0,0,0
trace-042,and-dependency,0,5,full-compiled,node-0116,node-0116,0,0,0
trace-042,and-dependency,0,5,timestamp-only,node-0116,node-0116,0,0,0
trace-042,and-dependency,0,5,no-ancestor-expiry,node-0116,node-0116,0,0,0
trace-042,and-dependency,0,5,no-ancestor-revocation,node-0116,node-0116,0,0,0
trace-042,and-dependency,0,5,no-alias-obligations,node-0116,node-0116,0,0,0
trace-042,and-dependency,0,5,top-one,node-0116,node-0116,0,0,0
trace-042,and-dependency,0,5,expiry-skyline,node-0116,node-0116,0,0,0
trace-042,and-dependency,0,6,direct,,,0,0,0
trace-042,and-dependency,0,6,verified,,,0,0,0
trace-042,and-dependency,0,6,full-compiled,,,0,0,0
trace-042,and-dependency,0,6,timestamp-only,,node-0121,1,1,1
trace-042,and-dependency,0,6,no-ancestor-expiry,,node-0068,1,1,1
trace-042,and-dependency,0,6,no-ancestor-revocation,,,0,0,0
trace-042,and-dependency,0,6,no-alias-obligations,,node-0121,1,1,1
trace-042,and-dependency,0,6,top-one,,,0,0,0
trace-042,and-dependency,0,6,expiry-skyline,,,0,0,0
trace-042,and-dependency,0,7,direct,,,0,0,0
trace-042,and-dependency,0,7,verified,,,0,0,0
trace-042,and-dependency,0,7,full-compiled,,,0,0,0
trace-042,and-dependency,0,7,timestamp-only,,,0,0,0
trace-042,and-dependency,0,7,no-ancestor-expiry,,,0,0,0
trace-042,and-dependency,0,7,no-ancestor-revocation,,,0,0,0
trace-042,and-dependency,0,7,no-alias-obligations,,,0,0,0
trace-042,and-dependency,0,7,top-one,,,0,0,0
trace-042,and-dependency,0,7,expiry-skyline,,,0,0,0
trace-042,and-dependency,0,8,direct,node-0116,node-0116,0,0,0
trace-042,and-dependency,0,8,verified,node-0116,node-0116,0,0,0
trace-042,and-dependency,0,8,full-compiled,node-0116,node-0116,0,0,0
trace-042,and-dependency,0,8,timestamp-only,node-0116,node-0116,0,0,0
trace-042,and-dependency,0,8,no-ancestor-expiry,node-0116,node-0116,0,0,0
trace-042,and-dependency,0,8,no-ancestor-revocation,node-0116,node-0116,0,0,0
trace-042,and-dependency,0,8,no-alias-obligations,node-0116,node-0116,0,0,0
trace-042,and-dependency,0,8,top-one,node-0116,node-0116,0,0,0
trace-042,and-dependency,0,8,expiry-skyline,node-0116,node-0116,0,0,0
trace-042,and-dependency,0,9,direct,node-0108,node-0108,0,0,0
trace-042,and-dependency,0,9,verified,node-0108,node-0108,0,0,0
trace-042,and-dependency,0,9,full-compiled,node-0108,node-0108,0,0,0
trace-042,and-dependency,0,9,timestamp-only,node-0108,node-0028,1,1,1
trace-042,and-dependency,0,9,no-ancestor-expiry,node-0108,node-0108,0,0,0
trace-042,and-dependency,0,9,no-ancestor-revocation,node-0108,node-0124,1,1,1
trace-042,and-dependency,0,9,no-alias-obligations,node-0108,node-0108,0,0,0
trace-042,and-dependency,0,9,top-one,node-0108,,1,1,0
trace-042,and-dependency,0,9,expiry-skyline,node-0108,,1,1,0
trace-042,and-dependency,0,10,direct,node-0116,node-0116,0,0,0
trace-042,and-dependency,0,10,verified,node-0116,node-0116,0,0,0
trace-042,and-dependency,0,10,full-compiled,node-0116,node-0116,0,0,0
trace-042,and-dependency,0,10,timestamp-only,node-0116,node-0116,0,0,0
trace-042,and-dependency,0,10,no-ancestor-expiry,node-0116,node-0116,0,0,0
trace-042,and-dependency,0,10,no-ancestor-revocation,node-0116,node-0116,0,0,0
trace-042,and-dependency,0,10,no-alias-obligations,node-0116,node-0116,0,0,0
trace-042,and-dependency,0,10,top-one,node-0116,node-0116,0,0,0
trace-042,and-dependency,0,10,expiry-skyline,node-0116,node-0116,0,0,0
trace-042,and-dependency,0,11,direct,node-0121,node-0121,0,0,0
trace-042,and-dependency,0,11,verified,node-0121,node-0121,0,0,0
trace-042,and-dependency,0,11,full-compiled,node-0121,node-0121,0,0,0
trace-042,and-dependency,0,11,timestamp-only,node-0121,node-0121,0,0,0
trace-042,and-dependency,0,11,no-ancestor-expiry,node-0121,node-0121,0,0,0
trace-042,and-dependency,0,11,no-ancestor-revocation,node-0121,node-0121,0,0,0
trace-042,and-dependency,0,11,no-alias-obligations,node-0121,node-0121,0,0,0
trace-042,and-dependency,0,11,top-one,node-0121,,1,1,0
trace-042,and-dependency,0,11,expiry-skyline,node-0121,node-0121,0,0,0
trace-042,and-dependency,1,0,direct,node-0035,node-0035,0,0,0
trace-042,and-dependency,1,0,verified,node-0035,node-0035,0,0,0
trace-042,and-dependency,1,0,full-compiled,node-0035,node-0035,0,0,0
trace-042,and-dependency,1,0,timestamp-only,node-0035,node-0035,0,0,0
trace-042,and-dependency,1,0,no-ancestor-expiry,node-0035,node-0035,0,0,0
trace-042,and-dependency,1,0,no-ancestor-revocation,node-0035,node-0035,0,0,0
trace-042,and-dependency,1,0,no-alias-obligations,node-0035,node-0035,0,0,0
trace-042,and-dependency,1,0,top-one,node-0035,node-0035,0,0,0
trace-042,and-dependency,1,0,expiry-skyline,node-0035,node-0035,0,0,0
trace-042,and-dependency,1,1,direct,node-0043,node-0043,0,0,0
trace-042,and-dependency,1,1,verified,node-0043,node-0043,0,0,0
trace-042,and-dependency,1,1,full-compiled,node-0043,node-0043,0,0,0
trace-042,and-dependency,1,1,timestamp-only,node-0043,node-0035,1,1,1
trace-042,and-dependency,1,1,no-ancestor-expiry,node-0043,node-0043,0,0,0
trace-042,and-dependency,1,1,no-ancestor-revocation,node-0043,node-0035,1,1,1
trace-042,and-dependency,1,1,no-alias-obligations,node-0043,node-0043,0,0,0
trace-042,and-dependency,1,1,top-one,node-0043,,1,1,0
trace-042,and-dependency,1,1,expiry-skyline,node-0043,node-0043,0,0,0
trace-042,and-dependency,1,2,direct,node-0007,node-0007,0,0,0
trace-042,and-dependency,1,2,verified,node-0007,node-0007,0,0,0
trace-042,and-dependency,1,2,full-compiled,node-0007,node-0007,0,0,0
trace-042,and-dependency,1,2,timestamp-only,node-0007,node-0119,1,1,1
trace-042,and-dependency,1,2,no-ancestor-expiry,node-0007,node-0007,0,0,0
trace-042,and-dependency,1,2,no-ancestor-revocation,node-0007,node-0007,0,0,0
trace-042,and-dependency,1,2,no-alias-obligations,node-0007,node-0018,1,0,1
trace-042,and-dependency,1,2,top-one,node-0007,,1,1,0
trace-042,and-dependency,1,2,expiry-skyline,node-0007,node-0039,1,1,0
trace-042,and-dependency,1,3,direct,node-0002,node-0002,0,0,0
trace-042,and-dependency,1,3,verified,node-0002,node-0002,0,0,0
trace-042,and-dependency,1,3,full-compiled,node-0002,node-0002,0,0,0
trace-042,and-dependency,1,3,timestamp-only,node-0002,node-0035,1,1,1
trace-042,and-dependency,1,3,no-ancestor-expiry,node-0002,node-0002,0,0,0
trace-042,and-dependency,1,3,no-ancestor-revocation,node-0002,node-0035,1,1,1
trace-042,and-dependency,1,3,no-alias-obligations,node-0002,node-0002,0,0,0
trace-042,and-dependency,1,3,top-one,node-0002,,1,1,0
trace-042,and-dependency,1,3,expiry-skyline,node-0002,node-0002,0,0,0
trace-042,and-dependency,1,4,direct,node-0043,node-0043,0,0,0
trace-042,and-dependency,1,4,verified,node-0043,node-0043,0,0,0
trace-042,and-dependency,1,4,full-compiled,node-0043,node-0043,0,0,0
trace-042,and-dependency,1,4,timestamp-only,node-0043,node-0035,1,1,1
trace-042,and-dependency,1,4,no-ancestor-expiry,node-0043,node-0035,1,1,1
trace-042,and-dependency,1,4,no-ancestor-revocation,node-0043,node-0043,0,0,0
trace-042,and-dependency,1,4,no-alias-obligations,node-0043,node-0043,0,0,0
trace-042,and-dependency,1,4,top-one,node-0043,,1,1,0
trace-042,and-dependency,1,4,expiry-skyline,node-0043,node-0043,0,0,0
trace-042,and-dependency,1,5,direct,node-0002,node-0002,0,0,0
trace-042,and-dependency,1,5,verified,node-0002,node-0002,0,0,0
trace-042,and-dependency,1,5,full-compiled,node-0002,node-0002,0,0,0
trace-042,and-dependency,1,5,timestamp-only,node-0002,node-0035,1,1,1
trace-042,and-dependency,1,5,no-ancestor-expiry,node-0002,node-0035,1,1,1
trace-042,and-dependency,1,5,no-ancestor-revocation,node-0002,node-0002,0,0,0
trace-042,and-dependency,1,5,no-alias-obligations,node-0002,node-0002,0,0,0
trace-042,and-dependency,1,5,top-one,node-0002,,1,1,0
trace-042,and-dependency,1,5,expiry-skyline,node-0002,node-0002,0,0,0
trace-042,and-dependency,1,6,direct,node-0039,node-0039,0,0,0
trace-042,and-dependency,1,6,verified,node-0039,node-0039,0,0,0
trace-042,and-dependency,1,6,full-compiled,node-0039,node-0039,0,0,0
trace-042,and-dependency,1,6,timestamp-only,node-0039,node-0074,1,1,1
trace-042,and-dependency,1,6,no-ancestor-expiry,node-0039,node-0119,1,1,1
trace-042,and-dependency,1,6,no-ancestor-revocation,node-0039,node-0039,0,0,0
trace-042,and-dependency,1,6,no-alias-obligations,node-0039,node-0039,0,0,0
trace-042,and-dependency,1,6,top-one,node-0039,,1,1,0
trace-042,and-dependency,1,6,expiry-skyline,node-0039,node-0039,0,0,0
trace-042,and-dependency,1,7,direct,,,0,0,0
trace-042,and-dependency,1,7,verified,,,0,0,0
trace-042,and-dependency,1,7,full-compiled,,,0,0,0
trace-042,and-dependency,1,7,timestamp-only,,,0,0,0
trace-042,and-dependency,1,7,no-ancestor-expiry,,,0,0,0
trace-042,and-dependency,1,7,no-ancestor-revocation,,,0,0,0
trace-042,and-dependency,1,7,no-alias-obligations,,,0,0,0
trace-042,and-dependency,1,7,top-one,,,0,0,0
trace-042,and-dependency,1,7,expiry-skyline,,,0,0,0
trace-042,and-dependency,1,8,direct,node-0002,node-0002,0,0,0
trace-042,and-dependency,1,8,verified,node-0002,node-0002,0,0,0
trace-042,and-dependency,1,8,full-compiled,node-0002,node-0002,0,0,0
trace-042,and-dependency,1,8,timestamp-only,node-0002,node-0035,1,1,1
trace-042,and-dependency,1,8,no-ancestor-expiry,node-0002,node-0002,0,0,0
trace-042,and-dependency,1,8,no-ancestor-revocation,node-0002,node-0035,1,1,1
trace-042,and-dependency,1,8,no-alias-obligations,node-0002,node-0002,0,0,0
trace-042,and-dependency,1,8,top-one,node-0002,,1,1,0
trace-042,and-dependency,1,8,expiry-skyline,node-0002,node-0002,0,0,0
trace-042,and-dependency,1,9,direct,node-0071,node-0071,0,0,0
trace-042,and-dependency,1,9,verified,node-0071,node-0071,0,0,0
trace-042,and-dependency,1,9,full-compiled,node-0071,node-0071,0,0,0
trace-042,and-dependency,1,9,timestamp-only,node-0071,node-0119,1,1,1
trace-042,and-dependency,1,9,no-ancestor-expiry,node-0071,node-0071,0,0,0
trace-042,and-dependency,1,9,no-ancestor-revocation,node-0071,node-0007,1,1,1
trace-042,and-dependency,1,9,no-alias-obligations,node-0071,node-0002,1,1,1
trace-042,and-dependency,1,9,top-one,node-0071,,1,1,0
trace-042,and-dependency,1,9,expiry-skyline,node-0071,,1,1,0
trace-042,and-dependency,1,10,direct,node-0002,node-0002,0,0,0
trace-042,and-dependency,1,10,verified,node-0002,node-0002,0,0,0
trace-042,and-dependency,1,10,full-compiled,node-0002,node-0002,0,0,0
trace-042,and-dependency,1,10,timestamp-only,node-0002,node-0035,1,1,1
trace-042,and-dependency,1,10,no-ancestor-expiry,node-0002,node-0002,0,0,0
trace-042,and-dependency,1,10,no-ancestor-revocation,node-0002,node-0002,0,0,0
trace-042,and-dependency,1,10,no-alias-obligations,node-0002,node-0002,0,0,0
trace-042,and-dependency,1,10,top-one,node-0002,,1,1,0
trace-042,and-dependency,1,10,expiry-skyline,node-0002,node-0002,0,0,0
trace-042,and-dependency,1,11,direct,,,0,0,0
trace-042,and-dependency,1,11,verified,,,0,0,0
trace-042,and-dependency,1,11,full-compiled,,,0,0,0
trace-042,and-dependency,1,11,timestamp-only,,node-0035,1,1,1
trace-042,and-dependency,1,11,no-ancestor-expiry,,,0,0,0
trace-042,and-dependency,1,11,no-ancestor-revocation,,,0,0,0
trace-042,and-dependency,1,11,no-alias-obligations,,,0,0,0
trace-042,and-dependency,1,11,top-one,,,0,0,0
trace-042,and-dependency,1,11,expiry-skyline,,,0,0,0
trace-043,and-dependency,0,0,direct,node-0057,node-0057,0,0,0
trace-043,and-dependency,0,0,verified,node-0057,node-0057,0,0,0
trace-043,and-dependency,0,0,full-compiled,node-0057,node-0057,0,0,0
trace-043,and-dependency,0,0,timestamp-only,node-0057,node-0057,0,0,0
trace-043,and-dependency,0,0,no-ancestor-expiry,node-0057,node-0057,0,0,0
trace-043,and-dependency,0,0,no-ancestor-revocation,node-0057,node-0057,0,0,0
trace-043,and-dependency,0,0,no-alias-obligations,node-0057,node-0057,0,0,0
trace-043,and-dependency,0,0,top-one,node-0057,node-0057,0,0,0
trace-043,and-dependency,0,0,expiry-skyline,node-0057,node-0057,0,0,0
trace-043,and-dependency,0,1,direct,node-0057,node-0057,0,0,0
trace-043,and-dependency,0,1,verified,node-0057,node-0057,0,0,0
trace-043,and-dependency,0,1,full-compiled,node-0057,node-0057,0,0,0
trace-043,and-dependency,0,1,timestamp-only,node-0057,node-0057,0,0,0
trace-043,and-dependency,0,1,no-ancestor-expiry,node-0057,node-0057,0,0,0
trace-043,and-dependency,0,1,no-ancestor-revocation,node-0057,node-0057,0,0,0
trace-043,and-dependency,0,1,no-alias-obligations,node-0057,node-0057,0,0,0
trace-043,and-dependency,0,1,top-one,node-0057,node-0057,0,0,0
trace-043,and-dependency,0,1,expiry-skyline,node-0057,node-0057,0,0,0
trace-043,and-dependency,0,2,direct,node-0120,node-0120,0,0,0
trace-043,and-dependency,0,2,verified,node-0120,node-0120,0,0,0
trace-043,and-dependency,0,2,full-compiled,node-0120,node-0120,0,0,0
trace-043,and-dependency,0,2,timestamp-only,node-0120,node-0105,1,1,1
trace-043,and-dependency,0,2,no-ancestor-expiry,node-0120,node-0120,0,0,0
trace-043,and-dependency,0,2,no-ancestor-revocation,node-0120,node-0120,0,0,0
trace-043,and-dependency,0,2,no-alias-obligations,node-0120,node-0081,1,1,1
trace-043,and-dependency,0,2,top-one,node-0120,,1,1,0
trace-043,and-dependency,0,2,expiry-skyline,node-0120,,1,1,0
trace-043,and-dependency,0,3,direct,node-0057,node-0057,0,0,0
trace-043,and-dependency,0,3,verified,node-0057,node-0057,0,0,0
trace-043,and-dependency,0,3,full-compiled,node-0057,node-0057,0,0,0
trace-043,and-dependency,0,3,timestamp-only,node-0057,node-0057,0,0,0
trace-043,and-dependency,0,3,no-ancestor-expiry,node-0057,node-0057,0,0,0
trace-043,and-dependency,0,3,no-ancestor-revocation,node-0057,node-0057,0,0,0
trace-043,and-dependency,0,3,no-alias-obligations,node-0057,node-0057,0,0,0
trace-043,and-dependency,0,3,top-one,node-0057,node-0057,0,0,0
trace-043,and-dependency,0,3,expiry-skyline,node-0057,node-0057,0,0,0
trace-043,and-dependency,0,4,direct,node-0057,node-0057,0,0,0
trace-043,and-dependency,0,4,verified,node-0057,node-0057,0,0,0
trace-043,and-dependency,0,4,full-compiled,node-0057,node-0057,0,0,0
trace-043,and-dependency,0,4,timestamp-only,node-0057,node-0057,0,0,0
trace-043,and-dependency,0,4,no-ancestor-expiry,node-0057,node-0057,0,0,0
trace-043,and-dependency,0,4,no-ancestor-revocation,node-0057,node-0057,0,0,0
trace-043,and-dependency,0,4,no-alias-obligations,node-0057,node-0057,0,0,0
trace-043,and-dependency,0,4,top-one,node-0057,node-0057,0,0,0
trace-043,and-dependency,0,4,expiry-skyline,node-0057,node-0057,0,0,0
trace-043,and-dependency,0,5,direct,node-0057,node-0057,0,0,0
trace-043,and-dependency,0,5,verified,node-0057,node-0057,0,0,0
trace-043,and-dependency,0,5,full-compiled,node-0057,node-0057,0,0,0
trace-043,and-dependency,0,5,timestamp-only,node-0057,node-0057,0,0,0
trace-043,and-dependency,0,5,no-ancestor-expiry,node-0057,node-0057,0,0,0
trace-043,and-dependency,0,5,no-ancestor-revocation,node-0057,node-0057,0,0,0
trace-043,and-dependency,0,5,no-alias-obligations,node-0057,node-0057,0,0,0
trace-043,and-dependency,0,5,top-one,node-0057,node-0057,0,0,0
trace-043,and-dependency,0,5,expiry-skyline,node-0057,node-0057,0,0,0
trace-043,and-dependency,0,6,direct,,,0,0,0
trace-043,and-dependency,0,6,verified,,,0,0,0
trace-043,and-dependency,0,6,full-compiled,,,0,0,0
trace-043,and-dependency,0,6,timestamp-only,,node-0057,1,1,1
trace-043,and-dependency,0,6,no-ancestor-expiry,,node-0052,1,1,1
trace-043,and-dependency,0,6,no-ancestor-revocation,,,0,0,0
trace-043,and-dependency,0,6,no-alias-obligations,,node-0057,1,1,1
trace-043,and-dependency,0,6,top-one,,,0,0,0
trace-043,and-dependency,0,6,expiry-skyline,,,0,0,0
trace-043,and-dependency,0,7,direct,,,0,0,0
trace-043,and-dependency,0,7,verified,,,0,0,0
trace-043,and-dependency,0,7,full-compiled,,,0,0,0
trace-043,and-dependency,0,7,timestamp-only,,,0,0,0
trace-043,and-dependency,0,7,no-ancestor-expiry,,,0,0,0
trace-043,and-dependency,0,7,no-ancestor-revocation,,,0,0,0
trace-043,and-dependency,0,7,no-alias-obligations,,,0,0,0
trace-043,and-dependency,0,7,top-one,,,0,0,0
trace-043,and-dependency,0,7,expiry-skyline,,,0,0,0
trace-043,and-dependency,0,8,direct,node-0057,node-0057,0,0,0
trace-043,and-dependency,0,8,verified,node-0057,node-0057,0,0,0
trace-043,and-dependency,0,8,full-compiled,node-0057,node-0057,0,0,0
trace-043,and-dependency,0,8,timestamp-only,node-0057,node-0057,0,0,0
trace-043,and-dependency,0,8,no-ancestor-expiry,node-0057,node-0057,0,0,0
trace-043,and-dependency,0,8,no-ancestor-revocation,node-0057,node-0057,0,0,0
trace-043,and-dependency,0,8,no-alias-obligations,node-0057,node-0057,0,0,0
trace-043,and-dependency,0,8,top-one,node-0057,node-0057,0,0,0
trace-043,and-dependency,0,8,expiry-skyline,node-0057,node-0057,0,0,0
trace-043,and-dependency,0,9,direct,node-0120,node-0120,0,0,0
trace-043,and-dependency,0,9,verified,node-0120,node-0120,0,0,0
trace-043,and-dependency,0,9,full-compiled,node-0120,node-0120,0,0,0
trace-043,and-dependency,0,9,timestamp-only,node-0120,node-0105,1,1,1
trace-043,and-dependency,0,9,no-ancestor-expiry,node-0120,node-0120,0,0,0
trace-043,and-dependency,0,9,no-ancestor-revocation,node-0120,node-0120,0,0,0
trace-043,and-dependency,0,9,no-alias-obligations,node-0120,node-0081,1,1,1
trace-043,and-dependency,0,9,top-one,node-0120,,1,1,0
trace-043,and-dependency,0,9,expiry-skyline,node-0120,,1,1,0
trace-043,and-dependency,0,10,direct,node-0057,node-0057,0,0,0
trace-043,and-dependency,0,10,verified,node-0057,node-0057,0,0,0
trace-043,and-dependency,0,10,full-compiled,node-0057,node-0057,0,0,0
trace-043,and-dependency,0,10,timestamp-only,node-0057,node-0057,0,0,0
trace-043,and-dependency,0,10,no-ancestor-expiry,node-0057,node-0057,0,0,0
trace-043,and-dependency,0,10,no-ancestor-revocation,node-0057,node-0057,0,0,0
trace-043,and-dependency,0,10,no-alias-obligations,node-0057,node-0057,0,0,0
trace-043,and-dependency,0,10,top-one,node-0057,node-0057,0,0,0
trace-043,and-dependency,0,10,expiry-skyline,node-0057,node-0057,0,0,0
trace-043,and-dependency,0,11,direct,,,0,0,0
trace-043,and-dependency,0,11,verified,,,0,0,0
trace-043,and-dependency,0,11,full-compiled,,,0,0,0
trace-043,and-dependency,0,11,timestamp-only,,node-0040,1,1,1
trace-043,and-dependency,0,11,no-ancestor-expiry,,,0,0,0
trace-043,and-dependency,0,11,no-ancestor-revocation,,,0,0,0
trace-043,and-dependency,0,11,no-alias-obligations,,,0,0,0
trace-043,and-dependency,0,11,top-one,,,0,0,0
trace-043,and-dependency,0,11,expiry-skyline,,,0,0,0
trace-043,and-dependency,1,0,direct,node-0054,node-0054,0,0,0
trace-043,and-dependency,1,0,verified,node-0054,node-0054,0,0,0
trace-043,and-dependency,1,0,full-compiled,node-0054,node-0054,0,0,0
trace-043,and-dependency,1,0,timestamp-only,node-0054,node-0054,0,0,0
trace-043,and-dependency,1,0,no-ancestor-expiry,node-0054,node-0054,0,0,0
trace-043,and-dependency,1,0,no-ancestor-revocation,node-0054,node-0054,0,0,0
trace-043,and-dependency,1,0,no-alias-obligations,node-0054,node-0054,0,0,0
trace-043,and-dependency,1,0,top-one,node-0054,node-0054,0,0,0
trace-043,and-dependency,1,0,expiry-skyline,node-0054,node-0054,0,0,0
trace-043,and-dependency,1,1,direct,node-0027,node-0027,0,0,0
trace-043,and-dependency,1,1,verified,node-0027,node-0027,0,0,0
trace-043,and-dependency,1,1,full-compiled,node-0027,node-0027,0,0,0
trace-043,and-dependency,1,1,timestamp-only,node-0027,node-0054,1,1,1
trace-043,and-dependency,1,1,no-ancestor-expiry,node-0027,node-0027,0,0,0
trace-043,and-dependency,1,1,no-ancestor-revocation,node-0027,node-0054,1,1,1
trace-043,and-dependency,1,1,no-alias-obligations,node-0027,node-0027,0,0,0
trace-043,and-dependency,1,1,top-one,node-0027,,1,1,0
trace-043,and-dependency,1,1,expiry-skyline,node-0027,node-0034,1,0,0
trace-043,and-dependency,1,2,direct,node-0123,node-0123,0,0,0
trace-043,and-dependency,1,2,verified,node-0123,node-0123,0,0,0
trace-043,and-dependency,1,2,full-compiled,node-0123,node-0123,0,0,0
trace-043,and-dependency,1,2,timestamp-only,node-0123,node-0102,1,1,1
trace-043,and-dependency,1,2,no-ancestor-expiry,node-0123,node-0123,0,0,0
trace-043,and-dependency,1,2,no-ancestor-revocation,node-0123,node-0059,1,1,1
trace-043,and-dependency,1,2,no-alias-obligations,node-0123,node-0082,1,1,1
trace-043,and-dependency,1,2,top-one,node-0123,,1,1,0
trace-043,and-dependency,1,2,expiry-skyline,node-0123,node-0007,1,1,0
trace-043,and-dependency,1,3,direct,node-0034,node-0034,0,0,0
trace-043,and-dependency,1,3,verified,node-0034,node-0034,0,0,0
trace-043,and-dependency,1,3,full-compiled,node-0034,node-0034,0,0,0
trace-043,and-dependency,1,3,timestamp-only,node-0034,node-0054,1,1,1
trace-043,and-dependency,1,3,no-ancestor-expiry,node-0034,node-0027,1,0,1
trace-043,and-dependency,1,3,no-ancestor-revocation,node-0034,node-0054,1,1,1
trace-043,and-dependency,1,3,no-alias-obligations,node-0034,node-0034,0,0,0
trace-043,and-dependency,1,3,top-one,node-0034,,1,1,0
trace-043,and-dependency,1,3,expiry-skyline,node-0034,node-0034,0,0,0
trace-043,and-dependency,1,4,direct,node-0054,node-0054,0,0,0
trace-043,and-dependency,1,4,verified,node-0054,node-0054,0,0,0
trace-043,and-dependency,1,4,full-compiled,node-0054,node-0054,0,0,0
trace-043,and-dependency,1,4,timestamp-only,node-0054,node-0054,0,0,0
trace-043,and-dependency,1,4,no-ancestor-expiry,node-0054,node-0054,0,0,0
trace-043,and-dependency,1,4,no-ancestor-revocation,node-0054,node-0054,0,0,0
trace-043,and-dependency,1,4,no-alias-obligations,node-0054,node-0054,0,0,0
trace-043,and-dependency,1,4,top-one,node-0054,node-0054,0,0,0
trace-043,and-dependency,1,4,expiry-skyline,node-0054,node-0054,0,0,0
trace-043,and-dependency,1,5,direct,node-0098,node-0098,0,0,0
trace-043,and-dependency,1,5,verified,node-0098,node-0098,0,0,0
trace-043,and-dependency,1,5,full-compiled,node-0098,node-0098,0,0,0
trace-043,and-dependency,1,5,timestamp-only,node-0098,node-0063,1,1,1
trace-043,and-dependency,1,5,no-ancestor-expiry,node-0098,node-0063,1,1,1
trace-043,and-dependency,1,5,no-ancestor-revocation,node-0098,node-0098,0,0,0
trace-043,and-dependency,1,5,no-alias-obligations,node-0098,node-0098,0,0,0
trace-043,and-dependency,1,5,top-one,node-0098,,1,1,0
trace-043,and-dependency,1,5,expiry-skyline,node-0098,node-0098,0,0,0
trace-043,and-dependency,1,6,direct,,,0,0,0
trace-043,and-dependency,1,6,verified,,,0,0,0
trace-043,and-dependency,1,6,full-compiled,,,0,0,0
trace-043,and-dependency,1,6,timestamp-only,,node-0027,1,1,1
trace-043,and-dependency,1,6,no-ancestor-expiry,,node-0027,1,1,1
trace-043,and-dependency,1,6,no-ancestor-revocation,,,0,0,0
trace-043,and-dependency,1,6,no-alias-obligations,,node-0046,1,1,1
trace-043,and-dependency,1,6,top-one,,,0,0,0
trace-043,and-dependency,1,6,expiry-skyline,,,0,0,0
trace-043,and-dependency,1,7,direct,,,0,0,0
trace-043,and-dependency,1,7,verified,,,0,0,0
trace-043,and-dependency,1,7,full-compiled,,,0,0,0
trace-043,and-dependency,1,7,timestamp-only,,,0,0,0
trace-043,and-dependency,1,7,no-ancestor-expiry,,,0,0,0
trace-043,and-dependency,1,7,no-ancestor-revocation,,,0,0,0
trace-043,and-dependency,1,7,no-alias-obligations,,,0,0,0
trace-043,and-dependency,1,7,top-one,,,0,0,0
trace-043,and-dependency,1,7,expiry-skyline,,,0,0,0
trace-043,and-dependency,1,8,direct,node-0027,node-0027,0,0,0
trace-043,and-dependency,1,8,verified,node-0027,node-0027,0,0,0
trace-043,and-dependency,1,8,full-compiled,node-0027,node-0027,0,0,0
trace-043,and-dependency,1,8,timestamp-only,node-0027,node-0054,1,1,1
trace-043,and-dependency,1,8,no-ancestor-expiry,node-0027,node-0027,0,0,0
trace-043,and-dependency,1,8,no-ancestor-revocation,node-0027,node-0054,1,1,1
trace-043,and-dependency,1,8,no-alias-obligations,node-0027,node-0027,0,0,0
trace-043,and-dependency,1,8,top-one,node-0027,,1,1,0
trace-043,and-dependency,1,8,expiry-skyline,node-0027,node-0034,1,0,0
trace-043,and-dependency,1,9,direct,node-0123,node-0123,0,0,0
trace-043,and-dependency,1,9,verified,node-0123,node-0123,0,0,0
trace-043,and-dependency,1,9,full-compiled,node-0123,node-0123,0,0,0
trace-043,and-dependency,1,9,timestamp-only,node-0123,node-0102,1,1,1
trace-043,and-dependency,1,9,no-ancestor-expiry,node-0123,node-0123,0,0,0
trace-043,and-dependency,1,9,no-ancestor-revocation,node-0123,node-0059,1,1,1
trace-043,and-dependency,1,9,no-alias-obligations,node-0123,node-0082,1,1,1
trace-043,and-dependency,1,9,top-one,node-0123,,1,1,0
trace-043,and-dependency,1,9,expiry-skyline,node-0123,,1,1,0
trace-043,and-dependency,1,10,direct,node-0034,node-0034,0,0,0
trace-043,and-dependency,1,10,verified,node-0034,node-0034,0,0,0
trace-043,and-dependency,1,10,full-compiled,node-0034,node-0034,0,0,0
trace-043,and-dependency,1,10,timestamp-only,node-0034,node-0063,1,1,1
trace-043,and-dependency,1,10,no-ancestor-expiry,node-0034,node-0027,1,0,1
trace-043,and-dependency,1,10,no-ancestor-revocation,node-0034,node-0098,1,1,1
trace-043,and-dependency,1,10,no-alias-obligations,node-0034,node-0034,0,0,0
trace-043,and-dependency,1,10,top-one,node-0034,,1,1,0
trace-043,and-dependency,1,10,expiry-skyline,node-0034,node-0034,0,0,0
trace-043,and-dependency,1,11,direct,,,0,0,0
trace-043,and-dependency,1,11,verified,,,0,0,0
trace-043,and-dependency,1,11,full-compiled,,,0,0,0
trace-043,and-dependency,1,11,timestamp-only,,node-0046,1,1,1
trace-043,and-dependency,1,11,no-ancestor-expiry,,,0,0,0
trace-043,and-dependency,1,11,no-ancestor-revocation,,,0,0,0
trace-043,and-dependency,1,11,no-alias-obligations,,node-0046,1,1,1
trace-043,and-dependency,1,11,top-one,,,0,0,0
trace-043,and-dependency,1,11,expiry-skyline,,,0,0,0
trace-044,and-dependency,0,0,direct,node-0012,node-0012,0,0,0
trace-044,and-dependency,0,0,verified,node-0012,node-0012,0,0,0
trace-044,and-dependency,0,0,full-compiled,node-0012,node-0012,0,0,0
trace-044,and-dependency,0,0,timestamp-only,node-0012,node-0041,1,1,1
trace-044,and-dependency,0,0,no-ancestor-expiry,node-0012,node-0012,0,0,0
trace-044,and-dependency,0,0,no-ancestor-revocation,node-0012,node-0041,1,1,1
trace-044,and-dependency,0,0,no-alias-obligations,node-0012,node-0012,0,0,0
trace-044,and-dependency,0,0,top-one,node-0012,node-0012,0,0,0
trace-044,and-dependency,0,0,expiry-skyline,node-0012,node-0012,0,0,0
trace-044,and-dependency,0,1,direct,node-0012,node-0012,0,0,0
trace-044,and-dependency,0,1,verified,node-0012,node-0012,0,0,0
trace-044,and-dependency,0,1,full-compiled,node-0012,node-0012,0,0,0
trace-044,and-dependency,0,1,timestamp-only,node-0012,node-0041,1,1,1
trace-044,and-dependency,0,1,no-ancestor-expiry,node-0012,node-0012,0,0,0
trace-044,and-dependency,0,1,no-ancestor-revocation,node-0012,node-0041,1,1,1
trace-044,and-dependency,0,1,no-alias-obligations,node-0012,node-0012,0,0,0
trace-044,and-dependency,0,1,top-one,node-0012,node-0012,0,0,0
trace-044,and-dependency,0,1,expiry-skyline,node-0012,node-0012,0,0,0
trace-044,and-dependency,0,2,direct,node-0056,node-0056,0,0,0
trace-044,and-dependency,0,2,verified,node-0056,node-0056,0,0,0
trace-044,and-dependency,0,2,full-compiled,node-0056,node-0056,0,0,0
trace-044,and-dependency,0,2,timestamp-only,node-0056,node-0117,1,1,1
trace-044,and-dependency,0,2,no-ancestor-expiry,node-0056,node-0056,0,0,0
trace-044,and-dependency,0,2,no-ancestor-revocation,node-0056,node-0060,1,1,1
trace-044,and-dependency,0,2,no-alias-obligations,node-0056,node-0097,1,1,1
trace-044,and-dependency,0,2,top-one,node-0056,,1,1,0
trace-044,and-dependency,0,2,expiry-skyline,node-0056,node-0004,1,1,0
trace-044,and-dependency,0,3,direct,node-0105,node-0105,0,0,0
trace-044,and-dependency,0,3,verified,node-0105,node-0105,0,0,0
trace-044,and-dependency,0,3,full-compiled,node-0105,node-0105,0,0,0
trace-044,and-dependency,0,3,timestamp-only,node-0105,node-0041,1,1,1
trace-044,and-dependency,0,3,no-ancestor-expiry,node-0105,node-0005,1,1,1
trace-044,and-dependency,0,3,no-ancestor-revocation,node-0105,node-0012,1,1,1
trace-044,and-dependency,0,3,no-alias-obligations,node-0105,node-0105,0,0,0
trace-044,and-dependency,0,3,top-one,node-0105,,1,1,0
trace-044,and-dependency,0,3,expiry-skyline,node-0105,,1,1,0
trace-044,and-dependency,0,4,direct,node-0012,node-0012,0,0,0
trace-044,and-dependency,0,4,verified,node-0012,node-0012,0,0,0
trace-044,and-dependency,0,4,full-compiled,node-0012,node-0012,0,0,0
trace-044,and-dependency,0,4,timestamp-only,node-0012,node-0012,0,0,0
trace-044,and-dependency,0,4,no-ancestor-expiry,node-0012,node-0012,0,0,0
trace-044,and-dependency,0,4,no-ancestor-revocation,node-0012,node-0012,0,0,0
trace-044,and-dependency,0,4,no-alias-obligations,node-0012,node-0012,0,0,0
trace-044,and-dependency,0,4,top-one,node-0012,node-0012,0,0,0
trace-044,and-dependency,0,4,expiry-skyline,node-0012,node-0012,0,0,0
trace-044,and-dependency,0,5,direct,node-0012,node-0012,0,0,0
trace-044,and-dependency,0,5,verified,node-0012,node-0012,0,0,0
trace-044,and-dependency,0,5,full-compiled,node-0012,node-0012,0,0,0
trace-044,and-dependency,0,5,timestamp-only,node-0012,node-0012,0,0,0
trace-044,and-dependency,0,5,no-ancestor-expiry,node-0012,node-0012,0,0,0
trace-044,and-dependency,0,5,no-ancestor-revocation,node-0012,node-0012,0,0,0
trace-044,and-dependency,0,5,no-alias-obligations,node-0012,node-0012,0,0,0
trace-044,and-dependency,0,5,top-one,node-0012,node-0012,0,0,0
trace-044,and-dependency,0,5,expiry-skyline,node-0012,node-0012,0,0,0
trace-044,and-dependency,0,6,direct,node-0004,node-0004,0,0,0
trace-044,and-dependency,0,6,verified,node-0004,node-0004,0,0,0
trace-044,and-dependency,0,6,full-compiled,node-0004,node-0004,0,0,0
trace-044,and-dependency,0,6,timestamp-only,node-0004,node-0068,1,1,1
trace-044,and-dependency,0,6,no-ancestor-expiry,node-0004,node-0068,1,1,1
trace-044,and-dependency,0,6,no-ancestor-revocation,node-0004,node-0004,0,0,0
trace-044,and-dependency,0,6,no-alias-obligations,node-0004,node-0004,0,0,0
trace-044,and-dependency,0,6,top-one,node-0004,,1,1,0
trace-044,and-dependency,0,6,expiry-skyline,node-0004,node-0004,0,0,0
trace-044,and-dependency,0,7,direct,,,0,0,0
trace-044,and-dependency,0,7,verified,,,0,0,0
trace-044,and-dependency,0,7,full-compiled,,,0,0,0
trace-044,and-dependency,0,7,timestamp-only,,,0,0,0
trace-044,and-dependency,0,7,no-ancestor-expiry,,,0,0,0
trace-044,and-dependency,0,7,no-ancestor-revocation,,,0,0,0
trace-044,and-dependency,0,7,no-alias-obligations,,,0,0,0
trace-044,and-dependency,0,7,top-one,,,0,0,0
trace-044,and-dependency,0,7,expiry-skyline,,,0,0,0
trace-044,and-dependency,0,8,direct,node-0012,node-0012,0,0,0
trace-044,and-dependency,0,8,verified,node-0012,node-0012,0,0,0
trace-044,and-dependency,0,8,full-compiled,node-0012,node-0012,0,0,0
trace-044,and-dependency,0,8,timestamp-only,node-0012,node-0041,1,1,1
trace-044,and-dependency,0,8,no-ancestor-expiry,node-0012,node-0012,0,0,0
trace-044,and-dependency,0,8,no-ancestor-revocation,node-0012,node-0041,1,1,1
trace-044,and-dependency,0,8,no-alias-obligations,node-0012,node-0012,0,0,0
trace-044,and-dependency,0,8,top-one,node-0012,node-0012,0,0,0
trace-044,and-dependency,0,8,expiry-skyline,node-0012,node-0012,0,0,0
trace-044,and-dependency,0,9,direct,node-0105,node-0105,0,0,0
trace-044,and-dependency,0,9,verified,node-0105,node-0105,0,0,0
trace-044,and-dependency,0,9,full-compiled,node-0105,node-0105,0,0,0
trace-044,and-dependency,0,9,timestamp-only,node-0105,node-0041,1,1,1
trace-044,and-dependency,0,9,no-ancestor-expiry,node-0105,node-0005,1,1,1
trace-044,and-dependency,0,9,no-ancestor-revocation,node-0105,node-0012,1,1,1
trace-044,and-dependency,0,9,no-alias-obligations,node-0105,node-0105,0,0,0
trace-044,and-dependency,0,9,top-one,node-0105,,1,1,0
trace-044,and-dependency,0,9,expiry-skyline,node-0105,,1,1,0
trace-044,and-dependency,0,10,direct,node-0056,node-0056,0,0,0
trace-044,and-dependency,0,10,verified,node-0056,node-0056,0,0,0
trace-044,and-dependency,0,10,full-compiled,node-0056,node-0056,0,0,0
trace-044,and-dependency,0,10,timestamp-only,node-0056,node-0117,1,1,1
trace-044,and-dependency,0,10,no-ancestor-expiry,node-0056,node-0056,0,0,0
trace-044,and-dependency,0,10,no-ancestor-revocation,node-0056,node-0060,1,1,1
trace-044,and-dependency,0,10,no-alias-obligations,node-0056,node-0097,1,1,1
trace-044,and-dependency,0,10,top-one,node-0056,,1,1,0
trace-044,and-dependency,0,10,expiry-skyline,node-0056,node-0004,1,1,0
trace-044,and-dependency,0,11,direct,,,0,0,0
trace-044,and-dependency,0,11,verified,,,0,0,0
trace-044,and-dependency,0,11,full-compiled,,,0,0,0
trace-044,and-dependency,0,11,timestamp-only,,node-0012,1,1,1
trace-044,and-dependency,0,11,no-ancestor-expiry,,,0,0,0
trace-044,and-dependency,0,11,no-ancestor-revocation,,node-0012,1,1,1
trace-044,and-dependency,0,11,no-alias-obligations,,,0,0,0
trace-044,and-dependency,0,11,top-one,,,0,0,0
trace-044,and-dependency,0,11,expiry-skyline,,,0,0,0
trace-044,and-dependency,1,0,direct,node-0006,node-0006,0,0,0
trace-044,and-dependency,1,0,verified,node-0006,node-0006,0,0,0
trace-044,and-dependency,1,0,full-compiled,node-0006,node-0006,0,0,0
trace-044,and-dependency,1,0,timestamp-only,node-0006,node-0095,1,1,1
trace-044,and-dependency,1,0,no-ancestor-expiry,node-0006,node-0006,0,0,0
trace-044,and-dependency,1,0,no-ancestor-revocation,node-0006,node-0095,1,1,1
trace-044,and-dependency,1,0,no-alias-obligations,node-0006,node-0006,0,0,0
trace-044,and-dependency,1,0,top-one,node-0006,node-0006,0,0,0
trace-044,and-dependency,1,0,expiry-skyline,node-0006,node-0006,0,0,0
trace-044,and-dependency,1,1,direct,node-0006,node-0006,0,0,0
trace-044,and-dependency,1,1,verified,node-0006,node-0006,0,0,0
trace-044,and-dependency,1,1,full-compiled,node-0006,node-0006,0,0,0
trace-044,and-dependency,1,1,timestamp-only,node-0006,node-0095,1,1,1
trace-044,and-dependency,1,1,no-ancestor-expiry,node-0006,node-0006,0,0,0
trace-044,and-dependency,1,1,no-ancestor-revocation,node-0006,node-0095,1,1,1
trace-044,and-dependency,1,1,no-alias-obligations,node-0006,node-0006,0,0,0
trace-044,and-dependency,1,1,top-one,node-0006,node-0006,0,0,0
trace-044,and-dependency,1,1,expiry-skyline,node-0006,node-0006,0,0,0
trace-044,and-dependency,1,2,direct,node-0059,node-0059,0,0,0
trace-044,and-dependency,1,2,verified,node-0059,node-0059,0,0,0
trace-044,and-dependency,1,2,full-compiled,node-0059,node-0059,0,0,0
trace-044,and-dependency,1,2,timestamp-only,node-0059,node-0015,1,1,1
trace-044,and-dependency,1,2,no-ancestor-expiry,node-0059,node-0059,0,0,0
trace-044,and-dependency,1,2,no-ancestor-revocation,node-0059,node-0015,1,1,1
trace-044,and-dependency,1,2,no-alias-obligations,node-0059,node-0038,1,1,1
trace-044,and-dependency,1,2,top-one,node-0059,,1,1,0
trace-044,and-dependency,1,2,expiry-skyline,node-0059,node-0075,1,1,0
trace-044,and-dependency,1,3,direct,node-0006,node-0006,0,0,0
trace-044,and-dependency,1,3,verified,node-0006,node-0006,0,0,0
trace-044,and-dependency,1,3,full-compiled,node-0006,node-0006,0,0,0
trace-044,and-dependency,1,3,timestamp-only,node-0006,node-0095,1,1,1
trace-044,and-dependency,1,3,no-ancestor-expiry,node-0006,node-0006,0,0,0
trace-044,and-dependency,1,3,no-ancestor-revocation,node-0006,node-0006,0,0,0
trace-044,and-dependency,1,3,no-alias-obligations,node-0006,node-0006,0,0,0
trace-044,and-dependency,1,3,top-one,node-0006,node-0006,0,0,0
trace-044,and-dependency,1,3,expiry-skyline,node-0006,node-0006,0,0,0
trace-044,and-dependency,1,4,direct,node-0006,node-0006,0,0,0
trace-044,and-dependency,1,4,verified,node-0006,node-0006,0,0,0
trace-044,and-dependency,1,4,full-compiled,node-0006,node-0006,0,0,0
trace-044,and-dependency,1,4,timestamp-only,node-0006,node-0091,1,1,1
trace-044,and-dependency,1,4,no-ancestor-expiry,node-0006,node-0006,0,0,0
trace-044,and-dependency,1,4,no-ancestor-revocation,node-0006,node-0006,0,0,0
trace-044,and-dependency,1,4,no-alias-obligations,node-0006,node-0006,0,0,0
trace-044,and-dependency,1,4,top-one,node-0006,node-0006,0,0,0
trace-044,and-dependency,1,4,expiry-skyline,node-0006,node-0006,0,0,0
trace-044,and-dependency,1,5,direct,node-0086,node-0086,0,0,0
trace-044,and-dependency,1,5,verified,node-0086,node-0086,0,0,0
trace-044,and-dependency,1,5,full-compiled,node-0086,node-0086,0,0,0
trace-044,and-dependency,1,5,timestamp-only,node-0086,node-0091,1,1,1
trace-044,and-dependency,1,5,no-ancestor-expiry,node-0086,node-0086,0,0,0
trace-044,and-dependency,1,5,no-ancestor-revocation,node-0086,node-0086,0,0,0
trace-044,and-dependency,1,5,no-alias-obligations,node-0086,node-0086,0,0,0
trace-044,and-dependency,1,5,top-one,node-0086,,1,1,0
trace-044,and-dependency,1,5,expiry-skyline,node-0086,node-0086,0,0,0
trace-044,and-dependency,1,6,direct,node-0127,node-0127,0,0,0
trace-044,and-dependency,1,6,verified,node-0127,node-0127,0,0,0
trace-044,and-dependency,1,6,full-compiled,node-0127,node-0127,0,0,0
trace-044,and-dependency,1,6,timestamp-only,node-0127,node-0122,1,1,1
trace-044,and-dependency,1,6,no-ancestor-expiry,node-0127,node-0127,0,0,0
trace-044,and-dependency,1,6,no-ancestor-revocation,node-0127,node-0127,0,0,0
trace-044,and-dependency,1,6,no-alias-obligations,node-0127,node-0127,0,0,0
trace-044,and-dependency,1,6,top-one,node-0127,,1,1,0
trace-044,and-dependency,1,6,expiry-skyline,node-0127,node-0127,0,0,0
trace-044,and-dependency,1,7,direct,,,0,0,0
trace-044,and-dependency,1,7,verified,,,0,0,0
trace-044,and-dependency,1,7,full-compiled,,,0,0,0
trace-044,and-dependency,1,7,timestamp-only,,,0,0,0
trace-044,and-dependency,1,7,no-ancestor-expiry,,,0,0,0
trace-044,and-dependency,1,7,no-ancestor-revocation,,,0,0,0
trace-044,and-dependency,1,7,no-alias-obligations,,,0,0,0
trace-044,and-dependency,1,7,top-one,,,0,0,0
trace-044,and-dependency,1,7,expiry-skyline,,,0,0,0
trace-044,and-dependency,1,8,direct,node-0006,node-0006,0,0,0
trace-044,and-dependency,1,8,verified,node-0006,node-0006,0,0,0
trace-044,and-dependency,1,8,full-compiled,node-0006,node-0006,0,0,0
trace-044,and-dependency,1,8,timestamp-only,node-0006,node-0095,1,1,1
trace-044,and-dependency,1,8,no-ancestor-expiry,node-0006,node-0006,0,0,0
trace-044,and-dependency,1,8,no-ancestor-revocation,node-0006,node-0095,1,1,1
trace-044,and-dependency,1,8,no-alias-obligations,node-0006,node-0006,0,0,0
trace-044,and-dependency,1,8,top-one,node-0006,node-0006,0,0,0
trace-044,and-dependency,1,8,expiry-skyline,node-0006,node-0006,0,0,0
trace-044,and-dependency,1,9,direct,node-0006,node-0006,0,0,0
trace-044,and-dependency,1,9,verified,node-0006,node-0006,0,0,0
trace-044,and-dependency,1,9,full-compiled,node-0006,node-0006,0,0,0
trace-044,and-dependency,1,9,timestamp-only,node-0006,node-0095,1,1,1
trace-044,and-dependency,1,9,no-ancestor-expiry,node-0006,node-0006,0,0,0
trace-044,and-dependency,1,9,no-ancestor-revocation,node-0006,node-0006,0,0,0
trace-044,and-dependency,1,9,no-alias-obligations,node-0006,node-0006,0,0,0
trace-044,and-dependency,1,9,top-one,node-0006,node-0006,0,0,0
trace-044,and-dependency,1,9,expiry-skyline,node-0006,node-0006,0,0,0
trace-044,and-dependency,1,10,direct,node-0059,node-0059,0,0,0
trace-044,and-dependency,1,10,verified,node-0059,node-0059,0,0,0
trace-044,and-dependency,1,10,full-compiled,node-0059,node-0059,0,0,0
trace-044,and-dependency,1,10,timestamp-only,node-0059,node-0015,1,1,1
trace-044,and-dependency,1,10,no-ancestor-expiry,node-0059,node-0059,0,0,0
trace-044,and-dependency,1,10,no-ancestor-revocation,node-0059,node-0035,1,0,1
trace-044,and-dependency,1,10,no-alias-obligations,node-0059,node-0038,1,1,1
trace-044,and-dependency,1,10,top-one,node-0059,,1,1,0
trace-044,and-dependency,1,10,expiry-skyline,node-0059,node-0075,1,1,0
trace-044,and-dependency,1,11,direct,node-0086,node-0086,0,0,0
trace-044,and-dependency,1,11,verified,node-0086,node-0086,0,0,0
trace-044,and-dependency,1,11,full-compiled,node-0086,node-0086,0,0,0
trace-044,and-dependency,1,11,timestamp-only,node-0086,node-0054,1,1,1
trace-044,and-dependency,1,11,no-ancestor-expiry,node-0086,node-0086,0,0,0
trace-044,and-dependency,1,11,no-ancestor-revocation,node-0086,node-0086,0,0,0
trace-044,and-dependency,1,11,no-alias-obligations,node-0086,node-0086,0,0,0
trace-044,and-dependency,1,11,top-one,node-0086,,1,1,0
trace-044,and-dependency,1,11,expiry-skyline,node-0086,node-0086,0,0,0
trace-045,and-dependency,0,0,direct,node-0057,node-0057,0,0,0
trace-045,and-dependency,0,0,verified,node-0057,node-0057,0,0,0
trace-045,and-dependency,0,0,full-compiled,node-0057,node-0057,0,0,0
trace-045,and-dependency,0,0,timestamp-only,node-0057,node-0057,0,0,0
trace-045,and-dependency,0,0,no-ancestor-expiry,node-0057,node-0057,0,0,0
trace-045,and-dependency,0,0,no-ancestor-revocation,node-0057,node-0057,0,0,0
trace-045,and-dependency,0,0,no-alias-obligations,node-0057,node-0057,0,0,0
trace-045,and-dependency,0,0,top-one,node-0057,node-0057,0,0,0
trace-045,and-dependency,0,0,expiry-skyline,node-0057,node-0057,0,0,0
trace-045,and-dependency,0,1,direct,node-0029,node-0029,0,0,0
trace-045,and-dependency,0,1,verified,node-0029,node-0029,0,0,0
trace-045,and-dependency,0,1,full-compiled,node-0029,node-0029,0,0,0
trace-045,and-dependency,0,1,timestamp-only,node-0029,node-0057,1,1,1
trace-045,and-dependency,0,1,no-ancestor-expiry,node-0029,node-0029,0,0,0
trace-045,and-dependency,0,1,no-ancestor-revocation,node-0029,node-0057,1,1,1
trace-045,and-dependency,0,1,no-alias-obligations,node-0029,node-0029,0,0,0
trace-045,and-dependency,0,1,top-one,node-0029,,1,1,0
trace-045,and-dependency,0,1,expiry-skyline,node-0029,node-0125,1,1,0
trace-045,and-dependency,0,2,direct,node-0044,node-0044,0,0,0
trace-045,and-dependency,0,2,verified,node-0044,node-0044,0,0,0
trace-045,and-dependency,0,2,full-compiled,node-0044,node-0044,0,0,0
trace-045,and-dependency,0,2,timestamp-only,node-0044,node-0056,1,0,1
trace-045,and-dependency,0,2,no-ancestor-expiry,node-0044,node-0044,0,0,0
trace-045,and-dependency,0,2,no-ancestor-revocation,node-0044,node-0056,1,0,1
trace-045,and-dependency,0,2,no-alias-obligations,node-0044,node-0044,0,0,0
trace-045,and-dependency,0,2,top-one,node-0044,,1,1,0
trace-045,and-dependency,0,2,expiry-skyline,node-0044,,1,1,0
trace-045,and-dependency,0,3,direct,node-0125,node-0125,0,0,0
trace-045,and-dependency,0,3,verified,node-0125,node-0125,0,0,0
trace-045,and-dependency,0,3,full-compiled,node-0125,node-0125,0,0,0
trace-045,and-dependency,0,3,timestamp-only,node-0125,node-0057,1,1,1
trace-045,and-dependency,0,3,no-ancestor-expiry,node-0125,node-0125,0,0,0
trace-045,and-dependency,0,3,no-ancestor-revocation,node-0125,node-0076,1,1,1
trace-045,and-dependency,0,3,no-alias-obligations,node-0125,node-0125,0,0,0
trace-045,and-dependency,0,3,top-one,node-0125,,1,1,0
trace-045,and-dependency,0,3,expiry-skyline,node-0125,node-0125,0,0,0
trace-045,and-dependency,0,4,direct,node-0120,node-0120,0,0,0
trace-045,and-dependency,0,4,verified,node-0120,node-0120,0,0,0
trace-045,and-dependency,0,4,full-compiled,node-0120,node-0120,0,0,0
trace-045,and-dependency,0,4,timestamp-only,node-0120,node-0057,1,1,1
trace-045,and-dependency,0,4,no-ancestor-expiry,node-0120,node-0057,1,1,1
trace-045,and-dependency,0,4,no-ancestor-revocation,node-0120,node-0120,0,0,0
trace-045,and-dependency,0,4,no-alias-obligations,node-0120,node-0120,0,0,0
trace-045,and-dependency,0,4,top-one,node-0120,,1,1,0
trace-045,and-dependency,0,4,expiry-skyline,node-0120,node-0120,0,0,0
trace-045,and-dependency,0,5,direct,node-0120,node-0120,0,0,0
trace-045,and-dependency,0,5,verified,node-0120,node-0120,0,0,0
trace-045,and-dependency,0,5,full-compiled,node-0120,node-0120,0,0,0
trace-045,and-dependency,0,5,timestamp-only,node-0120,node-0057,1,1,1
trace-045,and-dependency,0,5,no-ancestor-expiry,node-0120,node-0057,1,1,1
trace-045,and-dependency,0,5,no-ancestor-revocation,node-0120,node-0120,0,0,0
trace-045,and-dependency,0,5,no-alias-obligations,node-0120,node-0120,0,0,0
trace-045,and-dependency,0,5,top-one,node-0120,,1,1,0
trace-045,and-dependency,0,5,expiry-skyline,node-0120,node-0120,0,0,0
trace-045,and-dependency,0,6,direct,node-0085,node-0085,0,0,0
trace-045,and-dependency,0,6,verified,node-0085,node-0085,0,0,0
trace-045,and-dependency,0,6,full-compiled,node-0085,node-0085,0,0,0
trace-045,and-dependency,0,6,timestamp-only,node-0085,node-0036,1,1,1
trace-045,and-dependency,0,6,no-ancestor-expiry,node-0085,node-0036,1,1,1
trace-045,and-dependency,0,6,no-ancestor-revocation,node-0085,node-0085,0,0,0
trace-045,and-dependency,0,6,no-alias-obligations,node-0085,node-0085,0,0,0
trace-045,and-dependency,0,6,top-one,node-0085,,1,1,0
trace-045,and-dependency,0,6,expiry-skyline,node-0085,node-0085,0,0,0
trace-045,and-dependency,0,7,direct,,,0,0,0
trace-045,and-dependency,0,7,verified,,,0,0,0
trace-045,and-dependency,0,7,full-compiled,,,0,0,0
trace-045,and-dependency,0,7,timestamp-only,,,0,0,0
trace-045,and-dependency,0,7,no-ancestor-expiry,,,0,0,0
trace-045,and-dependency,0,7,no-ancestor-revocation,,,0,0,0
trace-045,and-dependency,0,7,no-alias-obligations,,,0,0,0
trace-045,and-dependency,0,7,top-one,,,0,0,0
trace-045,and-dependency,0,7,expiry-skyline,,,0,0,0
trace-045,and-dependency,0,8,direct,node-0044,node-0044,0,0,0
trace-045,and-dependency,0,8,verified,node-0044,node-0044,0,0,0
trace-045,and-dependency,0,8,full-compiled,node-0044,node-0044,0,0,0
trace-045,and-dependency,0,8,timestamp-only,node-0044,node-0056,1,0,1
trace-045,and-dependency,0,8,no-ancestor-expiry,node-0044,node-0044,0,0,0
trace-045,and-dependency,0,8,no-ancestor-revocation,node-0044,node-0056,1,0,1
trace-045,and-dependency,0,8,no-alias-obligations,node-0044,node-0044,0,0,0
trace-045,and-dependency,0,8,top-one,node-0044,,1,1,0
trace-045,and-dependency,0,8,expiry-skyline,node-0044,,1,1,0
trace-045,and-dependency,0,9,direct,node-0044,node-0044,0,0,0
trace-045,and-dependency,0,9,verified,node-0044,node-0044,0,0,0
trace-045,and-dependency,0,9,full-compiled,node-0044,node-0044,0,0,0
trace-045,and-dependency,0,9,timestamp-only,node-0044,node-0056,1,0,1
trace-045,and-dependency,0,9,no-ancestor-expiry,node-0044,node-0044,0,0,0
trace-045,and-dependency,0,9,no-ancestor-revocation,node-0044,node-0056,1,0,1
trace-045,and-dependency,0,9,no-alias-obligations,node-0044,node-0044,0,0,0
trace-045,and-dependency,0,9,top-one,node-0044,,1,1,0
trace-045,and-dependency,0,9,expiry-skyline,node-0044,,1,1,0
trace-045,and-dependency,0,10,direct,node-0120,node-0120,0,0,0
trace-045,and-dependency,0,10,verified,node-0120,node-0120,0,0,0
trace-045,and-dependency,0,10,full-compiled,node-0120,node-0120,0,0,0
trace-045,and-dependency,0,10,timestamp-only,node-0120,node-0057,1,1,1
trace-045,and-dependency,0,10,no-ancestor-expiry,node-0120,node-0120,0,0,0
trace-045,and-dependency,0,10,no-ancestor-revocation,node-0120,node-0120,0,0,0
trace-045,and-dependency,0,10,no-alias-obligations,node-0120,node-0120,0,0,0
trace-045,and-dependency,0,10,top-one,node-0120,,1,1,0
trace-045,and-dependency,0,10,expiry-skyline,node-0120,node-0120,0,0,0
trace-045,and-dependency,0,11,direct,node-0032,node-0032,0,0,0
trace-045,and-dependency,0,11,verified,node-0032,node-0032,0,0,0
trace-045,and-dependency,0,11,full-compiled,node-0032,node-0032,0,0,0
trace-045,and-dependency,0,11,timestamp-only,node-0032,node-0032,0,0,0
trace-045,and-dependency,0,11,no-ancestor-expiry,node-0032,node-0032,0,0,0
trace-045,and-dependency,0,11,no-ancestor-revocation,node-0032,node-0032,0,0,0
trace-045,and-dependency,0,11,no-alias-obligations,node-0032,node-0032,0,0,0
trace-045,and-dependency,0,11,top-one,node-0032,,1,1,0
trace-045,and-dependency,0,11,expiry-skyline,node-0032,,1,1,0
trace-045,and-dependency,1,0,direct,node-0006,node-0006,0,0,0
trace-045,and-dependency,1,0,verified,node-0006,node-0006,0,0,0
trace-045,and-dependency,1,0,full-compiled,node-0006,node-0006,0,0,0
trace-045,and-dependency,1,0,timestamp-only,node-0006,node-0006,0,0,0
trace-045,and-dependency,1,0,no-ancestor-expiry,node-0006,node-0006,0,0,0
trace-045,and-dependency,1,0,no-ancestor-revocation,node-0006,node-0006,0,0,0
trace-045,and-dependency,1,0,no-alias-obligations,node-0006,node-0006,0,0,0
trace-045,and-dependency,1,0,top-one,node-0006,node-0006,0,0,0
trace-045,and-dependency,1,0,expiry-skyline,node-0006,node-0006,0,0,0
trace-045,and-dependency,1,1,direct,node-0006,node-0006,0,0,0
trace-045,and-dependency,1,1,verified,node-0006,node-0006,0,0,0
trace-045,and-dependency,1,1,full-compiled,node-0006,node-0006,0,0,0
trace-045,and-dependency,1,1,timestamp-only,node-0006,node-0006,0,0,0
trace-045,and-dependency,1,1,no-ancestor-expiry,node-0006,node-0006,0,0,0
trace-045,and-dependency,1,1,no-ancestor-revocation,node-0006,node-0006,0,0,0
trace-045,and-dependency,1,1,no-alias-obligations,node-0006,node-0006,0,0,0
trace-045,and-dependency,1,1,top-one,node-0006,node-0006,0,0,0
trace-045,and-dependency,1,1,expiry-skyline,node-0006,node-0006,0,0,0
trace-045,and-dependency,1,2,direct,node-0039,node-0039,0,0,0
trace-045,and-dependency,1,2,verified,node-0039,node-0039,0,0,0
trace-045,and-dependency,1,2,full-compiled,node-0039,node-0039,0,0,0
trace-045,and-dependency,1,2,timestamp-only,node-0039,node-0042,1,1,1
trace-045,and-dependency,1,2,no-ancestor-expiry,node-0039,node-0039,0,0,0
trace-045,and-dependency,1,2,no-ancestor-revocation,node-0039,node-0039,0,0,0
trace-045,and-dependency,1,2,no-alias-obligations,node-0039,node-0039,0,0,0
trace-045,and-dependency,1,2,top-one,node-0039,,1,1,0
trace-045,and-dependency,1,2,expiry-skyline,node-0039,,1,1,0
trace-045,and-dependency,1,3,direct,node-0006,node-0006,0,0,0
trace-045,and-dependency,1,3,verified,node-0006,node-0006,0,0,0
trace-045,and-dependency,1,3,full-compiled,node-0006,node-0006,0,0,0
trace-045,and-dependency,1,3,timestamp-only,node-0006,node-0006,0,0,0
trace-045,and-dependency,1,3,no-ancestor-expiry,node-0006,node-0006,0,0,0
trace-045,and-dependency,1,3,no-ancestor-revocation,node-0006,node-0006,0,0,0
trace-045,and-dependency,1,3,no-alias-obligations,node-0006,node-0006,0,0,0
trace-045,and-dependency,1,3,top-one,node-0006,node-0006,0,0,0
trace-045,and-dependency,1,3,expiry-skyline,node-0006,node-0006,0,0,0
trace-045,and-dependency,1,4,direct,node-0006,node-0006,0,0,0
trace-045,and-dependency,1,4,verified,node-0006,node-0006,0,0,0
trace-045,and-dependency,1,4,full-compiled,node-0006,node-0006,0,0,0
trace-045,and-dependency,1,4,timestamp-only,node-0006,node-0006,0,0,0
trace-045,and-dependency,1,4,no-ancestor-expiry,node-0006,node-0006,0,0,0
trace-045,and-dependency,1,4,no-ancestor-revocation,node-0006,node-0006,0,0,0
trace-045,and-dependency,1,4,no-alias-obligations,node-0006,node-0006,0,0,0
trace-045,and-dependency,1,4,top-one,node-0006,node-0006,0,0,0
trace-045,and-dependency,1,4,expiry-skyline,node-0006,node-0006,0,0,0
trace-045,and-dependency,1,5,direct,node-0006,node-0006,0,0,0
trace-045,and-dependency,1,5,verified,node-0006,node-0006,0,0,0
trace-045,and-dependency,1,5,full-compiled,node-0006,node-0006,0,0,0
trace-045,and-dependency,1,5,timestamp-only,node-0006,node-0006,0,0,0
trace-045,and-dependency,1,5,no-ancestor-expiry,node-0006,node-0006,0,0,0
trace-045,and-dependency,1,5,no-ancestor-revocation,node-0006,node-0006,0,0,0
trace-045,and-dependency,1,5,no-alias-obligations,node-0006,node-0006,0,0,0
trace-045,and-dependency,1,5,top-one,node-0006,node-0006,0,0,0
trace-045,and-dependency,1,5,expiry-skyline,node-0006,node-0006,0,0,0
trace-045,and-dependency,1,6,direct,,,0,0,0
trace-045,and-dependency,1,6,verified,,,0,0,0
trace-045,and-dependency,1,6,full-compiled,,,0,0,0
trace-045,and-dependency,1,6,timestamp-only,,node-0006,1,1,1
trace-045,and-dependency,1,6,no-ancestor-expiry,,node-0006,1,1,1
trace-045,and-dependency,1,6,no-ancestor-revocation,,,0,0,0
trace-045,and-dependency,1,6,no-alias-obligations,,,0,0,0
trace-045,and-dependency,1,6,top-one,,,0,0,0
trace-045,and-dependency,1,6,expiry-skyline,,,0,0,0
trace-045,and-dependency,1,7,direct,,,0,0,0
trace-045,and-dependency,1,7,verified,,,0,0,0
trace-045,and-dependency,1,7,full-compiled,,,0,0,0
trace-045,and-dependency,1,7,timestamp-only,,,0,0,0
trace-045,and-dependency,1,7,no-ancestor-expiry,,,0,0,0
trace-045,and-dependency,1,7,no-ancestor-revocation,,,0,0,0
trace-045,and-dependency,1,7,no-alias-obligations,,,0,0,0
trace-045,and-dependency,1,7,top-one,,,0,0,0
trace-045,and-dependency,1,7,expiry-skyline,,,0,0,0
trace-045,and-dependency,1,8,direct,node-0039,node-0039,0,0,0
trace-045,and-dependency,1,8,verified,node-0039,node-0039,0,0,0
trace-045,and-dependency,1,8,full-compiled,node-0039,node-0039,0,0,0
trace-045,and-dependency,1,8,timestamp-only,node-0039,node-0042,1,1,1
trace-045,and-dependency,1,8,no-ancestor-expiry,node-0039,node-0039,0,0,0
trace-045,and-dependency,1,8,no-ancestor-revocation,node-0039,node-0039,0,0,0
trace-045,and-dependency,1,8,no-alias-obligations,node-0039,node-0039,0,0,0
trace-045,and-dependency,1,8,top-one,node-0039,,1,1,0
trace-045,and-dependency,1,8,expiry-skyline,node-0039,,1,1,0
trace-045,and-dependency,1,9,direct,node-0039,node-0039,0,0,0
trace-045,and-dependency,1,9,verified,node-0039,node-0039,0,0,0
trace-045,and-dependency,1,9,full-compiled,node-0039,node-0039,0,0,0
trace-045,and-dependency,1,9,timestamp-only,node-0039,node-0042,1,1,1
trace-045,and-dependency,1,9,no-ancestor-expiry,node-0039,node-0039,0,0,0
trace-045,and-dependency,1,9,no-ancestor-revocation,node-0039,node-0039,0,0,0
trace-045,and-dependency,1,9,no-alias-obligations,node-0039,node-0039,0,0,0
trace-045,and-dependency,1,9,top-one,node-0039,,1,1,0
trace-045,and-dependency,1,9,expiry-skyline,node-0039,,1,1,0
trace-045,and-dependency,1,10,direct,node-0006,node-0006,0,0,0
trace-045,and-dependency,1,10,verified,node-0006,node-0006,0,0,0
trace-045,and-dependency,1,10,full-compiled,node-0006,node-0006,0,0,0
trace-045,and-dependency,1,10,timestamp-only,node-0006,node-0006,0,0,0
trace-045,and-dependency,1,10,no-ancestor-expiry,node-0006,node-0006,0,0,0
trace-045,and-dependency,1,10,no-ancestor-revocation,node-0006,node-0006,0,0,0
trace-045,and-dependency,1,10,no-alias-obligations,node-0006,node-0006,0,0,0
trace-045,and-dependency,1,10,top-one,node-0006,node-0006,0,0,0
trace-045,and-dependency,1,10,expiry-skyline,node-0006,node-0006,0,0,0
trace-045,and-dependency,1,11,direct,,,0,0,0
trace-045,and-dependency,1,11,verified,,,0,0,0
trace-045,and-dependency,1,11,full-compiled,,,0,0,0
trace-045,and-dependency,1,11,timestamp-only,,node-0030,1,1,1
trace-045,and-dependency,1,11,no-ancestor-expiry,,,0,0,0
trace-045,and-dependency,1,11,no-ancestor-revocation,,,0,0,0
trace-045,and-dependency,1,11,no-alias-obligations,,node-0026,1,1,1
trace-045,and-dependency,1,11,top-one,,,0,0,0
trace-045,and-dependency,1,11,expiry-skyline,,,0,0,0
trace-046,and-dependency,0,0,direct,node-0112,node-0112,0,0,0
trace-046,and-dependency,0,0,verified,node-0112,node-0112,0,0,0
trace-046,and-dependency,0,0,full-compiled,node-0112,node-0112,0,0,0
trace-046,and-dependency,0,0,timestamp-only,node-0112,node-0112,0,0,0
trace-046,and-dependency,0,0,no-ancestor-expiry,node-0112,node-0112,0,0,0
trace-046,and-dependency,0,0,no-ancestor-revocation,node-0112,node-0112,0,0,0
trace-046,and-dependency,0,0,no-alias-obligations,node-0112,node-0112,0,0,0
trace-046,and-dependency,0,0,top-one,node-0112,node-0112,0,0,0
trace-046,and-dependency,0,0,expiry-skyline,node-0112,node-0112,0,0,0
trace-046,and-dependency,0,1,direct,node-0112,node-0112,0,0,0
trace-046,and-dependency,0,1,verified,node-0112,node-0112,0,0,0
trace-046,and-dependency,0,1,full-compiled,node-0112,node-0112,0,0,0
trace-046,and-dependency,0,1,timestamp-only,node-0112,node-0112,0,0,0
trace-046,and-dependency,0,1,no-ancestor-expiry,node-0112,node-0112,0,0,0
trace-046,and-dependency,0,1,no-ancestor-revocation,node-0112,node-0112,0,0,0
trace-046,and-dependency,0,1,no-alias-obligations,node-0112,node-0112,0,0,0
trace-046,and-dependency,0,1,top-one,node-0112,node-0112,0,0,0
trace-046,and-dependency,0,1,expiry-skyline,node-0112,node-0112,0,0,0
trace-046,and-dependency,0,2,direct,node-0124,node-0124,0,0,0
trace-046,and-dependency,0,2,verified,node-0124,node-0124,0,0,0
trace-046,and-dependency,0,2,full-compiled,node-0124,node-0124,0,0,0
trace-046,and-dependency,0,2,timestamp-only,node-0124,node-0125,1,1,1
trace-046,and-dependency,0,2,no-ancestor-expiry,node-0124,node-0124,0,0,0
trace-046,and-dependency,0,2,no-ancestor-revocation,node-0124,node-0036,1,1,1
trace-046,and-dependency,0,2,no-alias-obligations,node-0124,node-0009,1,1,1
trace-046,and-dependency,0,2,top-one,node-0124,,1,1,0
trace-046,and-dependency,0,2,expiry-skyline,node-0124,node-0124,0,0,0
trace-046,and-dependency,0,3,direct,node-0112,node-0112,0,0,0
trace-046,and-dependency,0,3,verified,node-0112,node-0112,0,0,0
trace-046,and-dependency,0,3,full-compiled,node-0112,node-0112,0,0,0
trace-046,and-dependency,0,3,timestamp-only,node-0112,node-0112,0,0,0
trace-046,and-dependency,0,3,no-ancestor-expiry,node-0112,node-0112,0,0,0
trace-046,and-dependency,0,3,no-ancestor-revocation,node-0112,node-0112,0,0,0
trace-046,and-dependency,0,3,no-alias-obligations,node-0112,node-0112,0,0,0
trace-046,and-dependency,0,3,top-one,node-0112,node-0112,0,0,0
trace-046,and-dependency,0,3,expiry-skyline,node-0112,node-0112,0,0,0
trace-046,and-dependency,0,4,direct,node-0112,node-0112,0,0,0
trace-046,and-dependency,0,4,verified,node-0112,node-0112,0,0,0
trace-046,and-dependency,0,4,full-compiled,node-0112,node-0112,0,0,0
trace-046,and-dependency,0,4,timestamp-only,node-0112,node-0112,0,0,0
trace-046,and-dependency,0,4,no-ancestor-expiry,node-0112,node-0112,0,0,0
trace-046,and-dependency,0,4,no-ancestor-revocation,node-0112,node-0112,0,0,0
trace-046,and-dependency,0,4,no-alias-obligations,node-0112,node-0112,0,0,0
trace-046,and-dependency,0,4,top-one,node-0112,node-0112,0,0,0
trace-046,and-dependency,0,4,expiry-skyline,node-0112,node-0112,0,0,0
trace-046,and-dependency,0,5,direct,node-0112,node-0112,0,0,0
trace-046,and-dependency,0,5,verified,node-0112,node-0112,0,0,0
trace-046,and-dependency,0,5,full-compiled,node-0112,node-0112,0,0,0
trace-046,and-dependency,0,5,timestamp-only,node-0112,node-0112,0,0,0
trace-046,and-dependency,0,5,no-ancestor-expiry,node-0112,node-0112,0,0,0
trace-046,and-dependency,0,5,no-ancestor-revocation,node-0112,node-0112,0,0,0
trace-046,and-dependency,0,5,no-alias-obligations,node-0112,node-0112,0,0,0
trace-046,and-dependency,0,5,top-one,node-0112,node-0112,0,0,0
trace-046,and-dependency,0,5,expiry-skyline,node-0112,node-0112,0,0,0
trace-046,and-dependency,0,6,direct,node-0000,node-0000,0,0,0
trace-046,and-dependency,0,6,verified,node-0000,node-0000,0,0,0
trace-046,and-dependency,0,6,full-compiled,node-0000,node-0000,0,0,0
trace-046,and-dependency,0,6,timestamp-only,node-0000,node-0076,1,0,1
trace-046,and-dependency,0,6,no-ancestor-expiry,node-0000,node-0076,1,0,1
trace-046,and-dependency,0,6,no-ancestor-revocation,node-0000,node-0000,0,0,0
trace-046,and-dependency,0,6,no-alias-obligations,node-0000,node-0000,0,0,0
trace-046,and-dependency,0,6,top-one,node-0000,,1,1,0
trace-046,and-dependency,0,6,expiry-skyline,node-0000,node-0000,0,0,0
trace-046,and-dependency,0,7,direct,,,0,0,0
trace-046,and-dependency,0,7,verified,,,0,0,0
trace-046,and-dependency,0,7,full-compiled,,,0,0,0
trace-046,and-dependency,0,7,timestamp-only,,,0,0,0
trace-046,and-dependency,0,7,no-ancestor-expiry,,,0,0,0
trace-046,and-dependency,0,7,no-ancestor-revocation,,,0,0,0
trace-046,and-dependency,0,7,no-alias-obligations,,,0,0,0
trace-046,and-dependency,0,7,top-one,,,0,0,0
trace-046,and-dependency,0,7,expiry-skyline,,,0,0,0
trace-046,and-dependency,0,8,direct,node-0124,node-0124,0,0,0
trace-046,and-dependency,0,8,verified,node-0124,node-0124,0,0,0
trace-046,and-dependency,0,8,full-compiled,node-0124,node-0124,0,0,0
trace-046,and-dependency,0,8,timestamp-only,node-0124,node-0125,1,1,1
trace-046,and-dependency,0,8,no-ancestor-expiry,node-0124,node-0124,0,0,0
trace-046,and-dependency,0,8,no-ancestor-revocation,node-0124,node-0036,1,1,1
trace-046,and-dependency,0,8,no-alias-obligations,node-0124,node-0009,1,1,1
trace-046,and-dependency,0,8,top-one,node-0124,,1,1,0
trace-046,and-dependency,0,8,expiry-skyline,node-0124,node-0124,0,0,0
trace-046,and-dependency,0,9,direct,node-0124,node-0124,0,0,0
trace-046,and-dependency,0,9,verified,node-0124,node-0124,0,0,0
trace-046,and-dependency,0,9,full-compiled,node-0124,node-0124,0,0,0
trace-046,and-dependency,0,9,timestamp-only,node-0124,node-0097,1,1,1
trace-046,and-dependency,0,9,no-ancestor-expiry,node-0124,node-0124,0,0,0
trace-046,and-dependency,0,9,no-ancestor-revocation,node-0124,node-0040,1,1,1
trace-046,and-dependency,0,9,no-alias-obligations,node-0124,node-0124,0,0,0
trace-046,and-dependency,0,9,top-one,node-0124,,1,1,0
trace-046,and-dependency,0,9,expiry-skyline,node-0124,node-0124,0,0,0
trace-046,and-dependency,0,10,direct,node-0112,node-0112,0,0,0
trace-046,and-dependency,0,10,verified,node-0112,node-0112,0,0,0
trace-046,and-dependency,0,10,full-compiled,node-0112,node-0112,0,0,0
trace-046,and-dependency,0,10,timestamp-only,node-0112,node-0112,0,0,0
trace-046,and-dependency,0,10,no-ancestor-expiry,node-0112,node-0112,0,0,0
trace-046,and-dependency,0,10,no-ancestor-revocation,node-0112,node-0112,0,0,0
trace-046,and-dependency,0,10,no-alias-obligations,node-0112,node-0112,0,0,0
trace-046,and-dependency,0,10,top-one,node-0112,node-0112,0,0,0
trace-046,and-dependency,0,10,expiry-skyline,node-0112,node-0112,0,0,0
trace-046,and-dependency,0,11,direct,node-0001,node-0001,0,0,0
trace-046,and-dependency,0,11,verified,node-0001,node-0001,0,0,0
trace-046,and-dependency,0,11,full-compiled,node-0001,node-0001,0,0,0
trace-046,and-dependency,0,11,timestamp-only,node-0001,node-0001,0,0,0
trace-046,and-dependency,0,11,no-ancestor-expiry,node-0001,node-0001,0,0,0
trace-046,and-dependency,0,11,no-ancestor-revocation,node-0001,node-0001,0,0,0
trace-046,and-dependency,0,11,no-alias-obligations,node-0001,node-0001,0,0,0
trace-046,and-dependency,0,11,top-one,node-0001,,1,1,0
trace-046,and-dependency,0,11,expiry-skyline,node-0001,node-0001,0,0,0
trace-046,and-dependency,1,0,direct,node-0014,node-0014,0,0,0
trace-046,and-dependency,1,0,verified,node-0014,node-0014,0,0,0
trace-046,and-dependency,1,0,full-compiled,node-0014,node-0014,0,0,0
trace-046,and-dependency,1,0,timestamp-only,node-0014,node-0014,0,0,0
trace-046,and-dependency,1,0,no-ancestor-expiry,node-0014,node-0014,0,0,0
trace-046,and-dependency,1,0,no-ancestor-revocation,node-0014,node-0014,0,0,0
trace-046,and-dependency,1,0,no-alias-obligations,node-0014,node-0014,0,0,0
trace-046,and-dependency,1,0,top-one,node-0014,node-0014,0,0,0
trace-046,and-dependency,1,0,expiry-skyline,node-0014,node-0014,0,0,0
trace-046,and-dependency,1,1,direct,node-0023,node-0023,0,0,0
trace-046,and-dependency,1,1,verified,node-0023,node-0023,0,0,0
trace-046,and-dependency,1,1,full-compiled,node-0023,node-0023,0,0,0
trace-046,and-dependency,1,1,timestamp-only,node-0023,node-0014,1,1,1
trace-046,and-dependency,1,1,no-ancestor-expiry,node-0023,node-0023,0,0,0
trace-046,and-dependency,1,1,no-ancestor-revocation,node-0023,node-0014,1,1,1
trace-046,and-dependency,1,1,no-alias-obligations,node-0023,node-0023,0,0,0
trace-046,and-dependency,1,1,top-one,node-0023,,1,1,0
trace-046,and-dependency,1,1,expiry-skyline,node-0023,node-0023,0,0,0
trace-046,and-dependency,1,2,direct,node-0007,node-0007,0,0,0
trace-046,and-dependency,1,2,verified,node-0007,node-0007,0,0,0
trace-046,and-dependency,1,2,full-compiled,node-0007,node-0007,0,0,0
trace-046,and-dependency,1,2,timestamp-only,node-0007,node-0007,0,0,0
trace-046,and-dependency,1,2,no-ancestor-expiry,node-0007,node-0007,0,0,0
trace-046,and-dependency,1,2,no-ancestor-revocation,node-0007,node-0007,0,0,0
trace-046,and-dependency,1,2,no-alias-obligations,node-0007,node-0007,0,0,0
trace-046,and-dependency,1,2,top-one,node-0007,,1,1,0
trace-046,and-dependency,1,2,expiry-skyline,node-0007,node-0111,1,1,0
trace-046,and-dependency,1,3,direct,node-0082,node-0082,0,0,0
trace-046,and-dependency,1,3,verified,node-0082,node-0082,0,0,0
trace-046,and-dependency,1,3,full-compiled,node-0082,node-0082,0,0,0
trace-046,and-dependency,1,3,timestamp-only,node-0082,node-0014,1,1,1
trace-046,and-dependency,1,3,no-ancestor-expiry,node-0082,node-0082,0,0,0
trace-046,and-dependency,1,3,no-ancestor-revocation,node-0082,node-0014,1,1,1
trace-046,and-dependency,1,3,no-alias-obligations,node-0082,node-0082,0,0,0
trace-046,and-dependency,1,3,top-one,node-0082,,1,1,0
trace-046,and-dependency,1,3,expiry-skyline,node-0082,node-0082,0,0,0
trace-046,and-dependency,1,4,direct,node-0023,node-0023,0,0,0
trace-046,and-dependency,1,4,verified,node-0023,node-0023,0,0,0
trace-046,and-dependency,1,4,full-compiled,node-0023,node-0023,0,0,0
trace-046,and-dependency,1,4,timestamp-only,node-0023,node-0014,1,1,1
trace-046,and-dependency,1,4,no-ancestor-expiry,node-0023,node-0014,1,1,1
trace-046,and-dependency,1,4,no-ancestor-revocation,node-0023,node-0023,0,0,0
trace-046,and-dependency,1,4,no-alias-obligations,node-0023,node-0023,0,0,0
trace-046,and-dependency,1,4,top-one,node-0023,,1,1,0
trace-046,and-dependency,1,4,expiry-skyline,node-0023,node-0023,0,0,0
trace-046,and-dependency,1,5,direct,node-0082,node-0082,0,0,0
trace-046,and-dependency,1,5,verified,node-0082,node-0082,0,0,0
trace-046,and-dependency,1,5,full-compiled,node-0082,node-0082,0,0,0
trace-046,and-dependency,1,5,timestamp-only,node-0082,node-0014,1,1,1
trace-046,and-dependency,1,5,no-ancestor-expiry,node-0082,node-0014,1,1,1
trace-046,and-dependency,1,5,no-ancestor-revocation,node-0082,node-0082,0,0,0
trace-046,and-dependency,1,5,no-alias-obligations,node-0082,node-0082,0,0,0
trace-046,and-dependency,1,5,top-one,node-0082,,1,1,0
trace-046,and-dependency,1,5,expiry-skyline,node-0082,node-0082,0,0,0
trace-046,and-dependency,1,6,direct,,,0,0,0
trace-046,and-dependency,1,6,verified,,,0,0,0
trace-046,and-dependency,1,6,full-compiled,,,0,0,0
trace-046,and-dependency,1,6,timestamp-only,,node-0014,1,1,1
trace-046,and-dependency,1,6,no-ancestor-expiry,,node-0091,1,1,1
trace-046,and-dependency,1,6,no-ancestor-revocation,,,0,0,0
trace-046,and-dependency,1,6,no-alias-obligations,,node-0082,1,1,1
trace-046,and-dependency,1,6,top-one,,,0,0,0
trace-046,and-dependency,1,6,expiry-skyline,,,0,0,0
trace-046,and-dependency,1,7,direct,,,0,0,0
trace-046,and-dependency,1,7,verified,,,0,0,0
trace-046,and-dependency,1,7,full-compiled,,,0,0,0
trace-046,and-dependency,1,7,timestamp-only,,,0,0,0
trace-046,and-dependency,1,7,no-ancestor-expiry,,,0,0,0
trace-046,and-dependency,1,7,no-ancestor-revocation,,,0,0,0
trace-046,and-dependency,1,7,no-alias-obligations,,,0,0,0
trace-046,and-dependency,1,7,top-one,,,0,0,0
trace-046,and-dependency,1,7,expiry-skyline,,,0,0,0
trace-046,and-dependency,1,8,direct,node-0007,node-0007,0,0,0
trace-046,and-dependency,1,8,verified,node-0007,node-0007,0,0,0
trace-046,and-dependency,1,8,full-compiled,node-0007,node-0007,0,0,0
trace-046,and-dependency,1,8,timestamp-only,node-0007,node-0007,0,0,0
trace-046,and-dependency,1,8,no-ancestor-expiry,node-0007,node-0007,0,0,0
trace-046,and-dependency,1,8,no-ancestor-revocation,node-0007,node-0007,0,0,0
trace-046,and-dependency,1,8,no-alias-obligations,node-0007,node-0007,0,0,0
trace-046,and-dependency,1,8,top-one,node-0007,,1,1,0
trace-046,and-dependency,1,8,expiry-skyline,node-0007,node-0111,1,1,0
trace-046,and-dependency,1,9,direct,node-0111,node-0111,0,0,0
trace-046,and-dependency,1,9,verified,node-0111,node-0111,0,0,0
trace-046,and-dependency,1,9,full-compiled,node-0111,node-0111,0,0,0
trace-046,and-dependency,1,9,timestamp-only,node-0111,node-0122,1,1,1
trace-046,and-dependency,1,9,no-ancestor-expiry,node-0111,node-0111,0,0,0
trace-046,and-dependency,1,9,no-ancestor-revocation,node-0111,node-0111,0,0,0
trace-046,and-dependency,1,9,no-alias-obligations,node-0111,node-0111,0,0,0
trace-046,and-dependency,1,9,top-one,node-0111,,1,1,0
trace-046,and-dependency,1,9,expiry-skyline,node-0111,node-0111,0,0,0
trace-046,and-dependency,1,10,direct,node-0082,node-0082,0,0,0
trace-046,and-dependency,1,10,verified,node-0082,node-0082,0,0,0
trace-046,and-dependency,1,10,full-compiled,node-0082,node-0082,0,0,0
trace-046,and-dependency,1,10,timestamp-only,node-0082,node-0014,1,1,1
trace-046,and-dependency,1,10,no-ancestor-expiry,node-0082,node-0082,0,0,0
trace-046,and-dependency,1,10,no-ancestor-revocation,node-0082,node-0082,0,0,0
trace-046,and-dependency,1,10,no-alias-obligations,node-0082,node-0082,0,0,0
trace-046,and-dependency,1,10,top-one,node-0082,,1,1,0
trace-046,and-dependency,1,10,expiry-skyline,node-0082,node-0082,0,0,0
trace-046,and-dependency,1,11,direct,node-0082,node-0082,0,0,0
trace-046,and-dependency,1,11,verified,node-0082,node-0082,0,0,0
trace-046,and-dependency,1,11,full-compiled,node-0082,node-0082,0,0,0
trace-046,and-dependency,1,11,timestamp-only,node-0082,node-0014,1,1,1
trace-046,and-dependency,1,11,no-ancestor-expiry,node-0082,node-0082,0,0,0
trace-046,and-dependency,1,11,no-ancestor-revocation,node-0082,node-0082,0,0,0
trace-046,and-dependency,1,11,no-alias-obligations,node-0082,node-0082,0,0,0
trace-046,and-dependency,1,11,top-one,node-0082,,1,1,0
trace-046,and-dependency,1,11,expiry-skyline,node-0082,node-0082,0,0,0
trace-047,and-dependency,0,0,direct,node-0013,node-0013,0,0,0
trace-047,and-dependency,0,0,verified,node-0013,node-0013,0,0,0
trace-047,and-dependency,0,0,full-compiled,node-0013,node-0013,0,0,0
trace-047,and-dependency,0,0,timestamp-only,node-0013,node-0016,1,1,1
trace-047,and-dependency,0,0,no-ancestor-expiry,node-0013,node-0016,1,1,1
trace-047,and-dependency,0,0,no-ancestor-revocation,node-0013,node-0013,0,0,0
trace-047,and-dependency,0,0,no-alias-obligations,node-0013,node-0013,0,0,0
trace-047,and-dependency,0,0,top-one,node-0013,node-0013,0,0,0
trace-047,and-dependency,0,0,expiry-skyline,node-0013,node-0013,0,0,0
trace-047,and-dependency,0,1,direct,node-0065,node-0065,0,0,0
trace-047,and-dependency,0,1,verified,node-0065,node-0065,0,0,0
trace-047,and-dependency,0,1,full-compiled,node-0065,node-0065,0,0,0
trace-047,and-dependency,0,1,timestamp-only,node-0065,node-0016,1,1,1
trace-047,and-dependency,0,1,no-ancestor-expiry,node-0065,node-0065,0,0,0
trace-047,and-dependency,0,1,no-ancestor-revocation,node-0065,node-0013,1,1,1
trace-047,and-dependency,0,1,no-alias-obligations,node-0065,node-0065,0,0,0
trace-047,and-dependency,0,1,top-one,node-0065,,1,1,0
trace-047,and-dependency,0,1,expiry-skyline,node-0065,node-0065,0,0,0
trace-047,and-dependency,0,2,direct,node-0124,node-0124,0,0,0
trace-047,and-dependency,0,2,verified,node-0124,node-0124,0,0,0
trace-047,and-dependency,0,2,full-compiled,node-0124,node-0124,0,0,0
trace-047,and-dependency,0,2,timestamp-only,node-0124,node-0069,1,0,1
trace-047,and-dependency,0,2,no-ancestor-expiry,node-0124,node-0092,1,1,1
trace-047,and-dependency,0,2,no-ancestor-revocation,node-0124,node-0124,0,0,0
trace-047,and-dependency,0,2,no-alias-obligations,node-0124,node-0037,1,1,1
trace-047,and-dependency,0,2,top-one,node-0124,,1,1,0
trace-047,and-dependency,0,2,expiry-skyline,node-0124,node-0124,0,0,0
trace-047,and-dependency,0,3,direct,node-0065,node-0065,0,0,0
trace-047,and-dependency,0,3,verified,node-0065,node-0065,0,0,0
trace-047,and-dependency,0,3,full-compiled,node-0065,node-0065,0,0,0
trace-047,and-dependency,0,3,timestamp-only,node-0065,node-0016,1,1,1
trace-047,and-dependency,0,3,no-ancestor-expiry,node-0065,node-0065,0,0,0
trace-047,and-dependency,0,3,no-ancestor-revocation,node-0065,node-0013,1,1,1
trace-047,and-dependency,0,3,no-alias-obligations,node-0065,node-0065,0,0,0
trace-047,and-dependency,0,3,top-one,node-0065,,1,1,0
trace-047,and-dependency,0,3,expiry-skyline,node-0065,node-0065,0,0,0
trace-047,and-dependency,0,4,direct,node-0065,node-0065,0,0,0
trace-047,and-dependency,0,4,verified,node-0065,node-0065,0,0,0
trace-047,and-dependency,0,4,full-compiled,node-0065,node-0065,0,0,0
trace-047,and-dependency,0,4,timestamp-only,node-0065,node-0016,1,1,1
trace-047,and-dependency,0,4,no-ancestor-expiry,node-0065,node-0016,1,1,1
trace-047,and-dependency,0,4,no-ancestor-revocation,node-0065,node-0065,0,0,0
trace-047,and-dependency,0,4,no-alias-obligations,node-0065,node-0065,0,0,0
trace-047,and-dependency,0,4,top-one,node-0065,,1,1,0
trace-047,and-dependency,0,4,expiry-skyline,node-0065,node-0065,0,0,0
trace-047,and-dependency,0,5,direct,node-0125,node-0125,0,0,0
trace-047,and-dependency,0,5,verified,node-0125,node-0125,0,0,0
trace-047,and-dependency,0,5,full-compiled,node-0125,node-0125,0,0,0
trace-047,and-dependency,0,5,timestamp-only,node-0125,node-0016,1,1,1
trace-047,and-dependency,0,5,no-ancestor-expiry,node-0125,node-0016,1,1,1
trace-047,and-dependency,0,5,no-ancestor-revocation,node-0125,node-0125,0,0,0
trace-047,and-dependency,0,5,no-alias-obligations,node-0125,node-0125,0,0,0
trace-047,and-dependency,0,5,top-one,node-0125,,1,1,0
trace-047,and-dependency,0,5,expiry-skyline,node-0125,node-0125,0,0,0
trace-047,and-dependency,0,6,direct,,,0,0,0
trace-047,and-dependency,0,6,verified,,,0,0,0
trace-047,and-dependency,0,6,full-compiled,,,0,0,0
trace-047,and-dependency,0,6,timestamp-only,,node-0016,1,1,1
trace-047,and-dependency,0,6,no-ancestor-expiry,,node-0016,1,1,1
trace-047,and-dependency,0,6,no-ancestor-revocation,,,0,0,0
trace-047,and-dependency,0,6,no-alias-obligations,,,0,0,0
trace-047,and-dependency,0,6,top-one,,,0,0,0
trace-047,and-dependency,0,6,expiry-skyline,,,0,0,0
trace-047,and-dependency,0,7,direct,,,0,0,0
trace-047,and-dependency,0,7,verified,,,0,0,0
trace-047,and-dependency,0,7,full-compiled,,,0,0,0
trace-047,and-dependency,0,7,timestamp-only,,,0,0,0
trace-047,and-dependency,0,7,no-ancestor-expiry,,,0,0,0
trace-047,and-dependency,0,7,no-ancestor-revocation,,,0,0,0
trace-047,and-dependency,0,7,no-alias-obligations,,,0,0,0
trace-047,and-dependency,0,7,top-one,,,0,0,0
trace-047,and-dependency,0,7,expiry-skyline,,,0,0,0
trace-047,and-dependency,0,8,direct,node-0065,node-0065,0,0,0
trace-047,and-dependency,0,8,verified,node-0065,node-0065,0,0,0
trace-047,and-dependency,0,8,full-compiled,node-0065,node-0065,0,0,0
trace-047,and-dependency,0,8,timestamp-only,node-0065,node-0016,1,1,1
trace-047,and-dependency,0,8,no-ancestor-expiry,node-0065,node-0016,1,1,1
trace-047,and-dependency,0,8,no-ancestor-revocation,node-0065,node-0013,1,1,1
trace-047,and-dependency,0,8,no-alias-obligations,node-0065,node-0065,0,0,0
trace-047,and-dependency,0,8,top-one,node-0065,,1,1,0
trace-047,and-dependency,0,8,expiry-skyline,node-0065,node-0065,0,0,0
trace-047,and-dependency,0,9,direct,node-0065,node-0065,0,0,0
trace-047,and-dependency,0,9,verified,node-0065,node-0065,0,0,0
trace-047,and-dependency,0,9,full-compiled,node-0065,node-0065,0,0,0
trace-047,and-dependency,0,9,timestamp-only,node-0065,node-0016,1,1,1
trace-047,and-dependency,0,9,no-ancestor-expiry,node-0065,node-0065,0,0,0
trace-047,and-dependency,0,9,no-ancestor-revocation,node-0065,node-0013,1,1,1
trace-047,and-dependency,0,9,no-alias-obligations,node-0065,node-0065,0,0,0
trace-047,and-dependency,0,9,top-one,node-0065,,1,1,0
trace-047,and-dependency,0,9,expiry-skyline,node-0065,node-0065,0,0,0
trace-047,and-dependency,0,10,direct,node-0065,node-0065,0,0,0
trace-047,and-dependency,0,10,verified,node-0065,node-0065,0,0,0
trace-047,and-dependency,0,10,full-compiled,node-0065,node-0065,0,0,0
trace-047,and-dependency,0,10,timestamp-only,node-0065,node-0016,1,1,1
trace-047,and-dependency,0,10,no-ancestor-expiry,node-0065,node-0013,1,1,1
trace-047,and-dependency,0,10,no-ancestor-revocation,node-0065,node-0065,0,0,0
trace-047,and-dependency,0,10,no-alias-obligations,node-0065,node-0065,0,0,0
trace-047,and-dependency,0,10,top-one,node-0065,,1,1,0
trace-047,and-dependency,0,10,expiry-skyline,node-0065,node-0065,0,0,0
trace-047,and-dependency,0,11,direct,,,0,0,0
trace-047,and-dependency,0,11,verified,,,0,0,0
trace-047,and-dependency,0,11,full-compiled,,,0,0,0
trace-047,and-dependency,0,11,timestamp-only,,node-0069,1,1,1
trace-047,and-dependency,0,11,no-ancestor-expiry,,,0,0,0
trace-047,and-dependency,0,11,no-ancestor-revocation,,,0,0,0
trace-047,and-dependency,0,11,no-alias-obligations,,node-0125,1,1,1
trace-047,and-dependency,0,11,top-one,,,0,0,0
trace-047,and-dependency,0,11,expiry-skyline,,,0,0,0
trace-047,and-dependency,1,0,direct,node-0023,node-0023,0,0,0
trace-047,and-dependency,1,0,verified,node-0023,node-0023,0,0,0
trace-047,and-dependency,1,0,full-compiled,node-0023,node-0023,0,0,0
trace-047,and-dependency,1,0,timestamp-only,node-0023,node-0023,0,0,0
trace-047,and-dependency,1,0,no-ancestor-expiry,node-0023,node-0023,0,0,0
trace-047,and-dependency,1,0,no-ancestor-revocation,node-0023,node-0023,0,0,0
trace-047,and-dependency,1,0,no-alias-obligations,node-0023,node-0023,0,0,0
trace-047,and-dependency,1,0,top-one,node-0023,node-0023,0,0,0
trace-047,and-dependency,1,0,expiry-skyline,node-0023,node-0023,0,0,0
trace-047,and-dependency,1,1,direct,node-0023,node-0023,0,0,0
trace-047,and-dependency,1,1,verified,node-0023,node-0023,0,0,0
trace-047,and-dependency,1,1,full-compiled,node-0023,node-0023,0,0,0
trace-047,and-dependency,1,1,timestamp-only,node-0023,node-0023,0,0,0
trace-047,and-dependency,1,1,no-ancestor-expiry,node-0023,node-0023,0,0,0
trace-047,and-dependency,1,1,no-ancestor-revocation,node-0023,node-0023,0,0,0
trace-047,and-dependency,1,1,no-alias-obligations,node-0023,node-0023,0,0,0
trace-047,and-dependency,1,1,top-one,node-0023,node-0023,0,0,0
trace-047,and-dependency,1,1,expiry-skyline,node-0023,node-0023,0,0,0
trace-047,and-dependency,1,2,direct,node-0015,node-0015,0,0,0
trace-047,and-dependency,1,2,verified,node-0015,node-0015,0,0,0
trace-047,and-dependency,1,2,full-compiled,node-0015,node-0015,0,0,0
trace-047,and-dependency,1,2,timestamp-only,node-0015,node-0015,0,0,0
trace-047,and-dependency,1,2,no-ancestor-expiry,node-0015,node-0015,0,0,0
trace-047,and-dependency,1,2,no-ancestor-revocation,node-0015,node-0015,0,0,0
trace-047,and-dependency,1,2,no-alias-obligations,node-0015,node-0015,0,0,0
trace-047,and-dependency,1,2,top-one,node-0015,,1,1,0
trace-047,and-dependency,1,2,expiry-skyline,node-0015,,1,1,0
trace-047,and-dependency,1,3,direct,node-0003,node-0003,0,0,0
trace-047,and-dependency,1,3,verified,node-0003,node-0003,0,0,0
trace-047,and-dependency,1,3,full-compiled,node-0003,node-0003,0,0,0
trace-047,and-dependency,1,3,timestamp-only,node-0003,node-0023,1,0,1
trace-047,and-dependency,1,3,no-ancestor-expiry,node-0003,node-0003,0,0,0
trace-047,and-dependency,1,3,no-ancestor-revocation,node-0003,node-0023,1,0,1
trace-047,and-dependency,1,3,no-alias-obligations,node-0003,node-0003,0,0,0
trace-047,and-dependency,1,3,top-one,node-0003,,1,1,0
trace-047,and-dependency,1,3,expiry-skyline,node-0003,node-0003,0,0,0
trace-047,and-dependency,1,4,direct,node-0023,node-0023,0,0,0
trace-047,and-dependency,1,4,verified,node-0023,node-0023,0,0,0
trace-047,and-dependency,1,4,full-compiled,node-0023,node-0023,0,0,0
trace-047,and-dependency,1,4,timestamp-only,node-0023,node-0023,0,0,0
trace-047,and-dependency,1,4,no-ancestor-expiry,node-0023,node-0023,0,0,0
trace-047,and-dependency,1,4,no-ancestor-revocation,node-0023,node-0023,0,0,0
trace-047,and-dependency,1,4,no-alias-obligations,node-0023,node-0023,0,0,0
trace-047,and-dependency,1,4,top-one,node-0023,node-0023,0,0,0
trace-047,and-dependency,1,4,expiry-skyline,node-0023,node-0023,0,0,0
trace-047,and-dependency,1,5,direct,node-0003,node-0003,0,0,0
trace-047,and-dependency,1,5,verified,node-0003,node-0003,0,0,0
trace-047,and-dependency,1,5,full-compiled,node-0003,node-0003,0,0,0
trace-047,and-dependency,1,5,timestamp-only,node-0003,node-0091,1,1,1
trace-047,and-dependency,1,5,no-ancestor-expiry,node-0003,node-0091,1,1,1
trace-047,and-dependency,1,5,no-ancestor-revocation,node-0003,node-0003,0,0,0
trace-047,and-dependency,1,5,no-alias-obligations,node-0003,node-0003,0,0,0
trace-047,and-dependency,1,5,top-one,node-0003,,1,1,0
trace-047,and-dependency,1,5,expiry-skyline,node-0003,node-0003,0,0,0
trace-047,and-dependency,1,6,direct,node-0003,node-0003,0,0,0
trace-047,and-dependency,1,6,verified,node-0003,node-0003,0,0,0
trace-047,and-dependency,1,6,full-compiled,node-0003,node-0003,0,0,0
trace-047,and-dependency,1,6,timestamp-only,node-0003,node-0003,0,0,0
trace-047,and-dependency,1,6,no-ancestor-expiry,node-0003,node-0003,0,0,0
trace-047,and-dependency,1,6,no-ancestor-revocation,node-0003,node-0003,0,0,0
trace-047,and-dependency,1,6,no-alias-obligations,node-0003,node-0003,0,0,0
trace-047,and-dependency,1,6,top-one,node-0003,,1,1,0
trace-047,and-dependency,1,6,expiry-skyline,node-0003,node-0003,0,0,0
trace-047,and-dependency,1,7,direct,,,0,0,0
trace-047,and-dependency,1,7,verified,,,0,0,0
trace-047,and-dependency,1,7,full-compiled,,,0,0,0
trace-047,and-dependency,1,7,timestamp-only,,,0,0,0
trace-047,and-dependency,1,7,no-ancestor-expiry,,,0,0,0
trace-047,and-dependency,1,7,no-ancestor-revocation,,,0,0,0
trace-047,and-dependency,1,7,no-alias-obligations,,,0,0,0
trace-047,and-dependency,1,7,top-one,,,0,0,0
trace-047,and-dependency,1,7,expiry-skyline,,,0,0,0
trace-047,and-dependency,1,8,direct,node-0003,node-0003,0,0,0
trace-047,and-dependency,1,8,verified,node-0003,node-0003,0,0,0
trace-047,and-dependency,1,8,full-compiled,node-0003,node-0003,0,0,0
trace-047,and-dependency,1,8,timestamp-only,node-0003,node-0023,1,0,1
trace-047,and-dependency,1,8,no-ancestor-expiry,node-0003,node-0003,0,0,0
trace-047,and-dependency,1,8,no-ancestor-revocation,node-0003,node-0023,1,0,1
trace-047,and-dependency,1,8,no-alias-obligations,node-0003,node-0003,0,0,0
trace-047,and-dependency,1,8,top-one,node-0003,,1,1,0
trace-047,and-dependency,1,8,expiry-skyline,node-0003,node-0003,0,0,0
trace-047,and-dependency,1,9,direct,node-0003,node-0003,0,0,0
trace-047,and-dependency,1,9,verified,node-0003,node-0003,0,0,0
trace-047,and-dependency,1,9,full-compiled,node-0003,node-0003,0,0,0
trace-047,and-dependency,1,9,timestamp-only,node-0003,node-0023,1,0,1
trace-047,and-dependency,1,9,no-ancestor-expiry,node-0003,node-0003,0,0,0
trace-047,and-dependency,1,9,no-ancestor-revocation,node-0003,node-0023,1,0,1
trace-047,and-dependency,1,9,no-alias-obligations,node-0003,node-0003,0,0,0
trace-047,and-dependency,1,9,top-one,node-0003,,1,1,0
trace-047,and-dependency,1,9,expiry-skyline,node-0003,node-0003,0,0,0
trace-047,and-dependency,1,10,direct,node-0003,node-0003,0,0,0
trace-047,and-dependency,1,10,verified,node-0003,node-0003,0,0,0
trace-047,and-dependency,1,10,full-compiled,node-0003,node-0003,0,0,0
trace-047,and-dependency,1,10,timestamp-only,node-0003,node-0023,1,0,1
trace-047,and-dependency,1,10,no-ancestor-expiry,node-0003,node-0003,0,0,0
trace-047,and-dependency,1,10,no-ancestor-revocation,node-0003,node-0023,1,0,1
trace-047,and-dependency,1,10,no-alias-obligations,node-0003,node-0003,0,0,0
trace-047,and-dependency,1,10,top-one,node-0003,,1,1,0
trace-047,and-dependency,1,10,expiry-skyline,node-0003,node-0003,0,0,0
trace-047,and-dependency,1,11,direct,,,0,0,0
trace-047,and-dependency,1,11,verified,,,0,0,0
trace-047,and-dependency,1,11,full-compiled,,,0,0,0
trace-047,and-dependency,1,11,timestamp-only,,node-0015,1,1,1
trace-047,and-dependency,1,11,no-ancestor-expiry,,,0,0,0
trace-047,and-dependency,1,11,no-ancestor-revocation,,,0,0,0
trace-047,and-dependency,1,11,no-alias-obligations,,node-0122,1,1,1
trace-047,and-dependency,1,11,top-one,,,0,0,0
trace-047,and-dependency,1,11,expiry-skyline,,,0,0,0
trace-048,and-dependency,0,0,direct,node-0113,node-0113,0,0,0
trace-048,and-dependency,0,0,verified,node-0113,node-0113,0,0,0
trace-048,and-dependency,0,0,full-compiled,node-0113,node-0113,0,0,0
trace-048,and-dependency,0,0,timestamp-only,node-0113,node-0113,0,0,0
trace-048,and-dependency,0,0,no-ancestor-expiry,node-0113,node-0113,0,0,0
trace-048,and-dependency,0,0,no-ancestor-revocation,node-0113,node-0113,0,0,0
trace-048,and-dependency,0,0,no-alias-obligations,node-0113,node-0113,0,0,0
trace-048,and-dependency,0,0,top-one,node-0113,node-0113,0,0,0
trace-048,and-dependency,0,0,expiry-skyline,node-0113,node-0113,0,0,0
trace-048,and-dependency,0,1,direct,node-0113,node-0113,0,0,0
trace-048,and-dependency,0,1,verified,node-0113,node-0113,0,0,0
trace-048,and-dependency,0,1,full-compiled,node-0113,node-0113,0,0,0
trace-048,and-dependency,0,1,timestamp-only,node-0113,node-0113,0,0,0
trace-048,and-dependency,0,1,no-ancestor-expiry,node-0113,node-0113,0,0,0
trace-048,and-dependency,0,1,no-ancestor-revocation,node-0113,node-0113,0,0,0
trace-048,and-dependency,0,1,no-alias-obligations,node-0113,node-0113,0,0,0
trace-048,and-dependency,0,1,top-one,node-0113,node-0113,0,0,0
trace-048,and-dependency,0,1,expiry-skyline,node-0113,node-0113,0,0,0
trace-048,and-dependency,0,2,direct,node-0000,node-0000,0,0,0
trace-048,and-dependency,0,2,verified,node-0000,node-0000,0,0,0
trace-048,and-dependency,0,2,full-compiled,node-0000,node-0000,0,0,0
trace-048,and-dependency,0,2,timestamp-only,node-0000,node-0073,1,1,1
trace-048,and-dependency,0,2,no-ancestor-expiry,node-0000,node-0000,0,0,0
trace-048,and-dependency,0,2,no-ancestor-revocation,node-0000,node-0020,1,1,1
trace-048,and-dependency,0,2,no-alias-obligations,node-0000,node-0009,1,1,1
trace-048,and-dependency,0,2,top-one,node-0000,,1,1,0
trace-048,and-dependency,0,2,expiry-skyline,node-0000,,1,1,0
trace-048,and-dependency,0,3,direct,node-0113,node-0113,0,0,0
trace-048,and-dependency,0,3,verified,node-0113,node-0113,0,0,0
trace-048,and-dependency,0,3,full-compiled,node-0113,node-0113,0,0,0
trace-048,and-dependency,0,3,timestamp-only,node-0113,node-0113,0,0,0
trace-048,and-dependency,0,3,no-ancestor-expiry,node-0113,node-0113,0,0,0
trace-048,and-dependency,0,3,no-ancestor-revocation,node-0113,node-0113,0,0,0
trace-048,and-dependency,0,3,no-alias-obligations,node-0113,node-0113,0,0,0
trace-048,and-dependency,0,3,top-one,node-0113,node-0113,0,0,0
trace-048,and-dependency,0,3,expiry-skyline,node-0113,node-0113,0,0,0
trace-048,and-dependency,0,4,direct,node-0113,node-0113,0,0,0
trace-048,and-dependency,0,4,verified,node-0113,node-0113,0,0,0
trace-048,and-dependency,0,4,full-compiled,node-0113,node-0113,0,0,0
trace-048,and-dependency,0,4,timestamp-only,node-0113,node-0113,0,0,0
trace-048,and-dependency,0,4,no-ancestor-expiry,node-0113,node-0113,0,0,0
trace-048,and-dependency,0,4,no-ancestor-revocation,node-0113,node-0113,0,0,0
trace-048,and-dependency,0,4,no-alias-obligations,node-0113,node-0113,0,0,0
trace-048,and-dependency,0,4,top-one,node-0113,node-0113,0,0,0
trace-048,and-dependency,0,4,expiry-skyline,node-0113,node-0113,0,0,0
trace-048,and-dependency,0,5,direct,node-0113,node-0113,0,0,0
trace-048,and-dependency,0,5,verified,node-0113,node-0113,0,0,0
trace-048,and-dependency,0,5,full-compiled,node-0113,node-0113,0,0,0
trace-048,and-dependency,0,5,timestamp-only,node-0113,node-0113,0,0,0
trace-048,and-dependency,0,5,no-ancestor-expiry,node-0113,node-0113,0,0,0
trace-048,and-dependency,0,5,no-ancestor-revocation,node-0113,node-0113,0,0,0
trace-048,and-dependency,0,5,no-alias-obligations,node-0113,node-0113,0,0,0
trace-048,and-dependency,0,5,top-one,node-0113,node-0113,0,0,0
trace-048,and-dependency,0,5,expiry-skyline,node-0113,node-0113,0,0,0
trace-048,and-dependency,0,6,direct,,,0,0,0
trace-048,and-dependency,0,6,verified,,,0,0,0
trace-048,and-dependency,0,6,full-compiled,,,0,0,0
trace-048,and-dependency,0,6,timestamp-only,,node-0113,1,1,1
trace-048,and-dependency,0,6,no-ancestor-expiry,,node-0108,1,1,1
trace-048,and-dependency,0,6,no-ancestor-revocation,,,0,0,0
trace-048,and-dependency,0,6,no-alias-obligations,,node-0113,1,1,1
trace-048,and-dependency,0,6,top-one,,,0,0,0
trace-048,and-dependency,0,6,expiry-skyline,,,0,0,0
trace-048,and-dependency,0,7,direct,,,0,0,0
trace-048,and-dependency,0,7,verified,,,0,0,0
trace-048,and-dependency,0,7,full-compiled,,,0,0,0
trace-048,and-dependency,0,7,timestamp-only,,,0,0,0
trace-048,and-dependency,0,7,no-ancestor-expiry,,,0,0,0
trace-048,and-dependency,0,7,no-ancestor-revocation,,,0,0,0
trace-048,and-dependency,0,7,no-alias-obligations,,,0,0,0
trace-048,and-dependency,0,7,top-one,,,0,0,0
trace-048,and-dependency,0,7,expiry-skyline,,,0,0,0
trace-048,and-dependency,0,8,direct,node-0113,node-0113,0,0,0
trace-048,and-dependency,0,8,verified,node-0113,node-0113,0,0,0
trace-048,and-dependency,0,8,full-compiled,node-0113,node-0113,0,0,0
trace-048,and-dependency,0,8,timestamp-only,node-0113,node-0113,0,0,0
trace-048,and-dependency,0,8,no-ancestor-expiry,node-0113,node-0113,0,0,0
trace-048,and-dependency,0,8,no-ancestor-revocation,node-0113,node-0113,0,0,0
trace-048,and-dependency,0,8,no-alias-obligations,node-0113,node-0113,0,0,0
trace-048,and-dependency,0,8,top-one,node-0113,node-0113,0,0,0
trace-048,and-dependency,0,8,expiry-skyline,node-0113,node-0113,0,0,0
trace-048,and-dependency,0,9,direct,node-0113,node-0113,0,0,0
trace-048,and-dependency,0,9,verified,node-0113,node-0113,0,0,0
trace-048,and-dependency,0,9,full-compiled,node-0113,node-0113,0,0,0
trace-048,and-dependency,0,9,timestamp-only,node-0113,node-0113,0,0,0
trace-048,and-dependency,0,9,no-ancestor-expiry,node-0113,node-0113,0,0,0
trace-048,and-dependency,0,9,no-ancestor-revocation,node-0113,node-0113,0,0,0
trace-048,and-dependency,0,9,no-alias-obligations,node-0113,node-0113,0,0,0
trace-048,and-dependency,0,9,top-one,node-0113,node-0113,0,0,0
trace-048,and-dependency,0,9,expiry-skyline,node-0113,node-0113,0,0,0
trace-048,and-dependency,0,10,direct,node-0113,node-0113,0,0,0
trace-048,and-dependency,0,10,verified,node-0113,node-0113,0,0,0
trace-048,and-dependency,0,10,full-compiled,node-0113,node-0113,0,0,0
trace-048,and-dependency,0,10,timestamp-only,node-0113,node-0113,0,0,0
trace-048,and-dependency,0,10,no-ancestor-expiry,node-0113,node-0113,0,0,0
trace-048,and-dependency,0,10,no-ancestor-revocation,node-0113,node-0113,0,0,0
trace-048,and-dependency,0,10,no-alias-obligations,node-0113,node-0113,0,0,0
trace-048,and-dependency,0,10,top-one,node-0113,node-0113,0,0,0
trace-048,and-dependency,0,10,expiry-skyline,node-0113,node-0113,0,0,0
trace-048,and-dependency,0,11,direct,,,0,0,0
trace-048,and-dependency,0,11,verified,,,0,0,0
trace-048,and-dependency,0,11,full-compiled,,,0,0,0
trace-048,and-dependency,0,11,timestamp-only,,node-0105,1,1,1
trace-048,and-dependency,0,11,no-ancestor-expiry,,,0,0,0
trace-048,and-dependency,0,11,no-ancestor-revocation,,,0,0,0
trace-048,and-dependency,0,11,no-alias-obligations,,,0,0,0
trace-048,and-dependency,0,11,top-one,,,0,0,0
trace-048,and-dependency,0,11,expiry-skyline,,,0,0,0
trace-048,and-dependency,1,0,direct,node-0031,node-0031,0,0,0
trace-048,and-dependency,1,0,verified,node-0031,node-0031,0,0,0
trace-048,and-dependency,1,0,full-compiled,node-0031,node-0031,0,0,0
trace-048,and-dependency,1,0,timestamp-only,node-0031,node-0031,0,0,0
trace-048,and-dependency,1,0,no-ancestor-expiry,node-0031,node-0031,0,0,0
trace-048,and-dependency,1,0,no-ancestor-revocation,node-0031,node-0031,0,0,0
trace-048,and-dependency,1,0,no-alias-obligations,node-0031,node-0031,0,0,0
trace-048,and-dependency,1,0,top-one,node-0031,node-0031,0,0,0
trace-048,and-dependency,1,0,expiry-skyline,node-0031,node-0031,0,0,0
trace-048,and-dependency,1,1,direct,node-0031,node-0031,0,0,0
trace-048,and-dependency,1,1,verified,node-0031,node-0031,0,0,0
trace-048,and-dependency,1,1,full-compiled,node-0031,node-0031,0,0,0
trace-048,and-dependency,1,1,timestamp-only,node-0031,node-0031,0,0,0
trace-048,and-dependency,1,1,no-ancestor-expiry,node-0031,node-0031,0,0,0
trace-048,and-dependency,1,1,no-ancestor-revocation,node-0031,node-0031,0,0,0
trace-048,and-dependency,1,1,no-alias-obligations,node-0031,node-0031,0,0,0
trace-048,and-dependency,1,1,top-one,node-0031,node-0031,0,0,0
trace-048,and-dependency,1,1,expiry-skyline,node-0031,node-0031,0,0,0
trace-048,and-dependency,1,2,direct,node-0035,node-0035,0,0,0
trace-048,and-dependency,1,2,verified,node-0035,node-0035,0,0,0
trace-048,and-dependency,1,2,full-compiled,node-0035,node-0035,0,0,0
trace-048,and-dependency,1,2,timestamp-only,node-0035,node-0083,1,1,1
trace-048,and-dependency,1,2,no-ancestor-expiry,node-0035,node-0035,0,0,0
trace-048,and-dependency,1,2,no-ancestor-revocation,node-0035,node-0035,0,0,0
trace-048,and-dependency,1,2,no-alias-obligations,node-0035,node-0038,1,1,1
trace-048,and-dependency,1,2,top-one,node-0035,,1,1,0
trace-048,and-dependency,1,2,expiry-skyline,node-0035,node-0023,1,1,0
trace-048,and-dependency,1,3,direct,node-0103,node-0103,0,0,0
trace-048,and-dependency,1,3,verified,node-0103,node-0103,0,0,0
trace-048,and-dependency,1,3,full-compiled,node-0103,node-0103,0,0,0
trace-048,and-dependency,1,3,timestamp-only,node-0103,node-0031,1,1,1
trace-048,and-dependency,1,3,no-ancestor-expiry,node-0103,node-0103,0,0,0
trace-048,and-dependency,1,3,no-ancestor-revocation,node-0103,node-0031,1,1,1
trace-048,and-dependency,1,3,no-alias-obligations,node-0103,node-0103,0,0,0
trace-048,and-dependency,1,3,top-one,node-0103,,1,1,0
trace-048,and-dependency,1,3,expiry-skyline,node-0103,node-0023,1,1,0
trace-048,and-dependency,1,4,direct,node-0031,node-0031,0,0,0
trace-048,and-dependency,1,4,verified,node-0031,node-0031,0,0,0
trace-048,and-dependency,1,4,full-compiled,node-0031,node-0031,0,0,0
trace-048,and-dependency,1,4,timestamp-only,node-0031,node-0031,0,0,0
trace-048,and-dependency,1,4,no-ancestor-expiry,node-0031,node-0031,0,0,0
trace-048,and-dependency,1,4,no-ancestor-revocation,node-0031,node-0031,0,0,0
trace-048,and-dependency,1,4,no-alias-obligations,node-0031,node-0031,0,0,0
trace-048,and-dependency,1,4,top-one,node-0031,node-0031,0,0,0
trace-048,and-dependency,1,4,expiry-skyline,node-0031,node-0031,0,0,0
trace-048,and-dependency,1,5,direct,node-0011,node-0011,0,0,0
trace-048,and-dependency,1,5,verified,node-0011,node-0011,0,0,0
trace-048,and-dependency,1,5,full-compiled,node-0011,node-0011,0,0,0
trace-048,and-dependency,1,5,timestamp-only,node-0011,node-0031,1,1,1
trace-048,and-dependency,1,5,no-ancestor-expiry,node-0011,node-0031,1,1,1
trace-048,and-dependency,1,5,no-ancestor-revocation,node-0011,node-0011,0,0,0
trace-048,and-dependency,1,5,no-alias-obligations,node-0011,node-0011,0,0,0
trace-048,and-dependency,1,5,top-one,node-0011,,1,1,0
trace-048,and-dependency,1,5,expiry-skyline,node-0011,node-0011,0,0,0
trace-048,and-dependency,1,6,direct,node-0023,node-0023,0,0,0
trace-048,and-dependency,1,6,verified,node-0023,node-0023,0,0,0
trace-048,and-dependency,1,6,full-compiled,node-0023,node-0023,0,0,0
trace-048,and-dependency,1,6,timestamp-only,node-0023,node-0011,1,1,1
trace-048,and-dependency,1,6,no-ancestor-expiry,node-0023,node-0011,1,1,1
trace-048,and-dependency,1,6,no-ancestor-revocation,node-0023,node-0023,0,0,0
trace-048,and-dependency,1,6,no-alias-obligations,node-0023,node-0023,0,0,0
trace-048,and-dependency,1,6,top-one,node-0023,,1,1,0
trace-048,and-dependency,1,6,expiry-skyline,node-0023,node-0023,0,0,0
trace-048,and-dependency,1,7,direct,,,0,0,0
trace-048,and-dependency,1,7,verified,,,0,0,0
trace-048,and-dependency,1,7,full-compiled,,,0,0,0
trace-048,and-dependency,1,7,timestamp-only,,,0,0,0
trace-048,and-dependency,1,7,no-ancestor-expiry,,,0,0,0
trace-048,and-dependency,1,7,no-ancestor-revocation,,,0,0,0
trace-048,and-dependency,1,7,no-alias-obligations,,,0,0,0
trace-048,and-dependency,1,7,top-one,,,0,0,0
trace-048,and-dependency,1,7,expiry-skyline,,,0,0,0
trace-048,and-dependency,1,8,direct,node-0094,node-0094,0,0,0
trace-048,and-dependency,1,8,verified,node-0094,node-0094,0,0,0
trace-048,and-dependency,1,8,full-compiled,node-0094,node-0094,0,0,0
trace-048,and-dependency,1,8,timestamp-only,node-0094,node-0031,1,1,1
trace-048,and-dependency,1,8,no-ancestor-expiry,node-0094,node-0094,0,0,0
trace-048,and-dependency,1,8,no-ancestor-revocation,node-0094,node-0031,1,1,1
trace-048,and-dependency,1,8,no-alias-obligations,node-0094,node-0094,0,0,0
trace-048,and-dependency,1,8,top-one,node-0094,,1,1,0
trace-048,and-dependency,1,8,expiry-skyline,node-0094,,1,1,0
trace-048,and-dependency,1,9,direct,node-0103,node-0103,0,0,0
trace-048,and-dependency,1,9,verified,node-0103,node-0103,0,0,0
trace-048,and-dependency,1,9,full-compiled,node-0103,node-0103,0,0,0
trace-048,and-dependency,1,9,timestamp-only,node-0103,node-0031,1,1,1
trace-048,and-dependency,1,9,no-ancestor-expiry,node-0103,node-0110,1,1,1
trace-048,and-dependency,1,9,no-ancestor-revocation,node-0103,node-0031,1,1,1
trace-048,and-dependency,1,9,no-alias-obligations,node-0103,node-0103,0,0,0
trace-048,and-dependency,1,9,top-one,node-0103,,1,1,0
trace-048,and-dependency,1,9,expiry-skyline,node-0103,,1,1,0
trace-048,and-dependency,1,10,direct,node-0031,node-0031,0,0,0
trace-048,and-dependency,1,10,verified,node-0031,node-0031,0,0,0
trace-048,and-dependency,1,10,full-compiled,node-0031,node-0031,0,0,0
trace-048,and-dependency,1,10,timestamp-only,node-0031,node-0031,0,0,0
trace-048,and-dependency,1,10,no-ancestor-expiry,node-0031,node-0031,0,0,0
trace-048,and-dependency,1,10,no-ancestor-revocation,node-0031,node-0031,0,0,0
trace-048,and-dependency,1,10,no-alias-obligations,node-0031,node-0031,0,0,0
trace-048,and-dependency,1,10,top-one,node-0031,node-0031,0,0,0
trace-048,and-dependency,1,10,expiry-skyline,node-0031,node-0031,0,0,0
trace-048,and-dependency,1,11,direct,node-0003,node-0003,0,0,0
trace-048,and-dependency,1,11,verified,node-0003,node-0003,0,0,0
trace-048,and-dependency,1,11,full-compiled,node-0003,node-0003,0,0,0
trace-048,and-dependency,1,11,timestamp-only,node-0003,node-0018,1,1,1
trace-048,and-dependency,1,11,no-ancestor-expiry,node-0003,node-0003,0,0,0
trace-048,and-dependency,1,11,no-ancestor-revocation,node-0003,node-0019,1,1,1
trace-048,and-dependency,1,11,no-alias-obligations,node-0003,node-0030,1,1,1
trace-048,and-dependency,1,11,top-one,node-0003,,1,1,0
trace-048,and-dependency,1,11,expiry-skyline,node-0003,,1,1,0
trace-049,and-dependency,0,0,direct,node-0057,node-0057,0,0,0
trace-049,and-dependency,0,0,verified,node-0057,node-0057,0,0,0
trace-049,and-dependency,0,0,full-compiled,node-0057,node-0057,0,0,0
trace-049,and-dependency,0,0,timestamp-only,node-0057,node-0120,1,1,1
trace-049,and-dependency,0,0,no-ancestor-expiry,node-0057,node-0120,1,1,1
trace-049,and-dependency,0,0,no-ancestor-revocation,node-0057,node-0057,0,0,0
trace-049,and-dependency,0,0,no-alias-obligations,node-0057,node-0057,0,0,0
trace-049,and-dependency,0,0,top-one,node-0057,node-0057,0,0,0
trace-049,and-dependency,0,0,expiry-skyline,node-0057,node-0057,0,0,0
trace-049,and-dependency,0,1,direct,node-0057,node-0057,0,0,0
trace-049,and-dependency,0,1,verified,node-0057,node-0057,0,0,0
trace-049,and-dependency,0,1,full-compiled,node-0057,node-0057,0,0,0
trace-049,and-dependency,0,1,timestamp-only,node-0057,node-0120,1,1,1
trace-049,and-dependency,0,1,no-ancestor-expiry,node-0057,node-0057,0,0,0
trace-049,and-dependency,0,1,no-ancestor-revocation,node-0057,node-0057,0,0,0
trace-049,and-dependency,0,1,no-alias-obligations,node-0057,node-0057,0,0,0
trace-049,and-dependency,0,1,top-one,node-0057,node-0057,0,0,0
trace-049,and-dependency,0,1,expiry-skyline,node-0057,node-0057,0,0,0
trace-049,and-dependency,0,2,direct,node-0088,node-0088,0,0,0
trace-049,and-dependency,0,2,verified,node-0088,node-0088,0,0,0
trace-049,and-dependency,0,2,full-compiled,node-0088,node-0088,0,0,0
trace-049,and-dependency,0,2,timestamp-only,node-0088,node-0072,1,1,1
trace-049,and-dependency,0,2,no-ancestor-expiry,node-0088,node-0088,0,0,0
trace-049,and-dependency,0,2,no-ancestor-revocation,node-0088,node-0088,0,0,0
trace-049,and-dependency,0,2,no-alias-obligations,node-0088,node-0017,1,1,1
trace-049,and-dependency,0,2,top-one,node-0088,,1,1,0
trace-049,and-dependency,0,2,expiry-skyline,node-0088,,1,1,0
trace-049,and-dependency,0,3,direct,node-0057,node-0057,0,0,0
trace-049,and-dependency,0,3,verified,node-0057,node-0057,0,0,0
trace-049,and-dependency,0,3,full-compiled,node-0057,node-0057,0,0,0
trace-049,and-dependency,0,3,timestamp-only,node-0057,node-0120,1,1,1
trace-049,and-dependency,0,3,no-ancestor-expiry,node-0057,node-0057,0,0,0
trace-049,and-dependency,0,3,no-ancestor-revocation,node-0057,node-0057,0,0,0
trace-049,and-dependency,0,3,no-alias-obligations,node-0057,node-0057,0,0,0
trace-049,and-dependency,0,3,top-one,node-0057,node-0057,0,0,0
trace-049,and-dependency,0,3,expiry-skyline,node-0057,node-0057,0,0,0
trace-049,and-dependency,0,4,direct,node-0057,node-0057,0,0,0
trace-049,and-dependency,0,4,verified,node-0057,node-0057,0,0,0
trace-049,and-dependency,0,4,full-compiled,node-0057,node-0057,0,0,0
trace-049,and-dependency,0,4,timestamp-only,node-0057,node-0120,1,1,1
trace-049,and-dependency,0,4,no-ancestor-expiry,node-0057,node-0120,1,1,1
trace-049,and-dependency,0,4,no-ancestor-revocation,node-0057,node-0057,0,0,0
trace-049,and-dependency,0,4,no-alias-obligations,node-0057,node-0057,0,0,0
trace-049,and-dependency,0,4,top-one,node-0057,node-0057,0,0,0
trace-049,and-dependency,0,4,expiry-skyline,node-0057,node-0057,0,0,0
trace-049,and-dependency,0,5,direct,node-0057,node-0057,0,0,0
trace-049,and-dependency,0,5,verified,node-0057,node-0057,0,0,0
trace-049,and-dependency,0,5,full-compiled,node-0057,node-0057,0,0,0
trace-049,and-dependency,0,5,timestamp-only,node-0057,node-0120,1,1,1
trace-049,and-dependency,0,5,no-ancestor-expiry,node-0057,node-0120,1,1,1
trace-049,and-dependency,0,5,no-ancestor-revocation,node-0057,node-0057,0,0,0
trace-049,and-dependency,0,5,no-alias-obligations,node-0057,node-0057,0,0,0
trace-049,and-dependency,0,5,top-one,node-0057,node-0057,0,0,0
trace-049,and-dependency,0,5,expiry-skyline,node-0057,node-0057,0,0,0
trace-049,and-dependency,0,6,direct,,,0,0,0
trace-049,and-dependency,0,6,verified,,,0,0,0
trace-049,and-dependency,0,6,full-compiled,,,0,0,0
trace-049,and-dependency,0,6,timestamp-only,,node-0120,1,1,1
trace-049,and-dependency,0,6,no-ancestor-expiry,,node-0120,1,1,1
trace-049,and-dependency,0,6,no-ancestor-revocation,,,0,0,0
trace-049,and-dependency,0,6,no-alias-obligations,,node-0057,1,1,1
trace-049,and-dependency,0,6,top-one,,,0,0,0
trace-049,and-dependency,0,6,expiry-skyline,,,0,0,0
trace-049,and-dependency,0,7,direct,,,0,0,0
trace-049,and-dependency,0,7,verified,,,0,0,0
trace-049,and-dependency,0,7,full-compiled,,,0,0,0
trace-049,and-dependency,0,7,timestamp-only,,,0,0,0
trace-049,and-dependency,0,7,no-ancestor-expiry,,,0,0,0
trace-049,and-dependency,0,7,no-ancestor-revocation,,,0,0,0
trace-049,and-dependency,0,7,no-alias-obligations,,,0,0,0
trace-049,and-dependency,0,7,top-one,,,0,0,0
trace-049,and-dependency,0,7,expiry-skyline,,,0,0,0
trace-049,and-dependency,0,8,direct,node-0088,node-0088,0,0,0
trace-049,and-dependency,0,8,verified,node-0088,node-0088,0,0,0
trace-049,and-dependency,0,8,full-compiled,node-0088,node-0088,0,0,0
trace-049,and-dependency,0,8,timestamp-only,node-0088,node-0072,1,1,1
trace-049,and-dependency,0,8,no-ancestor-expiry,node-0088,node-0088,0,0,0
trace-049,and-dependency,0,8,no-ancestor-revocation,node-0088,node-0088,0,0,0
trace-049,and-dependency,0,8,no-alias-obligations,node-0088,node-0017,1,1,1
trace-049,and-dependency,0,8,top-one,node-0088,,1,1,0
trace-049,and-dependency,0,8,expiry-skyline,node-0088,,1,1,0
trace-049,and-dependency,0,9,direct,node-0092,node-0092,0,0,0
trace-049,and-dependency,0,9,verified,node-0092,node-0092,0,0,0
trace-049,and-dependency,0,9,full-compiled,node-0092,node-0092,0,0,0
trace-049,and-dependency,0,9,timestamp-only,node-0092,node-0072,1,1,1
trace-049,and-dependency,0,9,no-ancestor-expiry,node-0092,node-0092,0,0,0
trace-049,and-dependency,0,9,no-ancestor-revocation,node-0092,node-0088,1,1,1
trace-049,and-dependency,0,9,no-alias-obligations,node-0092,node-0117,1,1,1
trace-049,and-dependency,0,9,top-one,node-0092,,1,1,0
trace-049,and-dependency,0,9,expiry-skyline,node-0092,,1,1,0
trace-049,and-dependency,0,10,direct,node-0057,node-0057,0,0,0
trace-049,and-dependency,0,10,verified,node-0057,node-0057,0,0,0
trace-049,and-dependency,0,10,full-compiled,node-0057,node-0057,0,0,0
trace-049,and-dependency,0,10,timestamp-only,node-0057,node-0120,1,1,1
trace-049,and-dependency,0,10,no-ancestor-expiry,node-0057,node-0057,0,0,0
trace-049,and-dependency,0,10,no-ancestor-revocation,node-0057,node-0057,0,0,0
trace-049,and-dependency,0,10,no-alias-obligations,node-0057,node-0057,0,0,0
trace-049,and-dependency,0,10,top-one,node-0057,node-0057,0,0,0
trace-049,and-dependency,0,10,expiry-skyline,node-0057,node-0057,0,0,0
trace-049,and-dependency,0,11,direct,,,0,0,0
trace-049,and-dependency,0,11,verified,,,0,0,0
trace-049,and-dependency,0,11,full-compiled,,,0,0,0
trace-049,and-dependency,0,11,timestamp-only,,node-0037,1,1,1
trace-049,and-dependency,0,11,no-ancestor-expiry,,,0,0,0
trace-049,and-dependency,0,11,no-ancestor-revocation,,,0,0,0
trace-049,and-dependency,0,11,no-alias-obligations,,node-0117,1,1,1
trace-049,and-dependency,0,11,top-one,,,0,0,0
trace-049,and-dependency,0,11,expiry-skyline,,,0,0,0
trace-049,and-dependency,1,0,direct,node-0074,node-0074,0,0,0
trace-049,and-dependency,1,0,verified,node-0074,node-0074,0,0,0
trace-049,and-dependency,1,0,full-compiled,node-0074,node-0074,0,0,0
trace-049,and-dependency,1,0,timestamp-only,node-0074,node-0074,0,0,0
trace-049,and-dependency,1,0,no-ancestor-expiry,node-0074,node-0074,0,0,0
trace-049,and-dependency,1,0,no-ancestor-revocation,node-0074,node-0074,0,0,0
trace-049,and-dependency,1,0,no-alias-obligations,node-0074,node-0074,0,0,0
trace-049,and-dependency,1,0,top-one,node-0074,node-0074,0,0,0
trace-049,and-dependency,1,0,expiry-skyline,node-0074,node-0074,0,0,0
trace-049,and-dependency,1,1,direct,node-0074,node-0074,0,0,0
trace-049,and-dependency,1,1,verified,node-0074,node-0074,0,0,0
trace-049,and-dependency,1,1,full-compiled,node-0074,node-0074,0,0,0
trace-049,and-dependency,1,1,timestamp-only,node-0074,node-0074,0,0,0
trace-049,and-dependency,1,1,no-ancestor-expiry,node-0074,node-0074,0,0,0
trace-049,and-dependency,1,1,no-ancestor-revocation,node-0074,node-0074,0,0,0
trace-049,and-dependency,1,1,no-alias-obligations,node-0074,node-0074,0,0,0
trace-049,and-dependency,1,1,top-one,node-0074,node-0074,0,0,0
trace-049,and-dependency,1,1,expiry-skyline,node-0074,node-0074,0,0,0
trace-049,and-dependency,1,2,direct,node-0123,node-0123,0,0,0
trace-049,and-dependency,1,2,verified,node-0123,node-0123,0,0,0
trace-049,and-dependency,1,2,full-compiled,node-0123,node-0123,0,0,0
trace-049,and-dependency,1,2,timestamp-only,node-0123,node-0091,1,1,1
trace-049,and-dependency,1,2,no-ancestor-expiry,node-0123,node-0123,0,0,0
trace-049,and-dependency,1,2,no-ancestor-revocation,node-0123,node-0091,1,1,1
trace-049,and-dependency,1,2,no-alias-obligations,node-0123,node-0123,0,0,0
trace-049,and-dependency,1,2,top-one,node-0123,,1,1,0
trace-049,and-dependency,1,2,expiry-skyline,node-0123,node-0083,1,1,0
trace-049,and-dependency,1,3,direct,node-0074,node-0074,0,0,0
trace-049,and-dependency,1,3,verified,node-0074,node-0074,0,0,0
trace-049,and-dependency,1,3,full-compiled,node-0074,node-0074,0,0,0
trace-049,and-dependency,1,3,timestamp-only,node-0074,node-0074,0,0,0
trace-049,and-dependency,1,3,no-ancestor-expiry,node-0074,node-0074,0,0,0
trace-049,and-dependency,1,3,no-ancestor-revocation,node-0074,node-0074,0,0,0
trace-049,and-dependency,1,3,no-alias-obligations,node-0074,node-0074,0,0,0
trace-049,and-dependency,1,3,top-one,node-0074,node-0074,0,0,0
trace-049,and-dependency,1,3,expiry-skyline,node-0074,node-0074,0,0,0
trace-049,and-dependency,1,4,direct,node-0074,node-0074,0,0,0
trace-049,and-dependency,1,4,verified,node-0074,node-0074,0,0,0
trace-049,and-dependency,1,4,full-compiled,node-0074,node-0074,0,0,0
trace-049,and-dependency,1,4,timestamp-only,node-0074,node-0074,0,0,0
trace-049,and-dependency,1,4,no-ancestor-expiry,node-0074,node-0074,0,0,0
trace-049,and-dependency,1,4,no-ancestor-revocation,node-0074,node-0074,0,0,0
trace-049,and-dependency,1,4,no-alias-obligations,node-0074,node-0074,0,0,0
trace-049,and-dependency,1,4,top-one,node-0074,node-0074,0,0,0
trace-049,and-dependency,1,4,expiry-skyline,node-0074,node-0074,0,0,0
trace-049,and-dependency,1,5,direct,node-0074,node-0074,0,0,0
trace-049,and-dependency,1,5,verified,node-0074,node-0074,0,0,0
trace-049,and-dependency,1,5,full-compiled,node-0074,node-0074,0,0,0
trace-049,and-dependency,1,5,timestamp-only,node-0074,node-0074,0,0,0
trace-049,and-dependency,1,5,no-ancestor-expiry,node-0074,node-0074,0,0,0
trace-049,and-dependency,1,5,no-ancestor-revocation,node-0074,node-0074,0,0,0
trace-049,and-dependency,1,5,no-alias-obligations,node-0074,node-0074,0,0,0
trace-049,and-dependency,1,5,top-one,node-0074,node-0074,0,0,0
trace-049,and-dependency,1,5,expiry-skyline,node-0074,node-0074,0,0,0
trace-049,and-dependency,1,6,direct,,,0,0,0
trace-049,and-dependency,1,6,verified,,,0,0,0
trace-049,and-dependency,1,6,full-compiled,,,0,0,0
trace-049,and-dependency,1,6,timestamp-only,,node-0031,1,1,1
trace-049,and-dependency,1,6,no-ancestor-expiry,,node-0031,1,1,1
trace-049,and-dependency,1,6,no-ancestor-revocation,,,0,0,0
trace-049,and-dependency,1,6,no-alias-obligations,,,0,0,0
trace-049,and-dependency,1,6,top-one,,,0,0,0
trace-049,and-dependency,1,6,expiry-skyline,,,0,0,0
trace-049,and-dependency,1,7,direct,,,0,0,0
trace-049,and-dependency,1,7,verified,,,0,0,0
trace-049,and-dependency,1,7,full-compiled,,,0,0,0
trace-049,and-dependency,1,7,timestamp-only,,,0,0,0
trace-049,and-dependency,1,7,no-ancestor-expiry,,,0,0,0
trace-049,and-dependency,1,7,no-ancestor-revocation,,,0,0,0
trace-049,and-dependency,1,7,no-alias-obligations,,,0,0,0
trace-049,and-dependency,1,7,top-one,,,0,0,0
trace-049,and-dependency,1,7,expiry-skyline,,,0,0,0
trace-049,and-dependency,1,8,direct,node-0123,node-0123,0,0,0
trace-049,and-dependency,1,8,verified,node-0123,node-0123,0,0,0
trace-049,and-dependency,1,8,full-compiled,node-0123,node-0123,0,0,0
trace-049,and-dependency,1,8,timestamp-only,node-0123,node-0091,1,1,1
trace-049,and-dependency,1,8,no-ancestor-expiry,node-0123,node-0123,0,0,0
trace-049,and-dependency,1,8,no-ancestor-revocation,node-0123,node-0091,1,1,1
trace-049,and-dependency,1,8,no-alias-obligations,node-0123,node-0123,0,0,0
trace-049,and-dependency,1,8,top-one,node-0123,,1,1,0
trace-049,and-dependency,1,8,expiry-skyline,node-0123,node-0083,1,1,0
trace-049,and-dependency,1,9,direct,node-0123,node-0123,0,0,0
trace-049,and-dependency,1,9,verified,node-0123,node-0123,0,0,0
trace-049,and-dependency,1,9,full-compiled,node-0123,node-0123,0,0,0
trace-049,and-dependency,1,9,timestamp-only,node-0123,node-0091,1,1,1
trace-049,and-dependency,1,9,no-ancestor-expiry,node-0123,node-0123,0,0,0
trace-049,and-dependency,1,9,no-ancestor-revocation,node-0123,node-0091,1,1,1
trace-049,and-dependency,1,9,no-alias-obligations,node-0123,node-0123,0,0,0
trace-049,and-dependency,1,9,top-one,node-0123,,1,1,0
trace-049,and-dependency,1,9,expiry-skyline,node-0123,node-0083,1,1,0
trace-049,and-dependency,1,10,direct,node-0074,node-0074,0,0,0
trace-049,and-dependency,1,10,verified,node-0074,node-0074,0,0,0
trace-049,and-dependency,1,10,full-compiled,node-0074,node-0074,0,0,0
trace-049,and-dependency,1,10,timestamp-only,node-0074,node-0074,0,0,0
trace-049,and-dependency,1,10,no-ancestor-expiry,node-0074,node-0074,0,0,0
trace-049,and-dependency,1,10,no-ancestor-revocation,node-0074,node-0074,0,0,0
trace-049,and-dependency,1,10,no-alias-obligations,node-0074,node-0074,0,0,0
trace-049,and-dependency,1,10,top-one,node-0074,node-0074,0,0,0
trace-049,and-dependency,1,10,expiry-skyline,node-0074,node-0074,0,0,0
trace-049,and-dependency,1,11,direct,node-0123,node-0123,0,0,0
trace-049,and-dependency,1,11,verified,node-0123,node-0123,0,0,0
trace-049,and-dependency,1,11,full-compiled,node-0123,node-0123,0,0,0
trace-049,and-dependency,1,11,timestamp-only,node-0123,node-0091,1,1,1
trace-049,and-dependency,1,11,no-ancestor-expiry,node-0123,node-0123,0,0,0
trace-049,and-dependency,1,11,no-ancestor-revocation,node-0123,node-0123,0,0,0
trace-049,and-dependency,1,11,no-alias-obligations,node-0123,node-0123,0,0,0
trace-049,and-dependency,1,11,top-one,node-0123,,1,1,0
trace-049,and-dependency,1,11,expiry-skyline,node-0123,,1,1,0
trace-050,and-dependency,0,0,direct,node-0000,node-0000,0,0,0
trace-050,and-dependency,0,0,verified,node-0000,node-0000,0,0,0
trace-050,and-dependency,0,0,full-compiled,node-0000,node-0000,0,0,0
trace-050,and-dependency,0,0,timestamp-only,node-0000,node-0125,1,1,1
trace-050,and-dependency,0,0,no-ancestor-expiry,node-0000,node-0125,1,1,1
trace-050,and-dependency,0,0,no-ancestor-revocation,node-0000,node-0000,0,0,0
trace-050,and-dependency,0,0,no-alias-obligations,node-0000,node-0000,0,0,0
trace-050,and-dependency,0,0,top-one,node-0000,node-0000,0,0,0
trace-050,and-dependency,0,0,expiry-skyline,node-0000,node-0000,0,0,0
trace-050,and-dependency,0,1,direct,node-0000,node-0000,0,0,0
trace-050,and-dependency,0,1,verified,node-0000,node-0000,0,0,0
trace-050,and-dependency,0,1,full-compiled,node-0000,node-0000,0,0,0
trace-050,and-dependency,0,1,timestamp-only,node-0000,node-0125,1,1,1
trace-050,and-dependency,0,1,no-ancestor-expiry,node-0000,node-0000,0,0,0
trace-050,and-dependency,0,1,no-ancestor-revocation,node-0000,node-0000,0,0,0
trace-050,and-dependency,0,1,no-alias-obligations,node-0000,node-0000,0,0,0
trace-050,and-dependency,0,1,top-one,node-0000,node-0000,0,0,0
trace-050,and-dependency,0,1,expiry-skyline,node-0000,node-0000,0,0,0
trace-050,and-dependency,0,2,direct,node-0016,node-0016,0,0,0
trace-050,and-dependency,0,2,verified,node-0016,node-0016,0,0,0
trace-050,and-dependency,0,2,full-compiled,node-0016,node-0016,0,0,0
trace-050,and-dependency,0,2,timestamp-only,node-0016,node-0049,1,1,1
trace-050,and-dependency,0,2,no-ancestor-expiry,node-0016,node-0016,0,0,0
trace-050,and-dependency,0,2,no-ancestor-revocation,node-0016,node-0016,0,0,0
trace-050,and-dependency,0,2,no-alias-obligations,node-0016,node-0016,0,0,0
trace-050,and-dependency,0,2,top-one,node-0016,,1,1,0
trace-050,and-dependency,0,2,expiry-skyline,node-0016,,1,1,0
trace-050,and-dependency,0,3,direct,node-0000,node-0000,0,0,0
trace-050,and-dependency,0,3,verified,node-0000,node-0000,0,0,0
trace-050,and-dependency,0,3,full-compiled,node-0000,node-0000,0,0,0
trace-050,and-dependency,0,3,timestamp-only,node-0000,node-0125,1,1,1
trace-050,and-dependency,0,3,no-ancestor-expiry,node-0000,node-0000,0,0,0
trace-050,and-dependency,0,3,no-ancestor-revocation,node-0000,node-0000,0,0,0
trace-050,and-dependency,0,3,no-alias-obligations,node-0000,node-0000,0,0,0
trace-050,and-dependency,0,3,top-one,node-0000,node-0000,0,0,0
trace-050,and-dependency,0,3,expiry-skyline,node-0000,node-0000,0,0,0
trace-050,and-dependency,0,4,direct,node-0000,node-0000,0,0,0
trace-050,and-dependency,0,4,verified,node-0000,node-0000,0,0,0
trace-050,and-dependency,0,4,full-compiled,node-0000,node-0000,0,0,0
trace-050,and-dependency,0,4,timestamp-only,node-0000,node-0125,1,1,1
trace-050,and-dependency,0,4,no-ancestor-expiry,node-0000,node-0125,1,1,1
trace-050,and-dependency,0,4,no-ancestor-revocation,node-0000,node-0000,0,0,0
trace-050,and-dependency,0,4,no-alias-obligations,node-0000,node-0000,0,0,0
trace-050,and-dependency,0,4,top-one,node-0000,node-0000,0,0,0
trace-050,and-dependency,0,4,expiry-skyline,node-0000,node-0000,0,0,0
trace-050,and-dependency,0,5,direct,node-0000,node-0000,0,0,0
trace-050,and-dependency,0,5,verified,node-0000,node-0000,0,0,0
trace-050,and-dependency,0,5,full-compiled,node-0000,node-0000,0,0,0
trace-050,and-dependency,0,5,timestamp-only,node-0000,node-0125,1,1,1
trace-050,and-dependency,0,5,no-ancestor-expiry,node-0000,node-0125,1,1,1
trace-050,and-dependency,0,5,no-ancestor-revocation,node-0000,node-0000,0,0,0
trace-050,and-dependency,0,5,no-alias-obligations,node-0000,node-0000,0,0,0
trace-050,and-dependency,0,5,top-one,node-0000,node-0000,0,0,0
trace-050,and-dependency,0,5,expiry-skyline,node-0000,node-0000,0,0,0
trace-050,and-dependency,0,6,direct,node-0000,node-0000,0,0,0
trace-050,and-dependency,0,6,verified,node-0000,node-0000,0,0,0
trace-050,and-dependency,0,6,full-compiled,node-0000,node-0000,0,0,0
trace-050,and-dependency,0,6,timestamp-only,node-0000,node-0000,0,0,0
trace-050,and-dependency,0,6,no-ancestor-expiry,node-0000,node-0000,0,0,0
trace-050,and-dependency,0,6,no-ancestor-revocation,node-0000,node-0000,0,0,0
trace-050,and-dependency,0,6,no-alias-obligations,node-0000,node-0000,0,0,0
trace-050,and-dependency,0,6,top-one,node-0000,node-0000,0,0,0
trace-050,and-dependency,0,6,expiry-skyline,node-0000,node-0000,0,0,0
trace-050,and-dependency,0,7,direct,,,0,0,0
trace-050,and-dependency,0,7,verified,,,0,0,0
trace-050,and-dependency,0,7,full-compiled,,,0,0,0
trace-050,and-dependency,0,7,timestamp-only,,,0,0,0
trace-050,and-dependency,0,7,no-ancestor-expiry,,,0,0,0
trace-050,and-dependency,0,7,no-ancestor-revocation,,,0,0,0
trace-050,and-dependency,0,7,no-alias-obligations,,,0,0,0
trace-050,and-dependency,0,7,top-one,,,0,0,0
trace-050,and-dependency,0,7,expiry-skyline,,,0,0,0
trace-050,and-dependency,0,8,direct,node-0000,node-0000,0,0,0
trace-050,and-dependency,0,8,verified,node-0000,node-0000,0,0,0
trace-050,and-dependency,0,8,full-compiled,node-0000,node-0000,0,0,0
trace-050,and-dependency,0,8,timestamp-only,node-0000,node-0125,1,1,1
trace-050,and-dependency,0,8,no-ancestor-expiry,node-0000,node-0000,0,0,0
trace-050,and-dependency,0,8,no-ancestor-revocation,node-0000,node-0000,0,0,0
trace-050,and-dependency,0,8,no-alias-obligations,node-0000,node-0000,0,0,0
trace-050,and-dependency,0,8,top-one,node-0000,node-0000,0,0,0
trace-050,and-dependency,0,8,expiry-skyline,node-0000,node-0000,0,0,0
trace-050,and-dependency,0,9,direct,node-0000,node-0000,0,0,0
trace-050,and-dependency,0,9,verified,node-0000,node-0000,0,0,0
trace-050,and-dependency,0,9,full-compiled,node-0000,node-0000,0,0,0
trace-050,and-dependency,0,9,timestamp-only,node-0000,node-0125,1,1,1
trace-050,and-dependency,0,9,no-ancestor-expiry,node-0000,node-0000,0,0,0
trace-050,and-dependency,0,9,no-ancestor-revocation,node-0000,node-0000,0,0,0
trace-050,and-dependency,0,9,no-alias-obligations,node-0000,node-0000,0,0,0
trace-050,and-dependency,0,9,top-one,node-0000,node-0000,0,0,0
trace-050,and-dependency,0,9,expiry-skyline,node-0000,node-0000,0,0,0
trace-050,and-dependency,0,10,direct,node-0000,node-0000,0,0,0
trace-050,and-dependency,0,10,verified,node-0000,node-0000,0,0,0
trace-050,and-dependency,0,10,full-compiled,node-0000,node-0000,0,0,0
trace-050,and-dependency,0,10,timestamp-only,node-0000,node-0125,1,1,1
trace-050,and-dependency,0,10,no-ancestor-expiry,node-0000,node-0000,0,0,0
trace-050,and-dependency,0,10,no-ancestor-revocation,node-0000,node-0000,0,0,0
trace-050,and-dependency,0,10,no-alias-obligations,node-0000,node-0000,0,0,0
trace-050,and-dependency,0,10,top-one,node-0000,node-0000,0,0,0
trace-050,and-dependency,0,10,expiry-skyline,node-0000,node-0000,0,0,0
trace-050,and-dependency,0,11,direct,node-0088,node-0088,0,0,0
trace-050,and-dependency,0,11,verified,node-0088,node-0088,0,0,0
trace-050,and-dependency,0,11,full-compiled,node-0088,node-0088,0,0,0
trace-050,and-dependency,0,11,timestamp-only,node-0088,node-0116,1,1,1
trace-050,and-dependency,0,11,no-ancestor-expiry,node-0088,node-0088,0,0,0
trace-050,and-dependency,0,11,no-ancestor-revocation,node-0088,node-0088,0,0,0
trace-050,and-dependency,0,11,no-alias-obligations,node-0088,node-0088,0,0,0
trace-050,and-dependency,0,11,top-one,node-0088,,1,1,0
trace-050,and-dependency,0,11,expiry-skyline,node-0088,,1,1,0
trace-050,and-dependency,1,0,direct,node-0030,node-0030,0,0,0
trace-050,and-dependency,1,0,verified,node-0030,node-0030,0,0,0
trace-050,and-dependency,1,0,full-compiled,node-0030,node-0030,0,0,0
trace-050,and-dependency,1,0,timestamp-only,node-0030,node-0123,1,1,1
trace-050,and-dependency,1,0,no-ancestor-expiry,node-0030,node-0123,1,1,1
trace-050,and-dependency,1,0,no-ancestor-revocation,node-0030,node-0030,0,0,0
trace-050,and-dependency,1,0,no-alias-obligations,node-0030,node-0030,0,0,0
trace-050,and-dependency,1,0,top-one,node-0030,node-0030,0,0,0
trace-050,and-dependency,1,0,expiry-skyline,node-0030,node-0030,0,0,0
trace-050,and-dependency,1,1,direct,node-0030,node-0030,0,0,0
trace-050,and-dependency,1,1,verified,node-0030,node-0030,0,0,0
trace-050,and-dependency,1,1,full-compiled,node-0030,node-0030,0,0,0
trace-050,and-dependency,1,1,timestamp-only,node-0030,node-0123,1,1,1
trace-050,and-dependency,1,1,no-ancestor-expiry,node-0030,node-0030,0,0,0
trace-050,and-dependency,1,1,no-ancestor-revocation,node-0030,node-0030,0,0,0
trace-050,and-dependency,1,1,no-alias-obligations,node-0030,node-0030,0,0,0
trace-050,and-dependency,1,1,top-one,node-0030,node-0030,0,0,0
trace-050,and-dependency,1,1,expiry-skyline,node-0030,node-0030,0,0,0
trace-050,and-dependency,1,2,direct,node-0011,node-0011,0,0,0
trace-050,and-dependency,1,2,verified,node-0011,node-0011,0,0,0
trace-050,and-dependency,1,2,full-compiled,node-0011,node-0011,0,0,0
trace-050,and-dependency,1,2,timestamp-only,node-0011,node-0046,1,1,1
trace-050,and-dependency,1,2,no-ancestor-expiry,node-0011,node-0011,0,0,0
trace-050,and-dependency,1,2,no-ancestor-revocation,node-0011,node-0011,0,0,0
trace-050,and-dependency,1,2,no-alias-obligations,node-0011,node-0011,0,0,0
trace-050,and-dependency,1,2,top-one,node-0011,,1,1,0
trace-050,and-dependency,1,2,expiry-skyline,node-0011,node-0003,1,1,0
trace-050,and-dependency,1,3,direct,node-0087,node-0087,0,0,0
trace-050,and-dependency,1,3,verified,node-0087,node-0087,0,0,0
trace-050,and-dependency,1,3,full-compiled,node-0087,node-0087,0,0,0
trace-050,and-dependency,1,3,timestamp-only,node-0087,node-0123,1,1,1
trace-050,and-dependency,1,3,no-ancestor-expiry,node-0087,node-0087,0,0,0
trace-050,and-dependency,1,3,no-ancestor-revocation,node-0087,node-0087,0,0,0
trace-050,and-dependency,1,3,no-alias-obligations,node-0087,node-0087,0,0,0
trace-050,and-dependency,1,3,top-one,node-0087,,1,1,0
trace-050,and-dependency,1,3,expiry-skyline,node-0087,node-0087,0,0,0
trace-050,and-dependency,1,4,direct,node-0087,node-0087,0,0,0
trace-050,and-dependency,1,4,verified,node-0087,node-0087,0,0,0
trace-050,and-dependency,1,4,full-compiled,node-0087,node-0087,0,0,0
trace-050,and-dependency,1,4,timestamp-only,node-0087,node-0123,1,1,1
trace-050,and-dependency,1,4,no-ancestor-expiry,node-0087,node-0123,1,1,1
trace-050,and-dependency,1,4,no-ancestor-revocation,node-0087,node-0087,0,0,0
trace-050,and-dependency,1,4,no-alias-obligations,node-0087,node-0087,0,0,0
trace-050,and-dependency,1,4,top-one,node-0087,,1,1,0
trace-050,and-dependency,1,4,expiry-skyline,node-0087,node-0087,0,0,0
trace-050,and-dependency,1,5,direct,node-0087,node-0087,0,0,0
trace-050,and-dependency,1,5,verified,node-0087,node-0087,0,0,0
trace-050,and-dependency,1,5,full-compiled,node-0087,node-0087,0,0,0
trace-050,and-dependency,1,5,timestamp-only,node-0087,node-0087,0,0,0
trace-050,and-dependency,1,5,no-ancestor-expiry,node-0087,node-0087,0,0,0
trace-050,and-dependency,1,5,no-ancestor-revocation,node-0087,node-0087,0,0,0
trace-050,and-dependency,1,5,no-alias-obligations,node-0087,node-0087,0,0,0
trace-050,and-dependency,1,5,top-one,node-0087,,1,1,0
trace-050,and-dependency,1,5,expiry-skyline,node-0087,node-0087,0,0,0
trace-050,and-dependency,1,6,direct,node-0003,node-0003,0,0,0
trace-050,and-dependency,1,6,verified,node-0003,node-0003,0,0,0
trace-050,and-dependency,1,6,full-compiled,node-0003,node-0003,0,0,0
trace-050,and-dependency,1,6,timestamp-only,node-0003,node-0118,1,1,1
trace-050,and-dependency,1,6,no-ancestor-expiry,node-0003,node-0003,0,0,0
trace-050,and-dependency,1,6,no-ancestor-revocation,node-0003,node-0003,0,0,0
trace-050,and-dependency,1,6,no-alias-obligations,node-0003,node-0003,0,0,0
trace-050,and-dependency,1,6,top-one,node-0003,,1,1,0
trace-050,and-dependency,1,6,expiry-skyline,node-0003,node-0003,0,0,0
trace-050,and-dependency,1,7,direct,,,0,0,0
trace-050,and-dependency,1,7,verified,,,0,0,0
trace-050,and-dependency,1,7,full-compiled,,,0,0,0
trace-050,and-dependency,1,7,timestamp-only,,,0,0,0
trace-050,and-dependency,1,7,no-ancestor-expiry,,,0,0,0
trace-050,and-dependency,1,7,no-ancestor-revocation,,,0,0,0
trace-050,and-dependency,1,7,no-alias-obligations,,,0,0,0
trace-050,and-dependency,1,7,top-one,,,0,0,0
trace-050,and-dependency,1,7,expiry-skyline,,,0,0,0
trace-050,and-dependency,1,8,direct,node-0030,node-0030,0,0,0
trace-050,and-dependency,1,8,verified,node-0030,node-0030,0,0,0
trace-050,and-dependency,1,8,full-compiled,node-0030,node-0030,0,0,0
trace-050,and-dependency,1,8,timestamp-only,node-0030,node-0123,1,1,1
trace-050,and-dependency,1,8,no-ancestor-expiry,node-0030,node-0030,0,0,0
trace-050,and-dependency,1,8,no-ancestor-revocation,node-0030,node-0030,0,0,0
trace-050,and-dependency,1,8,no-alias-obligations,node-0030,node-0030,0,0,0
trace-050,and-dependency,1,8,top-one,node-0030,node-0030,0,0,0
trace-050,and-dependency,1,8,expiry-skyline,node-0030,node-0030,0,0,0
trace-050,and-dependency,1,9,direct,node-0087,node-0087,0,0,0
trace-050,and-dependency,1,9,verified,node-0087,node-0087,0,0,0
trace-050,and-dependency,1,9,full-compiled,node-0087,node-0087,0,0,0
trace-050,and-dependency,1,9,timestamp-only,node-0087,node-0123,1,1,1
trace-050,and-dependency,1,9,no-ancestor-expiry,node-0087,node-0087,0,0,0
trace-050,and-dependency,1,9,no-ancestor-revocation,node-0087,node-0030,1,1,1
trace-050,and-dependency,1,9,no-alias-obligations,node-0087,node-0087,0,0,0
trace-050,and-dependency,1,9,top-one,node-0087,,1,1,0
trace-050,and-dependency,1,9,expiry-skyline,node-0087,node-0087,0,0,0
trace-050,and-dependency,1,10,direct,node-0087,node-0087,0,0,0
trace-050,and-dependency,1,10,verified,node-0087,node-0087,0,0,0
trace-050,and-dependency,1,10,full-compiled,node-0087,node-0087,0,0,0
trace-050,and-dependency,1,10,timestamp-only,node-0087,node-0123,1,1,1
trace-050,and-dependency,1,10,no-ancestor-expiry,node-0087,node-0087,0,0,0
trace-050,and-dependency,1,10,no-ancestor-revocation,node-0087,node-0087,0,0,0
trace-050,and-dependency,1,10,no-alias-obligations,node-0087,node-0087,0,0,0
trace-050,and-dependency,1,10,top-one,node-0087,,1,1,0
trace-050,and-dependency,1,10,expiry-skyline,node-0087,node-0087,0,0,0
trace-050,and-dependency,1,11,direct,node-0059,node-0059,0,0,0
trace-050,and-dependency,1,11,verified,node-0059,node-0059,0,0,0
trace-050,and-dependency,1,11,full-compiled,node-0059,node-0059,0,0,0
trace-050,and-dependency,1,11,timestamp-only,node-0059,node-0059,0,0,0
trace-050,and-dependency,1,11,no-ancestor-expiry,node-0059,node-0059,0,0,0
trace-050,and-dependency,1,11,no-ancestor-revocation,node-0059,node-0059,0,0,0
trace-050,and-dependency,1,11,no-alias-obligations,node-0059,node-0059,0,0,0
trace-050,and-dependency,1,11,top-one,node-0059,,1,1,0
trace-050,and-dependency,1,11,expiry-skyline,node-0059,,1,1,0
trace-051,and-dependency,0,0,direct,node-0048,node-0048,0,0,0
trace-051,and-dependency,0,0,verified,node-0048,node-0048,0,0,0
trace-051,and-dependency,0,0,full-compiled,node-0048,node-0048,0,0,0
trace-051,and-dependency,0,0,timestamp-only,node-0048,node-0097,1,1,1
trace-051,and-dependency,0,0,no-ancestor-expiry,node-0048,node-0097,1,1,1
trace-051,and-dependency,0,0,no-ancestor-revocation,node-0048,node-0048,0,0,0
trace-051,and-dependency,0,0,no-alias-obligations,node-0048,node-0048,0,0,0
trace-051,and-dependency,0,0,top-one,node-0048,node-0048,0,0,0
trace-051,and-dependency,0,0,expiry-skyline,node-0048,node-0048,0,0,0
trace-051,and-dependency,0,1,direct,node-0009,node-0009,0,0,0
trace-051,and-dependency,0,1,verified,node-0009,node-0009,0,0,0
trace-051,and-dependency,0,1,full-compiled,node-0009,node-0009,0,0,0
trace-051,and-dependency,0,1,timestamp-only,node-0009,node-0097,1,1,1
trace-051,and-dependency,0,1,no-ancestor-expiry,node-0009,node-0049,1,0,1
trace-051,and-dependency,0,1,no-ancestor-revocation,node-0009,node-0048,1,1,1
trace-051,and-dependency,0,1,no-alias-obligations,node-0009,node-0009,0,0,0
trace-051,and-dependency,0,1,top-one,node-0009,,1,1,0
trace-051,and-dependency,0,1,expiry-skyline,node-0009,node-0009,0,0,0
trace-051,and-dependency,0,2,direct,node-0008,node-0008,0,0,0
trace-051,and-dependency,0,2,verified,node-0008,node-0008,0,0,0
trace-051,and-dependency,0,2,full-compiled,node-0008,node-0008,0,0,0
trace-051,and-dependency,0,2,timestamp-only,node-0008,node-0116,1,1,1
trace-051,and-dependency,0,2,no-ancestor-expiry,node-0008,node-0008,0,0,0
trace-051,and-dependency,0,2,no-ancestor-revocation,node-0008,node-0012,1,1,1
trace-051,and-dependency,0,2,no-alias-obligations,node-0008,node-0005,1,1,1
trace-051,and-dependency,0,2,top-one,node-0008,,1,1,0
trace-051,and-dependency,0,2,expiry-skyline,node-0008,node-0020,1,0,0
trace-051,and-dependency,0,3,direct,node-0009,node-0009,0,0,0
trace-051,and-dependency,0,3,verified,node-0009,node-0009,0,0,0
trace-051,and-dependency,0,3,full-compiled,node-0009,node-0009,0,0,0
trace-051,and-dependency,0,3,timestamp-only,node-0009,node-0097,1,1,1
trace-051,and-dependency,0,3,no-ancestor-expiry,node-0009,node-0009,0,0,0
trace-051,and-dependency,0,3,no-ancestor-revocation,node-0009,node-0048,1,1,1
trace-051,and-dependency,0,3,no-alias-obligations,node-0009,node-0009,0,0,0
trace-051,and-dependency,0,3,top-one,node-0009,,1,1,0
trace-051,and-dependency,0,3,expiry-skyline,node-0009,node-0009,0,0,0
trace-051,and-dependency,0,4,direct,node-0009,node-0009,0,0,0
trace-051,and-dependency,0,4,verified,node-0009,node-0009,0,0,0
trace-051,and-dependency,0,4,full-compiled,node-0009,node-0009,0,0,0
trace-051,and-dependency,0,4,timestamp-only,node-0009,node-0097,1,1,1
trace-051,and-dependency,0,4,no-ancestor-expiry,node-0009,node-0097,1,1,1
trace-051,and-dependency,0,4,no-ancestor-revocation,node-0009,node-0009,0,0,0
trace-051,and-dependency,0,4,no-alias-obligations,node-0009,node-0009,0,0,0
trace-051,and-dependency,0,4,top-one,node-0009,,1,1,0
trace-051,and-dependency,0,4,expiry-skyline,node-0009,node-0009,0,0,0
trace-051,and-dependency,0,5,direct,node-0009,node-0009,0,0,0
trace-051,and-dependency,0,5,verified,node-0009,node-0009,0,0,0
trace-051,and-dependency,0,5,full-compiled,node-0009,node-0009,0,0,0
trace-051,and-dependency,0,5,timestamp-only,node-0009,node-0049,1,0,1
trace-051,and-dependency,0,5,no-ancestor-expiry,node-0009,node-0049,1,0,1
trace-051,and-dependency,0,5,no-ancestor-revocation,node-0009,node-0009,0,0,0
trace-051,and-dependency,0,5,no-alias-obligations,node-0009,node-0009,0,0,0
trace-051,and-dependency,0,5,top-one,node-0009,,1,1,0
trace-051,and-dependency,0,5,expiry-skyline,node-0009,node-0009,0,0,0
trace-051,and-dependency,0,6,direct,,,0,0,0
trace-051,and-dependency,0,6,verified,,,0,0,0
trace-051,and-dependency,0,6,full-compiled,,,0,0,0
trace-051,and-dependency,0,6,timestamp-only,,node-0069,1,1,1
trace-051,and-dependency,0,6,no-ancestor-expiry,,,0,0,0
trace-051,and-dependency,0,6,no-ancestor-revocation,,,0,0,0
trace-051,and-dependency,0,6,no-alias-obligations,,,0,0,0
trace-051,and-dependency,0,6,top-one,,,0,0,0
trace-051,and-dependency,0,6,expiry-skyline,,,0,0,0
trace-051,and-dependency,0,7,direct,,,0,0,0
trace-051,and-dependency,0,7,verified,,,0,0,0
trace-051,and-dependency,0,7,full-compiled,,,0,0,0
trace-051,and-dependency,0,7,timestamp-only,,,0,0,0
trace-051,and-dependency,0,7,no-ancestor-expiry,,,0,0,0
trace-051,and-dependency,0,7,no-ancestor-revocation,,,0,0,0
trace-051,and-dependency,0,7,no-alias-obligations,,,0,0,0
trace-051,and-dependency,0,7,top-one,,,0,0,0
trace-051,and-dependency,0,7,expiry-skyline,,,0,0,0
trace-051,and-dependency,0,8,direct,node-0008,node-0008,0,0,0
trace-051,and-dependency,0,8,verified,node-0008,node-0008,0,0,0
trace-051,and-dependency,0,8,full-compiled,node-0008,node-0008,0,0,0
trace-051,and-dependency,0,8,timestamp-only,node-0008,node-0116,1,1,1
trace-051,and-dependency,0,8,no-ancestor-expiry,node-0008,node-0008,0,0,0
trace-051,and-dependency,0,8,no-ancestor-revocation,node-0008,node-0012,1,1,1
trace-051,and-dependency,0,8,no-alias-obligations,node-0008,node-0005,1,1,1
trace-051,and-dependency,0,8,top-one,node-0008,,1,1,0
trace-051,and-dependency,0,8,expiry-skyline,node-0008,node-0020,1,0,0
trace-051,and-dependency,0,9,direct,node-0001,node-0001,0,0,0
trace-051,and-dependency,0,9,verified,node-0001,node-0001,0,0,0
trace-051,and-dependency,0,9,full-compiled,node-0001,node-0001,0,0,0
trace-051,and-dependency,0,9,timestamp-only,node-0001,node-0097,1,1,1
trace-051,and-dependency,0,9,no-ancestor-expiry,node-0001,node-0001,0,0,0
trace-051,and-dependency,0,9,no-ancestor-revocation,node-0001,node-0048,1,1,1
trace-051,and-dependency,0,9,no-alias-obligations,node-0001,node-0001,0,0,0
trace-051,and-dependency,0,9,top-one,node-0001,,1,1,0
trace-051,and-dependency,0,9,expiry-skyline,node-0001,node-0001,0,0,0
trace-051,and-dependency,0,10,direct,node-0001,node-0001,0,0,0
trace-051,and-dependency,0,10,verified,node-0001,node-0001,0,0,0
trace-051,and-dependency,0,10,full-compiled,node-0001,node-0001,0,0,0
trace-051,and-dependency,0,10,timestamp-only,node-0001,node-0097,1,1,1
trace-051,and-dependency,0,10,no-ancestor-expiry,node-0001,node-0001,0,0,0
trace-051,and-dependency,0,10,no-ancestor-revocation,node-0001,node-0009,1,1,1
trace-051,and-dependency,0,10,no-alias-obligations,node-0001,node-0001,0,0,0
trace-051,and-dependency,0,10,top-one,node-0001,,1,1,0
trace-051,and-dependency,0,10,expiry-skyline,node-0001,node-0001,0,0,0
trace-051,and-dependency,0,11,direct,,,0,0,0
trace-051,and-dependency,0,11,verified,,,0,0,0
trace-051,and-dependency,0,11,full-compiled,,,0,0,0
trace-051,and-dependency,0,11,timestamp-only,,node-0001,1,1,1
trace-051,and-dependency,0,11,no-ancestor-expiry,,,0,0,0
trace-051,and-dependency,0,11,no-ancestor-revocation,,,0,0,0
trace-051,and-dependency,0,11,no-alias-obligations,,node-0001,1,1,1
trace-051,and-dependency,0,11,top-one,,,0,0,0
trace-051,and-dependency,0,11,expiry-skyline,,,0,0,0
trace-051,and-dependency,1,0,direct,node-0106,node-0106,0,0,0
trace-051,and-dependency,1,0,verified,node-0106,node-0106,0,0,0
trace-051,and-dependency,1,0,full-compiled,node-0106,node-0106,0,0,0
trace-051,and-dependency,1,0,timestamp-only,node-0106,node-0106,0,0,0
trace-051,and-dependency,1,0,no-ancestor-expiry,node-0106,node-0106,0,0,0
trace-051,and-dependency,1,0,no-ancestor-revocation,node-0106,node-0106,0,0,0
trace-051,and-dependency,1,0,no-alias-obligations,node-0106,node-0106,0,0,0
trace-051,and-dependency,1,0,top-one,node-0106,node-0106,0,0,0
trace-051,and-dependency,1,0,expiry-skyline,node-0106,node-0106,0,0,0
trace-051,and-dependency,1,1,direct,node-0007,node-0007,0,0,0
trace-051,and-dependency,1,1,verified,node-0007,node-0007,0,0,0
trace-051,and-dependency,1,1,full-compiled,node-0007,node-0007,0,0,0
trace-051,and-dependency,1,1,timestamp-only,node-0007,node-0106,1,1,1
trace-051,and-dependency,1,1,no-ancestor-expiry,node-0007,node-0055,1,1,1
trace-051,and-dependency,1,1,no-ancestor-revocation,node-0007,node-0106,1,1,1
trace-051,and-dependency,1,1,no-alias-obligations,node-0007,node-0007,0,0,0
trace-051,and-dependency,1,1,top-one,node-0007,,1,1,0
trace-051,and-dependency,1,1,expiry-skyline,node-0007,node-0007,0,0,0
trace-051,and-dependency,1,2,direct,node-0079,node-0079,0,0,0
trace-051,and-dependency,1,2,verified,node-0079,node-0079,0,0,0
trace-051,and-dependency,1,2,full-compiled,node-0079,node-0079,0,0,0
trace-051,and-dependency,1,2,timestamp-only,node-0079,node-0122,1,1,1
trace-051,and-dependency,1,2,no-ancestor-expiry,node-0079,node-0079,0,0,0
trace-051,and-dependency,1,2,no-ancestor-revocation,node-0079,node-0027,1,1,1
trace-051,and-dependency,1,2,no-alias-obligations,node-0079,node-0079,0,0,0
trace-051,and-dependency,1,2,top-one,node-0079,,1,1,0
trace-051,and-dependency,1,2,expiry-skyline,node-0079,node-0119,1,1,0
trace-051,and-dependency,1,3,direct,node-0079,node-0079,0,0,0
trace-051,and-dependency,1,3,verified,node-0079,node-0079,0,0,0
trace-051,and-dependency,1,3,full-compiled,node-0079,node-0079,0,0,0
trace-051,and-dependency,1,3,timestamp-only,node-0079,node-0106,1,1,1
trace-051,and-dependency,1,3,no-ancestor-expiry,node-0079,node-0055,1,1,1
trace-051,and-dependency,1,3,no-ancestor-revocation,node-0079,node-0007,1,1,1
trace-051,and-dependency,1,3,no-alias-obligations,node-0079,node-0079,0,0,0
trace-051,and-dependency,1,3,top-one,node-0079,,1,1,0
trace-051,and-dependency,1,3,expiry-skyline,node-0079,node-0002,1,0,0
trace-051,and-dependency,1,4,direct,node-0007,node-0007,0,0,0
trace-051,and-dependency,1,4,verified,node-0007,node-0007,0,0,0
trace-051,and-dependency,1,4,full-compiled,node-0007,node-0007,0,0,0
trace-051,and-dependency,1,4,timestamp-only,node-0007,node-0106,1,1,1
trace-051,and-dependency,1,4,no-ancestor-expiry,node-0007,node-0106,1,1,1
trace-051,and-dependency,1,4,no-ancestor-revocation,node-0007,node-0007,0,0,0
trace-051,and-dependency,1,4,no-alias-obligations,node-0007,node-0007,0,0,0
trace-051,and-dependency,1,4,top-one,node-0007,,1,1,0
trace-051,and-dependency,1,4,expiry-skyline,node-0007,node-0007,0,0,0
trace-051,and-dependency,1,5,direct,node-0002,node-0002,0,0,0
trace-051,and-dependency,1,5,verified,node-0002,node-0002,0,0,0
trace-051,and-dependency,1,5,full-compiled,node-0002,node-0002,0,0,0
trace-051,and-dependency,1,5,timestamp-only,node-0002,node-0111,1,1,1
trace-051,and-dependency,1,5,no-ancestor-expiry,node-0002,node-0111,1,1,1
trace-051,and-dependency,1,5,no-ancestor-revocation,node-0002,node-0002,0,0,0
trace-051,and-dependency,1,5,no-alias-obligations,node-0002,node-0002,0,0,0
trace-051,and-dependency,1,5,top-one,node-0002,,1,1,0
trace-051,and-dependency,1,5,expiry-skyline,node-0002,node-0002,0,0,0
trace-051,and-dependency,1,6,direct,,,0,0,0
trace-051,and-dependency,1,6,verified,,,0,0,0
trace-051,and-dependency,1,6,full-compiled,,,0,0,0
trace-051,and-dependency,1,6,timestamp-only,,node-0122,1,1,1
trace-051,and-dependency,1,6,no-ancestor-expiry,,,0,0,0
trace-051,and-dependency,1,6,no-ancestor-revocation,,,0,0,0
trace-051,and-dependency,1,6,no-alias-obligations,,node-0002,1,1,1
trace-051,and-dependency,1,6,top-one,,,0,0,0
trace-051,and-dependency,1,6,expiry-skyline,,,0,0,0
trace-051,and-dependency,1,7,direct,,,0,0,0
trace-051,and-dependency,1,7,verified,,,0,0,0
trace-051,and-dependency,1,7,full-compiled,,,0,0,0
trace-051,and-dependency,1,7,timestamp-only,,,0,0,0
trace-051,and-dependency,1,7,no-ancestor-expiry,,,0,0,0
trace-051,and-dependency,1,7,no-ancestor-revocation,,,0,0,0
trace-051,and-dependency,1,7,no-alias-obligations,,,0,0,0
trace-051,and-dependency,1,7,top-one,,,0,0,0
trace-051,and-dependency,1,7,expiry-skyline,,,0,0,0
trace-051,and-dependency,1,8,direct,node-0079,node-0079,0,0,0
trace-051,and-dependency,1,8,verified,node-0079,node-0079,0,0,0
trace-051,and-dependency,1,8,full-compiled,node-0079,node-0079,0,0,0
trace-051,and-dependency,1,8,timestamp-only,node-0079,node-0122,1,1,1
trace-051,and-dependency,1,8,no-ancestor-expiry,node-0079,node-0079,0,0,0
trace-051,and-dependency,1,8,no-ancestor-revocation,node-0079,node-0027,1,1,1
trace-051,and-dependency,1,8,no-alias-obligations,node-0079,node-0079,0,0,0
trace-051,and-dependency,1,8,top-one,node-0079,,1,1,0
trace-051,and-dependency,1,8,expiry-skyline,node-0079,node-0119,1,1,0
trace-051,and-dependency,1,9,direct,node-0007,node-0007,0,0,0
trace-051,and-dependency,1,9,verified,node-0007,node-0007,0,0,0
trace-051,and-dependency,1,9,full-compiled,node-0007,node-0007,0,0,0
trace-051,and-dependency,1,9,timestamp-only,node-0007,node-0106,1,1,1
trace-051,and-dependency,1,9,no-ancestor-expiry,node-0007,node-0055,1,1,1
trace-051,and-dependency,1,9,no-ancestor-revocation,node-0007,node-0106,1,1,1
trace-051,and-dependency,1,9,no-alias-obligations,node-0007,node-0007,0,0,0
trace-051,and-dependency,1,9,top-one,node-0007,,1,1,0
trace-051,and-dependency,1,9,expiry-skyline,node-0007,node-0007,0,0,0
trace-051,and-dependency,1,10,direct,node-0007,node-0007,0,0,0
trace-051,and-dependency,1,10,verified,node-0007,node-0007,0,0,0
trace-051,and-dependency,1,10,full-compiled,node-0007,node-0007,0,0,0
trace-051,and-dependency,1,10,timestamp-only,node-0007,node-0055,1,1,1
trace-051,and-dependency,1,10,no-ancestor-expiry,node-0007,node-0055,1,1,1
trace-051,and-dependency,1,10,no-ancestor-revocation,node-0007,node-0007,0,0,0
trace-051,and-dependency,1,10,no-alias-obligations,node-0007,node-0007,0,0,0
trace-051,and-dependency,1,10,top-one,node-0007,,1,1,0
trace-051,and-dependency,1,10,expiry-skyline,node-0007,node-0007,0,0,0
trace-051,and-dependency,1,11,direct,node-0119,node-0119,0,0,0
trace-051,and-dependency,1,11,verified,node-0119,node-0119,0,0,0
trace-051,and-dependency,1,11,full-compiled,node-0119,node-0119,0,0,0
trace-051,and-dependency,1,11,timestamp-only,node-0119,node-0083,1,1,1
trace-051,and-dependency,1,11,no-ancestor-expiry,node-0119,node-0119,0,0,0
trace-051,and-dependency,1,11,no-ancestor-revocation,node-0119,node-0119,0,0,0
trace-051,and-dependency,1,11,no-alias-obligations,node-0119,node-0119,0,0,0
trace-051,and-dependency,1,11,top-one,node-0119,,1,1,0
trace-051,and-dependency,1,11,expiry-skyline,node-0119,node-0119,0,0,0
trace-052,and-dependency,0,0,direct,node-0053,node-0053,0,0,0
trace-052,and-dependency,0,0,verified,node-0053,node-0053,0,0,0
trace-052,and-dependency,0,0,full-compiled,node-0053,node-0053,0,0,0
trace-052,and-dependency,0,0,timestamp-only,node-0053,node-0101,1,1,1
trace-052,and-dependency,0,0,no-ancestor-expiry,node-0053,node-0101,1,1,1
trace-052,and-dependency,0,0,no-ancestor-revocation,node-0053,node-0053,0,0,0
trace-052,and-dependency,0,0,no-alias-obligations,node-0053,node-0053,0,0,0
trace-052,and-dependency,0,0,top-one,node-0053,node-0053,0,0,0
trace-052,and-dependency,0,0,expiry-skyline,node-0053,node-0053,0,0,0
trace-052,and-dependency,0,1,direct,node-0044,node-0044,0,0,0
trace-052,and-dependency,0,1,verified,node-0044,node-0044,0,0,0
trace-052,and-dependency,0,1,full-compiled,node-0044,node-0044,0,0,0
trace-052,and-dependency,0,1,timestamp-only,node-0044,node-0101,1,1,1
trace-052,and-dependency,0,1,no-ancestor-expiry,node-0044,node-0044,0,0,0
trace-052,and-dependency,0,1,no-ancestor-revocation,node-0044,node-0053,1,1,1
trace-052,and-dependency,0,1,no-alias-obligations,node-0044,node-0044,0,0,0
trace-052,and-dependency,0,1,top-one,node-0044,,1,1,0
trace-052,and-dependency,0,1,expiry-skyline,node-0044,node-0036,1,1,0
trace-052,and-dependency,0,2,direct,node-0032,node-0032,0,0,0
trace-052,and-dependency,0,2,verified,node-0032,node-0032,0,0,0
trace-052,and-dependency,0,2,full-compiled,node-0032,node-0032,0,0,0
trace-052,and-dependency,0,2,timestamp-only,node-0032,node-0032,0,0,0
trace-052,and-dependency,0,2,no-ancestor-expiry,node-0032,node-0032,0,0,0
trace-052,and-dependency,0,2,no-ancestor-revocation,node-0032,node-0032,0,0,0
trace-052,and-dependency,0,2,no-alias-obligations,node-0032,node-0032,0,0,0
trace-052,and-dependency,0,2,top-one,node-0032,,1,1,0
trace-052,and-dependency,0,2,expiry-skyline,node-0032,node-0032,0,0,0
trace-052,and-dependency,0,3,direct,node-0036,node-0036,0,0,0
trace-052,and-dependency,0,3,verified,node-0036,node-0036,0,0,0
trace-052,and-dependency,0,3,full-compiled,node-0036,node-0036,0,0,0
trace-052,and-dependency,0,3,timestamp-only,node-0036,node-0101,1,1,1
trace-052,and-dependency,0,3,no-ancestor-expiry,node-0036,node-0036,0,0,0
trace-052,and-dependency,0,3,no-ancestor-revocation,node-0036,node-0052,1,1,1
trace-052,and-dependency,0,3,no-alias-obligations,node-0036,node-0036,0,0,0
trace-052,and-dependency,0,3,top-one,node-0036,,1,1,0
trace-052,and-dependency,0,3,expiry-skyline,node-0036,node-0036,0,0,0
trace-052,and-dependency,0,4,direct,node-0052,node-0052,0,0,0
trace-052,and-dependency,0,4,verified,node-0052,node-0052,0,0,0
trace-052,and-dependency,0,4,full-compiled,node-0052,node-0052,0,0,0
trace-052,and-dependency,0,4,timestamp-only,node-0052,node-0101,1,1,1
trace-052,and-dependency,0,4,no-ancestor-expiry,node-0052,node-0101,1,1,1
trace-052,and-dependency,0,4,no-ancestor-revocation,node-0052,node-0052,0,0,0
trace-052,and-dependency,0,4,no-alias-obligations,node-0052,node-0052,0,0,0
trace-052,and-dependency,0,4,top-one,node-0052,,1,1,0
trace-052,and-dependency,0,4,expiry-skyline,node-0052,node-0052,0,0,0
trace-052,and-dependency,0,5,direct,node-0060,node-0060,0,0,0
trace-052,and-dependency,0,5,verified,node-0060,node-0060,0,0,0
trace-052,and-dependency,0,5,full-compiled,node-0060,node-0060,0,0,0
trace-052,and-dependency,0,5,timestamp-only,node-0060,node-0033,1,1,1
trace-052,and-dependency,0,5,no-ancestor-expiry,node-0060,node-0033,1,1,1
trace-052,and-dependency,0,5,no-ancestor-revocation,node-0060,node-0060,0,0,0
trace-052,and-dependency,0,5,no-alias-obligations,node-0060,node-0060,0,0,0
trace-052,and-dependency,0,5,top-one,node-0060,,1,1,0
trace-052,and-dependency,0,5,expiry-skyline,node-0060,node-0060,0,0,0
trace-052,and-dependency,0,6,direct,node-0032,node-0032,0,0,0
trace-052,and-dependency,0,6,verified,node-0032,node-0032,0,0,0
trace-052,and-dependency,0,6,full-compiled,node-0032,node-0032,0,0,0
trace-052,and-dependency,0,6,timestamp-only,node-0032,node-0093,1,1,1
trace-052,and-dependency,0,6,no-ancestor-expiry,node-0032,node-0032,0,0,0
trace-052,and-dependency,0,6,no-ancestor-revocation,node-0032,node-0032,0,0,0
trace-052,and-dependency,0,6,no-alias-obligations,node-0032,node-0032,0,0,0
trace-052,and-dependency,0,6,top-one,node-0032,,1,1,0
trace-052,and-dependency,0,6,expiry-skyline,node-0032,node-0032,0,0,0
trace-052,and-dependency,0,7,direct,,,0,0,0
trace-052,and-dependency,0,7,verified,,,0,0,0
trace-052,and-dependency,0,7,full-compiled,,,0,0,0
trace-052,and-dependency,0,7,timestamp-only,,,0,0,0
trace-052,and-dependency,0,7,no-ancestor-expiry,,,0,0,0
trace-052,and-dependency,0,7,no-ancestor-revocation,,,0,0,0
trace-052,and-dependency,0,7,no-alias-obligations,,,0,0,0
trace-052,and-dependency,0,7,top-one,,,0,0,0
trace-052,and-dependency,0,7,expiry-skyline,,,0,0,0
trace-052,and-dependency,0,8,direct,node-0124,node-0124,0,0,0
trace-052,and-dependency,0,8,verified,node-0124,node-0124,0,0,0
trace-052,and-dependency,0,8,full-compiled,node-0124,node-0124,0,0,0
trace-052,and-dependency,0,8,timestamp-only,node-0124,node-0101,1,1,1
trace-052,and-dependency,0,8,no-ancestor-expiry,node-0124,node-0124,0,0,0
trace-052,and-dependency,0,8,no-ancestor-revocation,node-0124,node-0053,1,1,1
trace-052,and-dependency,0,8,no-alias-obligations,node-0124,node-0124,0,0,0
trace-052,and-dependency,0,8,top-one,node-0124,,1,1,0
trace-052,and-dependency,0,8,expiry-skyline,node-0124,node-0036,1,1,0
trace-052,and-dependency,0,9,direct,node-0032,node-0032,0,0,0
trace-052,and-dependency,0,9,verified,node-0032,node-0032,0,0,0
trace-052,and-dependency,0,9,full-compiled,node-0032,node-0032,0,0,0
trace-052,and-dependency,0,9,timestamp-only,node-0032,node-0032,0,0,0
trace-052,and-dependency,0,9,no-ancestor-expiry,node-0032,node-0032,0,0,0
trace-052,and-dependency,0,9,no-ancestor-revocation,node-0032,node-0032,0,0,0
trace-052,and-dependency,0,9,no-alias-obligations,node-0032,node-0032,0,0,0
trace-052,and-dependency,0,9,top-one,node-0032,,1,1,0
trace-052,and-dependency,0,9,expiry-skyline,node-0032,node-0032,0,0,0
trace-052,and-dependency,0,10,direct,node-0036,node-0036,0,0,0
trace-052,and-dependency,0,10,verified,node-0036,node-0036,0,0,0
trace-052,and-dependency,0,10,full-compiled,node-0036,node-0036,0,0,0
trace-052,and-dependency,0,10,timestamp-only,node-0036,node-0101,1,1,1
trace-052,and-dependency,0,10,no-ancestor-expiry,node-0036,node-0036,0,0,0
trace-052,and-dependency,0,10,no-ancestor-revocation,node-0036,node-0036,0,0,0
trace-052,and-dependency,0,10,no-alias-obligations,node-0036,node-0036,0,0,0
trace-052,and-dependency,0,10,top-one,node-0036,,1,1,0
trace-052,and-dependency,0,10,expiry-skyline,node-0036,node-0036,0,0,0
trace-052,and-dependency,0,11,direct,node-0088,node-0088,0,0,0
trace-052,and-dependency,0,11,verified,node-0088,node-0088,0,0,0
trace-052,and-dependency,0,11,full-compiled,node-0088,node-0088,0,0,0
trace-052,and-dependency,0,11,timestamp-only,node-0088,node-0077,1,1,1
trace-052,and-dependency,0,11,no-ancestor-expiry,node-0088,node-0088,0,0,0
trace-052,and-dependency,0,11,no-ancestor-revocation,node-0088,node-0088,0,0,0
trace-052,and-dependency,0,11,no-alias-obligations,node-0088,node-0088,0,0,0
trace-052,and-dependency,0,11,top-one,node-0088,,1,1,0
trace-052,and-dependency,0,11,expiry-skyline,node-0088,,1,1,0
trace-052,and-dependency,1,0,direct,node-0087,node-0087,0,0,0
trace-052,and-dependency,1,0,verified,node-0087,node-0087,0,0,0
trace-052,and-dependency,1,0,full-compiled,node-0087,node-0087,0,0,0
trace-052,and-dependency,1,0,timestamp-only,node-0087,node-0087,0,0,0
trace-052,and-dependency,1,0,no-ancestor-expiry,node-0087,node-0087,0,0,0
trace-052,and-dependency,1,0,no-ancestor-revocation,node-0087,node-0087,0,0,0
trace-052,and-dependency,1,0,no-alias-obligations,node-0087,node-0087,0,0,0
trace-052,and-dependency,1,0,top-one,node-0087,node-0087,0,0,0
trace-052,and-dependency,1,0,expiry-skyline,node-0087,node-0087,0,0,0
trace-052,and-dependency,1,1,direct,node-0087,node-0087,0,0,0
trace-052,and-dependency,1,1,verified,node-0087,node-0087,0,0,0
trace-052,and-dependency,1,1,full-compiled,node-0087,node-0087,0,0,0
trace-052,and-dependency,1,1,timestamp-only,node-0087,node-0087,0,0,0
trace-052,and-dependency,1,1,no-ancestor-expiry,node-0087,node-0087,0,0,0
trace-052,and-dependency,1,1,no-ancestor-revocation,node-0087,node-0087,0,0,0
trace-052,and-dependency,1,1,no-alias-obligations,node-0087,node-0087,0,0,0
trace-052,and-dependency,1,1,top-one,node-0087,node-0087,0,0,0
trace-052,and-dependency,1,1,expiry-skyline,node-0087,node-0087,0,0,0
trace-052,and-dependency,1,2,direct,node-0003,node-0003,0,0,0
trace-052,and-dependency,1,2,verified,node-0003,node-0003,0,0,0
trace-052,and-dependency,1,2,full-compiled,node-0003,node-0003,0,0,0
trace-052,and-dependency,1,2,timestamp-only,node-0003,node-0066,1,1,1
trace-052,and-dependency,1,2,no-ancestor-expiry,node-0003,node-0003,0,0,0
trace-052,and-dependency,1,2,no-ancestor-revocation,node-0003,node-0063,1,1,1
trace-052,and-dependency,1,2,no-alias-obligations,node-0003,node-0003,0,0,0
trace-052,and-dependency,1,2,top-one,node-0003,,1,1,0
trace-052,and-dependency,1,2,expiry-skyline,node-0003,,1,1,0
trace-052,and-dependency,1,3,direct,node-0002,node-0002,0,0,0
trace-052,and-dependency,1,3,verified,node-0002,node-0002,0,0,0
trace-052,and-dependency,1,3,full-compiled,node-0002,node-0002,0,0,0
trace-052,and-dependency,1,3,timestamp-only,node-0002,node-0087,1,1,1
trace-052,and-dependency,1,3,no-ancestor-expiry,node-0002,node-0103,1,1,1
trace-052,and-dependency,1,3,no-ancestor-revocation,node-0002,node-0087,1,1,1
trace-052,and-dependency,1,3,no-alias-obligations,node-0002,node-0002,0,0,0
trace-052,and-dependency,1,3,top-one,node-0002,,1,1,0
trace-052,and-dependency,1,3,expiry-skyline,node-0002,node-0002,0,0,0
trace-052,and-dependency,1,4,direct,node-0087,node-0087,0,0,0
trace-052,and-dependency,1,4,verified,node-0087,node-0087,0,0,0
trace-052,and-dependency,1,4,full-compiled,node-0087,node-0087,0,0,0
trace-052,and-dependency,1,4,timestamp-only,node-0087,node-0087,0,0,0
trace-052,and-dependency,1,4,no-ancestor-expiry,node-0087,node-0087,0,0,0
trace-052,and-dependency,1,4,no-ancestor-revocation,node-0087,node-0087,0,0,0
trace-052,and-dependency,1,4,no-alias-obligations,node-0087,node-0087,0,0,0
trace-052,and-dependency,1,4,top-one,node-0087,node-0087,0,0,0
trace-052,and-dependency,1,4,expiry-skyline,node-0087,node-0087,0,0,0
trace-052,and-dependency,1,5,direct,node-0095,node-0095,0,0,0
trace-052,and-dependency,1,5,verified,node-0095,node-0095,0,0,0
trace-052,and-dependency,1,5,full-compiled,node-0095,node-0095,0,0,0
trace-052,and-dependency,1,5,timestamp-only,node-0095,node-0087,1,0,1
trace-052,and-dependency,1,5,no-ancestor-expiry,node-0095,node-0087,1,0,1
trace-052,and-dependency,1,5,no-ancestor-revocation,node-0095,node-0095,0,0,0
trace-052,and-dependency,1,5,no-alias-obligations,node-0095,node-0095,0,0,0
trace-052,and-dependency,1,5,top-one,node-0095,,1,1,0
trace-052,and-dependency,1,5,expiry-skyline,node-0095,node-0095,0,0,0
trace-052,and-dependency,1,6,direct,,,0,0,0
trace-052,and-dependency,1,6,verified,,,0,0,0
trace-052,and-dependency,1,6,full-compiled,,,0,0,0
trace-052,and-dependency,1,6,timestamp-only,,node-0087,1,1,1
trace-052,and-dependency,1,6,no-ancestor-expiry,,node-0087,1,1,1
trace-052,and-dependency,1,6,no-ancestor-revocation,,,0,0,0
trace-052,and-dependency,1,6,no-alias-obligations,,,0,0,0
trace-052,and-dependency,1,6,top-one,,,0,0,0
trace-052,and-dependency,1,6,expiry-skyline,,,0,0,0
trace-052,and-dependency,1,7,direct,,,0,0,0
trace-052,and-dependency,1,7,verified,,,0,0,0
trace-052,and-dependency,1,7,full-compiled,,,0,0,0
trace-052,and-dependency,1,7,timestamp-only,,,0,0,0
trace-052,and-dependency,1,7,no-ancestor-expiry,,,0,0,0
trace-052,and-dependency,1,7,no-ancestor-revocation,,,0,0,0
trace-052,and-dependency,1,7,no-alias-obligations,,,0,0,0
trace-052,and-dependency,1,7,top-one,,,0,0,0
trace-052,and-dependency,1,7,expiry-skyline,,,0,0,0
trace-052,and-dependency,1,8,direct,node-0002,node-0002,0,0,0
trace-052,and-dependency,1,8,verified,node-0002,node-0002,0,0,0
trace-052,and-dependency,1,8,full-compiled,node-0002,node-0002,0,0,0
trace-052,and-dependency,1,8,timestamp-only,node-0002,node-0087,1,1,1
trace-052,and-dependency,1,8,no-ancestor-expiry,node-0002,node-0103,1,1,1
trace-052,and-dependency,1,8,no-ancestor-revocation,node-0002,node-0087,1,1,1
trace-052,and-dependency,1,8,no-alias-obligations,node-0002,node-0002,0,0,0
trace-052,and-dependency,1,8,top-one,node-0002,,1,1,0
trace-052,and-dependency,1,8,expiry-skyline,node-0002,node-0002,0,0,0
trace-052,and-dependency,1,9,direct,,,0,0,0
trace-052,and-dependency,1,9,verified,,,0,0,0
trace-052,and-dependency,1,9,full-compiled,,,0,0,0
trace-052,and-dependency,1,9,timestamp-only,,node-0066,1,1,1
trace-052,and-dependency,1,9,no-ancestor-expiry,,,0,0,0
trace-052,and-dependency,1,9,no-ancestor-revocation,,node-0067,1,1,1
trace-052,and-dependency,1,9,no-alias-obligations,,,0,0,0
trace-052,and-dependency,1,9,top-one,,,0,0,0
trace-052,and-dependency,1,9,expiry-skyline,,,0,0,0
trace-052,and-dependency,1,10,direct,node-0002,node-0002,0,0,0
trace-052,and-dependency,1,10,verified,node-0002,node-0002,0,0,0
trace-052,and-dependency,1,10,full-compiled,node-0002,node-0002,0,0,0
trace-052,and-dependency,1,10,timestamp-only,node-0002,node-0087,1,1,1
trace-052,and-dependency,1,10,no-ancestor-expiry,node-0002,node-0103,1,1,1
trace-052,and-dependency,1,10,no-ancestor-revocation,node-0002,node-0002,0,0,0
trace-052,and-dependency,1,10,no-alias-obligations,node-0002,node-0002,0,0,0
trace-052,and-dependency,1,10,top-one,node-0002,,1,1,0
trace-052,and-dependency,1,10,expiry-skyline,node-0002,node-0002,0,0,0
trace-052,and-dependency,1,11,direct,,,0,0,0
trace-052,and-dependency,1,11,verified,,,0,0,0
trace-052,and-dependency,1,11,full-compiled,,,0,0,0
trace-052,and-dependency,1,11,timestamp-only,,node-0090,1,1,1
trace-052,and-dependency,1,11,no-ancestor-expiry,,,0,0,0
trace-052,and-dependency,1,11,no-ancestor-revocation,,,0,0,0
trace-052,and-dependency,1,11,no-alias-obligations,,,0,0,0
trace-052,and-dependency,1,11,top-one,,,0,0,0
trace-052,and-dependency,1,11,expiry-skyline,,,0,0,0
trace-053,and-dependency,0,0,direct,node-0005,node-0005,0,0,0
trace-053,and-dependency,0,0,verified,node-0005,node-0005,0,0,0
trace-053,and-dependency,0,0,full-compiled,node-0005,node-0005,0,0,0
trace-053,and-dependency,0,0,timestamp-only,node-0005,node-0084,1,1,1
trace-053,and-dependency,0,0,no-ancestor-expiry,node-0005,node-0084,1,1,1
trace-053,and-dependency,0,0,no-ancestor-revocation,node-0005,node-0005,0,0,0
trace-053,and-dependency,0,0,no-alias-obligations,node-0005,node-0005,0,0,0
trace-053,and-dependency,0,0,top-one,node-0005,node-0005,0,0,0
trace-053,and-dependency,0,0,expiry-skyline,node-0005,node-0005,0,0,0
trace-053,and-dependency,0,1,direct,node-0005,node-0005,0,0,0
trace-053,and-dependency,0,1,verified,node-0005,node-0005,0,0,0
trace-053,and-dependency,0,1,full-compiled,node-0005,node-0005,0,0,0
trace-053,and-dependency,0,1,timestamp-only,node-0005,node-0084,1,1,1
trace-053,and-dependency,0,1,no-ancestor-expiry,node-0005,node-0005,0,0,0
trace-053,and-dependency,0,1,no-ancestor-revocation,node-0005,node-0005,0,0,0
trace-053,and-dependency,0,1,no-alias-obligations,node-0005,node-0005,0,0,0
trace-053,and-dependency,0,1,top-one,node-0005,node-0005,0,0,0
trace-053,and-dependency,0,1,expiry-skyline,node-0005,node-0005,0,0,0
trace-053,and-dependency,0,2,direct,,,0,0,0
trace-053,and-dependency,0,2,verified,,,0,0,0
trace-053,and-dependency,0,2,full-compiled,,,0,0,0
trace-053,and-dependency,0,2,timestamp-only,,node-0041,1,1,1
trace-053,and-dependency,0,2,no-ancestor-expiry,,,0,0,0
trace-053,and-dependency,0,2,no-ancestor-revocation,,node-0040,1,1,1
trace-053,and-dependency,0,2,no-alias-obligations,,node-0105,1,1,1
trace-053,and-dependency,0,2,top-one,,,0,0,0
trace-053,and-dependency,0,2,expiry-skyline,,,0,0,0
trace-053,and-dependency,0,3,direct,node-0005,node-0005,0,0,0
trace-053,and-dependency,0,3,verified,node-0005,node-0005,0,0,0
trace-053,and-dependency,0,3,full-compiled,node-0005,node-0005,0,0,0
trace-053,and-dependency,0,3,timestamp-only,node-0005,node-0084,1,1,1
trace-053,and-dependency,0,3,no-ancestor-expiry,node-0005,node-0005,0,0,0
trace-053,and-dependency,0,3,no-ancestor-revocation,node-0005,node-0005,0,0,0
trace-053,and-dependency,0,3,no-alias-obligations,node-0005,node-0005,0,0,0
trace-053,and-dependency,0,3,top-one,node-0005,node-0005,0,0,0
trace-053,and-dependency,0,3,expiry-skyline,node-0005,node-0005,0,0,0
trace-053,and-dependency,0,4,direct,node-0005,node-0005,0,0,0
trace-053,and-dependency,0,4,verified,node-0005,node-0005,0,0,0
trace-053,and-dependency,0,4,full-compiled,node-0005,node-0005,0,0,0
trace-053,and-dependency,0,4,timestamp-only,node-0005,node-0084,1,1,1
trace-053,and-dependency,0,4,no-ancestor-expiry,node-0005,node-0084,1,1,1
trace-053,and-dependency,0,4,no-ancestor-revocation,node-0005,node-0005,0,0,0
trace-053,and-dependency,0,4,no-alias-obligations,node-0005,node-0005,0,0,0
trace-053,and-dependency,0,4,top-one,node-0005,node-0005,0,0,0
trace-053,and-dependency,0,4,expiry-skyline,node-0005,node-0005,0,0,0
trace-053,and-dependency,0,5,direct,node-0005,node-0005,0,0,0
trace-053,and-dependency,0,5,verified,node-0005,node-0005,0,0,0
trace-053,and-dependency,0,5,full-compiled,node-0005,node-0005,0,0,0
trace-053,and-dependency,0,5,timestamp-only,node-0005,node-0005,0,0,0
trace-053,and-dependency,0,5,no-ancestor-expiry,node-0005,node-0005,0,0,0
trace-053,and-dependency,0,5,no-ancestor-revocation,node-0005,node-0005,0,0,0
trace-053,and-dependency,0,5,no-alias-obligations,node-0005,node-0005,0,0,0
trace-053,and-dependency,0,5,top-one,node-0005,node-0005,0,0,0
trace-053,and-dependency,0,5,expiry-skyline,node-0005,node-0005,0,0,0
trace-053,and-dependency,0,6,direct,,,0,0,0
trace-053,and-dependency,0,6,verified,,,0,0,0
trace-053,and-dependency,0,6,full-compiled,,,0,0,0
trace-053,and-dependency,0,6,timestamp-only,,node-0073,1,1,1
trace-053,and-dependency,0,6,no-ancestor-expiry,,node-0073,1,1,1
trace-053,and-dependency,0,6,no-ancestor-revocation,,,0,0,0
trace-053,and-dependency,0,6,no-alias-obligations,,,0,0,0
trace-053,and-dependency,0,6,top-one,,,0,0,0
trace-053,and-dependency,0,6,expiry-skyline,,,0,0,0
trace-053,and-dependency,0,7,direct,,,0,0,0
trace-053,and-dependency,0,7,verified,,,0,0,0
trace-053,and-dependency,0,7,full-compiled,,,0,0,0
trace-053,and-dependency,0,7,timestamp-only,,,0,0,0
trace-053,and-dependency,0,7,no-ancestor-expiry,,,0,0,0
trace-053,and-dependency,0,7,no-ancestor-revocation,,,0,0,0
trace-053,and-dependency,0,7,no-alias-obligations,,,0,0,0
trace-053,and-dependency,0,7,top-one,,,0,0,0
trace-053,and-dependency,0,7,expiry-skyline,,,0,0,0
trace-053,and-dependency,0,8,direct,,,0,0,0
trace-053,and-dependency,0,8,verified,,,0,0,0
trace-053,and-dependency,0,8,full-compiled,,,0,0,0
trace-053,and-dependency,0,8,timestamp-only,,node-0041,1,1,1
trace-053,and-dependency,0,8,no-ancestor-expiry,,,0,0,0
trace-053,and-dependency,0,8,no-ancestor-revocation,,node-0040,1,1,1
trace-053,and-dependency,0,8,no-alias-obligations,,node-0105,1,1,1
trace-053,and-dependency,0,8,top-one,,,0,0,0
trace-053,and-dependency,0,8,expiry-skyline,,,0,0,0
trace-053,and-dependency,0,9,direct,node-0005,node-0005,0,0,0
trace-053,and-dependency,0,9,verified,node-0005,node-0005,0,0,0
trace-053,and-dependency,0,9,full-compiled,node-0005,node-0005,0,0,0
trace-053,and-dependency,0,9,timestamp-only,node-0005,node-0084,1,1,1
trace-053,and-dependency,0,9,no-ancestor-expiry,node-0005,node-0005,0,0,0
trace-053,and-dependency,0,9,no-ancestor-revocation,node-0005,node-0005,0,0,0
trace-053,and-dependency,0,9,no-alias-obligations,node-0005,node-0005,0,0,0
trace-053,and-dependency,0,9,top-one,node-0005,node-0005,0,0,0
trace-053,and-dependency,0,9,expiry-skyline,node-0005,node-0005,0,0,0
trace-053,and-dependency,0,10,direct,node-0005,node-0005,0,0,0
trace-053,and-dependency,0,10,verified,node-0005,node-0005,0,0,0
trace-053,and-dependency,0,10,full-compiled,node-0005,node-0005,0,0,0
trace-053,and-dependency,0,10,timestamp-only,node-0005,node-0005,0,0,0
trace-053,and-dependency,0,10,no-ancestor-expiry,node-0005,node-0005,0,0,0
trace-053,and-dependency,0,10,no-ancestor-revocation,node-0005,node-0005,0,0,0
trace-053,and-dependency,0,10,no-alias-obligations,node-0005,node-0005,0,0,0
trace-053,and-dependency,0,10,top-one,node-0005,node-0005,0,0,0
trace-053,and-dependency,0,10,expiry-skyline,node-0005,node-0005,0,0,0
trace-053,and-dependency,0,11,direct,,,0,0,0
trace-053,and-dependency,0,11,verified,,,0,0,0
trace-053,and-dependency,0,11,full-compiled,,,0,0,0
trace-053,and-dependency,0,11,timestamp-only,,node-0069,1,1,1
trace-053,and-dependency,0,11,no-ancestor-expiry,,,0,0,0
trace-053,and-dependency,0,11,no-ancestor-revocation,,,0,0,0
trace-053,and-dependency,0,11,no-alias-obligations,,,0,0,0
trace-053,and-dependency,0,11,top-one,,,0,0,0
trace-053,and-dependency,0,11,expiry-skyline,,,0,0,0
trace-053,and-dependency,1,0,direct,node-0075,node-0075,0,0,0
trace-053,and-dependency,1,0,verified,node-0075,node-0075,0,0,0
trace-053,and-dependency,1,0,full-compiled,node-0075,node-0075,0,0,0
trace-053,and-dependency,1,0,timestamp-only,node-0075,node-0034,1,1,1
trace-053,and-dependency,1,0,no-ancestor-expiry,node-0075,node-0034,1,1,1
trace-053,and-dependency,1,0,no-ancestor-revocation,node-0075,node-0075,0,0,0
trace-053,and-dependency,1,0,no-alias-obligations,node-0075,node-0075,0,0,0
trace-053,and-dependency,1,0,top-one,node-0075,node-0075,0,0,0
trace-053,and-dependency,1,0,expiry-skyline,node-0075,node-0075,0,0,0
trace-053,and-dependency,1,1,direct,node-0043,node-0043,0,0,0
trace-053,and-dependency,1,1,verified,node-0043,node-0043,0,0,0
trace-053,and-dependency,1,1,full-compiled,node-0043,node-0043,0,0,0
trace-053,and-dependency,1,1,timestamp-only,node-0043,node-0034,1,1,1
trace-053,and-dependency,1,1,no-ancestor-expiry,node-0043,node-0034,1,1,1
trace-053,and-dependency,1,1,no-ancestor-revocation,node-0043,node-0075,1,1,1
trace-053,and-dependency,1,1,no-alias-obligations,node-0043,node-0043,0,0,0
trace-053,and-dependency,1,1,top-one,node-0043,,1,1,0
trace-053,and-dependency,1,1,expiry-skyline,node-0043,node-0006,1,1,0
trace-053,and-dependency,1,2,direct,node-0003,node-0003,0,0,0
trace-053,and-dependency,1,2,verified,node-0003,node-0003,0,0,0
trace-053,and-dependency,1,2,full-compiled,node-0003,node-0003,0,0,0
trace-053,and-dependency,1,2,timestamp-only,node-0003,node-0006,1,1,1
trace-053,and-dependency,1,2,no-ancestor-expiry,node-0003,node-0003,0,0,0
trace-053,and-dependency,1,2,no-ancestor-revocation,node-0003,node-0123,1,1,1
trace-053,and-dependency,1,2,no-alias-obligations,node-0003,node-0006,1,1,1
trace-053,and-dependency,1,2,top-one,node-0003,,1,1,0
trace-053,and-dependency,1,2,expiry-skyline,node-0003,,1,1,0
trace-053,and-dependency,1,3,direct,node-0043,node-0043,0,0,0
trace-053,and-dependency,1,3,verified,node-0043,node-0043,0,0,0
trace-053,and-dependency,1,3,full-compiled,node-0043,node-0043,0,0,0
trace-053,and-dependency,1,3,timestamp-only,node-0043,node-0034,1,1,1
trace-053,and-dependency,1,3,no-ancestor-expiry,node-0043,node-0043,0,0,0
trace-053,and-dependency,1,3,no-ancestor-revocation,node-0043,node-0075,1,1,1
trace-053,and-dependency,1,3,no-alias-obligations,node-0043,node-0043,0,0,0
trace-053,and-dependency,1,3,top-one,node-0043,,1,1,0
trace-053,and-dependency,1,3,expiry-skyline,node-0043,,1,1,0
trace-053,and-dependency,1,4,direct,node-0031,node-0031,0,0,0
trace-053,and-dependency,1,4,verified,node-0031,node-0031,0,0,0
trace-053,and-dependency,1,4,full-compiled,node-0031,node-0031,0,0,0
trace-053,and-dependency,1,4,timestamp-only,node-0031,node-0034,1,1,1
trace-053,and-dependency,1,4,no-ancestor-expiry,node-0031,node-0034,1,1,1
trace-053,and-dependency,1,4,no-ancestor-revocation,node-0031,node-0031,0,0,0
trace-053,and-dependency,1,4,no-alias-obligations,node-0031,node-0031,0,0,0
trace-053,and-dependency,1,4,top-one,node-0031,,1,1,0
trace-053,and-dependency,1,4,expiry-skyline,node-0031,node-0031,0,0,0
trace-053,and-dependency,1,5,direct,node-0007,node-0007,0,0,0
trace-053,and-dependency,1,5,verified,node-0007,node-0007,0,0,0
trace-053,and-dependency,1,5,full-compiled,node-0007,node-0007,0,0,0
trace-053,and-dependency,1,5,timestamp-only,node-0007,node-0110,1,1,1
trace-053,and-dependency,1,5,no-ancestor-expiry,node-0007,node-0110,1,1,1
trace-053,and-dependency,1,5,no-ancestor-revocation,node-0007,node-0007,0,0,0
trace-053,and-dependency,1,5,no-alias-obligations,node-0007,node-0007,0,0,0
trace-053,and-dependency,1,5,top-one,node-0007,,1,1,0
trace-053,and-dependency,1,5,expiry-skyline,node-0007,node-0007,0,0,0
trace-053,and-dependency,1,6,direct,,,0,0,0
trace-053,and-dependency,1,6,verified,,,0,0,0
trace-053,and-dependency,1,6,full-compiled,,,0,0,0
trace-053,and-dependency,1,6,timestamp-only,,node-0019,1,1,1
trace-053,and-dependency,1,6,no-ancestor-expiry,,node-0019,1,1,1
trace-053,and-dependency,1,6,no-ancestor-revocation,,,0,0,0
trace-053,and-dependency,1,6,no-alias-obligations,,,0,0,0
trace-053,and-dependency,1,6,top-one,,,0,0,0
trace-053,and-dependency,1,6,expiry-skyline,,,0,0,0
trace-053,and-dependency,1,7,direct,,,0,0,0
trace-053,and-dependency,1,7,verified,,,0,0,0
trace-053,and-dependency,1,7,full-compiled,,,0,0,0
trace-053,and-dependency,1,7,timestamp-only,,,0,0,0
trace-053,and-dependency,1,7,no-ancestor-expiry,,,0,0,0
trace-053,and-dependency,1,7,no-ancestor-revocation,,,0,0,0
trace-053,and-dependency,1,7,no-alias-obligations,,,0,0,0
trace-053,and-dependency,1,7,top-one,,,0,0,0
trace-053,and-dependency,1,7,expiry-skyline,,,0,0,0
trace-053,and-dependency,1,8,direct,node-0003,node-0003,0,0,0
trace-053,and-dependency,1,8,verified,node-0003,node-0003,0,0,0
trace-053,and-dependency,1,8,full-compiled,node-0003,node-0003,0,0,0
trace-053,and-dependency,1,8,timestamp-only,node-0003,node-0006,1,1,1
trace-053,and-dependency,1,8,no-ancestor-expiry,node-0003,node-0003,0,0,0
trace-053,and-dependency,1,8,no-ancestor-revocation,node-0003,node-0123,1,1,1
trace-053,and-dependency,1,8,no-alias-obligations,node-0003,node-0006,1,1,1
trace-053,and-dependency,1,8,top-one,node-0003,,1,1,0
trace-053,and-dependency,1,8,expiry-skyline,node-0003,,1,1,0
trace-053,and-dependency,1,9,direct,node-0043,node-0043,0,0,0
trace-053,and-dependency,1,9,verified,node-0043,node-0043,0,0,0
trace-053,and-dependency,1,9,full-compiled,node-0043,node-0043,0,0,0
trace-053,and-dependency,1,9,timestamp-only,node-0043,node-0034,1,1,1
trace-053,and-dependency,1,9,no-ancestor-expiry,node-0043,node-0043,0,0,0
trace-053,and-dependency,1,9,no-ancestor-revocation,node-0043,node-0075,1,1,1
trace-053,and-dependency,1,9,no-alias-obligations,node-0043,node-0043,0,0,0
trace-053,and-dependency,1,9,top-one,node-0043,,1,1,0
trace-053,and-dependency,1,9,expiry-skyline,node-0043,node-0002,1,1,0
trace-053,and-dependency,1,10,direct,node-0007,node-0007,0,0,0
trace-053,and-dependency,1,10,verified,node-0007,node-0007,0,0,0
trace-053,and-dependency,1,10,full-compiled,node-0007,node-0007,0,0,0
trace-053,and-dependency,1,10,timestamp-only,node-0007,node-0034,1,1,1
trace-053,and-dependency,1,10,no-ancestor-expiry,node-0007,node-0075,1,1,1
trace-053,and-dependency,1,10,no-ancestor-revocation,node-0007,node-0007,0,0,0
trace-053,and-dependency,1,10,no-alias-obligations,node-0007,node-0007,0,0,0
trace-053,and-dependency,1,10,top-one,node-0007,,1,1,0
trace-053,and-dependency,1,10,expiry-skyline,node-0007,node-0007,0,0,0
trace-053,and-dependency,1,11,direct,,,0,0,0
trace-053,and-dependency,1,11,verified,,,0,0,0
trace-053,and-dependency,1,11,full-compiled,,,0,0,0
trace-053,and-dependency,1,11,timestamp-only,,node-0006,1,1,1
trace-053,and-dependency,1,11,no-ancestor-expiry,,,0,0,0
trace-053,and-dependency,1,11,no-ancestor-revocation,,,0,0,0
trace-053,and-dependency,1,11,no-alias-obligations,,node-0126,1,1,1
trace-053,and-dependency,1,11,top-one,,,0,0,0
trace-053,and-dependency,1,11,expiry-skyline,,,0,0,0
trace-054,and-dependency,0,0,direct,node-0025,node-0025,0,0,0
trace-054,and-dependency,0,0,verified,node-0025,node-0025,0,0,0
trace-054,and-dependency,0,0,full-compiled,node-0025,node-0025,0,0,0
trace-054,and-dependency,0,0,timestamp-only,node-0025,node-0025,0,0,0
trace-054,and-dependency,0,0,no-ancestor-expiry,node-0025,node-0025,0,0,0
trace-054,and-dependency,0,0,no-ancestor-revocation,node-0025,node-0025,0,0,0
trace-054,and-dependency,0,0,no-alias-obligations,node-0025,node-0025,0,0,0
trace-054,and-dependency,0,0,top-one,node-0025,node-0025,0,0,0
trace-054,and-dependency,0,0,expiry-skyline,node-0025,node-0025,0,0,0
trace-054,and-dependency,0,1,direct,node-0077,node-0077,0,0,0
trace-054,and-dependency,0,1,verified,node-0077,node-0077,0,0,0
trace-054,and-dependency,0,1,full-compiled,node-0077,node-0077,0,0,0
trace-054,and-dependency,0,1,timestamp-only,node-0077,node-0025,1,1,1
trace-054,and-dependency,0,1,no-ancestor-expiry,node-0077,node-0077,0,0,0
trace-054,and-dependency,0,1,no-ancestor-revocation,node-0077,node-0025,1,1,1
trace-054,and-dependency,0,1,no-alias-obligations,node-0077,node-0077,0,0,0
trace-054,and-dependency,0,1,top-one,node-0077,,1,1,0
trace-054,and-dependency,0,1,expiry-skyline,node-0077,node-0077,0,0,0
trace-054,and-dependency,0,2,direct,node-0000,node-0000,0,0,0
trace-054,and-dependency,0,2,verified,node-0000,node-0000,0,0,0
trace-054,and-dependency,0,2,full-compiled,node-0000,node-0000,0,0,0
trace-054,and-dependency,0,2,timestamp-only,node-0000,node-0081,1,1,1
trace-054,and-dependency,0,2,no-ancestor-expiry,node-0000,node-0000,0,0,0
trace-054,and-dependency,0,2,no-ancestor-revocation,node-0000,node-0000,0,0,0
trace-054,and-dependency,0,2,no-alias-obligations,node-0000,node-0000,0,0,0
trace-054,and-dependency,0,2,top-one,node-0000,,1,1,0
trace-054,and-dependency,0,2,expiry-skyline,node-0000,node-0008,1,1,0
trace-054,and-dependency,0,3,direct,node-0077,node-0077,0,0,0
trace-054,and-dependency,0,3,verified,node-0077,node-0077,0,0,0
trace-054,and-dependency,0,3,full-compiled,node-0077,node-0077,0,0,0
trace-054,and-dependency,0,3,timestamp-only,node-0077,node-0077,0,0,0
trace-054,and-dependency,0,3,no-ancestor-expiry,node-0077,node-0077,0,0,0
trace-054,and-dependency,0,3,no-ancestor-revocation,node-0077,node-0077,0,0,0
trace-054,and-dependency,0,3,no-alias-obligations,node-0077,node-0077,0,0,0
trace-054,and-dependency,0,3,top-one,node-0077,,1,1,0
trace-054,and-dependency,0,3,expiry-skyline,node-0077,node-0077,0,0,0
trace-054,and-dependency,0,4,direct,node-0077,node-0077,0,0,0
trace-054,and-dependency,0,4,verified,node-0077,node-0077,0,0,0
trace-054,and-dependency,0,4,full-compiled,node-0077,node-0077,0,0,0
trace-054,and-dependency,0,4,timestamp-only,node-0077,node-0077,0,0,0
trace-054,and-dependency,0,4,no-ancestor-expiry,node-0077,node-0077,0,0,0
trace-054,and-dependency,0,4,no-ancestor-revocation,node-0077,node-0077,0,0,0
trace-054,and-dependency,0,4,no-alias-obligations,node-0077,node-0077,0,0,0
trace-054,and-dependency,0,4,top-one,node-0077,,1,1,0
trace-054,and-dependency,0,4,expiry-skyline,node-0077,node-0077,0,0,0
trace-054,and-dependency,0,5,direct,node-0077,node-0077,0,0,0
trace-054,and-dependency,0,5,verified,node-0077,node-0077,0,0,0
trace-054,and-dependency,0,5,full-compiled,node-0077,node-0077,0,0,0
trace-054,and-dependency,0,5,timestamp-only,node-0077,node-0077,0,0,0
trace-054,and-dependency,0,5,no-ancestor-expiry,node-0077,node-0077,0,0,0
trace-054,and-dependency,0,5,no-ancestor-revocation,node-0077,node-0077,0,0,0
trace-054,and-dependency,0,5,no-alias-obligations,node-0077,node-0077,0,0,0
trace-054,and-dependency,0,5,top-one,node-0077,,1,1,0
trace-054,and-dependency,0,5,expiry-skyline,node-0077,node-0077,0,0,0
trace-054,and-dependency,0,6,direct,node-0008,node-0008,0,0,0
trace-054,and-dependency,0,6,verified,node-0008,node-0008,0,0,0
trace-054,and-dependency,0,6,full-compiled,node-0008,node-0008,0,0,0
trace-054,and-dependency,0,6,timestamp-only,node-0008,node-0008,0,0,0
trace-054,and-dependency,0,6,no-ancestor-expiry,node-0008,node-0008,0,0,0
trace-054,and-dependency,0,6,no-ancestor-revocation,node-0008,node-0008,0,0,0
trace-054,and-dependency,0,6,no-alias-obligations,node-0008,node-0008,0,0,0
trace-054,and-dependency,0,6,top-one,node-0008,,1,1,0
trace-054,and-dependency,0,6,expiry-skyline,node-0008,node-0008,0,0,0
trace-054,and-dependency,0,7,direct,,,0,0,0
trace-054,and-dependency,0,7,verified,,,0,0,0
trace-054,and-dependency,0,7,full-compiled,,,0,0,0
trace-054,and-dependency,0,7,timestamp-only,,,0,0,0
trace-054,and-dependency,0,7,no-ancestor-expiry,,,0,0,0
trace-054,and-dependency,0,7,no-ancestor-revocation,,,0,0,0
trace-054,and-dependency,0,7,no-alias-obligations,,,0,0,0
trace-054,and-dependency,0,7,top-one,,,0,0,0
trace-054,and-dependency,0,7,expiry-skyline,,,0,0,0
trace-054,and-dependency,0,8,direct,node-0077,node-0077,0,0,0
trace-054,and-dependency,0,8,verified,node-0077,node-0077,0,0,0
trace-054,and-dependency,0,8,full-compiled,node-0077,node-0077,0,0,0
trace-054,and-dependency,0,8,timestamp-only,node-0077,node-0025,1,1,1
trace-054,and-dependency,0,8,no-ancestor-expiry,node-0077,node-0077,0,0,0
trace-054,and-dependency,0,8,no-ancestor-revocation,node-0077,node-0025,1,1,1
trace-054,and-dependency,0,8,no-alias-obligations,node-0077,node-0077,0,0,0
trace-054,and-dependency,0,8,top-one,node-0077,,1,1,0
trace-054,and-dependency,0,8,expiry-skyline,node-0077,node-0077,0,0,0
trace-054,and-dependency,0,9,direct,node-0000,node-0000,0,0,0
trace-054,and-dependency,0,9,verified,node-0000,node-0000,0,0,0
trace-054,and-dependency,0,9,full-compiled,node-0000,node-0000,0,0,0
trace-054,and-dependency,0,9,timestamp-only,node-0000,node-0081,1,1,1
trace-054,and-dependency,0,9,no-ancestor-expiry,node-0000,node-0000,0,0,0
trace-054,and-dependency,0,9,no-ancestor-revocation,node-0000,node-0000,0,0,0
trace-054,and-dependency,0,9,no-alias-obligations,node-0000,node-0000,0,0,0
trace-054,and-dependency,0,9,top-one,node-0000,,1,1,0
trace-054,and-dependency,0,9,expiry-skyline,node-0000,node-0008,1,1,0
trace-054,and-dependency,0,10,direct,node-0077,node-0077,0,0,0
trace-054,and-dependency,0,10,verified,node-0077,node-0077,0,0,0
trace-054,and-dependency,0,10,full-compiled,node-0077,node-0077,0,0,0
trace-054,and-dependency,0,10,timestamp-only,node-0077,node-0077,0,0,0
trace-054,and-dependency,0,10,no-ancestor-expiry,node-0077,node-0077,0,0,0
trace-054,and-dependency,0,10,no-ancestor-revocation,node-0077,node-0077,0,0,0
trace-054,and-dependency,0,10,no-alias-obligations,node-0077,node-0077,0,0,0
trace-054,and-dependency,0,10,top-one,node-0077,,1,1,0
trace-054,and-dependency,0,10,expiry-skyline,node-0077,node-0077,0,0,0
trace-054,and-dependency,0,11,direct,node-0077,node-0077,0,0,0
trace-054,and-dependency,0,11,verified,node-0077,node-0077,0,0,0
trace-054,and-dependency,0,11,full-compiled,node-0077,node-0077,0,0,0
trace-054,and-dependency,0,11,timestamp-only,node-0077,node-0077,0,0,0
trace-054,and-dependency,0,11,no-ancestor-expiry,node-0077,node-0077,0,0,0
trace-054,and-dependency,0,11,no-ancestor-revocation,node-0077,node-0077,0,0,0
trace-054,and-dependency,0,11,no-alias-obligations,node-0077,node-0077,0,0,0
trace-054,and-dependency,0,11,top-one,node-0077,,1,1,0
trace-054,and-dependency,0,11,expiry-skyline,node-0077,node-0077,0,0,0
trace-054,and-dependency,1,0,direct,node-0123,node-0123,0,0,0
trace-054,and-dependency,1,0,verified,node-0123,node-0123,0,0,0
trace-054,and-dependency,1,0,full-compiled,node-0123,node-0123,0,0,0
trace-054,and-dependency,1,0,timestamp-only,node-0123,node-0123,0,0,0
trace-054,and-dependency,1,0,no-ancestor-expiry,node-0123,node-0123,0,0,0
trace-054,and-dependency,1,0,no-ancestor-revocation,node-0123,node-0123,0,0,0
trace-054,and-dependency,1,0,no-alias-obligations,node-0123,node-0123,0,0,0
trace-054,and-dependency,1,0,top-one,node-0123,node-0123,0,0,0
trace-054,and-dependency,1,0,expiry-skyline,node-0123,node-0123,0,0,0
trace-054,and-dependency,1,1,direct,node-0123,node-0123,0,0,0
trace-054,and-dependency,1,1,verified,node-0123,node-0123,0,0,0
trace-054,and-dependency,1,1,full-compiled,node-0123,node-0123,0,0,0
trace-054,and-dependency,1,1,timestamp-only,node-0123,node-0123,0,0,0
trace-054,and-dependency,1,1,no-ancestor-expiry,node-0123,node-0123,0,0,0
trace-054,and-dependency,1,1,no-ancestor-revocation,node-0123,node-0123,0,0,0
trace-054,and-dependency,1,1,no-alias-obligations,node-0123,node-0123,0,0,0
trace-054,and-dependency,1,1,top-one,node-0123,node-0123,0,0,0
trace-054,and-dependency,1,1,expiry-skyline,node-0123,node-0123,0,0,0
trace-054,and-dependency,1,2,direct,node-0051,node-0051,0,0,0
trace-054,and-dependency,1,2,verified,node-0051,node-0051,0,0,0
trace-054,and-dependency,1,2,full-compiled,node-0051,node-0051,0,0,0
trace-054,and-dependency,1,2,timestamp-only,node-0051,node-0014,1,1,1
trace-054,and-dependency,1,2,no-ancestor-expiry,node-0051,node-0051,0,0,0
trace-054,and-dependency,1,2,no-ancestor-revocation,node-0051,node-0083,1,1,1
trace-054,and-dependency,1,2,no-alias-obligations,node-0051,node-0002,1,0,1
trace-054,and-dependency,1,2,top-one,node-0051,,1,1,0
trace-054,and-dependency,1,2,expiry-skyline,node-0051,,1,1,0
trace-054,and-dependency,1,3,direct,node-0035,node-0035,0,0,0
trace-054,and-dependency,1,3,verified,node-0035,node-0035,0,0,0
trace-054,and-dependency,1,3,full-compiled,node-0035,node-0035,0,0,0
trace-054,and-dependency,1,3,timestamp-only,node-0035,node-0123,1,1,1
trace-054,and-dependency,1,3,no-ancestor-expiry,node-0035,node-0035,0,0,0
trace-054,and-dependency,1,3,no-ancestor-revocation,node-0035,node-0086,1,1,1
trace-054,and-dependency,1,3,no-alias-obligations,node-0035,node-0035,0,0,0
trace-054,and-dependency,1,3,top-one,node-0035,,1,1,0
trace-054,and-dependency,1,3,expiry-skyline,node-0035,node-0035,0,0,0
trace-054,and-dependency,1,4,direct,node-0086,node-0086,0,0,0
trace-054,and-dependency,1,4,verified,node-0086,node-0086,0,0,0
trace-054,and-dependency,1,4,full-compiled,node-0086,node-0086,0,0,0
trace-054,and-dependency,1,4,timestamp-only,node-0086,node-0123,1,1,1
trace-054,and-dependency,1,4,no-ancestor-expiry,node-0086,node-0123,1,1,1
trace-054,and-dependency,1,4,no-ancestor-revocation,node-0086,node-0086,0,0,0
trace-054,and-dependency,1,4,no-alias-obligations,node-0086,node-0086,0,0,0
trace-054,and-dependency,1,4,top-one,node-0086,,1,1,0
trace-054,and-dependency,1,4,expiry-skyline,node-0086,node-0086,0,0,0
trace-054,and-dependency,1,5,direct,node-0086,node-0086,0,0,0
trace-054,and-dependency,1,5,verified,node-0086,node-0086,0,0,0
trace-054,and-dependency,1,5,full-compiled,node-0086,node-0086,0,0,0
trace-054,and-dependency,1,5,timestamp-only,node-0086,node-0086,0,0,0
trace-054,and-dependency,1,5,no-ancestor-expiry,node-0086,node-0086,0,0,0
trace-054,and-dependency,1,5,no-ancestor-revocation,node-0086,node-0086,0,0,0
trace-054,and-dependency,1,5,no-alias-obligations,node-0086,node-0086,0,0,0
trace-054,and-dependency,1,5,top-one,node-0086,,1,1,0
trace-054,and-dependency,1,5,expiry-skyline,node-0086,node-0086,0,0,0
trace-054,and-dependency,1,6,direct,,,0,0,0
trace-054,and-dependency,1,6,verified,,,0,0,0
trace-054,and-dependency,1,6,full-compiled,,,0,0,0
trace-054,and-dependency,1,6,timestamp-only,,node-0010,1,1,1
trace-054,and-dependency,1,6,no-ancestor-expiry,,node-0010,1,1,1
trace-054,and-dependency,1,6,no-ancestor-revocation,,,0,0,0
trace-054,and-dependency,1,6,no-alias-obligations,,,0,0,0
trace-054,and-dependency,1,6,top-one,,,0,0,0
trace-054,and-dependency,1,6,expiry-skyline,,,0,0,0
trace-054,and-dependency,1,7,direct,,,0,0,0
trace-054,and-dependency,1,7,verified,,,0,0,0
trace-054,and-dependency,1,7,full-compiled,,,0,0,0
trace-054,and-dependency,1,7,timestamp-only,,,0,0,0
trace-054,and-dependency,1,7,no-ancestor-expiry,,,0,0,0
trace-054,and-dependency,1,7,no-ancestor-revocation,,,0,0,0
trace-054,and-dependency,1,7,no-alias-obligations,,,0,0,0
trace-054,and-dependency,1,7,top-one,,,0,0,0
trace-054,and-dependency,1,7,expiry-skyline,,,0,0,0
trace-054,and-dependency,1,8,direct,node-0086,node-0086,0,0,0
trace-054,and-dependency,1,8,verified,node-0086,node-0086,0,0,0
trace-054,and-dependency,1,8,full-compiled,node-0086,node-0086,0,0,0
trace-054,and-dependency,1,8,timestamp-only,node-0086,node-0123,1,1,1
trace-054,and-dependency,1,8,no-ancestor-expiry,node-0086,node-0086,0,0,0
trace-054,and-dependency,1,8,no-ancestor-revocation,node-0086,node-0123,1,1,1
trace-054,and-dependency,1,8,no-alias-obligations,node-0086,node-0086,0,0,0
trace-054,and-dependency,1,8,top-one,node-0086,,1,1,0
trace-054,and-dependency,1,8,expiry-skyline,node-0086,node-0086,0,0,0
trace-054,and-dependency,1,9,direct,node-0051,node-0051,0,0,0
trace-054,and-dependency,1,9,verified,node-0051,node-0051,0,0,0
trace-054,and-dependency,1,9,full-compiled,node-0051,node-0051,0,0,0
trace-054,and-dependency,1,9,timestamp-only,node-0051,node-0014,1,1,1
trace-054,and-dependency,1,9,no-ancestor-expiry,node-0051,node-0051,0,0,0
trace-054,and-dependency,1,9,no-ancestor-revocation,node-0051,node-0051,0,0,0
trace-054,and-dependency,1,9,no-alias-obligations,node-0051,node-0002,1,0,1
trace-054,and-dependency,1,9,top-one,node-0051,,1,1,0
trace-054,and-dependency,1,9,expiry-skyline,node-0051,,1,1,0
trace-054,and-dependency,1,10,direct,node-0086,node-0086,0,0,0
trace-054,and-dependency,1,10,verified,node-0086,node-0086,0,0,0
trace-054,and-dependency,1,10,full-compiled,node-0086,node-0086,0,0,0
trace-054,and-dependency,1,10,timestamp-only,node-0086,node-0123,1,1,1
trace-054,and-dependency,1,10,no-ancestor-expiry,node-0086,node-0086,0,0,0
trace-054,and-dependency,1,10,no-ancestor-revocation,node-0086,node-0086,0,0,0
trace-054,and-dependency,1,10,no-alias-obligations,node-0086,node-0086,0,0,0
trace-054,and-dependency,1,10,top-one,node-0086,,1,1,0
trace-054,and-dependency,1,10,expiry-skyline,node-0086,node-0086,0,0,0
trace-054,and-dependency,1,11,direct,node-0035,node-0035,0,0,0
trace-054,and-dependency,1,11,verified,node-0035,node-0035,0,0,0
trace-054,and-dependency,1,11,full-compiled,node-0035,node-0035,0,0,0
trace-054,and-dependency,1,11,timestamp-only,node-0035,node-0035,0,0,0
trace-054,and-dependency,1,11,no-ancestor-expiry,node-0035,node-0035,0,0,0
trace-054,and-dependency,1,11,no-ancestor-revocation,node-0035,node-0035,0,0,0
trace-054,and-dependency,1,11,no-alias-obligations,node-0035,node-0035,0,0,0
trace-054,and-dependency,1,11,top-one,node-0035,,1,1,0
trace-054,and-dependency,1,11,expiry-skyline,node-0035,node-0035,0,0,0
trace-055,and-dependency,0,0,direct,node-0121,node-0121,0,0,0
trace-055,and-dependency,0,0,verified,node-0121,node-0121,0,0,0
trace-055,and-dependency,0,0,full-compiled,node-0121,node-0121,0,0,0
trace-055,and-dependency,0,0,timestamp-only,node-0121,node-0060,1,1,1
trace-055,and-dependency,0,0,no-ancestor-expiry,node-0121,node-0121,0,0,0
trace-055,and-dependency,0,0,no-ancestor-revocation,node-0121,node-0121,0,0,0
trace-055,and-dependency,0,0,no-alias-obligations,node-0121,node-0121,0,0,0
trace-055,and-dependency,0,0,top-one,node-0121,node-0121,0,0,0
trace-055,and-dependency,0,0,expiry-skyline,node-0121,node-0121,0,0,0
trace-055,and-dependency,0,1,direct,node-0121,node-0121,0,0,0
trace-055,and-dependency,0,1,verified,node-0121,node-0121,0,0,0
trace-055,and-dependency,0,1,full-compiled,node-0121,node-0121,0,0,0
trace-055,and-dependency,0,1,timestamp-only,node-0121,node-0060,1,1,1
trace-055,and-dependency,0,1,no-ancestor-expiry,node-0121,node-0121,0,0,0
trace-055,and-dependency,0,1,no-ancestor-revocation,node-0121,node-0121,0,0,0
trace-055,and-dependency,0,1,no-alias-obligations,node-0121,node-0121,0,0,0
trace-055,and-dependency,0,1,top-one,node-0121,node-0121,0,0,0
trace-055,and-dependency,0,1,expiry-skyline,node-0121,node-0121,0,0,0
trace-055,and-dependency,0,2,direct,node-0088,node-0088,0,0,0
trace-055,and-dependency,0,2,verified,node-0088,node-0088,0,0,0
trace-055,and-dependency,0,2,full-compiled,node-0088,node-0088,0,0,0
trace-055,and-dependency,0,2,timestamp-only,node-0088,node-0029,1,1,1
trace-055,and-dependency,0,2,no-ancestor-expiry,node-0088,node-0088,0,0,0
trace-055,and-dependency,0,2,no-ancestor-revocation,node-0088,node-0088,0,0,0
trace-055,and-dependency,0,2,no-alias-obligations,node-0088,node-0029,1,1,1
trace-055,and-dependency,0,2,top-one,node-0088,,1,1,0
trace-055,and-dependency,0,2,expiry-skyline,node-0088,,1,1,0
trace-055,and-dependency,0,3,direct,node-0121,node-0121,0,0,0
trace-055,and-dependency,0,3,verified,node-0121,node-0121,0,0,0
trace-055,and-dependency,0,3,full-compiled,node-0121,node-0121,0,0,0
trace-055,and-dependency,0,3,timestamp-only,node-0121,node-0060,1,1,1
trace-055,and-dependency,0,3,no-ancestor-expiry,node-0121,node-0121,0,0,0
trace-055,and-dependency,0,3,no-ancestor-revocation,node-0121,node-0121,0,0,0
trace-055,and-dependency,0,3,no-alias-obligations,node-0121,node-0121,0,0,0
trace-055,and-dependency,0,3,top-one,node-0121,node-0121,0,0,0
trace-055,and-dependency,0,3,expiry-skyline,node-0121,node-0121,0,0,0
trace-055,and-dependency,0,4,direct,node-0121,node-0121,0,0,0
trace-055,and-dependency,0,4,verified,node-0121,node-0121,0,0,0
trace-055,and-dependency,0,4,full-compiled,node-0121,node-0121,0,0,0
trace-055,and-dependency,0,4,timestamp-only,node-0121,node-0060,1,1,1
trace-055,and-dependency,0,4,no-ancestor-expiry,node-0121,node-0121,0,0,0
trace-055,and-dependency,0,4,no-ancestor-revocation,node-0121,node-0121,0,0,0
trace-055,and-dependency,0,4,no-alias-obligations,node-0121,node-0121,0,0,0
trace-055,and-dependency,0,4,top-one,node-0121,node-0121,0,0,0
trace-055,and-dependency,0,4,expiry-skyline,node-0121,node-0121,0,0,0
trace-055,and-dependency,0,5,direct,node-0121,node-0121,0,0,0
trace-055,and-dependency,0,5,verified,node-0121,node-0121,0,0,0
trace-055,and-dependency,0,5,full-compiled,node-0121,node-0121,0,0,0
trace-055,and-dependency,0,5,timestamp-only,node-0121,node-0060,1,1,1
trace-055,and-dependency,0,5,no-ancestor-expiry,node-0121,node-0121,0,0,0
trace-055,and-dependency,0,5,no-ancestor-revocation,node-0121,node-0121,0,0,0
trace-055,and-dependency,0,5,no-alias-obligations,node-0121,node-0121,0,0,0
trace-055,and-dependency,0,5,top-one,node-0121,node-0121,0,0,0
trace-055,and-dependency,0,5,expiry-skyline,node-0121,node-0121,0,0,0
trace-055,and-dependency,0,6,direct,,,0,0,0
trace-055,and-dependency,0,6,verified,,,0,0,0
trace-055,and-dependency,0,6,full-compiled,,,0,0,0
trace-055,and-dependency,0,6,timestamp-only,,node-0117,1,1,1
trace-055,and-dependency,0,6,no-ancestor-expiry,,,0,0,0
trace-055,and-dependency,0,6,no-ancestor-revocation,,,0,0,0
trace-055,and-dependency,0,6,no-alias-obligations,,node-0117,1,1,1
trace-055,and-dependency,0,6,top-one,,,0,0,0
trace-055,and-dependency,0,6,expiry-skyline,,,0,0,0
trace-055,and-dependency,0,7,direct,,,0,0,0
trace-055,and-dependency,0,7,verified,,,0,0,0
trace-055,and-dependency,0,7,full-compiled,,,0,0,0
trace-055,and-dependency,0,7,timestamp-only,,,0,0,0
trace-055,and-dependency,0,7,no-ancestor-expiry,,,0,0,0
trace-055,and-dependency,0,7,no-ancestor-revocation,,,0,0,0
trace-055,and-dependency,0,7,no-alias-obligations,,,0,0,0
trace-055,and-dependency,0,7,top-one,,,0,0,0
trace-055,and-dependency,0,7,expiry-skyline,,,0,0,0
trace-055,and-dependency,0,8,direct,node-0121,node-0121,0,0,0
trace-055,and-dependency,0,8,verified,node-0121,node-0121,0,0,0
trace-055,and-dependency,0,8,full-compiled,node-0121,node-0121,0,0,0
trace-055,and-dependency,0,8,timestamp-only,node-0121,node-0060,1,1,1
trace-055,and-dependency,0,8,no-ancestor-expiry,node-0121,node-0121,0,0,0
trace-055,and-dependency,0,8,no-ancestor-revocation,node-0121,node-0121,0,0,0
trace-055,and-dependency,0,8,no-alias-obligations,node-0121,node-0121,0,0,0
trace-055,and-dependency,0,8,top-one,node-0121,node-0121,0,0,0
trace-055,and-dependency,0,8,expiry-skyline,node-0121,node-0121,0,0,0
trace-055,and-dependency,0,9,direct,node-0088,node-0088,0,0,0
trace-055,and-dependency,0,9,verified,node-0088,node-0088,0,0,0
trace-055,and-dependency,0,9,full-compiled,node-0088,node-0088,0,0,0
trace-055,and-dependency,0,9,timestamp-only,node-0088,node-0029,1,1,1
trace-055,and-dependency,0,9,no-ancestor-expiry,node-0088,node-0088,0,0,0
trace-055,and-dependency,0,9,no-ancestor-revocation,node-0088,node-0088,0,0,0
trace-055,and-dependency,0,9,no-alias-obligations,node-0088,node-0029,1,1,1
trace-055,and-dependency,0,9,top-one,node-0088,,1,1,0
trace-055,and-dependency,0,9,expiry-skyline,node-0088,,1,1,0
trace-055,and-dependency,0,10,direct,,,0,0,0
trace-055,and-dependency,0,10,verified,,,0,0,0
trace-055,and-dependency,0,10,full-compiled,,,0,0,0
trace-055,and-dependency,0,10,timestamp-only,,node-0069,1,1,1
trace-055,and-dependency,0,10,no-ancestor-expiry,,,0,0,0
trace-055,and-dependency,0,10,no-ancestor-revocation,,,0,0,0
trace-055,and-dependency,0,10,no-alias-obligations,,node-0105,1,1,1
trace-055,and-dependency,0,10,top-one,,,0,0,0
trace-055,and-dependency,0,10,expiry-skyline,,,0,0,0
trace-055,and-dependency,0,11,direct,,,0,0,0
trace-055,and-dependency,0,11,verified,,,0,0,0
trace-055,and-dependency,0,11,full-compiled,,,0,0,0
trace-055,and-dependency,0,11,timestamp-only,,node-0069,1,1,1
trace-055,and-dependency,0,11,no-ancestor-expiry,,,0,0,0
trace-055,and-dependency,0,11,no-ancestor-revocation,,,0,0,0
trace-055,and-dependency,0,11,no-alias-obligations,,,0,0,0
trace-055,and-dependency,0,11,top-one,,,0,0,0
trace-055,and-dependency,0,11,expiry-skyline,,,0,0,0
trace-055,and-dependency,1,0,direct,node-0094,node-0094,0,0,0
trace-055,and-dependency,1,0,verified,node-0094,node-0094,0,0,0
trace-055,and-dependency,1,0,full-compiled,node-0094,node-0094,0,0,0
trace-055,and-dependency,1,0,timestamp-only,node-0094,node-0046,1,1,1
trace-055,and-dependency,1,0,no-ancestor-expiry,node-0094,node-0094,0,0,0
trace-055,and-dependency,1,0,no-ancestor-revocation,node-0094,node-0046,1,1,1
trace-055,and-dependency,1,0,no-alias-obligations,node-0094,node-0094,0,0,0
trace-055,and-dependency,1,0,top-one,node-0094,node-0094,0,0,0
trace-055,and-dependency,1,0,expiry-skyline,node-0094,node-0094,0,0,0
trace-055,and-dependency,1,1,direct,node-0094,node-0094,0,0,0
trace-055,and-dependency,1,1,verified,node-0094,node-0094,0,0,0
trace-055,and-dependency,1,1,full-compiled,node-0094,node-0094,0,0,0
trace-055,and-dependency,1,1,timestamp-only,node-0094,node-0046,1,1,1
trace-055,and-dependency,1,1,no-ancestor-expiry,node-0094,node-0094,0,0,0
trace-055,and-dependency,1,1,no-ancestor-revocation,node-0094,node-0046,1,1,1
trace-055,and-dependency,1,1,no-alias-obligations,node-0094,node-0094,0,0,0
trace-055,and-dependency,1,1,top-one,node-0094,node-0094,0,0,0
trace-055,and-dependency,1,1,expiry-skyline,node-0094,node-0094,0,0,0
trace-055,and-dependency,1,2,direct,node-0115,node-0115,0,0,0
trace-055,and-dependency,1,2,verified,node-0115,node-0115,0,0,0
trace-055,and-dependency,1,2,full-compiled,node-0115,node-0115,0,0,0
trace-055,and-dependency,1,2,timestamp-only,node-0115,node-0115,0,0,0
trace-055,and-dependency,1,2,no-ancestor-expiry,node-0115,node-0115,0,0,0
trace-055,and-dependency,1,2,no-ancestor-revocation,node-0115,node-0115,0,0,0
trace-055,and-dependency,1,2,no-alias-obligations,node-0115,node-0115,0,0,0
trace-055,and-dependency,1,2,top-one,node-0115,,1,1,0
trace-055,and-dependency,1,2,expiry-skyline,node-0115,node-0115,0,0,0
trace-055,and-dependency,1,3,direct,node-0094,node-0094,0,0,0
trace-055,and-dependency,1,3,verified,node-0094,node-0094,0,0,0
trace-055,and-dependency,1,3,full-compiled,node-0094,node-0094,0,0,0
trace-055,and-dependency,1,3,timestamp-only,node-0094,node-0046,1,1,1
trace-055,and-dependency,1,3,no-ancestor-expiry,node-0094,node-0094,0,0,0
trace-055,and-dependency,1,3,no-ancestor-revocation,node-0094,node-0094,0,0,0
trace-055,and-dependency,1,3,no-alias-obligations,node-0094,node-0094,0,0,0
trace-055,and-dependency,1,3,top-one,node-0094,node-0094,0,0,0
trace-055,and-dependency,1,3,expiry-skyline,node-0094,node-0094,0,0,0
trace-055,and-dependency,1,4,direct,node-0094,node-0094,0,0,0
trace-055,and-dependency,1,4,verified,node-0094,node-0094,0,0,0
trace-055,and-dependency,1,4,full-compiled,node-0094,node-0094,0,0,0
trace-055,and-dependency,1,4,timestamp-only,node-0094,node-0046,1,1,1
trace-055,and-dependency,1,4,no-ancestor-expiry,node-0094,node-0094,0,0,0
trace-055,and-dependency,1,4,no-ancestor-revocation,node-0094,node-0094,0,0,0
trace-055,and-dependency,1,4,no-alias-obligations,node-0094,node-0094,0,0,0
trace-055,and-dependency,1,4,top-one,node-0094,node-0094,0,0,0
trace-055,and-dependency,1,4,expiry-skyline,node-0094,node-0094,0,0,0
trace-055,and-dependency,1,5,direct,node-0094,node-0094,0,0,0
trace-055,and-dependency,1,5,verified,node-0094,node-0094,0,0,0
trace-055,and-dependency,1,5,full-compiled,node-0094,node-0094,0,0,0
trace-055,and-dependency,1,5,timestamp-only,node-0094,node-0046,1,1,1
trace-055,and-dependency,1,5,no-ancestor-expiry,node-0094,node-0094,0,0,0
trace-055,and-dependency,1,5,no-ancestor-revocation,node-0094,node-0094,0,0,0
trace-055,and-dependency,1,5,no-alias-obligations,node-0094,node-0094,0,0,0
trace-055,and-dependency,1,5,top-one,node-0094,node-0094,0,0,0
trace-055,and-dependency,1,5,expiry-skyline,node-0094,node-0094,0,0,0
trace-055,and-dependency,1,6,direct,,,0,0,0
trace-055,and-dependency,1,6,verified,,,0,0,0
trace-055,and-dependency,1,6,full-compiled,,,0,0,0
trace-055,and-dependency,1,6,timestamp-only,,node-0046,1,1,1
trace-055,and-dependency,1,6,no-ancestor-expiry,,,0,0,0
trace-055,and-dependency,1,6,no-ancestor-revocation,,,0,0,0
trace-055,and-dependency,1,6,no-alias-obligations,,,0,0,0
trace-055,and-dependency,1,6,top-one,,,0,0,0
trace-055,and-dependency,1,6,expiry-skyline,,,0,0,0
trace-055,and-dependency,1,7,direct,,,0,0,0
trace-055,and-dependency,1,7,verified,,,0,0,0
trace-055,and-dependency,1,7,full-compiled,,,0,0,0
trace-055,and-dependency,1,7,timestamp-only,,,0,0,0
trace-055,and-dependency,1,7,no-ancestor-expiry,,,0,0,0
trace-055,and-dependency,1,7,no-ancestor-revocation,,,0,0,0
trace-055,and-dependency,1,7,no-alias-obligations,,,0,0,0
trace-055,and-dependency,1,7,top-one,,,0,0,0
trace-055,and-dependency,1,7,expiry-skyline,,,0,0,0
trace-055,and-dependency,1,8,direct,node-0094,node-0094,0,0,0
trace-055,and-dependency,1,8,verified,node-0094,node-0094,0,0,0
trace-055,and-dependency,1,8,full-compiled,node-0094,node-0094,0,0,0
trace-055,and-dependency,1,8,timestamp-only,node-0094,node-0046,1,1,1
trace-055,and-dependency,1,8,no-ancestor-expiry,node-0094,node-0094,0,0,0
trace-055,and-dependency,1,8,no-ancestor-revocation,node-0094,node-0046,1,1,1
trace-055,and-dependency,1,8,no-alias-obligations,node-0094,node-0094,0,0,0
trace-055,and-dependency,1,8,top-one,node-0094,node-0094,0,0,0
trace-055,and-dependency,1,8,expiry-skyline,node-0094,node-0094,0,0,0
trace-055,and-dependency,1,9,direct,node-0115,node-0115,0,0,0
trace-055,and-dependency,1,9,verified,node-0115,node-0115,0,0,0
trace-055,and-dependency,1,9,full-compiled,node-0115,node-0115,0,0,0
trace-055,and-dependency,1,9,timestamp-only,node-0115,node-0115,0,0,0
trace-055,and-dependency,1,9,no-ancestor-expiry,node-0115,node-0115,0,0,0
trace-055,and-dependency,1,9,no-ancestor-revocation,node-0115,node-0115,0,0,0
trace-055,and-dependency,1,9,no-alias-obligations,node-0115,node-0115,0,0,0
trace-055,and-dependency,1,9,top-one,node-0115,,1,1,0
trace-055,and-dependency,1,9,expiry-skyline,node-0115,node-0115,0,0,0
trace-055,and-dependency,1,10,direct,node-0115,node-0115,0,0,0
trace-055,and-dependency,1,10,verified,node-0115,node-0115,0,0,0
trace-055,and-dependency,1,10,full-compiled,node-0115,node-0115,0,0,0
trace-055,and-dependency,1,10,timestamp-only,node-0115,node-0115,0,0,0
trace-055,and-dependency,1,10,no-ancestor-expiry,node-0115,node-0115,0,0,0
trace-055,and-dependency,1,10,no-ancestor-revocation,node-0115,node-0115,0,0,0
trace-055,and-dependency,1,10,no-alias-obligations,node-0115,node-0115,0,0,0
trace-055,and-dependency,1,10,top-one,node-0115,,1,1,0
trace-055,and-dependency,1,10,expiry-skyline,node-0115,node-0115,0,0,0
trace-055,and-dependency,1,11,direct,node-0115,node-0115,0,0,0
trace-055,and-dependency,1,11,verified,node-0115,node-0115,0,0,0
trace-055,and-dependency,1,11,full-compiled,node-0115,node-0115,0,0,0
trace-055,and-dependency,1,11,timestamp-only,node-0115,node-0115,0,0,0
trace-055,and-dependency,1,11,no-ancestor-expiry,node-0115,node-0115,0,0,0
trace-055,and-dependency,1,11,no-ancestor-revocation,node-0115,node-0115,0,0,0
trace-055,and-dependency,1,11,no-alias-obligations,node-0115,node-0115,0,0,0
trace-055,and-dependency,1,11,top-one,node-0115,,1,1,0
trace-055,and-dependency,1,11,expiry-skyline,node-0115,node-0115,0,0,0
trace-056,and-dependency,0,0,direct,node-0069,node-0069,0,0,0
trace-056,and-dependency,0,0,verified,node-0069,node-0069,0,0,0
trace-056,and-dependency,0,0,full-compiled,node-0069,node-0069,0,0,0
trace-056,and-dependency,0,0,timestamp-only,node-0069,node-0069,0,0,0
trace-056,and-dependency,0,0,no-ancestor-expiry,node-0069,node-0069,0,0,0
trace-056,and-dependency,0,0,no-ancestor-revocation,node-0069,node-0069,0,0,0
trace-056,and-dependency,0,0,no-alias-obligations,node-0069,node-0069,0,0,0
trace-056,and-dependency,0,0,top-one,node-0069,node-0069,0,0,0
trace-056,and-dependency,0,0,expiry-skyline,node-0069,node-0069,0,0,0
trace-056,and-dependency,0,1,direct,node-0028,node-0028,0,0,0
trace-056,and-dependency,0,1,verified,node-0028,node-0028,0,0,0
trace-056,and-dependency,0,1,full-compiled,node-0028,node-0028,0,0,0
trace-056,and-dependency,0,1,timestamp-only,node-0028,node-0069,1,1,1
trace-056,and-dependency,0,1,no-ancestor-expiry,node-0028,node-0028,0,0,0
trace-056,and-dependency,0,1,no-ancestor-revocation,node-0028,node-0069,1,1,1
trace-056,and-dependency,0,1,no-alias-obligations,node-0028,node-0028,0,0,0
trace-056,and-dependency,0,1,top-one,node-0028,,1,1,0
trace-056,and-dependency,0,1,expiry-skyline,node-0028,node-0028,0,0,0
trace-056,and-dependency,0,2,direct,node-0116,node-0116,0,0,0
trace-056,and-dependency,0,2,verified,node-0116,node-0116,0,0,0
trace-056,and-dependency,0,2,full-compiled,node-0116,node-0116,0,0,0
trace-056,and-dependency,0,2,timestamp-only,node-0116,node-0117,1,1,1
trace-056,and-dependency,0,2,no-ancestor-expiry,node-0116,node-0116,0,0,0
trace-056,and-dependency,0,2,no-ancestor-revocation,node-0116,node-0040,1,1,1
trace-056,and-dependency,0,2,no-alias-obligations,node-0116,node-0116,0,0,0
trace-056,and-dependency,0,2,top-one,node-0116,,1,1,0
trace-056,and-dependency,0,2,expiry-skyline,node-0116,,1,1,0
trace-056,and-dependency,0,3,direct,node-0017,node-0017,0,0,0
trace-056,and-dependency,0,3,verified,node-0017,node-0017,0,0,0
trace-056,and-dependency,0,3,full-compiled,node-0017,node-0017,0,0,0
trace-056,and-dependency,0,3,timestamp-only,node-0017,node-0069,1,1,1
trace-056,and-dependency,0,3,no-ancestor-expiry,node-0017,node-0017,0,0,0
trace-056,and-dependency,0,3,no-ancestor-revocation,node-0017,node-0028,1,1,1
trace-056,and-dependency,0,3,no-alias-obligations,node-0017,node-0017,0,0,0
trace-056,and-dependency,0,3,top-one,node-0017,,1,1,0
trace-056,and-dependency,0,3,expiry-skyline,node-0017,node-0017,0,0,0
trace-056,and-dependency,0,4,direct,node-0028,node-0028,0,0,0
trace-056,and-dependency,0,4,verified,node-0028,node-0028,0,0,0
trace-056,and-dependency,0,4,full-compiled,node-0028,node-0028,0,0,0
trace-056,and-dependency,0,4,timestamp-only,node-0028,node-0069,1,1,1
trace-056,and-dependency,0,4,no-ancestor-expiry,node-0028,node-0069,1,1,1
trace-056,and-dependency,0,4,no-ancestor-revocation,node-0028,node-0028,0,0,0
trace-056,and-dependency,0,4,no-alias-obligations,node-0028,node-0028,0,0,0
trace-056,and-dependency,0,4,top-one,node-0028,,1,1,0
trace-056,and-dependency,0,4,expiry-skyline,node-0028,node-0028,0,0,0
trace-056,and-dependency,0,5,direct,node-0017,node-0017,0,0,0
trace-056,and-dependency,0,5,verified,node-0017,node-0017,0,0,0
trace-056,and-dependency,0,5,full-compiled,node-0017,node-0017,0,0,0
trace-056,and-dependency,0,5,timestamp-only,node-0017,node-0069,1,1,1
trace-056,and-dependency,0,5,no-ancestor-expiry,node-0017,node-0069,1,1,1
trace-056,and-dependency,0,5,no-ancestor-revocation,node-0017,node-0017,0,0,0
trace-056,and-dependency,0,5,no-alias-obligations,node-0017,node-0017,0,0,0
trace-056,and-dependency,0,5,top-one,node-0017,,1,1,0
trace-056,and-dependency,0,5,expiry-skyline,node-0017,node-0017,0,0,0
trace-056,and-dependency,0,6,direct,node-0081,node-0081,0,0,0
trace-056,and-dependency,0,6,verified,node-0081,node-0081,0,0,0
trace-056,and-dependency,0,6,full-compiled,node-0081,node-0081,0,0,0
trace-056,and-dependency,0,6,timestamp-only,node-0081,node-0037,1,1,1
trace-056,and-dependency,0,6,no-ancestor-expiry,node-0081,node-0037,1,1,1
trace-056,and-dependency,0,6,no-ancestor-revocation,node-0081,node-0081,0,0,0
trace-056,and-dependency,0,6,no-alias-obligations,node-0081,node-0081,0,0,0
trace-056,and-dependency,0,6,top-one,node-0081,,1,1,0
trace-056,and-dependency,0,6,expiry-skyline,node-0081,node-0081,0,0,0
trace-056,and-dependency,0,7,direct,,,0,0,0
trace-056,and-dependency,0,7,verified,,,0,0,0
trace-056,and-dependency,0,7,full-compiled,,,0,0,0
trace-056,and-dependency,0,7,timestamp-only,,,0,0,0
trace-056,and-dependency,0,7,no-ancestor-expiry,,,0,0,0
trace-056,and-dependency,0,7,no-ancestor-revocation,,,0,0,0
trace-056,and-dependency,0,7,no-alias-obligations,,,0,0,0
trace-056,and-dependency,0,7,top-one,,,0,0,0
trace-056,and-dependency,0,7,expiry-skyline,,,0,0,0
trace-056,and-dependency,0,8,direct,node-0028,node-0028,0,0,0
trace-056,and-dependency,0,8,verified,node-0028,node-0028,0,0,0
trace-056,and-dependency,0,8,full-compiled,node-0028,node-0028,0,0,0
trace-056,and-dependency,0,8,timestamp-only,node-0028,node-0069,1,1,1
trace-056,and-dependency,0,8,no-ancestor-expiry,node-0028,node-0028,0,0,0
trace-056,and-dependency,0,8,no-ancestor-revocation,node-0028,node-0069,1,1,1
trace-056,and-dependency,0,8,no-alias-obligations,node-0028,node-0028,0,0,0
trace-056,and-dependency,0,8,top-one,node-0028,,1,1,0
trace-056,and-dependency,0,8,expiry-skyline,node-0028,node-0028,0,0,0
trace-056,and-dependency,0,9,direct,node-0017,node-0017,0,0,0
trace-056,and-dependency,0,9,verified,node-0017,node-0017,0,0,0
trace-056,and-dependency,0,9,full-compiled,node-0017,node-0017,0,0,0
trace-056,and-dependency,0,9,timestamp-only,node-0017,node-0069,1,1,1
trace-056,and-dependency,0,9,no-ancestor-expiry,node-0017,node-0017,0,0,0
trace-056,and-dependency,0,9,no-ancestor-revocation,node-0017,node-0028,1,1,1
trace-056,and-dependency,0,9,no-alias-obligations,node-0017,node-0017,0,0,0
trace-056,and-dependency,0,9,top-one,node-0017,,1,1,0
trace-056,and-dependency,0,9,expiry-skyline,node-0017,node-0017,0,0,0
trace-056,and-dependency,0,10,direct,node-0017,node-0017,0,0,0
trace-056,and-dependency,0,10,verified,node-0017,node-0017,0,0,0
trace-056,and-dependency,0,10,full-compiled,node-0017,node-0017,0,0,0
trace-056,and-dependency,0,10,timestamp-only,node-0017,node-0069,1,1,1
trace-056,and-dependency,0,10,no-ancestor-expiry,node-0017,node-0041,1,1,1
trace-056,and-dependency,0,10,no-ancestor-revocation,node-0017,node-0017,0,0,0
trace-056,and-dependency,0,10,no-alias-obligations,node-0017,node-0017,0,0,0
trace-056,and-dependency,0,10,top-one,node-0017,,1,1,0
trace-056,and-dependency,0,10,expiry-skyline,node-0017,node-0017,0,0,0
trace-056,and-dependency,0,11,direct,,,0,0,0
trace-056,and-dependency,0,11,verified,,,0,0,0
trace-056,and-dependency,0,11,full-compiled,,,0,0,0
trace-056,and-dependency,0,11,timestamp-only,,node-0045,1,1,1
trace-056,and-dependency,0,11,no-ancestor-expiry,,,0,0,0
trace-056,and-dependency,0,11,no-ancestor-revocation,,node-0120,1,1,1
trace-056,and-dependency,0,11,no-alias-obligations,,node-0081,1,1,1
trace-056,and-dependency,0,11,top-one,,,0,0,0
trace-056,and-dependency,0,11,expiry-skyline,,,0,0,0
trace-056,and-dependency,1,0,direct,node-0091,node-0091,0,0,0
trace-056,and-dependency,1,0,verified,node-0091,node-0091,0,0,0
trace-056,and-dependency,1,0,full-compiled,node-0091,node-0091,0,0,0
trace-056,and-dependency,1,0,timestamp-only,node-0091,node-0091,0,0,0
trace-056,and-dependency,1,0,no-ancestor-expiry,node-0091,node-0091,0,0,0
trace-056,and-dependency,1,0,no-ancestor-revocation,node-0091,node-0091,0,0,0
trace-056,and-dependency,1,0,no-alias-obligations,node-0091,node-0091,0,0,0
trace-056,and-dependency,1,0,top-one,node-0091,node-0091,0,0,0
trace-056,and-dependency,1,0,expiry-skyline,node-0091,node-0091,0,0,0
trace-056,and-dependency,1,1,direct,node-0091,node-0091,0,0,0
trace-056,and-dependency,1,1,verified,node-0091,node-0091,0,0,0
trace-056,and-dependency,1,1,full-compiled,node-0091,node-0091,0,0,0
trace-056,and-dependency,1,1,timestamp-only,node-0091,node-0091,0,0,0
trace-056,and-dependency,1,1,no-ancestor-expiry,node-0091,node-0091,0,0,0
trace-056,and-dependency,1,1,no-ancestor-revocation,node-0091,node-0091,0,0,0
trace-056,and-dependency,1,1,no-alias-obligations,node-0091,node-0091,0,0,0
trace-056,and-dependency,1,1,top-one,node-0091,node-0091,0,0,0
trace-056,and-dependency,1,1,expiry-skyline,node-0091,node-0091,0,0,0
trace-056,and-dependency,1,2,direct,node-0087,node-0087,0,0,0
trace-056,and-dependency,1,2,verified,node-0087,node-0087,0,0,0
trace-056,and-dependency,1,2,full-compiled,node-0087,node-0087,0,0,0
trace-056,and-dependency,1,2,timestamp-only,node-0087,node-0127,1,1,1
trace-056,and-dependency,1,2,no-ancestor-expiry,node-0087,node-0087,0,0,0
trace-056,and-dependency,1,2,no-ancestor-revocation,node-0087,node-0127,1,1,1
trace-056,and-dependency,1,2,no-alias-obligations,node-0087,node-0074,1,1,1
trace-056,and-dependency,1,2,top-one,node-0087,,1,1,0
trace-056,and-dependency,1,2,expiry-skyline,node-0087,,1,1,0
trace-056,and-dependency,1,3,direct,node-0091,node-0091,0,0,0
trace-056,and-dependency,1,3,verified,node-0091,node-0091,0,0,0
trace-056,and-dependency,1,3,full-compiled,node-0091,node-0091,0,0,0
trace-056,and-dependency,1,3,timestamp-only,node-0091,node-0091,0,0,0
trace-056,and-dependency,1,3,no-ancestor-expiry,node-0091,node-0091,0,0,0
trace-056,and-dependency,1,3,no-ancestor-revocation,node-0091,node-0091,0,0,0
trace-056,and-dependency,1,3,no-alias-obligations,node-0091,node-0091,0,0,0
trace-056,and-dependency,1,3,top-one,node-0091,node-0091,0,0,0
trace-056,and-dependency,1,3,expiry-skyline,node-0091,node-0091,0,0,0
trace-056,and-dependency,1,4,direct,node-0114,node-0114,0,0,0
trace-056,and-dependency,1,4,verified,node-0114,node-0114,0,0,0
trace-056,and-dependency,1,4,full-compiled,node-0114,node-0114,0,0,0
trace-056,and-dependency,1,4,timestamp-only,node-0114,node-0091,1,1,1
trace-056,and-dependency,1,4,no-ancestor-expiry,node-0114,node-0091,1,1,1
trace-056,and-dependency,1,4,no-ancestor-revocation,node-0114,node-0114,0,0,0
trace-056,and-dependency,1,4,no-alias-obligations,node-0114,node-0114,0,0,0
trace-056,and-dependency,1,4,top-one,node-0114,,1,1,0
trace-056,and-dependency,1,4,expiry-skyline,node-0114,node-0114,0,0,0
trace-056,and-dependency,1,5,direct,node-0051,node-0051,0,0,0
trace-056,and-dependency,1,5,verified,node-0051,node-0051,0,0,0
trace-056,and-dependency,1,5,full-compiled,node-0051,node-0051,0,0,0
trace-056,and-dependency,1,5,timestamp-only,node-0051,node-0091,1,1,1
trace-056,and-dependency,1,5,no-ancestor-expiry,node-0051,node-0091,1,1,1
trace-056,and-dependency,1,5,no-ancestor-revocation,node-0051,node-0051,0,0,0
trace-056,and-dependency,1,5,no-alias-obligations,node-0051,node-0051,0,0,0
trace-056,and-dependency,1,5,top-one,node-0051,,1,1,0
trace-056,and-dependency,1,5,expiry-skyline,node-0051,node-0051,0,0,0
trace-056,and-dependency,1,6,direct,node-0051,node-0051,0,0,0
trace-056,and-dependency,1,6,verified,node-0051,node-0051,0,0,0
trace-056,and-dependency,1,6,full-compiled,node-0051,node-0051,0,0,0
trace-056,and-dependency,1,6,timestamp-only,node-0051,node-0051,0,0,0
trace-056,and-dependency,1,6,no-ancestor-expiry,node-0051,node-0051,0,0,0
trace-056,and-dependency,1,6,no-ancestor-revocation,node-0051,node-0051,0,0,0
trace-056,and-dependency,1,6,no-alias-obligations,node-0051,node-0051,0,0,0
trace-056,and-dependency,1,6,top-one,node-0051,,1,1,0
trace-056,and-dependency,1,6,expiry-skyline,node-0051,node-0051,0,0,0
trace-056,and-dependency,1,7,direct,,,0,0,0
trace-056,and-dependency,1,7,verified,,,0,0,0
trace-056,and-dependency,1,7,full-compiled,,,0,0,0
trace-056,and-dependency,1,7,timestamp-only,,,0,0,0
trace-056,and-dependency,1,7,no-ancestor-expiry,,,0,0,0
trace-056,and-dependency,1,7,no-ancestor-revocation,,,0,0,0
trace-056,and-dependency,1,7,no-alias-obligations,,,0,0,0
trace-056,and-dependency,1,7,top-one,,,0,0,0
trace-056,and-dependency,1,7,expiry-skyline,,,0,0,0
trace-056,and-dependency,1,8,direct,node-0091,node-0091,0,0,0
trace-056,and-dependency,1,8,verified,node-0091,node-0091,0,0,0
trace-056,and-dependency,1,8,full-compiled,node-0091,node-0091,0,0,0
trace-056,and-dependency,1,8,timestamp-only,node-0091,node-0091,0,0,0
trace-056,and-dependency,1,8,no-ancestor-expiry,node-0091,node-0091,0,0,0
trace-056,and-dependency,1,8,no-ancestor-revocation,node-0091,node-0091,0,0,0
trace-056,and-dependency,1,8,no-alias-obligations,node-0091,node-0091,0,0,0
trace-056,and-dependency,1,8,top-one,node-0091,node-0091,0,0,0
trace-056,and-dependency,1,8,expiry-skyline,node-0091,node-0091,0,0,0
trace-056,and-dependency,1,9,direct,node-0002,node-0002,0,0,0
trace-056,and-dependency,1,9,verified,node-0002,node-0002,0,0,0
trace-056,and-dependency,1,9,full-compiled,node-0002,node-0002,0,0,0
trace-056,and-dependency,1,9,timestamp-only,node-0002,node-0091,1,1,1
trace-056,and-dependency,1,9,no-ancestor-expiry,node-0002,node-0002,0,0,0
trace-056,and-dependency,1,9,no-ancestor-revocation,node-0002,node-0091,1,1,1
trace-056,and-dependency,1,9,no-alias-obligations,node-0002,node-0002,0,0,0
trace-056,and-dependency,1,9,top-one,node-0002,,1,1,0
trace-056,and-dependency,1,9,expiry-skyline,node-0002,node-0051,1,1,0
trace-056,and-dependency,1,10,direct,node-0114,node-0114,0,0,0
trace-056,and-dependency,1,10,verified,node-0114,node-0114,0,0,0
trace-056,and-dependency,1,10,full-compiled,node-0114,node-0114,0,0,0
trace-056,and-dependency,1,10,timestamp-only,node-0114,node-0091,1,1,1
trace-056,and-dependency,1,10,no-ancestor-expiry,node-0114,node-0114,0,0,0
trace-056,and-dependency,1,10,no-ancestor-revocation,node-0114,node-0114,0,0,0
trace-056,and-dependency,1,10,no-alias-obligations,node-0114,node-0114,0,0,0
trace-056,and-dependency,1,10,top-one,node-0114,,1,1,0
trace-056,and-dependency,1,10,expiry-skyline,node-0114,node-0114,0,0,0
trace-056,and-dependency,1,11,direct,,,0,0,0
trace-056,and-dependency,1,11,verified,,,0,0,0
trace-056,and-dependency,1,11,full-compiled,,,0,0,0
trace-056,and-dependency,1,11,timestamp-only,,node-0107,1,1,1
trace-056,and-dependency,1,11,no-ancestor-expiry,,,0,0,0
trace-056,and-dependency,1,11,no-ancestor-revocation,,,0,0,0
trace-056,and-dependency,1,11,no-alias-obligations,,,0,0,0
trace-056,and-dependency,1,11,top-one,,,0,0,0
trace-056,and-dependency,1,11,expiry-skyline,,,0,0,0
trace-057,and-dependency,0,0,direct,node-0112,node-0112,0,0,0
trace-057,and-dependency,0,0,verified,node-0112,node-0112,0,0,0
trace-057,and-dependency,0,0,full-compiled,node-0112,node-0112,0,0,0
trace-057,and-dependency,0,0,timestamp-only,node-0112,node-0112,0,0,0
trace-057,and-dependency,0,0,no-ancestor-expiry,node-0112,node-0112,0,0,0
trace-057,and-dependency,0,0,no-ancestor-revocation,node-0112,node-0112,0,0,0
trace-057,and-dependency,0,0,no-alias-obligations,node-0112,node-0112,0,0,0
trace-057,and-dependency,0,0,top-one,node-0112,node-0112,0,0,0
trace-057,and-dependency,0,0,expiry-skyline,node-0112,node-0112,0,0,0
trace-057,and-dependency,0,1,direct,node-0113,node-0113,0,0,0
trace-057,and-dependency,0,1,verified,node-0113,node-0113,0,0,0
trace-057,and-dependency,0,1,full-compiled,node-0113,node-0113,0,0,0
trace-057,and-dependency,0,1,timestamp-only,node-0113,node-0112,1,1,1
trace-057,and-dependency,0,1,no-ancestor-expiry,node-0113,node-0113,0,0,0
trace-057,and-dependency,0,1,no-ancestor-revocation,node-0113,node-0112,1,1,1
trace-057,and-dependency,0,1,no-alias-obligations,node-0113,node-0113,0,0,0
trace-057,and-dependency,0,1,top-one,node-0113,,1,1,0
trace-057,and-dependency,0,1,expiry-skyline,node-0113,node-0005,1,1,0
trace-057,and-dependency,0,2,direct,node-0012,node-0012,0,0,0
trace-057,and-dependency,0,2,verified,node-0012,node-0012,0,0,0
trace-057,and-dependency,0,2,full-compiled,node-0012,node-0012,0,0,0
trace-057,and-dependency,0,2,timestamp-only,node-0012,node-0105,1,1,1
trace-057,and-dependency,0,2,no-ancestor-expiry,node-0012,node-0012,0,0,0
trace-057,and-dependency,0,2,no-ancestor-revocation,node-0012,node-0012,0,0,0
trace-057,and-dependency,0,2,no-alias-obligations,node-0012,node-0081,1,1,1
trace-057,and-dependency,0,2,top-one,node-0012,,1,1,0
trace-057,and-dependency,0,2,expiry-skyline,node-0012,,1,1,0
trace-057,and-dependency,0,3,direct,node-0005,node-0005,0,0,0
trace-057,and-dependency,0,3,verified,node-0005,node-0005,0,0,0
trace-057,and-dependency,0,3,full-compiled,node-0005,node-0005,0,0,0
trace-057,and-dependency,0,3,timestamp-only,node-0005,node-0112,1,1,1
trace-057,and-dependency,0,3,no-ancestor-expiry,node-0005,node-0005,0,0,0
trace-057,and-dependency,0,3,no-ancestor-revocation,node-0005,node-0112,1,1,1
trace-057,and-dependency,0,3,no-alias-obligations,node-0005,node-0005,0,0,0
trace-057,and-dependency,0,3,top-one,node-0005,,1,1,0
trace-057,and-dependency,0,3,expiry-skyline,node-0005,node-0005,0,0,0
trace-057,and-dependency,0,4,direct,node-0112,node-0112,0,0,0
trace-057,and-dependency,0,4,verified,node-0112,node-0112,0,0,0
trace-057,and-dependency,0,4,full-compiled,node-0112,node-0112,0,0,0
trace-057,and-dependency,0,4,timestamp-only,node-0112,node-0112,0,0,0
trace-057,and-dependency,0,4,no-ancestor-expiry,node-0112,node-0112,0,0,0
trace-057,and-dependency,0,4,no-ancestor-revocation,node-0112,node-0112,0,0,0
trace-057,and-dependency,0,4,no-alias-obligations,node-0112,node-0112,0,0,0
trace-057,and-dependency,0,4,top-one,node-0112,node-0112,0,0,0
trace-057,and-dependency,0,4,expiry-skyline,node-0112,node-0112,0,0,0
trace-057,and-dependency,0,5,direct,node-0005,node-0005,0,0,0
trace-057,and-dependency,0,5,verified,node-0005,node-0005,0,0,0
trace-057,and-dependency,0,5,full-compiled,node-0005,node-0005,0,0,0
trace-057,and-dependency,0,5,timestamp-only,node-0005,node-0112,1,1,1
trace-057,and-dependency,0,5,no-ancestor-expiry,node-0005,node-0112,1,1,1
trace-057,and-dependency,0,5,no-ancestor-revocation,node-0005,node-0005,0,0,0
trace-057,and-dependency,0,5,no-alias-obligations,node-0005,node-0005,0,0,0
trace-057,and-dependency,0,5,top-one,node-0005,,1,1,0
trace-057,and-dependency,0,5,expiry-skyline,node-0005,node-0005,0,0,0
trace-057,and-dependency,0,6,direct,,,0,0,0
trace-057,and-dependency,0,6,verified,,,0,0,0
trace-057,and-dependency,0,6,full-compiled,,,0,0,0
trace-057,and-dependency,0,6,timestamp-only,,node-0005,1,1,1
trace-057,and-dependency,0,6,no-ancestor-expiry,,node-0068,1,1,1
trace-057,and-dependency,0,6,no-ancestor-revocation,,,0,0,0
trace-057,and-dependency,0,6,no-alias-obligations,,node-0005,1,1,1
trace-057,and-dependency,0,6,top-one,,,0,0,0
trace-057,and-dependency,0,6,expiry-skyline,,,0,0,0
trace-057,and-dependency,0,7,direct,,,0,0,0
trace-057,and-dependency,0,7,verified,,,0,0,0
trace-057,and-dependency,0,7,full-compiled,,,0,0,0
trace-057,and-dependency,0,7,timestamp-only,,,0,0,0
trace-057,and-dependency,0,7,no-ancestor-expiry,,,0,0,0
trace-057,and-dependency,0,7,no-ancestor-revocation,,,0,0,0
trace-057,and-dependency,0,7,no-alias-obligations,,,0,0,0
trace-057,and-dependency,0,7,top-one,,,0,0,0
trace-057,and-dependency,0,7,expiry-skyline,,,0,0,0
trace-057,and-dependency,0,8,direct,node-0005,node-0005,0,0,0
trace-057,and-dependency,0,8,verified,node-0005,node-0005,0,0,0
trace-057,and-dependency,0,8,full-compiled,node-0005,node-0005,0,0,0
trace-057,and-dependency,0,8,timestamp-only,node-0005,node-0112,1,1,1
trace-057,and-dependency,0,8,no-ancestor-expiry,node-0005,node-0040,1,1,1
trace-057,and-dependency,0,8,no-ancestor-revocation,node-0005,node-0112,1,1,1
trace-057,and-dependency,0,8,no-alias-obligations,node-0005,node-0005,0,0,0
trace-057,and-dependency,0,8,top-one,node-0005,,1,1,0
trace-057,and-dependency,0,8,expiry-skyline,node-0005,node-0005,0,0,0
trace-057,and-dependency,0,9,direct,node-0005,node-0005,0,0,0
trace-057,and-dependency,0,9,verified,node-0005,node-0005,0,0,0
trace-057,and-dependency,0,9,full-compiled,node-0005,node-0005,0,0,0
trace-057,and-dependency,0,9,timestamp-only,node-0005,node-0112,1,1,1
trace-057,and-dependency,0,9,no-ancestor-expiry,node-0005,node-0005,0,0,0
trace-057,and-dependency,0,9,no-ancestor-revocation,node-0005,node-0112,1,1,1
trace-057,and-dependency,0,9,no-alias-obligations,node-0005,node-0005,0,0,0
trace-057,and-dependency,0,9,top-one,node-0005,,1,1,0
trace-057,and-dependency,0,9,expiry-skyline,node-0005,node-0005,0,0,0
trace-057,and-dependency,0,10,direct,node-0005,node-0005,0,0,0
trace-057,and-dependency,0,10,verified,node-0005,node-0005,0,0,0
trace-057,and-dependency,0,10,full-compiled,node-0005,node-0005,0,0,0
trace-057,and-dependency,0,10,timestamp-only,node-0005,node-0112,1,1,1
trace-057,and-dependency,0,10,no-ancestor-expiry,node-0005,node-0040,1,1,1
trace-057,and-dependency,0,10,no-ancestor-revocation,node-0005,node-0005,0,0,0
trace-057,and-dependency,0,10,no-alias-obligations,node-0005,node-0005,0,0,0
trace-057,and-dependency,0,10,top-one,node-0005,,1,1,0
trace-057,and-dependency,0,10,expiry-skyline,node-0005,node-0005,0,0,0
trace-057,and-dependency,0,11,direct,node-0005,node-0005,0,0,0
trace-057,and-dependency,0,11,verified,node-0005,node-0005,0,0,0
trace-057,and-dependency,0,11,full-compiled,node-0005,node-0005,0,0,0
trace-057,and-dependency,0,11,timestamp-only,node-0005,node-0092,1,1,1
trace-057,and-dependency,0,11,no-ancestor-expiry,node-0005,node-0005,0,0,0
trace-057,and-dependency,0,11,no-ancestor-revocation,node-0005,node-0005,0,0,0
trace-057,and-dependency,0,11,no-alias-obligations,node-0005,node-0005,0,0,0
trace-057,and-dependency,0,11,top-one,node-0005,,1,1,0
trace-057,and-dependency,0,11,expiry-skyline,node-0005,node-0005,0,0,0
trace-057,and-dependency,1,0,direct,node-0102,node-0102,0,0,0
trace-057,and-dependency,1,0,verified,node-0102,node-0102,0,0,0
trace-057,and-dependency,1,0,full-compiled,node-0102,node-0102,0,0,0
trace-057,and-dependency,1,0,timestamp-only,node-0102,node-0046,1,1,1
trace-057,and-dependency,1,0,no-ancestor-expiry,node-0102,node-0046,1,1,1
trace-057,and-dependency,1,0,no-ancestor-revocation,node-0102,node-0102,0,0,0
trace-057,and-dependency,1,0,no-alias-obligations,node-0102,node-0102,0,0,0
trace-057,and-dependency,1,0,top-one,node-0102,node-0102,0,0,0
trace-057,and-dependency,1,0,expiry-skyline,node-0102,node-0102,0,0,0
trace-057,and-dependency,1,1,direct,node-0102,node-0102,0,0,0
trace-057,and-dependency,1,1,verified,node-0102,node-0102,0,0,0
trace-057,and-dependency,1,1,full-compiled,node-0102,node-0102,0,0,0
trace-057,and-dependency,1,1,timestamp-only,node-0102,node-0046,1,1,1
trace-057,and-dependency,1,1,no-ancestor-expiry,node-0102,node-0102,0,0,0
trace-057,and-dependency,1,1,no-ancestor-revocation,node-0102,node-0102,0,0,0
trace-057,and-dependency,1,1,no-alias-obligations,node-0102,node-0102,0,0,0
trace-057,and-dependency,1,1,top-one,node-0102,node-0102,0,0,0
trace-057,and-dependency,1,1,expiry-skyline,node-0102,node-0102,0,0,0
trace-057,and-dependency,1,2,direct,node-0003,node-0003,0,0,0
trace-057,and-dependency,1,2,verified,node-0003,node-0003,0,0,0
trace-057,and-dependency,1,2,full-compiled,node-0003,node-0003,0,0,0
trace-057,and-dependency,1,2,timestamp-only,node-0003,node-0050,1,1,1
trace-057,and-dependency,1,2,no-ancestor-expiry,node-0003,node-0003,0,0,0
trace-057,and-dependency,1,2,no-ancestor-revocation,node-0003,node-0051,1,1,1
trace-057,and-dependency,1,2,no-alias-obligations,node-0003,node-0094,1,1,1
trace-057,and-dependency,1,2,top-one,node-0003,,1,1,0
trace-057,and-dependency,1,2,expiry-skyline,node-0003,,1,1,0
trace-057,and-dependency,1,3,direct,node-0102,node-0102,0,0,0
trace-057,and-dependency,1,3,verified,node-0102,node-0102,0,0,0
trace-057,and-dependency,1,3,full-compiled,node-0102,node-0102,0,0,0
trace-057,and-dependency,1,3,timestamp-only,node-0102,node-0046,1,1,1
trace-057,and-dependency,1,3,no-ancestor-expiry,node-0102,node-0102,0,0,0
trace-057,and-dependency,1,3,no-ancestor-revocation,node-0102,node-0102,0,0,0
trace-057,and-dependency,1,3,no-alias-obligations,node-0102,node-0102,0,0,0
trace-057,and-dependency,1,3,top-one,node-0102,node-0102,0,0,0
trace-057,and-dependency,1,3,expiry-skyline,node-0102,node-0102,0,0,0
trace-057,and-dependency,1,4,direct,node-0102,node-0102,0,0,0
trace-057,and-dependency,1,4,verified,node-0102,node-0102,0,0,0
trace-057,and-dependency,1,4,full-compiled,node-0102,node-0102,0,0,0
trace-057,and-dependency,1,4,timestamp-only,node-0102,node-0046,1,1,1
trace-057,and-dependency,1,4,no-ancestor-expiry,node-0102,node-0046,1,1,1
trace-057,and-dependency,1,4,no-ancestor-revocation,node-0102,node-0102,0,0,0
trace-057,and-dependency,1,4,no-alias-obligations,node-0102,node-0102,0,0,0
trace-057,and-dependency,1,4,top-one,node-0102,node-0102,0,0,0
trace-057,and-dependency,1,4,expiry-skyline,node-0102,node-0102,0,0,0
trace-057,and-dependency,1,5,direct,node-0102,node-0102,0,0,0
trace-057,and-dependency,1,5,verified,node-0102,node-0102,0,0,0
trace-057,and-dependency,1,5,full-compiled,node-0102,node-0102,0,0,0
trace-057,and-dependency,1,5,timestamp-only,node-0102,node-0046,1,1,1
trace-057,and-dependency,1,5,no-ancestor-expiry,node-0102,node-0046,1,1,1
trace-057,and-dependency,1,5,no-ancestor-revocation,node-0102,node-0102,0,0,0
trace-057,and-dependency,1,5,no-alias-obligations,node-0102,node-0102,0,0,0
trace-057,and-dependency,1,5,top-one,node-0102,node-0102,0,0,0
trace-057,and-dependency,1,5,expiry-skyline,node-0102,node-0102,0,0,0
trace-057,and-dependency,1,6,direct,,,0,0,0
trace-057,and-dependency,1,6,verified,,,0,0,0
trace-057,and-dependency,1,6,full-compiled,,,0,0,0
trace-057,and-dependency,1,6,timestamp-only,,node-0102,1,1,1
trace-057,and-dependency,1,6,no-ancestor-expiry,,node-0067,1,1,1
trace-057,and-dependency,1,6,no-ancestor-revocation,,,0,0,0
trace-057,and-dependency,1,6,no-alias-obligations,,node-0102,1,1,1
trace-057,and-dependency,1,6,top-one,,,0,0,0
trace-057,and-dependency,1,6,expiry-skyline,,,0,0,0
trace-057,and-dependency,1,7,direct,,,0,0,0
trace-057,and-dependency,1,7,verified,,,0,0,0
trace-057,and-dependency,1,7,full-compiled,,,0,0,0
trace-057,and-dependency,1,7,timestamp-only,,,0,0,0
trace-057,and-dependency,1,7,no-ancestor-expiry,,,0,0,0
trace-057,and-dependency,1,7,no-ancestor-revocation,,,0,0,0
trace-057,and-dependency,1,7,no-alias-obligations,,,0,0,0
trace-057,and-dependency,1,7,top-one,,,0,0,0
trace-057,and-dependency,1,7,expiry-skyline,,,0,0,0
trace-057,and-dependency,1,8,direct,node-0102,node-0102,0,0,0
trace-057,and-dependency,1,8,verified,node-0102,node-0102,0,0,0
trace-057,and-dependency,1,8,full-compiled,node-0102,node-0102,0,0,0
trace-057,and-dependency,1,8,timestamp-only,node-0102,node-0046,1,1,1
trace-057,and-dependency,1,8,no-ancestor-expiry,node-0102,node-0102,0,0,0
trace-057,and-dependency,1,8,no-ancestor-revocation,node-0102,node-0102,0,0,0
trace-057,and-dependency,1,8,no-alias-obligations,node-0102,node-0102,0,0,0
trace-057,and-dependency,1,8,top-one,node-0102,node-0102,0,0,0
trace-057,and-dependency,1,8,expiry-skyline,node-0102,node-0102,0,0,0
trace-057,and-dependency,1,9,direct,node-0102,node-0102,0,0,0
trace-057,and-dependency,1,9,verified,node-0102,node-0102,0,0,0
trace-057,and-dependency,1,9,full-compiled,node-0102,node-0102,0,0,0
trace-057,and-dependency,1,9,timestamp-only,node-0102,node-0046,1,1,1
trace-057,and-dependency,1,9,no-ancestor-expiry,node-0102,node-0102,0,0,0
trace-057,and-dependency,1,9,no-ancestor-revocation,node-0102,node-0102,0,0,0
trace-057,and-dependency,1,9,no-alias-obligations,node-0102,node-0102,0,0,0
trace-057,and-dependency,1,9,top-one,node-0102,node-0102,0,0,0
trace-057,and-dependency,1,9,expiry-skyline,node-0102,node-0102,0,0,0
trace-057,and-dependency,1,10,direct,node-0102,node-0102,0,0,0
trace-057,and-dependency,1,10,verified,node-0102,node-0102,0,0,0
trace-057,and-dependency,1,10,full-compiled,node-0102,node-0102,0,0,0
trace-057,and-dependency,1,10,timestamp-only,node-0102,node-0046,1,1,1
trace-057,and-dependency,1,10,no-ancestor-expiry,node-0102,node-0102,0,0,0
trace-057,and-dependency,1,10,no-ancestor-revocation,node-0102,node-0102,0,0,0
trace-057,and-dependency,1,10,no-alias-obligations,node-0102,node-0102,0,0,0
trace-057,and-dependency,1,10,top-one,node-0102,node-0102,0,0,0
trace-057,and-dependency,1,10,expiry-skyline,node-0102,node-0102,0,0,0
trace-057,and-dependency,1,11,direct,node-0102,node-0102,0,0,0
trace-057,and-dependency,1,11,verified,node-0102,node-0102,0,0,0
trace-057,and-dependency,1,11,full-compiled,node-0102,node-0102,0,0,0
trace-057,and-dependency,1,11,timestamp-only,node-0102,node-0046,1,1,1
trace-057,and-dependency,1,11,no-ancestor-expiry,node-0102,node-0102,0,0,0
trace-057,and-dependency,1,11,no-ancestor-revocation,node-0102,node-0102,0,0,0
trace-057,and-dependency,1,11,no-alias-obligations,node-0102,node-0102,0,0,0
trace-057,and-dependency,1,11,top-one,node-0102,node-0102,0,0,0
trace-057,and-dependency,1,11,expiry-skyline,node-0102,node-0102,0,0,0
trace-058,and-dependency,0,0,direct,node-0113,node-0113,0,0,0
trace-058,and-dependency,0,0,verified,node-0113,node-0113,0,0,0
trace-058,and-dependency,0,0,full-compiled,node-0113,node-0113,0,0,0
trace-058,and-dependency,0,0,timestamp-only,node-0113,node-0113,0,0,0
trace-058,and-dependency,0,0,no-ancestor-expiry,node-0113,node-0113,0,0,0
trace-058,and-dependency,0,0,no-ancestor-revocation,node-0113,node-0113,0,0,0
trace-058,and-dependency,0,0,no-alias-obligations,node-0113,node-0113,0,0,0
trace-058,and-dependency,0,0,top-one,node-0113,node-0113,0,0,0
trace-058,and-dependency,0,0,expiry-skyline,node-0113,node-0113,0,0,0
trace-058,and-dependency,0,1,direct,node-0113,node-0113,0,0,0
trace-058,and-dependency,0,1,verified,node-0113,node-0113,0,0,0
trace-058,and-dependency,0,1,full-compiled,node-0113,node-0113,0,0,0
trace-058,and-dependency,0,1,timestamp-only,node-0113,node-0113,0,0,0
trace-058,and-dependency,0,1,no-ancestor-expiry,node-0113,node-0113,0,0,0
trace-058,and-dependency,0,1,no-ancestor-revocation,node-0113,node-0113,0,0,0
trace-058,and-dependency,0,1,no-alias-obligations,node-0113,node-0113,0,0,0
trace-058,and-dependency,0,1,top-one,node-0113,node-0113,0,0,0
trace-058,and-dependency,0,1,expiry-skyline,node-0113,node-0113,0,0,0
trace-058,and-dependency,0,2,direct,node-0016,node-0016,0,0,0
trace-058,and-dependency,0,2,verified,node-0016,node-0016,0,0,0
trace-058,and-dependency,0,2,full-compiled,node-0016,node-0016,0,0,0
trace-058,and-dependency,0,2,timestamp-only,node-0016,node-0065,1,1,1
trace-058,and-dependency,0,2,no-ancestor-expiry,node-0016,node-0016,0,0,0
trace-058,and-dependency,0,2,no-ancestor-revocation,node-0016,node-0016,0,0,0
trace-058,and-dependency,0,2,no-alias-obligations,node-0016,node-0013,1,1,1
trace-058,and-dependency,0,2,top-one,node-0016,,1,1,0
trace-058,and-dependency,0,2,expiry-skyline,node-0016,node-0004,1,0,0
trace-058,and-dependency,0,3,direct,node-0113,node-0113,0,0,0
trace-058,and-dependency,0,3,verified,node-0113,node-0113,0,0,0
trace-058,and-dependency,0,3,full-compiled,node-0113,node-0113,0,0,0
trace-058,and-dependency,0,3,timestamp-only,node-0113,node-0113,0,0,0
trace-058,and-dependency,0,3,no-ancestor-expiry,node-0113,node-0113,0,0,0
trace-058,and-dependency,0,3,no-ancestor-revocation,node-0113,node-0113,0,0,0
trace-058,and-dependency,0,3,no-alias-obligations,node-0113,node-0113,0,0,0
trace-058,and-dependency,0,3,top-one,node-0113,node-0113,0,0,0
trace-058,and-dependency,0,3,expiry-skyline,node-0113,node-0113,0,0,0
trace-058,and-dependency,0,4,direct,node-0113,node-0113,0,0,0
trace-058,and-dependency,0,4,verified,node-0113,node-0113,0,0,0
trace-058,and-dependency,0,4,full-compiled,node-0113,node-0113,0,0,0
trace-058,and-dependency,0,4,timestamp-only,node-0113,node-0113,0,0,0
trace-058,and-dependency,0,4,no-ancestor-expiry,node-0113,node-0113,0,0,0
trace-058,and-dependency,0,4,no-ancestor-revocation,node-0113,node-0113,0,0,0
trace-058,and-dependency,0,4,no-alias-obligations,node-0113,node-0113,0,0,0
trace-058,and-dependency,0,4,top-one,node-0113,node-0113,0,0,0
trace-058,and-dependency,0,4,expiry-skyline,node-0113,node-0113,0,0,0
trace-058,and-dependency,0,5,direct,node-0113,node-0113,0,0,0
trace-058,and-dependency,0,5,verified,node-0113,node-0113,0,0,0
trace-058,and-dependency,0,5,full-compiled,node-0113,node-0113,0,0,0
trace-058,and-dependency,0,5,timestamp-only,node-0113,node-0113,0,0,0
trace-058,and-dependency,0,5,no-ancestor-expiry,node-0113,node-0113,0,0,0
trace-058,and-dependency,0,5,no-ancestor-revocation,node-0113,node-0113,0,0,0
trace-058,and-dependency,0,5,no-alias-obligations,node-0113,node-0113,0,0,0
trace-058,and-dependency,0,5,top-one,node-0113,node-0113,0,0,0
trace-058,and-dependency,0,5,expiry-skyline,node-0113,node-0113,0,0,0
trace-058,and-dependency,0,6,direct,,,0,0,0
trace-058,and-dependency,0,6,verified,,,0,0,0
trace-058,and-dependency,0,6,full-compiled,,,0,0,0
trace-058,and-dependency,0,6,timestamp-only,,node-0084,1,1,1
trace-058,and-dependency,0,6,no-ancestor-expiry,,node-0084,1,1,1
trace-058,and-dependency,0,6,no-ancestor-revocation,,,0,0,0
trace-058,and-dependency,0,6,no-alias-obligations,,,0,0,0
trace-058,and-dependency,0,6,top-one,,,0,0,0
trace-058,and-dependency,0,6,expiry-skyline,,,0,0,0
trace-058,and-dependency,0,7,direct,,,0,0,0
trace-058,and-dependency,0,7,verified,,,0,0,0
trace-058,and-dependency,0,7,full-compiled,,,0,0,0
trace-058,and-dependency,0,7,timestamp-only,,,0,0,0
trace-058,and-dependency,0,7,no-ancestor-expiry,,,0,0,0
trace-058,and-dependency,0,7,no-ancestor-revocation,,,0,0,0
trace-058,and-dependency,0,7,no-alias-obligations,,,0,0,0
trace-058,and-dependency,0,7,top-one,,,0,0,0
trace-058,and-dependency,0,7,expiry-skyline,,,0,0,0
trace-058,and-dependency,0,8,direct,node-0113,node-0113,0,0,0
trace-058,and-dependency,0,8,verified,node-0113,node-0113,0,0,0
trace-058,and-dependency,0,8,full-compiled,node-0113,node-0113,0,0,0
trace-058,and-dependency,0,8,timestamp-only,node-0113,node-0113,0,0,0
trace-058,and-dependency,0,8,no-ancestor-expiry,node-0113,node-0113,0,0,0
trace-058,and-dependency,0,8,no-ancestor-revocation,node-0113,node-0113,0,0,0
trace-058,and-dependency,0,8,no-alias-obligations,node-0113,node-0113,0,0,0
trace-058,and-dependency,0,8,top-one,node-0113,node-0113,0,0,0
trace-058,and-dependency,0,8,expiry-skyline,node-0113,node-0113,0,0,0
trace-058,and-dependency,0,9,direct,node-0016,node-0016,0,0,0
trace-058,and-dependency,0,9,verified,node-0016,node-0016,0,0,0
trace-058,and-dependency,0,9,full-compiled,node-0016,node-0016,0,0,0
trace-058,and-dependency,0,9,timestamp-only,node-0016,node-0097,1,1,1
trace-058,and-dependency,0,9,no-ancestor-expiry,node-0016,node-0016,0,0,0
trace-058,and-dependency,0,9,no-ancestor-revocation,node-0016,node-0016,0,0,0
trace-058,and-dependency,0,9,no-alias-obligations,node-0016,node-0016,0,0,0
trace-058,and-dependency,0,9,top-one,node-0016,,1,1,0
trace-058,and-dependency,0,9,expiry-skyline,node-0016,node-0004,1,0,0
trace-058,and-dependency,0,10,direct,node-0113,node-0113,0,0,0
trace-058,and-dependency,0,10,verified,node-0113,node-0113,0,0,0
trace-058,and-dependency,0,10,full-compiled,node-0113,node-0113,0,0,0
trace-058,and-dependency,0,10,timestamp-only,node-0113,node-0113,0,0,0
trace-058,and-dependency,0,10,no-ancestor-expiry,node-0113,node-0113,0,0,0
trace-058,and-dependency,0,10,no-ancestor-revocation,node-0113,node-0113,0,0,0
trace-058,and-dependency,0,10,no-alias-obligations,node-0113,node-0113,0,0,0
trace-058,and-dependency,0,10,top-one,node-0113,node-0113,0,0,0
trace-058,and-dependency,0,10,expiry-skyline,node-0113,node-0113,0,0,0
trace-058,and-dependency,0,11,direct,,,0,0,0
trace-058,and-dependency,0,11,verified,,,0,0,0
trace-058,and-dependency,0,11,full-compiled,,,0,0,0
trace-058,and-dependency,0,11,timestamp-only,,node-0084,1,1,1
trace-058,and-dependency,0,11,no-ancestor-expiry,,,0,0,0
trace-058,and-dependency,0,11,no-ancestor-revocation,,node-0084,1,1,1
trace-058,and-dependency,0,11,no-alias-obligations,,,0,0,0
trace-058,and-dependency,0,11,top-one,,,0,0,0
trace-058,and-dependency,0,11,expiry-skyline,,,0,0,0
trace-058,and-dependency,1,0,direct,node-0063,node-0063,0,0,0
trace-058,and-dependency,1,0,verified,node-0063,node-0063,0,0,0
trace-058,and-dependency,1,0,full-compiled,node-0063,node-0063,0,0,0
trace-058,and-dependency,1,0,timestamp-only,node-0063,node-0042,1,1,1
trace-058,and-dependency,1,0,no-ancestor-expiry,node-0063,node-0042,1,1,1
trace-058,and-dependency,1,0,no-ancestor-revocation,node-0063,node-0063,0,0,0
trace-058,and-dependency,1,0,no-alias-obligations,node-0063,node-0063,0,0,0
trace-058,and-dependency,1,0,top-one,node-0063,node-0063,0,0,0
trace-058,and-dependency,1,0,expiry-skyline,node-0063,node-0063,0,0,0
trace-058,and-dependency,1,1,direct,node-0071,node-0071,0,0,0
trace-058,and-dependency,1,1,verified,node-0071,node-0071,0,0,0
trace-058,and-dependency,1,1,full-compiled,node-0071,node-0071,0,0,0
trace-058,and-dependency,1,1,timestamp-only,node-0071,node-0042,1,1,1
trace-058,and-dependency,1,1,no-ancestor-expiry,node-0071,node-0043,1,1,1
trace-058,and-dependency,1,1,no-ancestor-revocation,node-0071,node-0063,1,1,1
trace-058,and-dependency,1,1,no-alias-obligations,node-0071,node-0071,0,0,0
trace-058,and-dependency,1,1,top-one,node-0071,,1,1,0
trace-058,and-dependency,1,1,expiry-skyline,node-0071,node-0007,1,1,0
trace-058,and-dependency,1,2,direct,node-0127,node-0127,0,0,0
trace-058,and-dependency,1,2,verified,node-0127,node-0127,0,0,0
trace-058,and-dependency,1,2,full-compiled,node-0127,node-0127,0,0,0
trace-058,and-dependency,1,2,timestamp-only,node-0127,node-0050,1,0,1
trace-058,and-dependency,1,2,no-ancestor-expiry,node-0127,node-0127,0,0,0
trace-058,and-dependency,1,2,no-ancestor-revocation,node-0127,node-0127,0,0,0
trace-058,and-dependency,1,2,no-alias-obligations,node-0127,node-0127,0,0,0
trace-058,and-dependency,1,2,top-one,node-0127,,1,1,0
trace-058,and-dependency,1,2,expiry-skyline,node-0127,node-0127,0,0,0
trace-058,and-dependency,1,3,direct,node-0007,node-0007,0,0,0
trace-058,and-dependency,1,3,verified,node-0007,node-0007,0,0,0
trace-058,and-dependency,1,3,full-compiled,node-0007,node-0007,0,0,0
trace-058,and-dependency,1,3,timestamp-only,node-0007,node-0042,1,1,1
trace-058,and-dependency,1,3,no-ancestor-expiry,node-0007,node-0007,0,0,0
trace-058,and-dependency,1,3,no-ancestor-revocation,node-0007,node-0063,1,1,1
trace-058,and-dependency,1,3,no-alias-obligations,node-0007,node-0007,0,0,0
trace-058,and-dependency,1,3,top-one,node-0007,,1,1,0
trace-058,and-dependency,1,3,expiry-skyline,node-0007,node-0007,0,0,0
trace-058,and-dependency,1,4,direct,node-0007,node-0007,0,0,0
trace-058,and-dependency,1,4,verified,node-0007,node-0007,0,0,0
trace-058,and-dependency,1,4,full-compiled,node-0007,node-0007,0,0,0
trace-058,and-dependency,1,4,timestamp-only,node-0007,node-0042,1,1,1
trace-058,and-dependency,1,4,no-ancestor-expiry,node-0007,node-0042,1,1,1
trace-058,and-dependency,1,4,no-ancestor-revocation,node-0007,node-0007,0,0,0
trace-058,and-dependency,1,4,no-alias-obligations,node-0007,node-0007,0,0,0
trace-058,and-dependency,1,4,top-one,node-0007,,1,1,0
trace-058,and-dependency,1,4,expiry-skyline,node-0007,node-0007,0,0,0
trace-058,and-dependency,1,5,direct,node-0127,node-0127,0,0,0
trace-058,and-dependency,1,5,verified,node-0127,node-0127,0,0,0
trace-058,and-dependency,1,5,full-compiled,node-0127,node-0127,0,0,0
trace-058,and-dependency,1,5,timestamp-only,node-0127,node-0042,1,0,1
trace-058,and-dependency,1,5,no-ancestor-expiry,node-0127,node-0042,1,0,1
trace-058,and-dependency,1,5,no-ancestor-revocation,node-0127,node-0127,0,0,0
trace-058,and-dependency,1,5,no-alias-obligations,node-0127,node-0127,0,0,0
trace-058,and-dependency,1,5,top-one,node-0127,,1,1,0
trace-058,and-dependency,1,5,expiry-skyline,node-0127,node-0127,0,0,0
trace-058,and-dependency,1,6,direct,,,0,0,0
trace-058,and-dependency,1,6,verified,,,0,0,0
trace-058,and-dependency,1,6,full-compiled,,,0,0,0
trace-058,and-dependency,1,6,timestamp-only,,node-0042,1,1,1
trace-058,and-dependency,1,6,no-ancestor-expiry,,node-0027,1,1,1
trace-058,and-dependency,1,6,no-ancestor-revocation,,,0,0,0
trace-058,and-dependency,1,6,no-alias-obligations,,,0,0,0
trace-058,and-dependency,1,6,top-one,,,0,0,0
trace-058,and-dependency,1,6,expiry-skyline,,,0,0,0
trace-058,and-dependency,1,7,direct,,,0,0,0
trace-058,and-dependency,1,7,verified,,,0,0,0
trace-058,and-dependency,1,7,full-compiled,,,0,0,0
trace-058,and-dependency,1,7,timestamp-only,,,0,0,0
trace-058,and-dependency,1,7,no-ancestor-expiry,,,0,0,0
trace-058,and-dependency,1,7,no-ancestor-revocation,,,0,0,0
trace-058,and-dependency,1,7,no-alias-obligations,,,0,0,0
trace-058,and-dependency,1,7,top-one,,,0,0,0
trace-058,and-dependency,1,7,expiry-skyline,,,0,0,0
trace-058,and-dependency,1,8,direct,node-0071,node-0071,0,0,0
trace-058,and-dependency,1,8,verified,node-0071,node-0071,0,0,0
trace-058,and-dependency,1,8,full-compiled,node-0071,node-0071,0,0,0
trace-058,and-dependency,1,8,timestamp-only,node-0071,node-0042,1,1,1
trace-058,and-dependency,1,8,no-ancestor-expiry,node-0071,node-0043,1,1,1
trace-058,and-dependency,1,8,no-ancestor-revocation,node-0071,node-0063,1,1,1
trace-058,and-dependency,1,8,no-alias-obligations,node-0071,node-0071,0,0,0
trace-058,and-dependency,1,8,top-one,node-0071,,1,1,0
trace-058,and-dependency,1,8,expiry-skyline,node-0071,node-0007,1,1,0
trace-058,and-dependency,1,9,direct,node-0111,node-0111,0,0,0
trace-058,and-dependency,1,9,verified,node-0111,node-0111,0,0,0
trace-058,and-dependency,1,9,full-compiled,node-0111,node-0111,0,0,0
trace-058,and-dependency,1,9,timestamp-only,node-0111,node-0022,1,1,1
trace-058,and-dependency,1,9,no-ancestor-expiry,node-0111,node-0111,0,0,0
trace-058,and-dependency,1,9,no-ancestor-revocation,node-0111,node-0091,1,1,1
trace-058,and-dependency,1,9,no-alias-obligations,node-0111,node-0094,1,1,1
trace-058,and-dependency,1,9,top-one,node-0111,,1,1,0
trace-058,and-dependency,1,9,expiry-skyline,node-0111,node-0111,0,0,0
trace-058,and-dependency,1,10,direct,node-0094,node-0094,0,0,0
trace-058,and-dependency,1,10,verified,node-0094,node-0094,0,0,0
trace-058,and-dependency,1,10,full-compiled,node-0094,node-0094,0,0,0
trace-058,and-dependency,1,10,timestamp-only,node-0094,node-0042,1,1,1
trace-058,and-dependency,1,10,no-ancestor-expiry,node-0094,node-0098,1,1,1
trace-058,and-dependency,1,10,no-ancestor-revocation,node-0094,node-0094,0,0,0
trace-058,and-dependency,1,10,no-alias-obligations,node-0094,node-0094,0,0,0
trace-058,and-dependency,1,10,top-one,node-0094,,1,1,0
trace-058,and-dependency,1,10,expiry-skyline,node-0094,node-0111,1,1,0
trace-058,and-dependency,1,11,direct,,,0,0,0
trace-058,and-dependency,1,11,verified,,,0,0,0
trace-058,and-dependency,1,11,full-compiled,,,0,0,0
trace-058,and-dependency,1,11,timestamp-only,,node-0042,1,1,1
trace-058,and-dependency,1,11,no-ancestor-expiry,,,0,0,0
trace-058,and-dependency,1,11,no-ancestor-revocation,,,0,0,0
trace-058,and-dependency,1,11,no-alias-obligations,,,0,0,0
trace-058,and-dependency,1,11,top-one,,,0,0,0
trace-058,and-dependency,1,11,expiry-skyline,,,0,0,0
trace-059,and-dependency,0,0,direct,node-0000,node-0000,0,0,0
trace-059,and-dependency,0,0,verified,node-0000,node-0000,0,0,0
trace-059,and-dependency,0,0,full-compiled,node-0000,node-0000,0,0,0
trace-059,and-dependency,0,0,timestamp-only,node-0000,node-0105,1,1,1
trace-059,and-dependency,0,0,no-ancestor-expiry,node-0000,node-0105,1,1,1
trace-059,and-dependency,0,0,no-ancestor-revocation,node-0000,node-0000,0,0,0
trace-059,and-dependency,0,0,no-alias-obligations,node-0000,node-0000,0,0,0
trace-059,and-dependency,0,0,top-one,node-0000,node-0000,0,0,0
trace-059,and-dependency,0,0,expiry-skyline,node-0000,node-0000,0,0,0
trace-059,and-dependency,0,1,direct,node-0000,node-0000,0,0,0
trace-059,and-dependency,0,1,verified,node-0000,node-0000,0,0,0
trace-059,and-dependency,0,1,full-compiled,node-0000,node-0000,0,0,0
trace-059,and-dependency,0,1,timestamp-only,node-0000,node-0105,1,1,1
trace-059,and-dependency,0,1,no-ancestor-expiry,node-0000,node-0000,0,0,0
trace-059,and-dependency,0,1,no-ancestor-revocation,node-0000,node-0000,0,0,0
trace-059,and-dependency,0,1,no-alias-obligations,node-0000,node-0000,0,0,0
trace-059,and-dependency,0,1,top-one,node-0000,node-0000,0,0,0
trace-059,and-dependency,0,1,expiry-skyline,node-0000,node-0000,0,0,0
trace-059,and-dependency,0,2,direct,node-0036,node-0036,0,0,0
trace-059,and-dependency,0,2,verified,node-0036,node-0036,0,0,0
trace-059,and-dependency,0,2,full-compiled,node-0036,node-0036,0,0,0
trace-059,and-dependency,0,2,timestamp-only,node-0036,node-0101,1,1,1
trace-059,and-dependency,0,2,no-ancestor-expiry,node-0036,node-0036,0,0,0
trace-059,and-dependency,0,2,no-ancestor-revocation,node-0036,node-0052,1,1,1
trace-059,and-dependency,0,2,no-alias-obligations,node-0036,node-0036,0,0,0
trace-059,and-dependency,0,2,top-one,node-0036,,1,1,0
trace-059,and-dependency,0,2,expiry-skyline,node-0036,node-0036,0,0,0
trace-059,and-dependency,0,3,direct,node-0000,node-0000,0,0,0
trace-059,and-dependency,0,3,verified,node-0000,node-0000,0,0,0
trace-059,and-dependency,0,3,full-compiled,node-0000,node-0000,0,0,0
trace-059,and-dependency,0,3,timestamp-only,node-0000,node-0105,1,1,1
trace-059,and-dependency,0,3,no-ancestor-expiry,node-0000,node-0000,0,0,0
trace-059,and-dependency,0,3,no-ancestor-revocation,node-0000,node-0000,0,0,0
trace-059,and-dependency,0,3,no-alias-obligations,node-0000,node-0000,0,0,0
trace-059,and-dependency,0,3,top-one,node-0000,node-0000,0,0,0
trace-059,and-dependency,0,3,expiry-skyline,node-0000,node-0000,0,0,0
trace-059,and-dependency,0,4,direct,node-0021,node-0021,0,0,0
trace-059,and-dependency,0,4,verified,node-0021,node-0021,0,0,0
trace-059,and-dependency,0,4,full-compiled,node-0021,node-0021,0,0,0
trace-059,and-dependency,0,4,timestamp-only,node-0021,node-0105,1,1,1
trace-059,and-dependency,0,4,no-ancestor-expiry,node-0021,node-0105,1,1,1
trace-059,and-dependency,0,4,no-ancestor-revocation,node-0021,node-0021,0,0,0
trace-059,and-dependency,0,4,no-alias-obligations,node-0021,node-0021,0,0,0
trace-059,and-dependency,0,4,top-one,node-0021,,1,1,0
trace-059,and-dependency,0,4,expiry-skyline,node-0021,node-0021,0,0,0
trace-059,and-dependency,0,5,direct,node-0021,node-0021,0,0,0
trace-059,and-dependency,0,5,verified,node-0021,node-0021,0,0,0
trace-059,and-dependency,0,5,full-compiled,node-0021,node-0021,0,0,0
trace-059,and-dependency,0,5,timestamp-only,node-0021,node-0105,1,1,1
trace-059,and-dependency,0,5,no-ancestor-expiry,node-0021,node-0105,1,1,1
trace-059,and-dependency,0,5,no-ancestor-revocation,node-0021,node-0021,0,0,0
trace-059,and-dependency,0,5,no-alias-obligations,node-0021,node-0021,0,0,0
trace-059,and-dependency,0,5,top-one,node-0021,,1,1,0
trace-059,and-dependency,0,5,expiry-skyline,node-0021,node-0021,0,0,0
trace-059,and-dependency,0,6,direct,,,0,0,0
trace-059,and-dependency,0,6,verified,,,0,0,0
trace-059,and-dependency,0,6,full-compiled,,,0,0,0
trace-059,and-dependency,0,6,timestamp-only,,node-0105,1,1,1
trace-059,and-dependency,0,6,no-ancestor-expiry,,node-0064,1,1,1
trace-059,and-dependency,0,6,no-ancestor-revocation,,,0,0,0
trace-059,and-dependency,0,6,no-alias-obligations,,node-0001,1,1,1
trace-059,and-dependency,0,6,top-one,,,0,0,0
trace-059,and-dependency,0,6,expiry-skyline,,,0,0,0
trace-059,and-dependency,0,7,direct,,,0,0,0
trace-059,and-dependency,0,7,verified,,,0,0,0
trace-059,and-dependency,0,7,full-compiled,,,0,0,0
trace-059,and-dependency,0,7,timestamp-only,,,0,0,0
trace-059,and-dependency,0,7,no-ancestor-expiry,,,0,0,0
trace-059,and-dependency,0,7,no-ancestor-revocation,,,0,0,0
trace-059,and-dependency,0,7,no-alias-obligations,,,0,0,0
trace-059,and-dependency,0,7,top-one,,,0,0,0
trace-059,and-dependency,0,7,expiry-skyline,,,0,0,0
trace-059,and-dependency,0,8,direct,node-0036,node-0036,0,0,0
trace-059,and-dependency,0,8,verified,node-0036,node-0036,0,0,0
trace-059,and-dependency,0,8,full-compiled,node-0036,node-0036,0,0,0
trace-059,and-dependency,0,8,timestamp-only,node-0036,node-0101,1,1,1
trace-059,and-dependency,0,8,no-ancestor-expiry,node-0036,node-0036,0,0,0
trace-059,and-dependency,0,8,no-ancestor-revocation,node-0036,node-0052,1,1,1
trace-059,and-dependency,0,8,no-alias-obligations,node-0036,node-0036,0,0,0
trace-059,and-dependency,0,8,top-one,node-0036,,1,1,0
trace-059,and-dependency,0,8,expiry-skyline,node-0036,node-0036,0,0,0
trace-059,and-dependency,0,9,direct,,,0,0,0
trace-059,and-dependency,0,9,verified,,,0,0,0
trace-059,and-dependency,0,9,full-compiled,,,0,0,0
trace-059,and-dependency,0,9,timestamp-only,,node-0093,1,1,1
trace-059,and-dependency,0,9,no-ancestor-expiry,,,0,0,0
trace-059,and-dependency,0,9,no-ancestor-revocation,,node-0016,1,1,1
trace-059,and-dependency,0,9,no-alias-obligations,,node-0001,1,1,1
trace-059,and-dependency,0,9,top-one,,,0,0,0
trace-059,and-dependency,0,9,expiry-skyline,,,0,0,0
trace-059,and-dependency,0,10,direct,node-0013,node-0013,0,0,0
trace-059,and-dependency,0,10,verified,node-0013,node-0013,0,0,0
trace-059,and-dependency,0,10,full-compiled,node-0013,node-0013,0,0,0
trace-059,and-dependency,0,10,timestamp-only,node-0013,node-0105,1,1,1
trace-059,and-dependency,0,10,no-ancestor-expiry,node-0013,node-0013,0,0,0
trace-059,and-dependency,0,10,no-ancestor-revocation,node-0013,node-0021,1,1,1
trace-059,and-dependency,0,10,no-alias-obligations,node-0013,node-0013,0,0,0
trace-059,and-dependency,0,10,top-one,node-0013,,1,1,0
trace-059,and-dependency,0,10,expiry-skyline,node-0013,node-0036,1,1,0
trace-059,and-dependency,0,11,direct,node-0005,node-0005,0,0,0
trace-059,and-dependency,0,11,verified,node-0005,node-0005,0,0,0
trace-059,and-dependency,0,11,full-compiled,node-0005,node-0005,0,0,0
trace-059,and-dependency,0,11,timestamp-only,node-0005,node-0105,1,1,1
trace-059,and-dependency,0,11,no-ancestor-expiry,node-0005,node-0005,0,0,0
trace-059,and-dependency,0,11,no-ancestor-revocation,node-0005,node-0021,1,1,1
trace-059,and-dependency,0,11,no-alias-obligations,node-0005,node-0005,0,0,0
trace-059,and-dependency,0,11,top-one,node-0005,,1,1,0
trace-059,and-dependency,0,11,expiry-skyline,node-0005,,1,1,0
trace-059,and-dependency,1,0,direct,node-0027,node-0027,0,0,0
trace-059,and-dependency,1,0,verified,node-0027,node-0027,0,0,0
trace-059,and-dependency,1,0,full-compiled,node-0027,node-0027,0,0,0
trace-059,and-dependency,1,0,timestamp-only,node-0027,node-0027,0,0,0
trace-059,and-dependency,1,0,no-ancestor-expiry,node-0027,node-0027,0,0,0
trace-059,and-dependency,1,0,no-ancestor-revocation,node-0027,node-0027,0,0,0
trace-059,and-dependency,1,0,no-alias-obligations,node-0027,node-0027,0,0,0
trace-059,and-dependency,1,0,top-one,node-0027,node-0027,0,0,0
trace-059,and-dependency,1,0,expiry-skyline,node-0027,node-0027,0,0,0
trace-059,and-dependency,1,1,direct,node-0003,node-0003,0,0,0
trace-059,and-dependency,1,1,verified,node-0003,node-0003,0,0,0
trace-059,and-dependency,1,1,full-compiled,node-0003,node-0003,0,0,0
trace-059,and-dependency,1,1,timestamp-only,node-0003,node-0027,1,1,1
trace-059,and-dependency,1,1,no-ancestor-expiry,node-0003,node-0003,0,0,0
trace-059,and-dependency,1,1,no-ancestor-revocation,node-0003,node-0027,1,1,1
trace-059,and-dependency,1,1,no-alias-obligations,node-0003,node-0003,0,0,0
trace-059,and-dependency,1,1,top-one,node-0003,,1,1,0
trace-059,and-dependency,1,1,expiry-skyline,node-0003,node-0003,0,0,0
trace-059,and-dependency,1,2,direct,node-0111,node-0111,0,0,0
trace-059,and-dependency,1,2,verified,node-0111,node-0111,0,0,0
trace-059,and-dependency,1,2,full-compiled,node-0111,node-0111,0,0,0
trace-059,and-dependency,1,2,timestamp-only,node-0111,node-0075,1,1,1
trace-059,and-dependency,1,2,no-ancestor-expiry,node-0111,node-0111,0,0,0
trace-059,and-dependency,1,2,no-ancestor-revocation,node-0111,node-0111,0,0,0
trace-059,and-dependency,1,2,no-alias-obligations,node-0111,node-0006,1,0,1
trace-059,and-dependency,1,2,top-one,node-0111,,1,1,0
trace-059,and-dependency,1,2,expiry-skyline,node-0111,node-0111,0,0,0
trace-059,and-dependency,1,3,direct,node-0003,node-0003,0,0,0
trace-059,and-dependency,1,3,verified,node-0003,node-0003,0,0,0
trace-059,and-dependency,1,3,full-compiled,node-0003,node-0003,0,0,0
trace-059,and-dependency,1,3,timestamp-only,node-0003,node-0027,1,1,1
trace-059,and-dependency,1,3,no-ancestor-expiry,node-0003,node-0003,0,0,0
trace-059,and-dependency,1,3,no-ancestor-revocation,node-0003,node-0003,0,0,0
trace-059,and-dependency,1,3,no-alias-obligations,node-0003,node-0003,0,0,0
trace-059,and-dependency,1,3,top-one,node-0003,,1,1,0
trace-059,and-dependency,1,3,expiry-skyline,node-0003,node-0003,0,0,0
trace-059,and-dependency,1,4,direct,node-0003,node-0003,0,0,0
trace-059,and-dependency,1,4,verified,node-0003,node-0003,0,0,0
trace-059,and-dependency,1,4,full-compiled,node-0003,node-0003,0,0,0
trace-059,and-dependency,1,4,timestamp-only,node-0003,node-0027,1,1,1
trace-059,and-dependency,1,4,no-ancestor-expiry,node-0003,node-0027,1,1,1
trace-059,and-dependency,1,4,no-ancestor-revocation,node-0003,node-0003,0,0,0
trace-059,and-dependency,1,4,no-alias-obligations,node-0003,node-0003,0,0,0
trace-059,and-dependency,1,4,top-one,node-0003,,1,1,0
trace-059,and-dependency,1,4,expiry-skyline,node-0003,node-0003,0,0,0
trace-059,and-dependency,1,5,direct,node-0098,node-0098,0,0,0
trace-059,and-dependency,1,5,verified,node-0098,node-0098,0,0,0
trace-059,and-dependency,1,5,full-compiled,node-0098,node-0098,0,0,0
trace-059,and-dependency,1,5,timestamp-only,node-0098,node-0027,1,1,1
trace-059,and-dependency,1,5,no-ancestor-expiry,node-0098,node-0027,1,1,1
trace-059,and-dependency,1,5,no-ancestor-revocation,node-0098,node-0098,0,0,0
trace-059,and-dependency,1,5,no-alias-obligations,node-0098,node-0098,0,0,0
trace-059,and-dependency,1,5,top-one,node-0098,,1,1,0
trace-059,and-dependency,1,5,expiry-skyline,node-0098,node-0098,0,0,0
trace-059,and-dependency,1,6,direct,node-0039,node-0039,0,0,0
trace-059,and-dependency,1,6,verified,node-0039,node-0039,0,0,0
trace-059,and-dependency,1,6,full-compiled,node-0039,node-0039,0,0,0
trace-059,and-dependency,1,6,timestamp-only,node-0039,node-0098,1,1,1
trace-059,and-dependency,1,6,no-ancestor-expiry,node-0039,node-0039,0,0,0
trace-059,and-dependency,1,6,no-ancestor-revocation,node-0039,node-0039,0,0,0
trace-059,and-dependency,1,6,no-alias-obligations,node-0039,node-0098,1,1,1
trace-059,and-dependency,1,6,top-one,node-0039,,1,1,0
trace-059,and-dependency,1,6,expiry-skyline,node-0039,node-0039,0,0,0
trace-059,and-dependency,1,7,direct,,,0,0,0
trace-059,and-dependency,1,7,verified,,,0,0,0
trace-059,and-dependency,1,7,full-compiled,,,0,0,0
trace-059,and-dependency,1,7,timestamp-only,,,0,0,0
trace-059,and-dependency,1,7,no-ancestor-expiry,,,0,0,0
trace-059,and-dependency,1,7,no-ancestor-revocation,,,0,0,0
trace-059,and-dependency,1,7,no-alias-obligations,,,0,0,0
trace-059,and-dependency,1,7,top-one,,,0,0,0
trace-059,and-dependency,1,7,expiry-skyline,,,0,0,0
trace-059,and-dependency,1,8,direct,node-0111,node-0111,0,0,0
trace-059,and-dependency,1,8,verified,node-0111,node-0111,0,0,0
trace-059,and-dependency,1,8,full-compiled,node-0111,node-0111,0,0,0
trace-059,and-dependency,1,8,timestamp-only,node-0111,node-0075,1,1,1
trace-059,and-dependency,1,8,no-ancestor-expiry,node-0111,node-0111,0,0,0
trace-059,and-dependency,1,8,no-ancestor-revocation,node-0111,node-0111,0,0,0
trace-059,and-dependency,1,8,no-alias-obligations,node-0111,node-0006,1,0,1
trace-059,and-dependency,1,8,top-one,node-0111,,1,1,0
trace-059,and-dependency,1,8,expiry-skyline,node-0111,node-0111,0,0,0
trace-059,and-dependency,1,9,direct,node-0039,node-0039,0,0,0
trace-059,and-dependency,1,9,verified,node-0039,node-0039,0,0,0
trace-059,and-dependency,1,9,full-compiled,node-0039,node-0039,0,0,0
trace-059,and-dependency,1,9,timestamp-only,node-0039,node-0091,1,1,1
trace-059,and-dependency,1,9,no-ancestor-expiry,node-0039,node-0039,0,0,0
trace-059,and-dependency,1,9,no-ancestor-revocation,node-0039,node-0091,1,1,1
trace-059,and-dependency,1,9,no-alias-obligations,node-0039,node-0039,0,0,0
trace-059,and-dependency,1,9,top-one,node-0039,,1,1,0
trace-059,and-dependency,1,9,expiry-skyline,node-0039,node-0039,0,0,0
trace-059,and-dependency,1,10,direct,node-0098,node-0098,0,0,0
trace-059,and-dependency,1,10,verified,node-0098,node-0098,0,0,0
trace-059,and-dependency,1,10,full-compiled,node-0098,node-0098,0,0,0
trace-059,and-dependency,1,10,timestamp-only,node-0098,node-0027,1,1,1
trace-059,and-dependency,1,10,no-ancestor-expiry,node-0098,node-0098,0,0,0
trace-059,and-dependency,1,10,no-ancestor-revocation,node-0098,node-0098,0,0,0
trace-059,and-dependency,1,10,no-alias-obligations,node-0098,node-0098,0,0,0
trace-059,and-dependency,1,10,top-one,node-0098,,1,1,0
trace-059,and-dependency,1,10,expiry-skyline,node-0098,node-0098,0,0,0
trace-059,and-dependency,1,11,direct,node-0098,node-0098,0,0,0
trace-059,and-dependency,1,11,verified,node-0098,node-0098,0,0,0
trace-059,and-dependency,1,11,full-compiled,node-0098,node-0098,0,0,0
trace-059,and-dependency,1,11,timestamp-only,node-0098,node-0038,1,1,1
trace-059,and-dependency,1,11,no-ancestor-expiry,node-0098,node-0098,0,0,0
trace-059,and-dependency,1,11,no-ancestor-revocation,node-0098,node-0098,0,0,0
trace-059,and-dependency,1,11,no-alias-obligations,node-0098,node-0098,0,0,0
trace-059,and-dependency,1,11,top-one,node-0098,,1,1,0
trace-059,and-dependency,1,11,expiry-skyline,node-0098,node-0098,0,0,0
trace-060,and-dependency,0,0,direct,node-0001,node-0001,0,0,0
trace-060,and-dependency,0,0,verified,node-0001,node-0001,0,0,0
trace-060,and-dependency,0,0,full-compiled,node-0001,node-0001,0,0,0
trace-060,and-dependency,0,0,timestamp-only,node-0001,node-0001,0,0,0
trace-060,and-dependency,0,0,no-ancestor-expiry,node-0001,node-0001,0,0,0
trace-060,and-dependency,0,0,no-ancestor-revocation,node-0001,node-0001,0,0,0
trace-060,and-dependency,0,0,no-alias-obligations,node-0001,node-0001,0,0,0
trace-060,and-dependency,0,0,top-one,node-0001,node-0001,0,0,0
trace-060,and-dependency,0,0,expiry-skyline,node-0001,node-0001,0,0,0
trace-060,and-dependency,0,1,direct,node-0001,node-0001,0,0,0
trace-060,and-dependency,0,1,verified,node-0001,node-0001,0,0,0
trace-060,and-dependency,0,1,full-compiled,node-0001,node-0001,0,0,0
trace-060,and-dependency,0,1,timestamp-only,node-0001,node-0001,0,0,0
trace-060,and-dependency,0,1,no-ancestor-expiry,node-0001,node-0001,0,0,0
trace-060,and-dependency,0,1,no-ancestor-revocation,node-0001,node-0001,0,0,0
trace-060,and-dependency,0,1,no-alias-obligations,node-0001,node-0001,0,0,0
trace-060,and-dependency,0,1,top-one,node-0001,node-0001,0,0,0
trace-060,and-dependency,0,1,expiry-skyline,node-0001,node-0001,0,0,0
trace-060,and-dependency,0,2,direct,node-0120,node-0120,0,0,0
trace-060,and-dependency,0,2,verified,node-0120,node-0120,0,0,0
trace-060,and-dependency,0,2,full-compiled,node-0120,node-0120,0,0,0
trace-060,and-dependency,0,2,timestamp-only,node-0120,node-0120,0,0,0
trace-060,and-dependency,0,2,no-ancestor-expiry,node-0120,node-0120,0,0,0
trace-060,and-dependency,0,2,no-ancestor-revocation,node-0120,node-0120,0,0,0
trace-060,and-dependency,0,2,no-alias-obligations,node-0120,node-0120,0,0,0
trace-060,and-dependency,0,2,top-one,node-0120,,1,1,0
trace-060,and-dependency,0,2,expiry-skyline,node-0120,,1,1,0
trace-060,and-dependency,0,3,direct,node-0001,node-0001,0,0,0
trace-060,and-dependency,0,3,verified,node-0001,node-0001,0,0,0
trace-060,and-dependency,0,3,full-compiled,node-0001,node-0001,0,0,0
trace-060,and-dependency,0,3,timestamp-only,node-0001,node-0001,0,0,0
trace-060,and-dependency,0,3,no-ancestor-expiry,node-0001,node-0001,0,0,0
trace-060,and-dependency,0,3,no-ancestor-revocation,node-0001,node-0001,0,0,0
trace-060,and-dependency,0,3,no-alias-obligations,node-0001,node-0001,0,0,0
trace-060,and-dependency,0,3,top-one,node-0001,node-0001,0,0,0
trace-060,and-dependency,0,3,expiry-skyline,node-0001,node-0001,0,0,0
trace-060,and-dependency,0,4,direct,node-0001,node-0001,0,0,0
trace-060,and-dependency,0,4,verified,node-0001,node-0001,0,0,0
trace-060,and-dependency,0,4,full-compiled,node-0001,node-0001,0,0,0
trace-060,and-dependency,0,4,timestamp-only,node-0001,node-0001,0,0,0
trace-060,and-dependency,0,4,no-ancestor-expiry,node-0001,node-0001,0,0,0
trace-060,and-dependency,0,4,no-ancestor-revocation,node-0001,node-0001,0,0,0
trace-060,and-dependency,0,4,no-alias-obligations,node-0001,node-0001,0,0,0
trace-060,and-dependency,0,4,top-one,node-0001,node-0001,0,0,0
trace-060,and-dependency,0,4,expiry-skyline,node-0001,node-0001,0,0,0
trace-060,and-dependency,0,5,direct,node-0052,node-0052,0,0,0
trace-060,and-dependency,0,5,verified,node-0052,node-0052,0,0,0
trace-060,and-dependency,0,5,full-compiled,node-0052,node-0052,0,0,0
trace-060,and-dependency,0,5,timestamp-only,node-0052,node-0052,0,0,0
trace-060,and-dependency,0,5,no-ancestor-expiry,node-0052,node-0052,0,0,0
trace-060,and-dependency,0,5,no-ancestor-revocation,node-0052,node-0052,0,0,0
trace-060,and-dependency,0,5,no-alias-obligations,node-0052,node-0052,0,0,0
trace-060,and-dependency,0,5,top-one,node-0052,,1,1,0
trace-060,and-dependency,0,5,expiry-skyline,node-0052,node-0052,0,0,0
trace-060,and-dependency,0,6,direct,node-0052,node-0052,0,0,0
trace-060,and-dependency,0,6,verified,node-0052,node-0052,0,0,0
trace-060,and-dependency,0,6,full-compiled,node-0052,node-0052,0,0,0
trace-060,and-dependency,0,6,timestamp-only,node-0052,node-0052,0,0,0
trace-060,and-dependency,0,6,no-ancestor-expiry,node-0052,node-0052,0,0,0
trace-060,and-dependency,0,6,no-ancestor-revocation,node-0052,node-0052,0,0,0
trace-060,and-dependency,0,6,no-alias-obligations,node-0052,node-0052,0,0,0
trace-060,and-dependency,0,6,top-one,node-0052,,1,1,0
trace-060,and-dependency,0,6,expiry-skyline,node-0052,node-0052,0,0,0
trace-060,and-dependency,0,7,direct,,,0,0,0
trace-060,and-dependency,0,7,verified,,,0,0,0
trace-060,and-dependency,0,7,full-compiled,,,0,0,0
trace-060,and-dependency,0,7,timestamp-only,,,0,0,0
trace-060,and-dependency,0,7,no-ancestor-expiry,,,0,0,0
trace-060,and-dependency,0,7,no-ancestor-revocation,,,0,0,0
trace-060,and-dependency,0,7,no-alias-obligations,,,0,0,0
trace-060,and-dependency,0,7,top-one,,,0,0,0
trace-060,and-dependency,0,7,expiry-skyline,,,0,0,0
trace-060,and-dependency,0,8,direct,node-0001,node-0001,0,0,0
trace-060,and-dependency,0,8,verified,node-0001,node-0001,0,0,0
trace-060,and-dependency,0,8,full-compiled,node-0001,node-0001,0,0,0
trace-060,and-dependency,0,8,timestamp-only,node-0001,node-0001,0,0,0
trace-060,and-dependency,0,8,no-ancestor-expiry,node-0001,node-0001,0,0,0
trace-060,and-dependency,0,8,no-ancestor-revocation,node-0001,node-0001,0,0,0
trace-060,and-dependency,0,8,no-alias-obligations,node-0001,node-0001,0,0,0
trace-060,and-dependency,0,8,top-one,node-0001,node-0001,0,0,0
trace-060,and-dependency,0,8,expiry-skyline,node-0001,node-0001,0,0,0
trace-060,and-dependency,0,9,direct,node-0088,node-0088,0,0,0
trace-060,and-dependency,0,9,verified,node-0088,node-0088,0,0,0
trace-060,and-dependency,0,9,full-compiled,node-0088,node-0088,0,0,0
trace-060,and-dependency,0,9,timestamp-only,node-0088,node-0084,1,1,1
trace-060,and-dependency,0,9,no-ancestor-expiry,node-0088,node-0048,1,1,1
trace-060,and-dependency,0,9,no-ancestor-revocation,node-0088,node-0084,1,1,1
trace-060,and-dependency,0,9,no-alias-obligations,node-0088,node-0097,1,1,1
trace-060,and-dependency,0,9,top-one,node-0088,,1,1,0
trace-060,and-dependency,0,9,expiry-skyline,node-0088,,1,1,0
trace-060,and-dependency,0,10,direct,node-0001,node-0001,0,0,0
trace-060,and-dependency,0,10,verified,node-0001,node-0001,0,0,0
trace-060,and-dependency,0,10,full-compiled,node-0001,node-0001,0,0,0
trace-060,and-dependency,0,10,timestamp-only,node-0001,node-0001,0,0,0
trace-060,and-dependency,0,10,no-ancestor-expiry,node-0001,node-0001,0,0,0
trace-060,and-dependency,0,10,no-ancestor-revocation,node-0001,node-0001,0,0,0
trace-060,and-dependency,0,10,no-alias-obligations,node-0001,node-0001,0,0,0
trace-060,and-dependency,0,10,top-one,node-0001,node-0001,0,0,0
trace-060,and-dependency,0,10,expiry-skyline,node-0001,node-0001,0,0,0
trace-060,and-dependency,0,11,direct,,,0,0,0
trace-060,and-dependency,0,11,verified,,,0,0,0
trace-060,and-dependency,0,11,full-compiled,,,0,0,0
trace-060,and-dependency,0,11,timestamp-only,,node-0025,1,1,1
trace-060,and-dependency,0,11,no-ancestor-expiry,,,0,0,0
trace-060,and-dependency,0,11,no-ancestor-revocation,,,0,0,0
trace-060,and-dependency,0,11,no-alias-obligations,,,0,0,0
trace-060,and-dependency,0,11,top-one,,,0,0,0
trace-060,and-dependency,0,11,expiry-skyline,,,0,0,0
trace-060,and-dependency,1,0,direct,node-0078,node-0078,0,0,0
trace-060,and-dependency,1,0,verified,node-0078,node-0078,0,0,0
trace-060,and-dependency,1,0,full-compiled,node-0078,node-0078,0,0,0
trace-060,and-dependency,1,0,timestamp-only,node-0078,node-0078,0,0,0
trace-060,and-dependency,1,0,no-ancestor-expiry,node-0078,node-0078,0,0,0
trace-060,and-dependency,1,0,no-ancestor-revocation,node-0078,node-0078,0,0,0
trace-060,and-dependency,1,0,no-alias-obligations,node-0078,node-0078,0,0,0
trace-060,and-dependency,1,0,top-one,node-0078,node-0078,0,0,0
trace-060,and-dependency,1,0,expiry-skyline,node-0078,node-0078,0,0,0
trace-060,and-dependency,1,1,direct,node-0122,node-0122,0,0,0
trace-060,and-dependency,1,1,verified,node-0122,node-0122,0,0,0
trace-060,and-dependency,1,1,full-compiled,node-0122,node-0122,0,0,0
trace-060,and-dependency,1,1,timestamp-only,node-0122,node-0078,1,1,1
trace-060,and-dependency,1,1,no-ancestor-expiry,node-0122,node-0122,0,0,0
trace-060,and-dependency,1,1,no-ancestor-revocation,node-0122,node-0078,1,1,1
trace-060,and-dependency,1,1,no-alias-obligations,node-0122,node-0122,0,0,0
trace-060,and-dependency,1,1,top-one,node-0122,,1,1,0
trace-060,and-dependency,1,1,expiry-skyline,node-0122,node-0122,0,0,0
trace-060,and-dependency,1,2,direct,node-0007,node-0007,0,0,0
trace-060,and-dependency,1,2,verified,node-0007,node-0007,0,0,0
trace-060,and-dependency,1,2,full-compiled,node-0007,node-0007,0,0,0
trace-060,and-dependency,1,2,timestamp-only,node-0007,node-0118,1,1,1
trace-060,and-dependency,1,2,no-ancestor-expiry,node-0007,node-0007,0,0,0
trace-060,and-dependency,1,2,no-ancestor-revocation,node-0007,node-0007,0,0,0
trace-060,and-dependency,1,2,no-alias-obligations,node-0007,node-0007,0,0,0
trace-060,and-dependency,1,2,top-one,node-0007,,1,1,0
trace-060,and-dependency,1,2,expiry-skyline,node-0007,,1,1,0
trace-060,and-dependency,1,3,direct,node-0122,node-0122,0,0,0
trace-060,and-dependency,1,3,verified,node-0122,node-0122,0,0,0
trace-060,and-dependency,1,3,full-compiled,node-0122,node-0122,0,0,0
trace-060,and-dependency,1,3,timestamp-only,node-0122,node-0078,1,1,1
trace-060,and-dependency,1,3,no-ancestor-expiry,node-0122,node-0122,0,0,0
trace-060,and-dependency,1,3,no-ancestor-revocation,node-0122,node-0078,1,1,1
trace-060,and-dependency,1,3,no-alias-obligations,node-0122,node-0122,0,0,0
trace-060,and-dependency,1,3,top-one,node-0122,,1,1,0
trace-060,and-dependency,1,3,expiry-skyline,node-0122,node-0122,0,0,0
trace-060,and-dependency,1,4,direct,node-0122,node-0122,0,0,0
trace-060,and-dependency,1,4,verified,node-0122,node-0122,0,0,0
trace-060,and-dependency,1,4,full-compiled,node-0122,node-0122,0,0,0
trace-060,and-dependency,1,4,timestamp-only,node-0122,node-0078,1,1,1
trace-060,and-dependency,1,4,no-ancestor-expiry,node-0122,node-0078,1,1,1
trace-060,and-dependency,1,4,no-ancestor-revocation,node-0122,node-0122,0,0,0
trace-060,and-dependency,1,4,no-alias-obligations,node-0122,node-0122,0,0,0
trace-060,and-dependency,1,4,top-one,node-0122,,1,1,0
trace-060,and-dependency,1,4,expiry-skyline,node-0122,node-0122,0,0,0
trace-060,and-dependency,1,5,direct,node-0030,node-0030,0,0,0
trace-060,and-dependency,1,5,verified,node-0030,node-0030,0,0,0
trace-060,and-dependency,1,5,full-compiled,node-0030,node-0030,0,0,0
trace-060,and-dependency,1,5,timestamp-only,node-0030,node-0078,1,1,1
trace-060,and-dependency,1,5,no-ancestor-expiry,node-0030,node-0078,1,1,1
trace-060,and-dependency,1,5,no-ancestor-revocation,node-0030,node-0030,0,0,0
trace-060,and-dependency,1,5,no-alias-obligations,node-0030,node-0030,0,0,0
trace-060,and-dependency,1,5,top-one,node-0030,,1,1,0
trace-060,and-dependency,1,5,expiry-skyline,node-0030,node-0030,0,0,0
trace-060,and-dependency,1,6,direct,,,0,0,0
trace-060,and-dependency,1,6,verified,,,0,0,0
trace-060,and-dependency,1,6,full-compiled,,,0,0,0
trace-060,and-dependency,1,6,timestamp-only,,node-0071,1,1,1
trace-060,and-dependency,1,6,no-ancestor-expiry,,node-0071,1,1,1
trace-060,and-dependency,1,6,no-ancestor-revocation,,,0,0,0
trace-060,and-dependency,1,6,no-alias-obligations,,,0,0,0
trace-060,and-dependency,1,6,top-one,,,0,0,0
trace-060,and-dependency,1,6,expiry-skyline,,,0,0,0
trace-060,and-dependency,1,7,direct,,,0,0,0
trace-060,and-dependency,1,7,verified,,,0,0,0
trace-060,and-dependency,1,7,full-compiled,,,0,0,0
trace-060,and-dependency,1,7,timestamp-only,,,0,0,0
trace-060,and-dependency,1,7,no-ancestor-expiry,,,0,0,0
trace-060,and-dependency,1,7,no-ancestor-revocation,,,0,0,0
trace-060,and-dependency,1,7,no-alias-obligations,,,0,0,0
trace-060,and-dependency,1,7,top-one,,,0,0,0
trace-060,and-dependency,1,7,expiry-skyline,,,0,0,0
trace-060,and-dependency,1,8,direct,node-0122,node-0122,0,0,0
trace-060,and-dependency,1,8,verified,node-0122,node-0122,0,0,0
trace-060,and-dependency,1,8,full-compiled,node-0122,node-0122,0,0,0
trace-060,and-dependency,1,8,timestamp-only,node-0122,node-0078,1,1,1
trace-060,and-dependency,1,8,no-ancestor-expiry,node-0122,node-0122,0,0,0
trace-060,and-dependency,1,8,no-ancestor-revocation,node-0122,node-0078,1,1,1
trace-060,and-dependency,1,8,no-alias-obligations,node-0122,node-0122,0,0,0
trace-060,and-dependency,1,8,top-one,node-0122,,1,1,0
trace-060,and-dependency,1,8,expiry-skyline,node-0122,node-0122,0,0,0
trace-060,and-dependency,1,9,direct,node-0103,node-0103,0,0,0
trace-060,and-dependency,1,9,verified,node-0103,node-0103,0,0,0
trace-060,and-dependency,1,9,full-compiled,node-0103,node-0103,0,0,0
trace-060,and-dependency,1,9,timestamp-only,node-0103,node-0127,1,1,1
trace-060,and-dependency,1,9,no-ancestor-expiry,node-0103,node-0103,0,0,0
trace-060,and-dependency,1,9,no-ancestor-revocation,node-0103,node-0127,1,1,1
trace-060,and-dependency,1,9,no-alias-obligations,node-0103,node-0110,1,1,1
trace-060,and-dependency,1,9,top-one,node-0103,,1,1,0
trace-060,and-dependency,1,9,expiry-skyline,node-0103,,1,1,0
trace-060,and-dependency,1,10,direct,node-0107,node-0107,0,0,0
trace-060,and-dependency,1,10,verified,node-0107,node-0107,0,0,0
trace-060,and-dependency,1,10,full-compiled,node-0107,node-0107,0,0,0
trace-060,and-dependency,1,10,timestamp-only,node-0107,node-0078,1,1,1
trace-060,and-dependency,1,10,no-ancestor-expiry,node-0107,node-0107,0,0,0
trace-060,and-dependency,1,10,no-ancestor-revocation,node-0107,node-0107,0,0,0
trace-060,and-dependency,1,10,no-alias-obligations,node-0107,node-0107,0,0,0
trace-060,and-dependency,1,10,top-one,node-0107,,1,1,0
trace-060,and-dependency,1,10,expiry-skyline,node-0107,node-0107,0,0,0
trace-060,and-dependency,1,11,direct,,,0,0,0
trace-060,and-dependency,1,11,verified,,,0,0,0
trace-060,and-dependency,1,11,full-compiled,,,0,0,0
trace-060,and-dependency,1,11,timestamp-only,,node-0126,1,1,1
trace-060,and-dependency,1,11,no-ancestor-expiry,,,0,0,0
trace-060,and-dependency,1,11,no-ancestor-revocation,,,0,0,0
trace-060,and-dependency,1,11,no-alias-obligations,,,0,0,0
trace-060,and-dependency,1,11,top-one,,,0,0,0
trace-060,and-dependency,1,11,expiry-skyline,,,0,0,0
trace-061,and-dependency,0,0,direct,node-0125,node-0125,0,0,0
trace-061,and-dependency,0,0,verified,node-0125,node-0125,0,0,0
trace-061,and-dependency,0,0,full-compiled,node-0125,node-0125,0,0,0
trace-061,and-dependency,0,0,timestamp-only,node-0125,node-0125,0,0,0
trace-061,and-dependency,0,0,no-ancestor-expiry,node-0125,node-0125,0,0,0
trace-061,and-dependency,0,0,no-ancestor-revocation,node-0125,node-0125,0,0,0
trace-061,and-dependency,0,0,no-alias-obligations,node-0125,node-0125,0,0,0
trace-061,and-dependency,0,0,top-one,node-0125,node-0125,0,0,0
trace-061,and-dependency,0,0,expiry-skyline,node-0125,node-0125,0,0,0
trace-061,and-dependency,0,1,direct,node-0060,node-0060,0,0,0
trace-061,and-dependency,0,1,verified,node-0060,node-0060,0,0,0
trace-061,and-dependency,0,1,full-compiled,node-0060,node-0060,0,0,0
trace-061,and-dependency,0,1,timestamp-only,node-0060,node-0125,1,1,1
trace-061,and-dependency,0,1,no-ancestor-expiry,node-0060,node-0060,0,0,0
trace-061,and-dependency,0,1,no-ancestor-revocation,node-0060,node-0125,1,1,1
trace-061,and-dependency,0,1,no-alias-obligations,node-0060,node-0060,0,0,0
trace-061,and-dependency,0,1,top-one,node-0060,,1,1,0
trace-061,and-dependency,0,1,expiry-skyline,node-0060,node-0060,0,0,0
trace-061,and-dependency,0,2,direct,node-0040,node-0040,0,0,0
trace-061,and-dependency,0,2,verified,node-0040,node-0040,0,0,0
trace-061,and-dependency,0,2,full-compiled,node-0040,node-0040,0,0,0
trace-061,and-dependency,0,2,timestamp-only,node-0040,node-0124,1,1,1
trace-061,and-dependency,0,2,no-ancestor-expiry,node-0040,node-0040,0,0,0
trace-061,and-dependency,0,2,no-ancestor-revocation,node-0040,node-0124,1,1,1
trace-061,and-dependency,0,2,no-alias-obligations,node-0040,node-0040,0,0,0
trace-061,and-dependency,0,2,top-one,node-0040,,1,1,0
trace-061,and-dependency,0,2,expiry-skyline,node-0040,node-0000,1,1,0
trace-061,and-dependency,0,3,direct,node-0060,node-0060,0,0,0
trace-061,and-dependency,0,3,verified,node-0060,node-0060,0,0,0
trace-061,and-dependency,0,3,full-compiled,node-0060,node-0060,0,0,0
trace-061,and-dependency,0,3,timestamp-only,node-0060,node-0125,1,1,1
trace-061,and-dependency,0,3,no-ancestor-expiry,node-0060,node-0060,0,0,0
trace-061,and-dependency,0,3,no-ancestor-revocation,node-0060,node-0060,0,0,0
trace-061,and-dependency,0,3,no-alias-obligations,node-0060,node-0060,0,0,0
trace-061,and-dependency,0,3,top-one,node-0060,,1,1,0
trace-061,and-dependency,0,3,expiry-skyline,node-0060,node-0060,0,0,0
trace-061,and-dependency,0,4,direct,node-0060,node-0060,0,0,0
trace-061,and-dependency,0,4,verified,node-0060,node-0060,0,0,0
trace-061,and-dependency,0,4,full-compiled,node-0060,node-0060,0,0,0
trace-061,and-dependency,0,4,timestamp-only,node-0060,node-0125,1,1,1
trace-061,and-dependency,0,4,no-ancestor-expiry,node-0060,node-0125,1,1,1
trace-061,and-dependency,0,4,no-ancestor-revocation,node-0060,node-0060,0,0,0
trace-061,and-dependency,0,4,no-alias-obligations,node-0060,node-0060,0,0,0
trace-061,and-dependency,0,4,top-one,node-0060,,1,1,0
trace-061,and-dependency,0,4,expiry-skyline,node-0060,node-0060,0,0,0
trace-061,and-dependency,0,5,direct,node-0060,node-0060,0,0,0
trace-061,and-dependency,0,5,verified,node-0060,node-0060,0,0,0
trace-061,and-dependency,0,5,full-compiled,node-0060,node-0060,0,0,0
trace-061,and-dependency,0,5,timestamp-only,node-0060,node-0125,1,1,1
trace-061,and-dependency,0,5,no-ancestor-expiry,node-0060,node-0125,1,1,1
trace-061,and-dependency,0,5,no-ancestor-revocation,node-0060,node-0060,0,0,0
trace-061,and-dependency,0,5,no-alias-obligations,node-0060,node-0060,0,0,0
trace-061,and-dependency,0,5,top-one,node-0060,,1,1,0
trace-061,and-dependency,0,5,expiry-skyline,node-0060,node-0060,0,0,0
trace-061,and-dependency,0,6,direct,,,0,0,0
trace-061,and-dependency,0,6,verified,,,0,0,0
trace-061,and-dependency,0,6,full-compiled,,,0,0,0
trace-061,and-dependency,0,6,timestamp-only,,node-0020,1,1,1
trace-061,and-dependency,0,6,no-ancestor-expiry,,node-0020,1,1,1
trace-061,and-dependency,0,6,no-ancestor-revocation,,,0,0,0
trace-061,and-dependency,0,6,no-alias-obligations,,node-0029,1,1,1
trace-061,and-dependency,0,6,top-one,,,0,0,0
trace-061,and-dependency,0,6,expiry-skyline,,,0,0,0
trace-061,and-dependency,0,7,direct,,,0,0,0
trace-061,and-dependency,0,7,verified,,,0,0,0
trace-061,and-dependency,0,7,full-compiled,,,0,0,0
trace-061,and-dependency,0,7,timestamp-only,,,0,0,0
trace-061,and-dependency,0,7,no-ancestor-expiry,,,0,0,0
trace-061,and-dependency,0,7,no-ancestor-revocation,,,0,0,0
trace-061,and-dependency,0,7,no-alias-obligations,,,0,0,0
trace-061,and-dependency,0,7,top-one,,,0,0,0
trace-061,and-dependency,0,7,expiry-skyline,,,0,0,0
trace-061,and-dependency,0,8,direct,node-0060,node-0060,0,0,0
trace-061,and-dependency,0,8,verified,node-0060,node-0060,0,0,0
trace-061,and-dependency,0,8,full-compiled,node-0060,node-0060,0,0,0
trace-061,and-dependency,0,8,timestamp-only,node-0060,node-0125,1,1,1
trace-061,and-dependency,0,8,no-ancestor-expiry,node-0060,node-0060,0,0,0
trace-061,and-dependency,0,8,no-ancestor-revocation,node-0060,node-0125,1,1,1
trace-061,and-dependency,0,8,no-alias-obligations,node-0060,node-0060,0,0,0
trace-061,and-dependency,0,8,top-one,node-0060,,1,1,0
trace-061,and-dependency,0,8,expiry-skyline,node-0060,node-0060,0,0,0
trace-061,and-dependency,0,9,direct,node-0060,node-0060,0,0,0
trace-061,and-dependency,0,9,verified,node-0060,node-0060,0,0,0
trace-061,and-dependency,0,9,full-compiled,node-0060,node-0060,0,0,0
trace-061,and-dependency,0,9,timestamp-only,node-0060,node-0125,1,1,1
trace-061,and-dependency,0,9,no-ancestor-expiry,node-0060,node-0060,0,0,0
trace-061,and-dependency,0,9,no-ancestor-revocation,node-0060,node-0060,0,0,0
trace-061,and-dependency,0,9,no-alias-obligations,node-0060,node-0060,0,0,0
trace-061,and-dependency,0,9,top-one,node-0060,,1,1,0
trace-061,and-dependency,0,9,expiry-skyline,node-0060,node-0060,0,0,0
trace-061,and-dependency,0,10,direct,node-0060,node-0060,0,0,0
trace-061,and-dependency,0,10,verified,node-0060,node-0060,0,0,0
trace-061,and-dependency,0,10,full-compiled,node-0060,node-0060,0,0,0
trace-061,and-dependency,0,10,timestamp-only,node-0060,node-0125,1,1,1
trace-061,and-dependency,0,10,no-ancestor-expiry,node-0060,node-0060,0,0,0
trace-061,and-dependency,0,10,no-ancestor-revocation,node-0060,node-0060,0,0,0
trace-061,and-dependency,0,10,no-alias-obligations,node-0060,node-0060,0,0,0
trace-061,and-dependency,0,10,top-one,node-0060,,1,1,0
trace-061,and-dependency,0,10,expiry-skyline,node-0060,node-0060,0,0,0
trace-061,and-dependency,0,11,direct,,,0,0,0
trace-061,and-dependency,0,11,verified,,,0,0,0
trace-061,and-dependency,0,11,full-compiled,,,0,0,0
trace-061,and-dependency,0,11,timestamp-only,,node-0073,1,1,1
trace-061,and-dependency,0,11,no-ancestor-expiry,,,0,0,0
trace-061,and-dependency,0,11,no-ancestor-revocation,,,0,0,0
trace-061,and-dependency,0,11,no-alias-obligations,,node-0029,1,1,1
trace-061,and-dependency,0,11,top-one,,,0,0,0
trace-061,and-dependency,0,11,expiry-skyline,,,0,0,0
trace-061,and-dependency,1,0,direct,node-0030,node-0030,0,0,0
trace-061,and-dependency,1,0,verified,node-0030,node-0030,0,0,0
trace-061,and-dependency,1,0,full-compiled,node-0030,node-0030,0,0,0
trace-061,and-dependency,1,0,timestamp-only,node-0030,node-0079,1,1,1
trace-061,and-dependency,1,0,no-ancestor-expiry,node-0030,node-0079,1,1,1
trace-061,and-dependency,1,0,no-ancestor-revocation,node-0030,node-0030,0,0,0
trace-061,and-dependency,1,0,no-alias-obligations,node-0030,node-0030,0,0,0
trace-061,and-dependency,1,0,top-one,node-0030,node-0030,0,0,0
trace-061,and-dependency,1,0,expiry-skyline,node-0030,node-0030,0,0,0
trace-061,and-dependency,1,1,direct,node-0030,node-0030,0,0,0
trace-061,and-dependency,1,1,verified,node-0030,node-0030,0,0,0
trace-061,and-dependency,1,1,full-compiled,node-0030,node-0030,0,0,0
trace-061,and-dependency,1,1,timestamp-only,node-0030,node-0079,1,1,1
trace-061,and-dependency,1,1,no-ancestor-expiry,node-0030,node-0030,0,0,0
trace-061,and-dependency,1,1,no-ancestor-revocation,node-0030,node-0030,0,0,0
trace-061,and-dependency,1,1,no-alias-obligations,node-0030,node-0030,0,0,0
trace-061,and-dependency,1,1,top-one,node-0030,node-0030,0,0,0
trace-061,and-dependency,1,1,expiry-skyline,node-0030,node-0030,0,0,0
trace-061,and-dependency,1,2,direct,node-0003,node-0003,0,0,0
trace-061,and-dependency,1,2,verified,node-0003,node-0003,0,0,0
trace-061,and-dependency,1,2,full-compiled,node-0003,node-0003,0,0,0
trace-061,and-dependency,1,2,timestamp-only,node-0003,node-0058,1,1,1
trace-061,and-dependency,1,2,no-ancestor-expiry,node-0003,node-0003,0,0,0
trace-061,and-dependency,1,2,no-ancestor-revocation,node-0003,node-0003,0,0,0
trace-061,and-dependency,1,2,no-alias-obligations,node-0003,node-0003,0,0,0
trace-061,and-dependency,1,2,top-one,node-0003,,1,1,0
trace-061,and-dependency,1,2,expiry-skyline,node-0003,,1,1,0
trace-061,and-dependency,1,3,direct,node-0030,node-0030,0,0,0
trace-061,and-dependency,1,3,verified,node-0030,node-0030,0,0,0
trace-061,and-dependency,1,3,full-compiled,node-0030,node-0030,0,0,0
trace-061,and-dependency,1,3,timestamp-only,node-0030,node-0079,1,1,1
trace-061,and-dependency,1,3,no-ancestor-expiry,node-0030,node-0030,0,0,0
trace-061,and-dependency,1,3,no-ancestor-revocation,node-0030,node-0030,0,0,0
trace-061,and-dependency,1,3,no-alias-obligations,node-0030,node-0030,0,0,0
trace-061,and-dependency,1,3,top-one,node-0030,node-0030,0,0,0
trace-061,and-dependency,1,3,expiry-skyline,node-0030,node-0030,0,0,0
trace-061,and-dependency,1,4,direct,node-0030,node-0030,0,0,0
trace-061,and-dependency,1,4,verified,node-0030,node-0030,0,0,0
trace-061,and-dependency,1,4,full-compiled,node-0030,node-0030,0,0,0
trace-061,and-dependency,1,4,timestamp-only,node-0030,node-0079,1,1,1
trace-061,and-dependency,1,4,no-ancestor-expiry,node-0030,node-0079,1,1,1
trace-061,and-dependency,1,4,no-ancestor-revocation,node-0030,node-0030,0,0,0
trace-061,and-dependency,1,4,no-alias-obligations,node-0030,node-0030,0,0,0
trace-061,and-dependency,1,4,top-one,node-0030,node-0030,0,0,0
trace-061,and-dependency,1,4,expiry-skyline,node-0030,node-0030,0,0,0
trace-061,and-dependency,1,5,direct,node-0030,node-0030,0,0,0
trace-061,and-dependency,1,5,verified,node-0030,node-0030,0,0,0
trace-061,and-dependency,1,5,full-compiled,node-0030,node-0030,0,0,0
trace-061,and-dependency,1,5,timestamp-only,node-0030,node-0079,1,1,1
trace-061,and-dependency,1,5,no-ancestor-expiry,node-0030,node-0079,1,1,1
trace-061,and-dependency,1,5,no-ancestor-revocation,node-0030,node-0030,0,0,0
trace-061,and-dependency,1,5,no-alias-obligations,node-0030,node-0030,0,0,0
trace-061,and-dependency,1,5,top-one,node-0030,node-0030,0,0,0
trace-061,and-dependency,1,5,expiry-skyline,node-0030,node-0030,0,0,0
trace-061,and-dependency,1,6,direct,,,0,0,0
trace-061,and-dependency,1,6,verified,,,0,0,0
trace-061,and-dependency,1,6,full-compiled,,,0,0,0
trace-061,and-dependency,1,6,timestamp-only,,node-0043,1,1,1
trace-061,and-dependency,1,6,no-ancestor-expiry,,node-0043,1,1,1
trace-061,and-dependency,1,6,no-ancestor-revocation,,,0,0,0
trace-061,and-dependency,1,6,no-alias-obligations,,node-0030,1,1,1
trace-061,and-dependency,1,6,top-one,,,0,0,0
trace-061,and-dependency,1,6,expiry-skyline,,,0,0,0
trace-061,and-dependency,1,7,direct,,,0,0,0
trace-061,and-dependency,1,7,verified,,,0,0,0
trace-061,and-dependency,1,7,full-compiled,,,0,0,0
trace-061,and-dependency,1,7,timestamp-only,,,0,0,0
trace-061,and-dependency,1,7,no-ancestor-expiry,,,0,0,0
trace-061,and-dependency,1,7,no-ancestor-revocation,,,0,0,0
trace-061,and-dependency,1,7,no-alias-obligations,,,0,0,0
trace-061,and-dependency,1,7,top-one,,,0,0,0
trace-061,and-dependency,1,7,expiry-skyline,,,0,0,0
trace-061,and-dependency,1,8,direct,node-0030,node-0030,0,0,0
trace-061,and-dependency,1,8,verified,node-0030,node-0030,0,0,0
trace-061,and-dependency,1,8,full-compiled,node-0030,node-0030,0,0,0
trace-061,and-dependency,1,8,timestamp-only,node-0030,node-0079,1,1,1
trace-061,and-dependency,1,8,no-ancestor-expiry,node-0030,node-0030,0,0,0
trace-061,and-dependency,1,8,no-ancestor-revocation,node-0030,node-0030,0,0,0
trace-061,and-dependency,1,8,no-alias-obligations,node-0030,node-0030,0,0,0
trace-061,and-dependency,1,8,top-one,node-0030,node-0030,0,0,0
trace-061,and-dependency,1,8,expiry-skyline,node-0030,node-0030,0,0,0
trace-061,and-dependency,1,9,direct,node-0030,node-0030,0,0,0
trace-061,and-dependency,1,9,verified,node-0030,node-0030,0,0,0
trace-061,and-dependency,1,9,full-compiled,node-0030,node-0030,0,0,0
trace-061,and-dependency,1,9,timestamp-only,node-0030,node-0079,1,1,1
trace-061,and-dependency,1,9,no-ancestor-expiry,node-0030,node-0030,0,0,0
trace-061,and-dependency,1,9,no-ancestor-revocation,node-0030,node-0030,0,0,0
trace-061,and-dependency,1,9,no-alias-obligations,node-0030,node-0030,0,0,0
trace-061,and-dependency,1,9,top-one,node-0030,node-0030,0,0,0
trace-061,and-dependency,1,9,expiry-skyline,node-0030,node-0030,0,0,0
trace-061,and-dependency,1,10,direct,node-0030,node-0030,0,0,0
trace-061,and-dependency,1,10,verified,node-0030,node-0030,0,0,0
trace-061,and-dependency,1,10,full-compiled,node-0030,node-0030,0,0,0
trace-061,and-dependency,1,10,timestamp-only,node-0030,node-0079,1,1,1
trace-061,and-dependency,1,10,no-ancestor-expiry,node-0030,node-0030,0,0,0
trace-061,and-dependency,1,10,no-ancestor-revocation,node-0030,node-0030,0,0,0
trace-061,and-dependency,1,10,no-alias-obligations,node-0030,node-0030,0,0,0
trace-061,and-dependency,1,10,top-one,node-0030,node-0030,0,0,0
trace-061,and-dependency,1,10,expiry-skyline,node-0030,node-0030,0,0,0
trace-061,and-dependency,1,11,direct,,,0,0,0
trace-061,and-dependency,1,11,verified,,,0,0,0
trace-061,and-dependency,1,11,full-compiled,,,0,0,0
trace-061,and-dependency,1,11,timestamp-only,,node-0123,1,1,1
trace-061,and-dependency,1,11,no-ancestor-expiry,,,0,0,0
trace-061,and-dependency,1,11,no-ancestor-revocation,,,0,0,0
trace-061,and-dependency,1,11,no-alias-obligations,,node-0062,1,1,1
trace-061,and-dependency,1,11,top-one,,,0,0,0
trace-061,and-dependency,1,11,expiry-skyline,,,0,0,0
trace-062,and-dependency,0,0,direct,node-0005,node-0005,0,0,0
trace-062,and-dependency,0,0,verified,node-0005,node-0005,0,0,0
trace-062,and-dependency,0,0,full-compiled,node-0005,node-0005,0,0,0
trace-062,and-dependency,0,0,timestamp-only,node-0005,node-0005,0,0,0
trace-062,and-dependency,0,0,no-ancestor-expiry,node-0005,node-0005,0,0,0
trace-062,and-dependency,0,0,no-ancestor-revocation,node-0005,node-0005,0,0,0
trace-062,and-dependency,0,0,no-alias-obligations,node-0005,node-0005,0,0,0
trace-062,and-dependency,0,0,top-one,node-0005,node-0005,0,0,0
trace-062,and-dependency,0,0,expiry-skyline,node-0005,node-0005,0,0,0
trace-062,and-dependency,0,1,direct,node-0005,node-0005,0,0,0
trace-062,and-dependency,0,1,verified,node-0005,node-0005,0,0,0
trace-062,and-dependency,0,1,full-compiled,node-0005,node-0005,0,0,0
trace-062,and-dependency,0,1,timestamp-only,node-0005,node-0005,0,0,0
trace-062,and-dependency,0,1,no-ancestor-expiry,node-0005,node-0005,0,0,0
trace-062,and-dependency,0,1,no-ancestor-revocation,node-0005,node-0005,0,0,0
trace-062,and-dependency,0,1,no-alias-obligations,node-0005,node-0005,0,0,0
trace-062,and-dependency,0,1,top-one,node-0005,node-0005,0,0,0
trace-062,and-dependency,0,1,expiry-skyline,node-0005,node-0005,0,0,0
trace-062,and-dependency,0,2,direct,node-0000,node-0000,0,0,0
trace-062,and-dependency,0,2,verified,node-0000,node-0000,0,0,0
trace-062,and-dependency,0,2,full-compiled,node-0000,node-0000,0,0,0
trace-062,and-dependency,0,2,timestamp-only,node-0000,node-0029,1,1,1
trace-062,and-dependency,0,2,no-ancestor-expiry,node-0000,node-0036,1,1,1
trace-062,and-dependency,0,2,no-ancestor-revocation,node-0000,node-0000,0,0,0
trace-062,and-dependency,0,2,no-alias-obligations,node-0000,node-0000,0,0,0
trace-062,and-dependency,0,2,top-one,node-0000,,1,1,0
trace-062,and-dependency,0,2,expiry-skyline,node-0000,node-0000,0,0,0
trace-062,and-dependency,0,3,direct,node-0005,node-0005,0,0,0
trace-062,and-dependency,0,3,verified,node-0005,node-0005,0,0,0
trace-062,and-dependency,0,3,full-compiled,node-0005,node-0005,0,0,0
trace-062,and-dependency,0,3,timestamp-only,node-0005,node-0005,0,0,0
trace-062,and-dependency,0,3,no-ancestor-expiry,node-0005,node-0005,0,0,0
trace-062,and-dependency,0,3,no-ancestor-revocation,node-0005,node-0005,0,0,0
trace-062,and-dependency,0,3,no-alias-obligations,node-0005,node-0005,0,0,0
trace-062,and-dependency,0,3,top-one,node-0005,node-0005,0,0,0
trace-062,and-dependency,0,3,expiry-skyline,node-0005,node-0005,0,0,0
trace-062,and-dependency,0,4,direct,node-0088,node-0088,0,0,0
trace-062,and-dependency,0,4,verified,node-0088,node-0088,0,0,0
trace-062,and-dependency,0,4,full-compiled,node-0088,node-0088,0,0,0
trace-062,and-dependency,0,4,timestamp-only,node-0088,node-0005,1,1,1
trace-062,and-dependency,0,4,no-ancestor-expiry,node-0088,node-0005,1,1,1
trace-062,and-dependency,0,4,no-ancestor-revocation,node-0088,node-0088,0,0,0
trace-062,and-dependency,0,4,no-alias-obligations,node-0088,node-0088,0,0,0
trace-062,and-dependency,0,4,top-one,node-0088,,1,1,0
trace-062,and-dependency,0,4,expiry-skyline,node-0088,node-0088,0,0,0
trace-062,and-dependency,0,5,direct,node-0088,node-0088,0,0,0
trace-062,and-dependency,0,5,verified,node-0088,node-0088,0,0,0
trace-062,and-dependency,0,5,full-compiled,node-0088,node-0088,0,0,0
trace-062,and-dependency,0,5,timestamp-only,node-0088,node-0005,1,1,1
trace-062,and-dependency,0,5,no-ancestor-expiry,node-0088,node-0005,1,1,1
trace-062,and-dependency,0,5,no-ancestor-revocation,node-0088,node-0088,0,0,0
trace-062,and-dependency,0,5,no-alias-obligations,node-0088,node-0088,0,0,0
trace-062,and-dependency,0,5,top-one,node-0088,,1,1,0
trace-062,and-dependency,0,5,expiry-skyline,node-0088,node-0088,0,0,0
trace-062,and-dependency,0,6,direct,,,0,0,0
trace-062,and-dependency,0,6,verified,,,0,0,0
trace-062,and-dependency,0,6,full-compiled,,,0,0,0
trace-062,and-dependency,0,6,timestamp-only,,node-0120,1,1,1
trace-062,and-dependency,0,6,no-ancestor-expiry,,node-0120,1,1,1
trace-062,and-dependency,0,6,no-ancestor-revocation,,,0,0,0
trace-062,and-dependency,0,6,no-alias-obligations,,node-0113,1,1,1
trace-062,and-dependency,0,6,top-one,,,0,0,0
trace-062,and-dependency,0,6,expiry-skyline,,,0,0,0
trace-062,and-dependency,0,7,direct,,,0,0,0
trace-062,and-dependency,0,7,verified,,,0,0,0
trace-062,and-dependency,0,7,full-compiled,,,0,0,0
trace-062,and-dependency,0,7,timestamp-only,,,0,0,0
trace-062,and-dependency,0,7,no-ancestor-expiry,,,0,0,0
trace-062,and-dependency,0,7,no-ancestor-revocation,,,0,0,0
trace-062,and-dependency,0,7,no-alias-obligations,,,0,0,0
trace-062,and-dependency,0,7,top-one,,,0,0,0
trace-062,and-dependency,0,7,expiry-skyline,,,0,0,0
trace-062,and-dependency,0,8,direct,node-0005,node-0005,0,0,0
trace-062,and-dependency,0,8,verified,node-0005,node-0005,0,0,0
trace-062,and-dependency,0,8,full-compiled,node-0005,node-0005,0,0,0
trace-062,and-dependency,0,8,timestamp-only,node-0005,node-0005,0,0,0
trace-062,and-dependency,0,8,no-ancestor-expiry,node-0005,node-0005,0,0,0
trace-062,and-dependency,0,8,no-ancestor-revocation,node-0005,node-0005,0,0,0
trace-062,and-dependency,0,8,no-alias-obligations,node-0005,node-0005,0,0,0
trace-062,and-dependency,0,8,top-one,node-0005,node-0005,0,0,0
trace-062,and-dependency,0,8,expiry-skyline,node-0005,node-0005,0,0,0
trace-062,and-dependency,0,9,direct,node-0000,node-0000,0,0,0
trace-062,and-dependency,0,9,verified,node-0000,node-0000,0,0,0
trace-062,and-dependency,0,9,full-compiled,node-0000,node-0000,0,0,0
trace-062,and-dependency,0,9,timestamp-only,node-0000,node-0029,1,1,1
trace-062,and-dependency,0,9,no-ancestor-expiry,node-0000,node-0036,1,1,1
trace-062,and-dependency,0,9,no-ancestor-revocation,node-0000,node-0000,0,0,0
trace-062,and-dependency,0,9,no-alias-obligations,node-0000,node-0000,0,0,0
trace-062,and-dependency,0,9,top-one,node-0000,,1,1,0
trace-062,and-dependency,0,9,expiry-skyline,node-0000,node-0000,0,0,0
trace-062,and-dependency,0,10,direct,node-0088,node-0088,0,0,0
trace-062,and-dependency,0,10,verified,node-0088,node-0088,0,0,0
trace-062,and-dependency,0,10,full-compiled,node-0088,node-0088,0,0,0
trace-062,and-dependency,0,10,timestamp-only,node-0088,node-0005,1,1,1
trace-062,and-dependency,0,10,no-ancestor-expiry,node-0088,node-0005,1,1,1
trace-062,and-dependency,0,10,no-ancestor-revocation,node-0088,node-0088,0,0,0
trace-062,and-dependency,0,10,no-alias-obligations,node-0088,node-0088,0,0,0
trace-062,and-dependency,0,10,top-one,node-0088,,1,1,0
trace-062,and-dependency,0,10,expiry-skyline,node-0088,node-0088,0,0,0
trace-062,and-dependency,0,11,direct,node-0088,node-0088,0,0,0
trace-062,and-dependency,0,11,verified,node-0088,node-0088,0,0,0
trace-062,and-dependency,0,11,full-compiled,node-0088,node-0088,0,0,0
trace-062,and-dependency,0,11,timestamp-only,node-0088,node-0005,1,1,1
trace-062,and-dependency,0,11,no-ancestor-expiry,node-0088,node-0005,1,1,1
trace-062,and-dependency,0,11,no-ancestor-revocation,node-0088,node-0088,0,0,0
trace-062,and-dependency,0,11,no-alias-obligations,node-0088,node-0088,0,0,0
trace-062,and-dependency,0,11,top-one,node-0088,,1,1,0
trace-062,and-dependency,0,11,expiry-skyline,node-0088,node-0088,0,0,0
trace-062,and-dependency,1,0,direct,node-0010,node-0010,0,0,0
trace-062,and-dependency,1,0,verified,node-0010,node-0010,0,0,0
trace-062,and-dependency,1,0,full-compiled,node-0010,node-0010,0,0,0
trace-062,and-dependency,1,0,timestamp-only,node-0010,node-0039,1,0,1
trace-062,and-dependency,1,0,no-ancestor-expiry,node-0010,node-0039,1,0,1
trace-062,and-dependency,1,0,no-ancestor-revocation,node-0010,node-0010,0,0,0
trace-062,and-dependency,1,0,no-alias-obligations,node-0010,node-0010,0,0,0
trace-062,and-dependency,1,0,top-one,node-0010,node-0010,0,0,0
trace-062,and-dependency,1,0,expiry-skyline,node-0010,node-0010,0,0,0
trace-062,and-dependency,1,1,direct,node-0078,node-0078,0,0,0
trace-062,and-dependency,1,1,verified,node-0078,node-0078,0,0,0
trace-062,and-dependency,1,1,full-compiled,node-0078,node-0078,0,0,0
trace-062,and-dependency,1,1,timestamp-only,node-0078,node-0039,1,1,1
trace-062,and-dependency,1,1,no-ancestor-expiry,node-0078,node-0078,0,0,0
trace-062,and-dependency,1,1,no-ancestor-revocation,node-0078,node-0010,1,1,1
trace-062,and-dependency,1,1,no-alias-obligations,node-0078,node-0078,0,0,0
trace-062,and-dependency,1,1,top-one,node-0078,,1,1,0
trace-062,and-dependency,1,1,expiry-skyline,node-0078,,1,1,0
trace-062,and-dependency,1,2,direct,node-0119,node-0119,0,0,0
trace-062,and-dependency,1,2,verified,node-0119,node-0119,0,0,0
trace-062,and-dependency,1,2,full-compiled,node-0119,node-0119,0,0,0
trace-062,and-dependency,1,2,timestamp-only,node-0119,node-0119,0,0,0
trace-062,and-dependency,1,2,no-ancestor-expiry,node-0119,node-0119,0,0,0
trace-062,and-dependency,1,2,no-ancestor-revocation,node-0119,node-0119,0,0,0
trace-062,and-dependency,1,2,no-alias-obligations,node-0119,node-0119,0,0,0
trace-062,and-dependency,1,2,top-one,node-0119,,1,1,0
trace-062,and-dependency,1,2,expiry-skyline,node-0119,node-0071,1,1,0
trace-062,and-dependency,1,3,direct,,,0,0,0
trace-062,and-dependency,1,3,verified,,,0,0,0
trace-062,and-dependency,1,3,full-compiled,,,0,0,0
trace-062,and-dependency,1,3,timestamp-only,,node-0039,1,1,1
trace-062,and-dependency,1,3,no-ancestor-expiry,,node-0078,1,1,1
trace-062,and-dependency,1,3,no-ancestor-revocation,,node-0010,1,1,1
trace-062,and-dependency,1,3,no-alias-obligations,,,0,0,0
trace-062,and-dependency,1,3,top-one,,,0,0,0
trace-062,and-dependency,1,3,expiry-skyline,,,0,0,0
trace-062,and-dependency,1,4,direct,node-0010,node-0010,0,0,0
trace-062,and-dependency,1,4,verified,node-0010,node-0010,0,0,0
trace-062,and-dependency,1,4,full-compiled,node-0010,node-0010,0,0,0
trace-062,and-dependency,1,4,timestamp-only,node-0010,node-0039,1,0,1
trace-062,and-dependency,1,4,no-ancestor-expiry,node-0010,node-0039,1,0,1
trace-062,and-dependency,1,4,no-ancestor-revocation,node-0010,node-0010,0,0,0
trace-062,and-dependency,1,4,no-alias-obligations,node-0010,node-0010,0,0,0
trace-062,and-dependency,1,4,top-one,node-0010,node-0010,0,0,0
trace-062,and-dependency,1,4,expiry-skyline,node-0010,node-0010,0,0,0
trace-062,and-dependency,1,5,direct,node-0010,node-0010,0,0,0
trace-062,and-dependency,1,5,verified,node-0010,node-0010,0,0,0
trace-062,and-dependency,1,5,full-compiled,node-0010,node-0010,0,0,0
trace-062,and-dependency,1,5,timestamp-only,node-0010,node-0039,1,0,1
trace-062,and-dependency,1,5,no-ancestor-expiry,node-0010,node-0039,1,0,1
trace-062,and-dependency,1,5,no-ancestor-revocation,node-0010,node-0010,0,0,0
trace-062,and-dependency,1,5,no-alias-obligations,node-0010,node-0010,0,0,0
trace-062,and-dependency,1,5,top-one,node-0010,node-0010,0,0,0
trace-062,and-dependency,1,5,expiry-skyline,node-0010,node-0010,0,0,0
trace-062,and-dependency,1,6,direct,,,0,0,0
trace-062,and-dependency,1,6,verified,,,0,0,0
trace-062,and-dependency,1,6,full-compiled,,,0,0,0
trace-062,and-dependency,1,6,timestamp-only,,node-0010,1,1,1
trace-062,and-dependency,1,6,no-ancestor-expiry,,node-0099,1,1,1
trace-062,and-dependency,1,6,no-ancestor-revocation,,,0,0,0
trace-062,and-dependency,1,6,no-alias-obligations,,,0,0,0
trace-062,and-dependency,1,6,top-one,,,0,0,0
trace-062,and-dependency,1,6,expiry-skyline,,,0,0,0
trace-062,and-dependency,1,7,direct,,,0,0,0
trace-062,and-dependency,1,7,verified,,,0,0,0
trace-062,and-dependency,1,7,full-compiled,,,0,0,0
trace-062,and-dependency,1,7,timestamp-only,,,0,0,0
trace-062,and-dependency,1,7,no-ancestor-expiry,,,0,0,0
trace-062,and-dependency,1,7,no-ancestor-revocation,,,0,0,0
trace-062,and-dependency,1,7,no-alias-obligations,,,0,0,0
trace-062,and-dependency,1,7,top-one,,,0,0,0
trace-062,and-dependency,1,7,expiry-skyline,,,0,0,0
trace-062,and-dependency,1,8,direct,node-0078,node-0078,0,0,0
trace-062,and-dependency,1,8,verified,node-0078,node-0078,0,0,0
trace-062,and-dependency,1,8,full-compiled,node-0078,node-0078,0,0,0
trace-062,and-dependency,1,8,timestamp-only,node-0078,node-0039,1,1,1
trace-062,and-dependency,1,8,no-ancestor-expiry,node-0078,node-0078,0,0,0
trace-062,and-dependency,1,8,no-ancestor-revocation,node-0078,node-0010,1,1,1
trace-062,and-dependency,1,8,no-alias-obligations,node-0078,node-0078,0,0,0
trace-062,and-dependency,1,8,top-one,node-0078,,1,1,0
trace-062,and-dependency,1,8,expiry-skyline,node-0078,,1,1,0
trace-062,and-dependency,1,9,direct,node-0119,node-0119,0,0,0
trace-062,and-dependency,1,9,verified,node-0119,node-0119,0,0,0
trace-062,and-dependency,1,9,full-compiled,node-0119,node-0119,0,0,0
trace-062,and-dependency,1,9,timestamp-only,node-0119,node-0119,0,0,0
trace-062,and-dependency,1,9,no-ancestor-expiry,node-0119,node-0119,0,0,0
trace-062,and-dependency,1,9,no-ancestor-revocation,node-0119,node-0119,0,0,0
trace-062,and-dependency,1,9,no-alias-obligations,node-0119,node-0119,0,0,0
trace-062,and-dependency,1,9,top-one,node-0119,,1,1,0
trace-062,and-dependency,1,9,expiry-skyline,node-0119,node-0071,1,1,0
trace-062,and-dependency,1,10,direct,node-0010,node-0010,0,0,0
trace-062,and-dependency,1,10,verified,node-0010,node-0010,0,0,0
trace-062,and-dependency,1,10,full-compiled,node-0010,node-0010,0,0,0
trace-062,and-dependency,1,10,timestamp-only,node-0010,node-0039,1,0,1
trace-062,and-dependency,1,10,no-ancestor-expiry,node-0010,node-0010,0,0,0
trace-062,and-dependency,1,10,no-ancestor-revocation,node-0010,node-0010,0,0,0
trace-062,and-dependency,1,10,no-alias-obligations,node-0010,node-0010,0,0,0
trace-062,and-dependency,1,10,top-one,node-0010,node-0010,0,0,0
trace-062,and-dependency,1,10,expiry-skyline,node-0010,node-0010,0,0,0
trace-062,and-dependency,1,11,direct,,,0,0,0
trace-062,and-dependency,1,11,verified,,,0,0,0
trace-062,and-dependency,1,11,full-compiled,,,0,0,0
trace-062,and-dependency,1,11,timestamp-only,,node-0010,1,1,1
trace-062,and-dependency,1,11,no-ancestor-expiry,,node-0078,1,1,1
trace-062,and-dependency,1,11,no-ancestor-revocation,,node-0010,1,1,1
trace-062,and-dependency,1,11,no-alias-obligations,,,0,0,0
trace-062,and-dependency,1,11,top-one,,,0,0,0
trace-062,and-dependency,1,11,expiry-skyline,,,0,0,0
trace-063,and-dependency,0,0,direct,node-0108,node-0108,0,0,0
trace-063,and-dependency,0,0,verified,node-0108,node-0108,0,0,0
trace-063,and-dependency,0,0,full-compiled,node-0108,node-0108,0,0,0
trace-063,and-dependency,0,0,timestamp-only,node-0108,node-0108,0,0,0
trace-063,and-dependency,0,0,no-ancestor-expiry,node-0108,node-0108,0,0,0
trace-063,and-dependency,0,0,no-ancestor-revocation,node-0108,node-0108,0,0,0
trace-063,and-dependency,0,0,no-alias-obligations,node-0108,node-0108,0,0,0
trace-063,and-dependency,0,0,top-one,node-0108,node-0108,0,0,0
trace-063,and-dependency,0,0,expiry-skyline,node-0108,node-0108,0,0,0
trace-063,and-dependency,0,1,direct,node-0041,node-0041,0,0,0
trace-063,and-dependency,0,1,verified,node-0041,node-0041,0,0,0
trace-063,and-dependency,0,1,full-compiled,node-0041,node-0041,0,0,0
trace-063,and-dependency,0,1,timestamp-only,node-0041,node-0108,1,1,1
trace-063,and-dependency,0,1,no-ancestor-expiry,node-0041,node-0041,0,0,0
trace-063,and-dependency,0,1,no-ancestor-revocation,node-0041,node-0108,1,1,1
trace-063,and-dependency,0,1,no-alias-obligations,node-0041,node-0041,0,0,0
trace-063,and-dependency,0,1,top-one,node-0041,,1,1,0
trace-063,and-dependency,0,1,expiry-skyline,node-0041,node-0004,1,1,0
trace-063,and-dependency,0,2,direct,node-0044,node-0044,0,0,0
trace-063,and-dependency,0,2,verified,node-0044,node-0044,0,0,0
trace-063,and-dependency,0,2,full-compiled,node-0044,node-0044,0,0,0
trace-063,and-dependency,0,2,timestamp-only,node-0044,node-0001,1,1,1
trace-063,and-dependency,0,2,no-ancestor-expiry,node-0044,node-0044,0,0,0
trace-063,and-dependency,0,2,no-ancestor-revocation,node-0044,node-0088,1,1,1
trace-063,and-dependency,0,2,no-alias-obligations,node-0044,node-0001,1,1,1
trace-063,and-dependency,0,2,top-one,node-0044,,1,1,0
trace-063,and-dependency,0,2,expiry-skyline,node-0044,,1,1,0
trace-063,and-dependency,0,3,direct,node-0045,node-0045,0,0,0
trace-063,and-dependency,0,3,verified,node-0045,node-0045,0,0,0
trace-063,and-dependency,0,3,full-compiled,node-0045,node-0045,0,0,0
trace-063,and-dependency,0,3,timestamp-only,node-0045,node-0108,1,0,1
trace-063,and-dependency,0,3,no-ancestor-expiry,node-0045,node-0041,1,1,1
trace-063,and-dependency,0,3,no-ancestor-revocation,node-0045,node-0108,1,0,1
trace-063,and-dependency,0,3,no-alias-obligations,node-0045,node-0045,0,0,0
trace-063,and-dependency,0,3,top-one,node-0045,,1,1,0
trace-063,and-dependency,0,3,expiry-skyline,node-0045,node-0080,1,0,0
trace-063,and-dependency,0,4,direct,node-0108,node-0108,0,0,0
trace-063,and-dependency,0,4,verified,node-0108,node-0108,0,0,0
trace-063,and-dependency,0,4,full-compiled,node-0108,node-0108,0,0,0
trace-063,and-dependency,0,4,timestamp-only,node-0108,node-0108,0,0,0
trace-063,and-dependency,0,4,no-ancestor-expiry,node-0108,node-0108,0,0,0
trace-063,and-dependency,0,4,no-ancestor-revocation,node-0108,node-0108,0,0,0
trace-063,and-dependency,0,4,no-alias-obligations,node-0108,node-0108,0,0,0
trace-063,and-dependency,0,4,top-one,node-0108,node-0108,0,0,0
trace-063,and-dependency,0,4,expiry-skyline,node-0108,node-0108,0,0,0
trace-063,and-dependency,0,5,direct,node-0108,node-0108,0,0,0
trace-063,and-dependency,0,5,verified,node-0108,node-0108,0,0,0
trace-063,and-dependency,0,5,full-compiled,node-0108,node-0108,0,0,0
trace-063,and-dependency,0,5,timestamp-only,node-0108,node-0108,0,0,0
trace-063,and-dependency,0,5,no-ancestor-expiry,node-0108,node-0108,0,0,0
trace-063,and-dependency,0,5,no-ancestor-revocation,node-0108,node-0108,0,0,0
trace-063,and-dependency,0,5,no-alias-obligations,node-0108,node-0108,0,0,0
trace-063,and-dependency,0,5,top-one,node-0108,node-0108,0,0,0
trace-063,and-dependency,0,5,expiry-skyline,node-0108,node-0108,0,0,0
trace-063,and-dependency,0,6,direct,,,0,0,0
trace-063,and-dependency,0,6,verified,,,0,0,0
trace-063,and-dependency,0,6,full-compiled,,,0,0,0
trace-063,and-dependency,0,6,timestamp-only,,node-0108,1,1,1
trace-063,and-dependency,0,6,no-ancestor-expiry,,node-0108,1,1,1
trace-063,and-dependency,0,6,no-ancestor-revocation,,,0,0,0
trace-063,and-dependency,0,6,no-alias-obligations,,,0,0,0
trace-063,and-dependency,0,6,top-one,,,0,0,0
trace-063,and-dependency,0,6,expiry-skyline,,,0,0,0
trace-063,and-dependency,0,7,direct,,,0,0,0
trace-063,and-dependency,0,7,verified,,,0,0,0
trace-063,and-dependency,0,7,full-compiled,,,0,0,0
trace-063,and-dependency,0,7,timestamp-only,,,0,0,0
trace-063,and-dependency,0,7,no-ancestor-expiry,,,0,0,0
trace-063,and-dependency,0,7,no-ancestor-revocation,,,0,0,0
trace-063,and-dependency,0,7,no-alias-obligations,,,0,0,0
trace-063,and-dependency,0,7,top-one,,,0,0,0
trace-063,and-dependency,0,7,expiry-skyline,,,0,0,0
trace-063,and-dependency,0,8,direct,node-0041,node-0041,0,0,0
trace-063,and-dependency,0,8,verified,node-0041,node-0041,0,0,0
trace-063,and-dependency,0,8,full-compiled,node-0041,node-0041,0,0,0
trace-063,and-dependency,0,8,timestamp-only,node-0041,node-0108,1,1,1
trace-063,and-dependency,0,8,no-ancestor-expiry,node-0041,node-0041,0,0,0
trace-063,and-dependency,0,8,no-ancestor-revocation,node-0041,node-0108,1,1,1
trace-063,and-dependency,0,8,no-alias-obligations,node-0041,node-0041,0,0,0
trace-063,and-dependency,0,8,top-one,node-0041,,1,1,0
trace-063,and-dependency,0,8,expiry-skyline,node-0041,node-0004,1,1,0
trace-063,and-dependency,0,9,direct,node-0108,node-0108,0,0,0
trace-063,and-dependency,0,9,verified,node-0108,node-0108,0,0,0
trace-063,and-dependency,0,9,full-compiled,node-0108,node-0108,0,0,0
trace-063,and-dependency,0,9,timestamp-only,node-0108,node-0108,0,0,0
trace-063,and-dependency,0,9,no-ancestor-expiry,node-0108,node-0108,0,0,0
trace-063,and-dependency,0,9,no-ancestor-revocation,node-0108,node-0108,0,0,0
trace-063,and-dependency,0,9,no-alias-obligations,node-0108,node-0108,0,0,0
trace-063,and-dependency,0,9,top-one,node-0108,node-0108,0,0,0
trace-063,and-dependency,0,9,expiry-skyline,node-0108,node-0108,0,0,0
trace-063,and-dependency,0,10,direct,node-0108,node-0108,0,0,0
trace-063,and-dependency,0,10,verified,node-0108,node-0108,0,0,0
trace-063,and-dependency,0,10,full-compiled,node-0108,node-0108,0,0,0
trace-063,and-dependency,0,10,timestamp-only,node-0108,node-0108,0,0,0
trace-063,and-dependency,0,10,no-ancestor-expiry,node-0108,node-0108,0,0,0
trace-063,and-dependency,0,10,no-ancestor-revocation,node-0108,node-0108,0,0,0
trace-063,and-dependency,0,10,no-alias-obligations,node-0108,node-0108,0,0,0
trace-063,and-dependency,0,10,top-one,node-0108,node-0108,0,0,0
trace-063,and-dependency,0,10,expiry-skyline,node-0108,node-0108,0,0,0
trace-063,and-dependency,0,11,direct,node-0104,node-0104,0,0,0
trace-063,and-dependency,0,11,verified,node-0104,node-0104,0,0,0
trace-063,and-dependency,0,11,full-compiled,node-0104,node-0104,0,0,0
trace-063,and-dependency,0,11,timestamp-only,node-0104,node-0089,1,1,1
trace-063,and-dependency,0,11,no-ancestor-expiry,node-0104,node-0104,0,0,0
trace-063,and-dependency,0,11,no-ancestor-revocation,node-0104,node-0104,0,0,0
trace-063,and-dependency,0,11,no-alias-obligations,node-0104,node-0013,1,1,1
trace-063,and-dependency,0,11,top-one,node-0104,,1,1,0
trace-063,and-dependency,0,11,expiry-skyline,node-0104,,1,1,0
trace-063,and-dependency,1,0,direct,node-0095,node-0095,0,0,0
trace-063,and-dependency,1,0,verified,node-0095,node-0095,0,0,0
trace-063,and-dependency,1,0,full-compiled,node-0095,node-0095,0,0,0
trace-063,and-dependency,1,0,timestamp-only,node-0095,node-0095,0,0,0
trace-063,and-dependency,1,0,no-ancestor-expiry,node-0095,node-0095,0,0,0
trace-063,and-dependency,1,0,no-ancestor-revocation,node-0095,node-0095,0,0,0
trace-063,and-dependency,1,0,no-alias-obligations,node-0095,node-0095,0,0,0
trace-063,and-dependency,1,0,top-one,node-0095,node-0095,0,0,0
trace-063,and-dependency,1,0,expiry-skyline,node-0095,node-0095,0,0,0
trace-063,and-dependency,1,1,direct,node-0047,node-0047,0,0,0
trace-063,and-dependency,1,1,verified,node-0047,node-0047,0,0,0
trace-063,and-dependency,1,1,full-compiled,node-0047,node-0047,0,0,0
trace-063,and-dependency,1,1,timestamp-only,node-0047,node-0095,1,1,1
trace-063,and-dependency,1,1,no-ancestor-expiry,node-0047,node-0047,0,0,0
trace-063,and-dependency,1,1,no-ancestor-revocation,node-0047,node-0095,1,1,1
trace-063,and-dependency,1,1,no-alias-obligations,node-0047,node-0047,0,0,0
trace-063,and-dependency,1,1,top-one,node-0047,,1,1,0
trace-063,and-dependency,1,1,expiry-skyline,node-0047,node-0047,0,0,0
trace-063,and-dependency,1,2,direct,node-0003,node-0003,0,0,0
trace-063,and-dependency,1,2,verified,node-0003,node-0003,0,0,0
trace-063,and-dependency,1,2,full-compiled,node-0003,node-0003,0,0,0
trace-063,and-dependency,1,2,timestamp-only,node-0003,node-0083,1,1,1
trace-063,and-dependency,1,2,no-ancestor-expiry,node-0003,node-0003,0,0,0
trace-063,and-dependency,1,2,no-ancestor-revocation,node-0003,node-0083,1,1,1
trace-063,and-dependency,1,2,no-alias-obligations,node-0003,node-0058,1,0,1
trace-063,and-dependency,1,2,top-one,node-0003,,1,1,0
trace-063,and-dependency,1,2,expiry-skyline,node-0003,,1,1,0
trace-063,and-dependency,1,3,direct,node-0047,node-0047,0,0,0
trace-063,and-dependency,1,3,verified,node-0047,node-0047,0,0,0
trace-063,and-dependency,1,3,full-compiled,node-0047,node-0047,0,0,0
trace-063,and-dependency,1,3,timestamp-only,node-0047,node-0095,1,1,1
trace-063,and-dependency,1,3,no-ancestor-expiry,node-0047,node-0047,0,0,0
trace-063,and-dependency,1,3,no-ancestor-revocation,node-0047,node-0047,0,0,0
trace-063,and-dependency,1,3,no-alias-obligations,node-0047,node-0047,0,0,0
trace-063,and-dependency,1,3,top-one,node-0047,,1,1,0
trace-063,and-dependency,1,3,expiry-skyline,node-0047,node-0047,0,0,0
trace-063,and-dependency,1,4,direct,node-0047,node-0047,0,0,0
trace-063,and-dependency,1,4,verified,node-0047,node-0047,0,0,0
trace-063,and-dependency,1,4,full-compiled,node-0047,node-0047,0,0,0
trace-063,and-dependency,1,4,timestamp-only,node-0047,node-0047,0,0,0
trace-063,and-dependency,1,4,no-ancestor-expiry,node-0047,node-0047,0,0,0
trace-063,and-dependency,1,4,no-ancestor-revocation,node-0047,node-0047,0,0,0
trace-063,and-dependency,1,4,no-alias-obligations,node-0047,node-0047,0,0,0
trace-063,and-dependency,1,4,top-one,node-0047,,1,1,0
trace-063,and-dependency,1,4,expiry-skyline,node-0047,node-0047,0,0,0
trace-063,and-dependency,1,5,direct,node-0047,node-0047,0,0,0
trace-063,and-dependency,1,5,verified,node-0047,node-0047,0,0,0
trace-063,and-dependency,1,5,full-compiled,node-0047,node-0047,0,0,0
trace-063,and-dependency,1,5,timestamp-only,node-0047,node-0047,0,0,0
trace-063,and-dependency,1,5,no-ancestor-expiry,node-0047,node-0047,0,0,0
trace-063,and-dependency,1,5,no-ancestor-revocation,node-0047,node-0047,0,0,0
trace-063,and-dependency,1,5,no-alias-obligations,node-0047,node-0047,0,0,0
trace-063,and-dependency,1,5,top-one,node-0047,,1,1,0
trace-063,and-dependency,1,5,expiry-skyline,node-0047,node-0047,0,0,0
trace-063,and-dependency,1,6,direct,node-0047,node-0047,0,0,0
trace-063,and-dependency,1,6,verified,node-0047,node-0047,0,0,0
trace-063,and-dependency,1,6,full-compiled,node-0047,node-0047,0,0,0
trace-063,and-dependency,1,6,timestamp-only,node-0047,node-0047,0,0,0
trace-063,and-dependency,1,6,no-ancestor-expiry,node-0047,node-0047,0,0,0
trace-063,and-dependency,1,6,no-ancestor-revocation,node-0047,node-0047,0,0,0
trace-063,and-dependency,1,6,no-alias-obligations,node-0047,node-0047,0,0,0
trace-063,and-dependency,1,6,top-one,node-0047,,1,1,0
trace-063,and-dependency,1,6,expiry-skyline,node-0047,node-0047,0,0,0
trace-063,and-dependency,1,7,direct,,,0,0,0
trace-063,and-dependency,1,7,verified,,,0,0,0
trace-063,and-dependency,1,7,full-compiled,,,0,0,0
trace-063,and-dependency,1,7,timestamp-only,,,0,0,0
trace-063,and-dependency,1,7,no-ancestor-expiry,,,0,0,0
trace-063,and-dependency,1,7,no-ancestor-revocation,,,0,0,0
trace-063,and-dependency,1,7,no-alias-obligations,,,0,0,0
trace-063,and-dependency,1,7,top-one,,,0,0,0
trace-063,and-dependency,1,7,expiry-skyline,,,0,0,0
trace-063,and-dependency,1,8,direct,node-0047,node-0047,0,0,0
trace-063,and-dependency,1,8,verified,node-0047,node-0047,0,0,0
trace-063,and-dependency,1,8,full-compiled,node-0047,node-0047,0,0,0
trace-063,and-dependency,1,8,timestamp-only,node-0047,node-0095,1,1,1
trace-063,and-dependency,1,8,no-ancestor-expiry,node-0047,node-0047,0,0,0
trace-063,and-dependency,1,8,no-ancestor-revocation,node-0047,node-0095,1,1,1
trace-063,and-dependency,1,8,no-alias-obligations,node-0047,node-0047,0,0,0
trace-063,and-dependency,1,8,top-one,node-0047,,1,1,0
trace-063,and-dependency,1,8,expiry-skyline,node-0047,node-0047,0,0,0
trace-063,and-dependency,1,9,direct,node-0047,node-0047,0,0,0
trace-063,and-dependency,1,9,verified,node-0047,node-0047,0,0,0
trace-063,and-dependency,1,9,full-compiled,node-0047,node-0047,0,0,0
trace-063,and-dependency,1,9,timestamp-only,node-0047,node-0095,1,1,1
trace-063,and-dependency,1,9,no-ancestor-expiry,node-0047,node-0047,0,0,0
trace-063,and-dependency,1,9,no-ancestor-revocation,node-0047,node-0047,0,0,0
trace-063,and-dependency,1,9,no-alias-obligations,node-0047,node-0047,0,0,0
trace-063,and-dependency,1,9,top-one,node-0047,,1,1,0
trace-063,and-dependency,1,9,expiry-skyline,node-0047,node-0047,0,0,0
trace-063,and-dependency,1,10,direct,node-0047,node-0047,0,0,0
trace-063,and-dependency,1,10,verified,node-0047,node-0047,0,0,0
trace-063,and-dependency,1,10,full-compiled,node-0047,node-0047,0,0,0
trace-063,and-dependency,1,10,timestamp-only,node-0047,node-0047,0,0,0
trace-063,and-dependency,1,10,no-ancestor-expiry,node-0047,node-0047,0,0,0
trace-063,and-dependency,1,10,no-ancestor-revocation,node-0047,node-0047,0,0,0
trace-063,and-dependency,1,10,no-alias-obligations,node-0047,node-0047,0,0,0
trace-063,and-dependency,1,10,top-one,node-0047,,1,1,0
trace-063,and-dependency,1,10,expiry-skyline,node-0047,node-0047,0,0,0
trace-063,and-dependency,1,11,direct,,,0,0,0
trace-063,and-dependency,1,11,verified,,,0,0,0
trace-063,and-dependency,1,11,full-compiled,,,0,0,0
trace-063,and-dependency,1,11,timestamp-only,,node-0078,1,1,1
trace-063,and-dependency,1,11,no-ancestor-expiry,,,0,0,0
trace-063,and-dependency,1,11,no-ancestor-revocation,,,0,0,0
trace-063,and-dependency,1,11,no-alias-obligations,,,0,0,0
trace-063,and-dependency,1,11,top-one,,,0,0,0
trace-063,and-dependency,1,11,expiry-skyline,,,0,0,0
