case,regime,query,context,method,expected,returned,id_error,value_error,unsafe_return
trace-000,mixed,0,0,direct,node-0000,node-0000,0,0,0
trace-000,mixed,0,0,verified,node-0000,node-0000,0,0,0
trace-000,mixed,0,0,full-compiled,node-0000,node-0000,0,0,0
trace-000,mixed,0,0,timestamp-only,node-0000,node-0000,0,0,0
trace-000,mixed,0,0,no-ancestor-expiry,node-0000,node-0000,0,0,0
trace-000,mixed,0,0,no-ancestor-revocation,node-0000,node-0000,0,0,0
trace-000,mixed,0,0,no-alias-obligations,node-0000,node-0000,0,0,0
trace-000,mixed,0,0,top-one,node-0000,node-0000,0,0,0
trace-000,mixed,0,0,expiry-skyline,node-0000,node-0000,0,0,0
trace-000,mixed,0,1,direct,node-0000,node-0000,0,0,0
trace-000,mixed,0,1,verified,node-0000,node-0000,0,0,0
trace-000,mixed,0,1,full-compiled,node-0000,node-0000,0,0,0
trace-000,mixed,0,1,timestamp-only,node-0000,node-0000,0,0,0
trace-000,mixed,0,1,no-ancestor-expiry,node-0000,node-0000,0,0,0
trace-000,mixed,0,1,no-ancestor-revocation,node-0000,node-0000,0,0,0
trace-000,mixed,0,1,no-alias-obligations,node-0000,node-0000,0,0,0
trace-000,mixed,0,1,top-one,node-0000,node-0000,0,0,0
trace-000,mixed,0,1,expiry-skyline,node-0000,node-0000,0,0,0
trace-000,mixed,0,2,direct,node-0016,node-0016,0,0,0
trace-000,mixed,0,2,verified,node-0016,node-0016,0,0,0
trace-000,mixed,0,2,full-compiled,node-0016,node-0016,0,0,0
trace-000,mixed,0,2,timestamp-only,node-0016,node-0018,1,1,1
trace-000,mixed,0,2,no-ancestor-expiry,node-0016,node-0016,0,0,0
trace-000,mixed,0,2,no-ancestor-revocation,node-0016,node-0016,0,0,0
trace-000,mixed,0,2,no-alias-obligations,node-0016,node-0018,1,1,1
trace-000,mixed,0,2,top-one,node-0016,,1,1,0
trace-000,mixed,0,2,expiry-skyline,node-0016,,1,1,0
trace-000,mixed,0,3,direct,node-0000,node-0000,0,0,0
trace-000,mixed,0,3,verified,node-0000,node-0000,0,0,0
trace-000,mixed,0,3,full-compiled,node-0000,node-0000,0,0,0
trace-000,mixed,0,3,timestamp-only,node-0000,node-0000,0,0,0
trace-000,mixed,0,3,no-ancestor-expiry,node-0000,node-0000,0,0,0
trace-000,mixed,0,3,no-ancestor-revocation,node-0000,node-0000,0,0,0
trace-000,mixed,0,3,no-alias-obligations,node-0000,node-0000,0,0,0
trace-000,mixed,0,3,top-one,node-0000,node-0000,0,0,0
trace-000,mixed,0,3,expiry-skyline,node-0000,node-0000,0,0,0
trace-000,mixed,0,4,direct,node-0000,node-0000,0,0,0
trace-000,mixed,0,4,verified,node-0000,node-0000,0,0,0
trace-000,mixed,0,4,full-compiled,node-0000,node-0000,0,0,0
trace-000,mixed,0,4,timestamp-only,node-0000,node-0000,0,0,0
trace-000,mixed,0,4,no-ancestor-expiry,node-0000,node-0000,0,0,0
trace-000,mixed,0,4,no-ancestor-revocation,node-0000,node-0000,0,0,0
trace-000,mixed,0,4,no-alias-obligations,node-0000,node-0000,0,0,0
trace-000,mixed,0,4,top-one,node-0000,node-0000,0,0,0
trace-000,mixed,0,4,expiry-skyline,node-0000,node-0000,0,0,0
trace-000,mixed,0,5,direct,node-0000,node-0000,0,0,0
trace-000,mixed,0,5,verified,node-0000,node-0000,0,0,0
trace-000,mixed,0,5,full-compiled,node-0000,node-0000,0,0,0
trace-000,mixed,0,5,timestamp-only,node-0000,node-0000,0,0,0
trace-000,mixed,0,5,no-ancestor-expiry,node-0000,node-0000,0,0,0
trace-000,mixed,0,5,no-ancestor-revocation,node-0000,node-0000,0,0,0
trace-000,mixed,0,5,no-alias-obligations,node-0000,node-0000,0,0,0
trace-000,mixed,0,5,top-one,node-0000,node-0000,0,0,0
trace-000,mixed,0,5,expiry-skyline,node-0000,node-0000,0,0,0
trace-000,mixed,0,6,direct,node-0000,node-0000,0,0,0
trace-000,mixed,0,6,verified,node-0000,node-0000,0,0,0
trace-000,mixed,0,6,full-compiled,node-0000,node-0000,0,0,0
trace-000,mixed,0,6,timestamp-only,node-0000,node-0000,0,0,0
trace-000,mixed,0,6,no-ancestor-expiry,node-0000,node-0000,0,0,0
trace-000,mixed,0,6,no-ancestor-revocation,node-0000,node-0000,0,0,0
trace-000,mixed,0,6,no-alias-obligations,node-0000,node-0000,0,0,0
trace-000,mixed,0,6,top-one,node-0000,node-0000,0,0,0
trace-000,mixed,0,6,expiry-skyline,node-0000,node-0000,0,0,0
trace-000,mixed,0,7,direct,,,0,0,0
trace-000,mixed,0,7,verified,,,0,0,0
trace-000,mixed,0,7,full-compiled,,,0,0,0
trace-000,mixed,0,7,timestamp-only,,,0,0,0
trace-000,mixed,0,7,no-ancestor-expiry,,,0,0,0
trace-000,mixed,0,7,no-ancestor-revocation,,,0,0,0
trace-000,mixed,0,7,no-alias-obligations,,,0,0,0
trace-000,mixed,0,7,top-one,,,0,0,0
trace-000,mixed,0,7,expiry-skyline,,,0,0,0
trace-000,mixed,0,8,direct,node-0000,node-0000,0,0,0
trace-000,mixed,0,8,verified,node-0000,node-0000,0,0,0
trace-000,mixed,0,8,full-compiled,node-0000,node-0000,0,0,0
trace-000,mixed,0,8,timestamp-only,node-0000,node-0000,0,0,0
trace-000,mixed,0,8,no-ancestor-expiry,node-0000,node-0000,0,0,0
trace-000,mixed,0,8,no-ancestor-revocation,node-0000,node-0000,0,0,0
trace-000,mixed,0,8,no-alias-obligations,node-0000,node-0000,0,0,0
trace-000,mixed,0,8,top-one,node-0000,node-0000,0,0,0
trace-000,mixed,0,8,expiry-skyline,node-0000,node-0000,0,0,0
trace-000,mixed,0,9,direct,node-0000,node-0000,0,0,0
trace-000,mixed,0,9,verified,node-0000,node-0000,0,0,0
trace-000,mixed,0,9,full-compiled,node-0000,node-0000,0,0,0
trace-000,mixed,0,9,timestamp-only,node-0000,node-0000,0,0,0
trace-000,mixed,0,9,no-ancestor-expiry,node-0000,node-0000,0,0,0
trace-000,mixed,0,9,no-ancestor-revocation,node-0000,node-0000,0,0,0
trace-000,mixed,0,9,no-alias-obligations,node-0000,node-0000,0,0,0
trace-000,mixed,0,9,top-one,node-0000,node-0000,0,0,0
trace-000,mixed,0,9,expiry-skyline,node-0000,node-0000,0,0,0
trace-000,mixed,0,10,direct,,,0,0,0
trace-000,mixed,0,10,verified,,,0,0,0
trace-000,mixed,0,10,full-compiled,,,0,0,0
trace-000,mixed,0,10,timestamp-only,,node-0018,1,1,1
trace-000,mixed,0,10,no-ancestor-expiry,,,0,0,0
trace-000,mixed,0,10,no-ancestor-revocation,,,0,0,0
trace-000,mixed,0,10,no-alias-obligations,,node-0018,1,1,1
trace-000,mixed,0,10,top-one,,,0,0,0
trace-000,mixed,0,10,expiry-skyline,,,0,0,0
trace-000,mixed,0,11,direct,,,0,0,0
trace-000,mixed,0,11,verified,,,0,0,0
trace-000,mixed,0,11,full-compiled,,,0,0,0
trace-000,mixed,0,11,timestamp-only,,,0,0,0
trace-000,mixed,0,11,no-ancestor-expiry,,,0,0,0
trace-000,mixed,0,11,no-ancestor-revocation,,,0,0,0
trace-000,mixed,0,11,no-alias-obligations,,,0,0,0
trace-000,mixed,0,11,top-one,,,0,0,0
trace-000,mixed,0,11,expiry-skyline,,,0,0,0
trace-000,mixed,1,0,direct,node-0009,node-0009,0,0,0
trace-000,mixed,1,0,verified,node-0009,node-0009,0,0,0
trace-000,mixed,1,0,full-compiled,node-0009,node-0009,0,0,0
trace-000,mixed,1,0,timestamp-only,node-0009,node-0029,1,1,1
trace-000,mixed,1,0,no-ancestor-expiry,node-0009,node-0009,0,0,0
trace-000,mixed,1,0,no-ancestor-revocation,node-0009,node-0029,1,1,1
trace-000,mixed,1,0,no-alias-obligations,node-0009,node-0009,0,0,0
trace-000,mixed,1,0,top-one,node-0009,node-0009,0,0,0
trace-000,mixed,1,0,expiry-skyline,node-0009,node-0009,0,0,0
trace-000,mixed,1,1,direct,node-0009,node-0009,0,0,0
trace-000,mixed,1,1,verified,node-0009,node-0009,0,0,0
trace-000,mixed,1,1,full-compiled,node-0009,node-0009,0,0,0
trace-000,mixed,1,1,timestamp-only,node-0009,node-0029,1,1,1
trace-000,mixed,1,1,no-ancestor-expiry,node-0009,node-0009,0,0,0
trace-000,mixed,1,1,no-ancestor-revocation,node-0009,node-0029,1,1,1
trace-000,mixed,1,1,no-alias-obligations,node-0009,node-0009,0,0,0
trace-000,mixed,1,1,top-one,node-0009,node-0009,0,0,0
trace-000,mixed,1,1,expiry-skyline,node-0009,node-0009,0,0,0
trace-000,mixed,1,2,direct,node-0015,node-0015,0,0,0
trace-000,mixed,1,2,verified,node-0015,node-0015,0,0,0
trace-000,mixed,1,2,full-compiled,node-0015,node-0015,0,0,0
trace-000,mixed,1,2,timestamp-only,node-0015,node-0061,1,1,1
trace-000,mixed,1,2,no-ancestor-expiry,node-0015,node-0015,0,0,0
trace-000,mixed,1,2,no-ancestor-revocation,node-0015,node-0015,0,0,0
trace-000,mixed,1,2,no-alias-obligations,node-0015,node-0061,1,1,1
trace-000,mixed,1,2,top-one,node-0015,,1,1,0
trace-000,mixed,1,2,expiry-skyline,node-0015,node-0015,0,0,0
trace-000,mixed,1,3,direct,node-0009,node-0009,0,0,0
trace-000,mixed,1,3,verified,node-0009,node-0009,0,0,0
trace-000,mixed,1,3,full-compiled,node-0009,node-0009,0,0,0
trace-000,mixed,1,3,timestamp-only,node-0009,node-0029,1,1,1
trace-000,mixed,1,3,no-ancestor-expiry,node-0009,node-0009,0,0,0
trace-000,mixed,1,3,no-ancestor-revocation,node-0009,node-0029,1,1,1
trace-000,mixed,1,3,no-alias-obligations,node-0009,node-0009,0,0,0
trace-000,mixed,1,3,top-one,node-0009,node-0009,0,0,0
trace-000,mixed,1,3,expiry-skyline,node-0009,node-0009,0,0,0
trace-000,mixed,1,4,direct,node-0009,node-0009,0,0,0
trace-000,mixed,1,4,verified,node-0009,node-0009,0,0,0
trace-000,mixed,1,4,full-compiled,node-0009,node-0009,0,0,0
trace-000,mixed,1,4,timestamp-only,node-0009,node-0029,1,1,1
trace-000,mixed,1,4,no-ancestor-expiry,node-0009,node-0009,0,0,0
trace-000,mixed,1,4,no-ancestor-revocation,node-0009,node-0029,1,1,1
trace-000,mixed,1,4,no-alias-obligations,node-0009,node-0009,0,0,0
trace-000,mixed,1,4,top-one,node-0009,node-0009,0,0,0
trace-000,mixed,1,4,expiry-skyline,node-0009,node-0009,0,0,0
trace-000,mixed,1,5,direct,node-0010,node-0010,0,0,0
trace-000,mixed,1,5,verified,node-0010,node-0010,0,0,0
trace-000,mixed,1,5,full-compiled,node-0010,node-0010,0,0,0
trace-000,mixed,1,5,timestamp-only,node-0010,node-0029,1,1,1
trace-000,mixed,1,5,no-ancestor-expiry,node-0010,node-0010,0,0,0
trace-000,mixed,1,5,no-ancestor-revocation,node-0010,node-0029,1,1,1
trace-000,mixed,1,5,no-alias-obligations,node-0010,node-0010,0,0,0
trace-000,mixed,1,5,top-one,node-0010,,1,1,0
trace-000,mixed,1,5,expiry-skyline,node-0010,node-0010,0,0,0
trace-000,mixed,1,6,direct,,,0,0,0
trace-000,mixed,1,6,verified,,,0,0,0
trace-000,mixed,1,6,full-compiled,,,0,0,0
trace-000,mixed,1,6,timestamp-only,,node-0061,1,1,1
trace-000,mixed,1,6,no-ancestor-expiry,,,0,0,0
trace-000,mixed,1,6,no-ancestor-revocation,,,0,0,0
trace-000,mixed,1,6,no-alias-obligations,,node-0061,1,1,1
trace-000,mixed,1,6,top-one,,,0,0,0
trace-000,mixed,1,6,expiry-skyline,,,0,0,0
trace-000,mixed,1,7,direct,,,0,0,0
trace-000,mixed,1,7,verified,,,0,0,0
trace-000,mixed,1,7,full-compiled,,,0,0,0
trace-000,mixed,1,7,timestamp-only,,,0,0,0
trace-000,mixed,1,7,no-ancestor-expiry,,,0,0,0
trace-000,mixed,1,7,no-ancestor-revocation,,,0,0,0
trace-000,mixed,1,7,no-alias-obligations,,,0,0,0
trace-000,mixed,1,7,top-one,,,0,0,0
trace-000,mixed,1,7,expiry-skyline,,,0,0,0
trace-000,mixed,1,8,direct,node-0009,node-0009,0,0,0
trace-000,mixed,1,8,verified,node-0009,node-0009,0,0,0
trace-000,mixed,1,8,full-compiled,node-0009,node-0009,0,0,0
trace-000,mixed,1,8,timestamp-only,node-0009,node-0029,1,1,1
trace-000,mixed,1,8,no-ancestor-expiry,node-0009,node-0009,0,0,0
trace-000,mixed,1,8,no-ancestor-revocation,node-0009,node-0029,1,1,1
trace-000,mixed,1,8,no-alias-obligations,node-0009,node-0009,0,0,0
trace-000,mixed,1,8,top-one,node-0009,node-0009,0,0,0
trace-000,mixed,1,8,expiry-skyline,node-0009,node-0009,0,0,0
trace-000,mixed,1,9,direct,node-0009,node-0009,0,0,0
trace-000,mixed,1,9,verified,node-0009,node-0009,0,0,0
trace-000,mixed,1,9,full-compiled,node-0009,node-0009,0,0,0
trace-000,mixed,1,9,timestamp-only,node-0009,node-0029,1,1,1
trace-000,mixed,1,9,no-ancestor-expiry,node-0009,node-0009,0,0,0
trace-000,mixed,1,9,no-ancestor-revocation,node-0009,node-0029,1,1,1
trace-000,mixed,1,9,no-alias-obligations,node-0009,node-0009,0,0,0
trace-000,mixed,1,9,top-one,node-0009,node-0009,0,0,0
trace-000,mixed,1,9,expiry-skyline,node-0009,node-0009,0,0,0
trace-000,mixed,1,10,direct,node-0015,node-0015,0,0,0
trace-000,mixed,1,10,verified,node-0015,node-0015,0,0,0
trace-000,mixed,1,10,full-compiled,node-0015,node-0015,0,0,0
trace-000,mixed,1,10,timestamp-only,node-0015,node-0061,1,1,1
trace-000,mixed,1,10,no-ancestor-expiry,node-0015,node-0015,0,0,0
trace-000,mixed,1,10,no-ancestor-revocation,node-0015,node-0015,0,0,0
trace-000,mixed,1,10,no-alias-obligations,node-0015,node-0061,1,1,1
trace-000,mixed,1,10,top-one,node-0015,,1,1,0
trace-000,mixed,1,10,expiry-skyline,node-0015,node-0015,0,0,0
trace-000,mixed,1,11,direct,,,0,0,0
trace-000,mixed,1,11,verified,,,0,0,0
trace-000,mixed,1,11,full-compiled,,,0,0,0
trace-000,mixed,1,11,timestamp-only,,,0,0,0
trace-000,mixed,1,11,no-ancestor-expiry,,,0,0,0
trace-000,mixed,1,11,no-ancestor-revocation,,,0,0,0
trace-000,mixed,1,11,no-alias-obligations,,,0,0,0
trace-000,mixed,1,11,top-one,,,0,0,0
trace-000,mixed,1,11,expiry-skyline,,,0,0,0
trace-001,mixed,0,0,direct,node-0036,node-0036,0,0,0
trace-001,mixed,0,0,verified,node-0036,node-0036,0,0,0
trace-001,mixed,0,0,full-compiled,node-0036,node-0036,0,0,0
trace-001,mixed,0,0,timestamp-only,node-0036,node-0036,0,0,0
trace-001,mixed,0,0,no-ancestor-expiry,node-0036,node-0036,0,0,0
trace-001,mixed,0,0,no-ancestor-revocation,node-0036,node-0036,0,0,0
trace-001,mixed,0,0,no-alias-obligations,node-0036,node-0036,0,0,0
trace-001,mixed,0,0,top-one,node-0036,node-0036,0,0,0
trace-001,mixed,0,0,expiry-skyline,node-0036,node-0036,0,0,0
trace-001,mixed,0,1,direct,node-0036,node-0036,0,0,0
trace-001,mixed,0,1,verified,node-0036,node-0036,0,0,0
trace-001,mixed,0,1,full-compiled,node-0036,node-0036,0,0,0
trace-001,mixed,0,1,timestamp-only,node-0036,node-0036,0,0,0
trace-001,mixed,0,1,no-ancestor-expiry,node-0036,node-0036,0,0,0
trace-001,mixed,0,1,no-ancestor-revocation,node-0036,node-0036,0,0,0
trace-001,mixed,0,1,no-alias-obligations,node-0036,node-0036,0,0,0
trace-001,mixed,0,1,top-one,node-0036,node-0036,0,0,0
trace-001,mixed,0,1,expiry-skyline,node-0036,node-0036,0,0,0
trace-001,mixed,0,2,direct,node-0032,node-0032,0,0,0
trace-001,mixed,0,2,verified,node-0032,node-0032,0,0,0
trace-001,mixed,0,2,full-compiled,node-0032,node-0032,0,0,0
trace-001,mixed,0,2,timestamp-only,node-0032,node-0052,1,0,1
trace-001,mixed,0,2,no-ancestor-expiry,node-0032,node-0032,0,0,0
trace-001,mixed,0,2,no-ancestor-revocation,node-0032,node-0032,0,0,0
trace-001,mixed,0,2,no-alias-obligations,node-0032,node-0052,1,0,1
trace-001,mixed,0,2,top-one,node-0032,,1,1,0
trace-001,mixed,0,2,expiry-skyline,node-0032,node-0032,0,0,0
trace-001,mixed,0,3,direct,node-0036,node-0036,0,0,0
trace-001,mixed,0,3,verified,node-0036,node-0036,0,0,0
trace-001,mixed,0,3,full-compiled,node-0036,node-0036,0,0,0
trace-001,mixed,0,3,timestamp-only,node-0036,node-0036,0,0,0
trace-001,mixed,0,3,no-ancestor-expiry,node-0036,node-0036,0,0,0
trace-001,mixed,0,3,no-ancestor-revocation,node-0036,node-0036,0,0,0
trace-001,mixed,0,3,no-alias-obligations,node-0036,node-0036,0,0,0
trace-001,mixed,0,3,top-one,node-0036,node-0036,0,0,0
trace-001,mixed,0,3,expiry-skyline,node-0036,node-0036,0,0,0
trace-001,mixed,0,4,direct,node-0036,node-0036,0,0,0
trace-001,mixed,0,4,verified,node-0036,node-0036,0,0,0
trace-001,mixed,0,4,full-compiled,node-0036,node-0036,0,0,0
trace-001,mixed,0,4,timestamp-only,node-0036,node-0036,0,0,0
trace-001,mixed,0,4,no-ancestor-expiry,node-0036,node-0036,0,0,0
trace-001,mixed,0,4,no-ancestor-revocation,node-0036,node-0036,0,0,0
trace-001,mixed,0,4,no-alias-obligations,node-0036,node-0036,0,0,0
trace-001,mixed,0,4,top-one,node-0036,node-0036,0,0,0
trace-001,mixed,0,4,expiry-skyline,node-0036,node-0036,0,0,0
trace-001,mixed,0,5,direct,node-0036,node-0036,0,0,0
trace-001,mixed,0,5,verified,node-0036,node-0036,0,0,0
trace-001,mixed,0,5,full-compiled,node-0036,node-0036,0,0,0
trace-001,mixed,0,5,timestamp-only,node-0036,node-0036,0,0,0
trace-001,mixed,0,5,no-ancestor-expiry,node-0036,node-0036,0,0,0
trace-001,mixed,0,5,no-ancestor-revocation,node-0036,node-0036,0,0,0
trace-001,mixed,0,5,no-alias-obligations,node-0036,node-0036,0,0,0
trace-001,mixed,0,5,top-one,node-0036,node-0036,0,0,0
trace-001,mixed,0,5,expiry-skyline,node-0036,node-0036,0,0,0
trace-001,mixed,0,6,direct,,,0,0,0
trace-001,mixed,0,6,verified,,,0,0,0
trace-001,mixed,0,6,full-compiled,,,0,0,0
trace-001,mixed,0,6,timestamp-only,,node-0052,1,1,1
trace-001,mixed,0,6,no-ancestor-expiry,,,0,0,0
trace-001,mixed,0,6,no-ancestor-revocation,,,0,0,0
trace-001,mixed,0,6,no-alias-obligations,,node-0052,1,1,1
trace-001,mixed,0,6,top-one,,,0,0,0
trace-001,mixed,0,6,expiry-skyline,,,0,0,0
trace-001,mixed,0,7,direct,,,0,0,0
trace-001,mixed,0,7,verified,,,0,0,0
trace-001,mixed,0,7,full-compiled,,,0,0,0
trace-001,mixed,0,7,timestamp-only,,,0,0,0
trace-001,mixed,0,7,no-ancestor-expiry,,,0,0,0
trace-001,mixed,0,7,no-ancestor-revocation,,,0,0,0
trace-001,mixed,0,7,no-alias-obligations,,,0,0,0
trace-001,mixed,0,7,top-one,,,0,0,0
trace-001,mixed,0,7,expiry-skyline,,,0,0,0
trace-001,mixed,0,8,direct,node-0036,node-0036,0,0,0
trace-001,mixed,0,8,verified,node-0036,node-0036,0,0,0
trace-001,mixed,0,8,full-compiled,node-0036,node-0036,0,0,0
trace-001,mixed,0,8,timestamp-only,node-0036,node-0036,0,0,0
trace-001,mixed,0,8,no-ancestor-expiry,node-0036,node-0036,0,0,0
trace-001,mixed,0,8,no-ancestor-revocation,node-0036,node-0036,0,0,0
trace-001,mixed,0,8,no-alias-obligations,node-0036,node-0036,0,0,0
trace-001,mixed,0,8,top-one,node-0036,node-0036,0,0,0
trace-001,mixed,0,8,expiry-skyline,node-0036,node-0036,0,0,0
trace-001,mixed,0,9,direct,node-0032,node-0032,0,0,0
trace-001,mixed,0,9,verified,node-0032,node-0032,0,0,0
trace-001,mixed,0,9,full-compiled,node-0032,node-0032,0,0,0
trace-001,mixed,0,9,timestamp-only,node-0032,node-0052,1,0,1
trace-001,mixed,0,9,no-ancestor-expiry,node-0032,node-0032,0,0,0
trace-001,mixed,0,9,no-ancestor-revocation,node-0032,node-0032,0,0,0
trace-001,mixed,0,9,no-alias-obligations,node-0032,node-0052,1,0,1
trace-001,mixed,0,9,top-one,node-0032,,1,1,0
trace-001,mixed,0,9,expiry-skyline,node-0032,node-0032,0,0,0
trace-001,mixed,0,10,direct,node-0032,node-0032,0,0,0
trace-001,mixed,0,10,verified,node-0032,node-0032,0,0,0
trace-001,mixed,0,10,full-compiled,node-0032,node-0032,0,0,0
trace-001,mixed,0,10,timestamp-only,node-0032,node-0052,1,0,1
trace-001,mixed,0,10,no-ancestor-expiry,node-0032,node-0032,0,0,0
trace-001,mixed,0,10,no-ancestor-revocation,node-0032,node-0032,0,0,0
trace-001,mixed,0,10,no-alias-obligations,node-0032,node-0052,1,0,1
trace-001,mixed,0,10,top-one,node-0032,,1,1,0
trace-001,mixed,0,10,expiry-skyline,node-0032,node-0032,0,0,0
trace-001,mixed,0,11,direct,node-0000,node-0000,0,0,0
trace-001,mixed,0,11,verified,node-0000,node-0000,0,0,0
trace-001,mixed,0,11,full-compiled,node-0000,node-0000,0,0,0
trace-001,mixed,0,11,timestamp-only,node-0000,node-0003,1,1,1
trace-001,mixed,0,11,no-ancestor-expiry,node-0000,node-0000,0,0,0
trace-001,mixed,0,11,no-ancestor-revocation,node-0000,node-0000,0,0,0
trace-001,mixed,0,11,no-alias-obligations,node-0000,node-0003,1,1,1
trace-001,mixed,0,11,top-one,node-0000,,1,1,0
trace-001,mixed,0,11,expiry-skyline,node-0000,,1,1,0
trace-001,mixed,1,0,direct,node-0056,node-0056,0,0,0
trace-001,mixed,1,0,verified,node-0056,node-0056,0,0,0
trace-001,mixed,1,0,full-compiled,node-0056,node-0056,0,0,0
trace-001,mixed,1,0,timestamp-only,node-0056,node-0056,0,0,0
trace-001,mixed,1,0,no-ancestor-expiry,node-0056,node-0056,0,0,0
trace-001,mixed,1,0,no-ancestor-revocation,node-0056,node-0056,0,0,0
trace-001,mixed,1,0,no-alias-obligations,node-0056,node-0056,0,0,0
trace-001,mixed,1,0,top-one,node-0056,node-0056,0,0,0
trace-001,mixed,1,0,expiry-skyline,node-0056,node-0056,0,0,0
trace-001,mixed,1,1,direct,node-0063,node-0063,0,0,0
trace-001,mixed,1,1,verified,node-0063,node-0063,0,0,0
trace-001,mixed,1,1,full-compiled,node-0063,node-0063,0,0,0
trace-001,mixed,1,1,timestamp-only,node-0063,node-0056,1,1,1
trace-001,mixed,1,1,no-ancestor-expiry,node-0063,node-0063,0,0,0
trace-001,mixed,1,1,no-ancestor-revocation,node-0063,node-0056,1,1,1
trace-001,mixed,1,1,no-alias-obligations,node-0063,node-0063,0,0,0
trace-001,mixed,1,1,top-one,node-0063,,1,1,0
trace-001,mixed,1,1,expiry-skyline,node-0063,node-0063,0,0,0
trace-001,mixed,1,2,direct,node-0047,node-0047,0,0,0
trace-001,mixed,1,2,verified,node-0047,node-0047,0,0,0
trace-001,mixed,1,2,full-compiled,node-0047,node-0047,0,0,0
trace-001,mixed,1,2,timestamp-only,node-0047,node-0024,1,0,1
trace-001,mixed,1,2,no-ancestor-expiry,node-0047,node-0047,0,0,0
trace-001,mixed,1,2,no-ancestor-revocation,node-0047,node-0047,0,0,0
trace-001,mixed,1,2,no-alias-obligations,node-0047,node-0024,1,0,1
trace-001,mixed,1,2,top-one,node-0047,,1,1,0
trace-001,mixed,1,2,expiry-skyline,node-0047,,1,1,0
trace-001,mixed,1,3,direct,node-0063,node-0063,0,0,0
trace-001,mixed,1,3,verified,node-0063,node-0063,0,0,0
trace-001,mixed,1,3,full-compiled,node-0063,node-0063,0,0,0
trace-001,mixed,1,3,timestamp-only,node-0063,node-0056,1,1,1
trace-001,mixed,1,3,no-ancestor-expiry,node-0063,node-0063,0,0,0
trace-001,mixed,1,3,no-ancestor-revocation,node-0063,node-0056,1,1,1
trace-001,mixed,1,3,no-alias-obligations,node-0063,node-0063,0,0,0
trace-001,mixed,1,3,top-one,node-0063,,1,1,0
trace-001,mixed,1,3,expiry-skyline,node-0063,node-0063,0,0,0
trace-001,mixed,1,4,direct,node-0056,node-0056,0,0,0
trace-001,mixed,1,4,verified,node-0056,node-0056,0,0,0
trace-001,mixed,1,4,full-compiled,node-0056,node-0056,0,0,0
trace-001,mixed,1,4,timestamp-only,node-0056,node-0056,0,0,0
trace-001,mixed,1,4,no-ancestor-expiry,node-0056,node-0056,0,0,0
trace-001,mixed,1,4,no-ancestor-revocation,node-0056,node-0056,0,0,0
trace-001,mixed,1,4,no-alias-obligations,node-0056,node-0056,0,0,0
trace-001,mixed,1,4,top-one,node-0056,node-0056,0,0,0
trace-001,mixed,1,4,expiry-skyline,node-0056,node-0056,0,0,0
trace-001,mixed,1,5,direct,node-0028,node-0028,0,0,0
trace-001,mixed,1,5,verified,node-0028,node-0028,0,0,0
trace-001,mixed,1,5,full-compiled,node-0028,node-0028,0,0,0
trace-001,mixed,1,5,timestamp-only,node-0028,node-0056,1,0,1
trace-001,mixed,1,5,no-ancestor-expiry,node-0028,node-0056,1,0,1
trace-001,mixed,1,5,no-ancestor-revocation,node-0028,node-0028,0,0,0
trace-001,mixed,1,5,no-alias-obligations,node-0028,node-0028,0,0,0
trace-001,mixed,1,5,top-one,node-0028,,1,1,0
trace-001,mixed,1,5,expiry-skyline,node-0028,node-0028,0,0,0
trace-001,mixed,1,6,direct,,,0,0,0
trace-001,mixed,1,6,verified,,,0,0,0
trace-001,mixed,1,6,full-compiled,,,0,0,0
trace-001,mixed,1,6,timestamp-only,,node-0024,1,1,1
trace-001,mixed,1,6,no-ancestor-expiry,,,0,0,0
trace-001,mixed,1,6,no-ancestor-revocation,,,0,0,0
trace-001,mixed,1,6,no-alias-obligations,,node-0024,1,1,1
trace-001,mixed,1,6,top-one,,,0,0,0
trace-001,mixed,1,6,expiry-skyline,,,0,0,0
trace-001,mixed,1,7,direct,,,0,0,0
trace-001,mixed,1,7,verified,,,0,0,0
trace-001,mixed,1,7,full-compiled,,,0,0,0
trace-001,mixed,1,7,timestamp-only,,,0,0,0
trace-001,mixed,1,7,no-ancestor-expiry,,,0,0,0
trace-001,mixed,1,7,no-ancestor-revocation,,,0,0,0
trace-001,mixed,1,7,no-alias-obligations,,,0,0,0
trace-001,mixed,1,7,top-one,,,0,0,0
trace-001,mixed,1,7,expiry-skyline,,,0,0,0
trace-001,mixed,1,8,direct,node-0063,node-0063,0,0,0
trace-001,mixed,1,8,verified,node-0063,node-0063,0,0,0
trace-001,mixed,1,8,full-compiled,node-0063,node-0063,0,0,0
trace-001,mixed,1,8,timestamp-only,node-0063,node-0056,1,1,1
trace-001,mixed,1,8,no-ancestor-expiry,node-0063,node-0063,0,0,0
trace-001,mixed,1,8,no-ancestor-revocation,node-0063,node-0056,1,1,1
trace-001,mixed,1,8,no-alias-obligations,node-0063,node-0063,0,0,0
trace-001,mixed,1,8,top-one,node-0063,,1,1,0
trace-001,mixed,1,8,expiry-skyline,node-0063,node-0063,0,0,0
trace-001,mixed,1,9,direct,,,0,0,0
trace-001,mixed,1,9,verified,,,0,0,0
trace-001,mixed,1,9,full-compiled,,,0,0,0
trace-001,mixed,1,9,timestamp-only,,node-0024,1,1,1
trace-001,mixed,1,9,no-ancestor-expiry,,,0,0,0
trace-001,mixed,1,9,no-ancestor-revocation,,,0,0,0
trace-001,mixed,1,9,no-alias-obligations,,node-0024,1,1,1
trace-001,mixed,1,9,top-one,,,0,0,0
trace-001,mixed,1,9,expiry-skyline,,,0,0,0
trace-001,mixed,1,10,direct,node-0047,node-0047,0,0,0
trace-001,mixed,1,10,verified,node-0047,node-0047,0,0,0
trace-001,mixed,1,10,full-compiled,node-0047,node-0047,0,0,0
trace-001,mixed,1,10,timestamp-only,node-0047,node-0024,1,0,1
trace-001,mixed,1,10,no-ancestor-expiry,node-0047,node-0047,0,0,0
trace-001,mixed,1,10,no-ancestor-revocation,node-0047,node-0047,0,0,0
trace-001,mixed,1,10,no-alias-obligations,node-0047,node-0024,1,0,1
trace-001,mixed,1,10,top-one,node-0047,,1,1,0
trace-001,mixed,1,10,expiry-skyline,node-0047,,1,1,0
trace-001,mixed,1,11,direct,node-0047,node-0047,0,0,0
trace-001,mixed,1,11,verified,node-0047,node-0047,0,0,0
trace-001,mixed,1,11,full-compiled,node-0047,node-0047,0,0,0
trace-001,mixed,1,11,timestamp-only,node-0047,node-0046,1,1,1
trace-001,mixed,1,11,no-ancestor-expiry,node-0047,node-0047,0,0,0
trace-001,mixed,1,11,no-ancestor-revocation,node-0047,node-0047,0,0,0
trace-001,mixed,1,11,no-alias-obligations,node-0047,node-0046,1,1,1
trace-001,mixed,1,11,top-one,node-0047,,1,1,0
trace-001,mixed,1,11,expiry-skyline,node-0047,,1,1,0
trace-002,mixed,0,0,direct,node-0021,node-0021,0,0,0
trace-002,mixed,0,0,verified,node-0021,node-0021,0,0,0
trace-002,mixed,0,0,full-compiled,node-0021,node-0021,0,0,0
trace-002,mixed,0,0,timestamp-only,node-0021,node-0021,0,0,0
trace-002,mixed,0,0,no-ancestor-expiry,node-0021,node-0021,0,0,0
trace-002,mixed,0,0,no-ancestor-revocation,node-0021,node-0021,0,0,0
trace-002,mixed,0,0,no-alias-obligations,node-0021,node-0021,0,0,0
trace-002,mixed,0,0,top-one,node-0021,node-0021,0,0,0
trace-002,mixed,0,0,expiry-skyline,node-0021,node-0021,0,0,0
trace-002,mixed,0,1,direct,node-0021,node-0021,0,0,0
trace-002,mixed,0,1,verified,node-0021,node-0021,0,0,0
trace-002,mixed,0,1,full-compiled,node-0021,node-0021,0,0,0
trace-002,mixed,0,1,timestamp-only,node-0021,node-0021,0,0,0
trace-002,mixed,0,1,no-ancestor-expiry,node-0021,node-0021,0,0,0
trace-002,mixed,0,1,no-ancestor-revocation,node-0021,node-0021,0,0,0
trace-002,mixed,0,1,no-alias-obligations,node-0021,node-0021,0,0,0
trace-002,mixed,0,1,top-one,node-0021,node-0021,0,0,0
trace-002,mixed,0,1,expiry-skyline,node-0021,node-0021,0,0,0
trace-002,mixed,0,2,direct,node-0016,node-0016,0,0,0
trace-002,mixed,0,2,verified,node-0016,node-0016,0,0,0
trace-002,mixed,0,2,full-compiled,node-0016,node-0016,0,0,0
trace-002,mixed,0,2,timestamp-only,node-0016,node-0049,1,1,1
trace-002,mixed,0,2,no-ancestor-expiry,node-0016,node-0016,0,0,0
trace-002,mixed,0,2,no-ancestor-revocation,node-0016,node-0016,0,0,0
trace-002,mixed,0,2,no-alias-obligations,node-0016,node-0016,0,0,0
trace-002,mixed,0,2,top-one,node-0016,,1,1,0
trace-002,mixed,0,2,expiry-skyline,node-0016,,1,1,0
trace-002,mixed,0,3,direct,node-0021,node-0021,0,0,0
trace-002,mixed,0,3,verified,node-0021,node-0021,0,0,0
trace-002,mixed,0,3,full-compiled,node-0021,node-0021,0,0,0
trace-002,mixed,0,3,timestamp-only,node-0021,node-0021,0,0,0
trace-002,mixed,0,3,no-ancestor-expiry,node-0021,node-0021,0,0,0
trace-002,mixed,0,3,no-ancestor-revocation,node-0021,node-0021,0,0,0
trace-002,mixed,0,3,no-alias-obligations,node-0021,node-0021,0,0,0
trace-002,mixed,0,3,top-one,node-0021,node-0021,0,0,0
trace-002,mixed,0,3,expiry-skyline,node-0021,node-0021,0,0,0
trace-002,mixed,0,4,direct,node-0021,node-0021,0,0,0
trace-002,mixed,0,4,verified,node-0021,node-0021,0,0,0
trace-002,mixed,0,4,full-compiled,node-0021,node-0021,0,0,0
trace-002,mixed,0,4,timestamp-only,node-0021,node-0021,0,0,0
trace-002,mixed,0,4,no-ancestor-expiry,node-0021,node-0021,0,0,0
trace-002,mixed,0,4,no-ancestor-revocation,node-0021,node-0021,0,0,0
trace-002,mixed,0,4,no-alias-obligations,node-0021,node-0021,0,0,0
trace-002,mixed,0,4,top-one,node-0021,node-0021,0,0,0
trace-002,mixed,0,4,expiry-skyline,node-0021,node-0021,0,0,0
trace-002,mixed,0,5,direct,node-0021,node-0021,0,0,0
trace-002,mixed,0,5,verified,node-0021,node-0021,0,0,0
trace-002,mixed,0,5,full-compiled,node-0021,node-0021,0,0,0
trace-002,mixed,0,5,timestamp-only,node-0021,node-0021,0,0,0
trace-002,mixed,0,5,no-ancestor-expiry,node-0021,node-0021,0,0,0
trace-002,mixed,0,5,no-ancestor-revocation,node-0021,node-0021,0,0,0
trace-002,mixed,0,5,no-alias-obligations,node-0021,node-0021,0,0,0
trace-002,mixed,0,5,top-one,node-0021,node-0021,0,0,0
trace-002,mixed,0,5,expiry-skyline,node-0021,node-0021,0,0,0
trace-002,mixed,0,6,direct,,,0,0,0
trace-002,mixed,0,6,verified,,,0,0,0
trace-002,mixed,0,6,full-compiled,,,0,0,0
trace-002,mixed,0,6,timestamp-only,,node-0018,1,1,1
trace-002,mixed,0,6,no-ancestor-expiry,,,0,0,0
trace-002,mixed,0,6,no-ancestor-revocation,,,0,0,0
trace-002,mixed,0,6,no-alias-obligations,,,0,0,0
trace-002,mixed,0,6,top-one,,,0,0,0
trace-002,mixed,0,6,expiry-skyline,,,0,0,0
trace-002,mixed,0,7,direct,,,0,0,0
trace-002,mixed,0,7,verified,,,0,0,0
trace-002,mixed,0,7,full-compiled,,,0,0,0
trace-002,mixed,0,7,timestamp-only,,,0,0,0
trace-002,mixed,0,7,no-ancestor-expiry,,,0,0,0
trace-002,mixed,0,7,no-ancestor-revocation,,,0,0,0
trace-002,mixed,0,7,no-alias-obligations,,,0,0,0
trace-002,mixed,0,7,top-one,,,0,0,0
trace-002,mixed,0,7,expiry-skyline,,,0,0,0
trace-002,mixed,0,8,direct,node-0021,node-0021,0,0,0
trace-002,mixed,0,8,verified,node-0021,node-0021,0,0,0
trace-002,mixed,0,8,full-compiled,node-0021,node-0021,0,0,0
trace-002,mixed,0,8,timestamp-only,node-0021,node-0021,0,0,0
trace-002,mixed,0,8,no-ancestor-expiry,node-0021,node-0021,0,0,0
trace-002,mixed,0,8,no-ancestor-revocation,node-0021,node-0021,0,0,0
trace-002,mixed,0,8,no-alias-obligations,node-0021,node-0021,0,0,0
trace-002,mixed,0,8,top-one,node-0021,node-0021,0,0,0
trace-002,mixed,0,8,expiry-skyline,node-0021,node-0021,0,0,0
trace-002,mixed,0,9,direct,node-0021,node-0021,0,0,0
trace-002,mixed,0,9,verified,node-0021,node-0021,0,0,0
trace-002,mixed,0,9,full-compiled,node-0021,node-0021,0,0,0
trace-002,mixed,0,9,timestamp-only,node-0021,node-0021,0,0,0
trace-002,mixed,0,9,no-ancestor-expiry,node-0021,node-0021,0,0,0
trace-002,mixed,0,9,no-ancestor-revocation,node-0021,node-0021,0,0,0
trace-002,mixed,0,9,no-alias-obligations,node-0021,node-0021,0,0,0
trace-002,mixed,0,9,top-one,node-0021,node-0021,0,0,0
trace-002,mixed,0,9,expiry-skyline,node-0021,node-0021,0,0,0
trace-002,mixed,0,10,direct,node-0016,node-0016,0,0,0
trace-002,mixed,0,10,verified,node-0016,node-0016,0,0,0
trace-002,mixed,0,10,full-compiled,node-0016,node-0016,0,0,0
trace-002,mixed,0,10,timestamp-only,node-0016,node-0016,0,0,0
trace-002,mixed,0,10,no-ancestor-expiry,node-0016,node-0016,0,0,0
trace-002,mixed,0,10,no-ancestor-revocation,node-0016,node-0016,0,0,0
trace-002,mixed,0,10,no-alias-obligations,node-0016,node-0016,0,0,0
trace-002,mixed,0,10,top-one,node-0016,,1,1,0
trace-002,mixed,0,10,expiry-skyline,node-0016,,1,1,0
trace-002,mixed,0,11,direct,node-0032,node-0032,0,0,0
trace-002,mixed,0,11,verified,node-0032,node-0032,0,0,0
trace-002,mixed,0,11,full-compiled,node-0032,node-0032,0,0,0
trace-002,mixed,0,11,timestamp-only,node-0032,node-0037,1,1,1
trace-002,mixed,0,11,no-ancestor-expiry,node-0032,node-0032,0,0,0
trace-002,mixed,0,11,no-ancestor-revocation,node-0032,node-0032,0,0,0
trace-002,mixed,0,11,no-alias-obligations,node-0032,node-0037,1,1,1
trace-002,mixed,0,11,top-one,node-0032,,1,1,0
trace-002,mixed,0,11,expiry-skyline,node-0032,,1,1,0
trace-002,mixed,1,0,direct,node-0045,node-0045,0,0,0
trace-002,mixed,1,0,verified,node-0045,node-0045,0,0,0
trace-002,mixed,1,0,full-compiled,node-0045,node-0045,0,0,0
trace-002,mixed,1,0,timestamp-only,node-0045,node-0045,0,0,0
trace-002,mixed,1,0,no-ancestor-expiry,node-0045,node-0045,0,0,0
trace-002,mixed,1,0,no-ancestor-revocation,node-0045,node-0045,0,0,0
trace-002,mixed,1,0,no-alias-obligations,node-0045,node-0045,0,0,0
trace-002,mixed,1,0,top-one,node-0045,node-0045,0,0,0
trace-002,mixed,1,0,expiry-skyline,node-0045,node-0045,0,0,0
trace-002,mixed,1,1,direct,node-0045,node-0045,0,0,0
trace-002,mixed,1,1,verified,node-0045,node-0045,0,0,0
trace-002,mixed,1,1,full-compiled,node-0045,node-0045,0,0,0
trace-002,mixed,1,1,timestamp-only,node-0045,node-0045,0,0,0
trace-002,mixed,1,1,no-ancestor-expiry,node-0045,node-0045,0,0,0
trace-002,mixed,1,1,no-ancestor-revocation,node-0045,node-0045,0,0,0
trace-002,mixed,1,1,no-alias-obligations,node-0045,node-0045,0,0,0
trace-002,mixed,1,1,top-one,node-0045,node-0045,0,0,0
trace-002,mixed,1,1,expiry-skyline,node-0045,node-0045,0,0,0
trace-002,mixed,1,2,direct,node-0031,node-0031,0,0,0
trace-002,mixed,1,2,verified,node-0031,node-0031,0,0,0
trace-002,mixed,1,2,full-compiled,node-0031,node-0031,0,0,0
trace-002,mixed,1,2,timestamp-only,node-0031,node-0062,1,1,1
trace-002,mixed,1,2,no-ancestor-expiry,node-0031,node-0031,0,0,0
trace-002,mixed,1,2,no-ancestor-revocation,node-0031,node-0031,0,0,0
trace-002,mixed,1,2,no-alias-obligations,node-0031,node-0062,1,1,1
trace-002,mixed,1,2,top-one,node-0031,,1,1,0
trace-002,mixed,1,2,expiry-skyline,node-0031,,1,1,0
trace-002,mixed,1,3,direct,node-0045,node-0045,0,0,0
trace-002,mixed,1,3,verified,node-0045,node-0045,0,0,0
trace-002,mixed,1,3,full-compiled,node-0045,node-0045,0,0,0
trace-002,mixed,1,3,timestamp-only,node-0045,node-0045,0,0,0
trace-002,mixed,1,3,no-ancestor-expiry,node-0045,node-0045,0,0,0
trace-002,mixed,1,3,no-ancestor-revocation,node-0045,node-0045,0,0,0
trace-002,mixed,1,3,no-alias-obligations,node-0045,node-0045,0,0,0
trace-002,mixed,1,3,top-one,node-0045,node-0045,0,0,0
trace-002,mixed,1,3,expiry-skyline,node-0045,node-0045,0,0,0
trace-002,mixed,1,4,direct,node-0045,node-0045,0,0,0
trace-002,mixed,1,4,verified,node-0045,node-0045,0,0,0
trace-002,mixed,1,4,full-compiled,node-0045,node-0045,0,0,0
trace-002,mixed,1,4,timestamp-only,node-0045,node-0045,0,0,0
trace-002,mixed,1,4,no-ancestor-expiry,node-0045,node-0045,0,0,0
trace-002,mixed,1,4,no-ancestor-revocation,node-0045,node-0045,0,0,0
trace-002,mixed,1,4,no-alias-obligations,node-0045,node-0045,0,0,0
trace-002,mixed,1,4,top-one,node-0045,node-0045,0,0,0
trace-002,mixed,1,4,expiry-skyline,node-0045,node-0045,0,0,0
trace-002,mixed,1,5,direct,node-0045,node-0045,0,0,0
trace-002,mixed,1,5,verified,node-0045,node-0045,0,0,0
trace-002,mixed,1,5,full-compiled,node-0045,node-0045,0,0,0
trace-002,mixed,1,5,timestamp-only,node-0045,node-0045,0,0,0
trace-002,mixed,1,5,no-ancestor-expiry,node-0045,node-0045,0,0,0
trace-002,mixed,1,5,no-ancestor-revocation,node-0045,node-0045,0,0,0
trace-002,mixed,1,5,no-alias-obligations,node-0045,node-0045,0,0,0
trace-002,mixed,1,5,top-one,node-0045,node-0045,0,0,0
trace-002,mixed,1,5,expiry-skyline,node-0045,node-0045,0,0,0
trace-002,mixed,1,6,direct,,,0,0,0
trace-002,mixed,1,6,verified,,,0,0,0
trace-002,mixed,1,6,full-compiled,,,0,0,0
trace-002,mixed,1,6,timestamp-only,,node-0030,1,1,1
trace-002,mixed,1,6,no-ancestor-expiry,,,0,0,0
trace-002,mixed,1,6,no-ancestor-revocation,,,0,0,0
trace-002,mixed,1,6,no-alias-obligations,,node-0030,1,1,1
trace-002,mixed,1,6,top-one,,,0,0,0
trace-002,mixed,1,6,expiry-skyline,,,0,0,0
trace-002,mixed,1,7,direct,,,0,0,0
trace-002,mixed,1,7,verified,,,0,0,0
trace-002,mixed,1,7,full-compiled,,,0,0,0
trace-002,mixed,1,7,timestamp-only,,,0,0,0
trace-002,mixed,1,7,no-ancestor-expiry,,,0,0,0
trace-002,mixed,1,7,no-ancestor-revocation,,,0,0,0
trace-002,mixed,1,7,no-alias-obligations,,,0,0,0
trace-002,mixed,1,7,top-one,,,0,0,0
trace-002,mixed,1,7,expiry-skyline,,,0,0,0
trace-002,mixed,1,8,direct,node-0045,node-0045,0,0,0
trace-002,mixed,1,8,verified,node-0045,node-0045,0,0,0
trace-002,mixed,1,8,full-compiled,node-0045,node-0045,0,0,0
trace-002,mixed,1,8,timestamp-only,node-0045,node-0045,0,0,0
trace-002,mixed,1,8,no-ancestor-expiry,node-0045,node-0045,0,0,0
trace-002,mixed,1,8,no-ancestor-revocation,node-0045,node-0045,0,0,0
trace-002,mixed,1,8,no-alias-obligations,node-0045,node-0045,0,0,0
trace-002,mixed,1,8,top-one,node-0045,node-0045,0,0,0
trace-002,mixed,1,8,expiry-skyline,node-0045,node-0045,0,0,0
trace-002,mixed,1,9,direct,node-0045,node-0045,0,0,0
trace-002,mixed,1,9,verified,node-0045,node-0045,0,0,0
trace-002,mixed,1,9,full-compiled,node-0045,node-0045,0,0,0
trace-002,mixed,1,9,timestamp-only,node-0045,node-0045,0,0,0
trace-002,mixed,1,9,no-ancestor-expiry,node-0045,node-0045,0,0,0
trace-002,mixed,1,9,no-ancestor-revocation,node-0045,node-0045,0,0,0
trace-002,mixed,1,9,no-alias-obligations,node-0045,node-0045,0,0,0
trace-002,mixed,1,9,top-one,node-0045,node-0045,0,0,0
trace-002,mixed,1,9,expiry-skyline,node-0045,node-0045,0,0,0
trace-002,mixed,1,10,direct,,,0,0,0
trace-002,mixed,1,10,verified,,,0,0,0
trace-002,mixed,1,10,full-compiled,,,0,0,0
trace-002,mixed,1,10,timestamp-only,,node-0012,1,1,1
trace-002,mixed,1,10,no-ancestor-expiry,,,0,0,0
trace-002,mixed,1,10,no-ancestor-revocation,,,0,0,0
trace-002,mixed,1,10,no-alias-obligations,,node-0012,1,1,1
trace-002,mixed,1,10,top-one,,,0,0,0
trace-002,mixed,1,10,expiry-skyline,,,0,0,0
trace-002,mixed,1,11,direct,,,0,0,0
trace-002,mixed,1,11,verified,,,0,0,0
trace-002,mixed,1,11,full-compiled,,,0,0,0
trace-002,mixed,1,11,timestamp-only,,node-0024,1,1,1
trace-002,mixed,1,11,no-ancestor-expiry,,,0,0,0
trace-002,mixed,1,11,no-ancestor-revocation,,,0,0,0
trace-002,mixed,1,11,no-alias-obligations,,node-0024,1,1,1
trace-002,mixed,1,11,top-one,,,0,0,0
trace-002,mixed,1,11,expiry-skyline,,,0,0,0
trace-003,mixed,0,0,direct,node-0021,node-0021,0,0,0
trace-003,mixed,0,0,verified,node-0021,node-0021,0,0,0
trace-003,mixed,0,0,full-compiled,node-0021,node-0021,0,0,0
trace-003,mixed,0,0,timestamp-only,node-0021,node-0021,0,0,0
trace-003,mixed,0,0,no-ancestor-expiry,node-0021,node-0021,0,0,0
trace-003,mixed,0,0,no-ancestor-revocation,node-0021,node-0021,0,0,0
trace-003,mixed,0,0,no-alias-obligations,node-0021,node-0021,0,0,0
trace-003,mixed,0,0,top-one,node-0021,node-0021,0,0,0
trace-003,mixed,0,0,expiry-skyline,node-0021,node-0021,0,0,0
trace-003,mixed,0,1,direct,node-0021,node-0021,0,0,0
trace-003,mixed,0,1,verified,node-0021,node-0021,0,0,0
trace-003,mixed,0,1,full-compiled,node-0021,node-0021,0,0,0
trace-003,mixed,0,1,timestamp-only,node-0021,node-0021,0,0,0
trace-003,mixed,0,1,no-ancestor-expiry,node-0021,node-0021,0,0,0
trace-003,mixed,0,1,no-ancestor-revocation,node-0021,node-0021,0,0,0
trace-003,mixed,0,1,no-alias-obligations,node-0021,node-0021,0,0,0
trace-003,mixed,0,1,top-one,node-0021,node-0021,0,0,0
trace-003,mixed,0,1,expiry-skyline,node-0021,node-0021,0,0,0
trace-003,mixed,0,2,direct,node-0016,node-0016,0,0,0
trace-003,mixed,0,2,verified,node-0016,node-0016,0,0,0
trace-003,mixed,0,2,full-compiled,node-0016,node-0016,0,0,0
trace-003,mixed,0,2,timestamp-only,node-0016,node-0052,1,0,1
trace-003,mixed,0,2,no-ancestor-expiry,node-0016,node-0016,0,0,0
trace-003,mixed,0,2,no-ancestor-revocation,node-0016,node-0016,0,0,0
trace-003,mixed,0,2,no-alias-obligations,node-0016,node-0052,1,0,1
trace-003,mixed,0,2,top-one,node-0016,,1,1,0
trace-003,mixed,0,2,expiry-skyline,node-0016,,1,1,0
trace-003,mixed,0,3,direct,node-0021,node-0021,0,0,0
trace-003,mixed,0,3,verified,node-0021,node-0021,0,0,0
trace-003,mixed,0,3,full-compiled,node-0021,node-0021,0,0,0
trace-003,mixed,0,3,timestamp-only,node-0021,node-0021,0,0,0
trace-003,mixed,0,3,no-ancestor-expiry,node-0021,node-0021,0,0,0
trace-003,mixed,0,3,no-ancestor-revocation,node-0021,node-0021,0,0,0
trace-003,mixed,0,3,no-alias-obligations,node-0021,node-0021,0,0,0
trace-003,mixed,0,3,top-one,node-0021,node-0021,0,0,0
trace-003,mixed,0,3,expiry-skyline,node-0021,node-0021,0,0,0
trace-003,mixed,0,4,direct,node-0021,node-0021,0,0,0
trace-003,mixed,0,4,verified,node-0021,node-0021,0,0,0
trace-003,mixed,0,4,full-compiled,node-0021,node-0021,0,0,0
trace-003,mixed,0,4,timestamp-only,node-0021,node-0021,0,0,0
trace-003,mixed,0,4,no-ancestor-expiry,node-0021,node-0021,0,0,0
trace-003,mixed,0,4,no-ancestor-revocation,node-0021,node-0021,0,0,0
trace-003,mixed,0,4,no-alias-obligations,node-0021,node-0021,0,0,0
trace-003,mixed,0,4,top-one,node-0021,node-0021,0,0,0
trace-003,mixed,0,4,expiry-skyline,node-0021,node-0021,0,0,0
trace-003,mixed,0,5,direct,node-0021,node-0021,0,0,0
trace-003,mixed,0,5,verified,node-0021,node-0021,0,0,0
trace-003,mixed,0,5,full-compiled,node-0021,node-0021,0,0,0
trace-003,mixed,0,5,timestamp-only,node-0021,node-0021,0,0,0
trace-003,mixed,0,5,no-ancestor-expiry,node-0021,node-0021,0,0,0
trace-003,mixed,0,5,no-ancestor-revocation,node-0021,node-0021,0,0,0
trace-003,mixed,0,5,no-alias-obligations,node-0021,node-0021,0,0,0
trace-003,mixed,0,5,top-one,node-0021,node-0021,0,0,0
trace-003,mixed,0,5,expiry-skyline,node-0021,node-0021,0,0,0
trace-003,mixed,0,6,direct,,,0,0,0
trace-003,mixed,0,6,verified,,,0,0,0
trace-003,mixed,0,6,full-compiled,,,0,0,0
trace-003,mixed,0,6,timestamp-only,,node-0021,1,1,1
trace-003,mixed,0,6,no-ancestor-expiry,,,0,0,0
trace-003,mixed,0,6,no-ancestor-revocation,,,0,0,0
trace-003,mixed,0,6,no-alias-obligations,,node-0021,1,1,1
trace-003,mixed,0,6,top-one,,,0,0,0
trace-003,mixed,0,6,expiry-skyline,,,0,0,0
trace-003,mixed,0,7,direct,,,0,0,0
trace-003,mixed,0,7,verified,,,0,0,0
trace-003,mixed,0,7,full-compiled,,,0,0,0
trace-003,mixed,0,7,timestamp-only,,,0,0,0
trace-003,mixed,0,7,no-ancestor-expiry,,,0,0,0
trace-003,mixed,0,7,no-ancestor-revocation,,,0,0,0
trace-003,mixed,0,7,no-alias-obligations,,,0,0,0
trace-003,mixed,0,7,top-one,,,0,0,0
trace-003,mixed,0,7,expiry-skyline,,,0,0,0
trace-003,mixed,0,8,direct,node-0021,node-0021,0,0,0
trace-003,mixed,0,8,verified,node-0021,node-0021,0,0,0
trace-003,mixed,0,8,full-compiled,node-0021,node-0021,0,0,0
trace-003,mixed,0,8,timestamp-only,node-0021,node-0021,0,0,0
trace-003,mixed,0,8,no-ancestor-expiry,node-0021,node-0021,0,0,0
trace-003,mixed,0,8,no-ancestor-revocation,node-0021,node-0021,0,0,0
trace-003,mixed,0,8,no-alias-obligations,node-0021,node-0021,0,0,0
trace-003,mixed,0,8,top-one,node-0021,node-0021,0,0,0
trace-003,mixed,0,8,expiry-skyline,node-0021,node-0021,0,0,0
trace-003,mixed,0,9,direct,node-0021,node-0021,0,0,0
trace-003,mixed,0,9,verified,node-0021,node-0021,0,0,0
trace-003,mixed,0,9,full-compiled,node-0021,node-0021,0,0,0
trace-003,mixed,0,9,timestamp-only,node-0021,node-0021,0,0,0
trace-003,mixed,0,9,no-ancestor-expiry,node-0021,node-0021,0,0,0
trace-003,mixed,0,9,no-ancestor-revocation,node-0021,node-0021,0,0,0
trace-003,mixed,0,9,no-alias-obligations,node-0021,node-0021,0,0,0
trace-003,mixed,0,9,top-one,node-0021,node-0021,0,0,0
trace-003,mixed,0,9,expiry-skyline,node-0021,node-0021,0,0,0
trace-003,mixed,0,10,direct,node-0000,node-0000,0,0,0
trace-003,mixed,0,10,verified,node-0000,node-0000,0,0,0
trace-003,mixed,0,10,full-compiled,node-0000,node-0000,0,0,0
trace-003,mixed,0,10,timestamp-only,node-0000,node-0006,1,1,1
trace-003,mixed,0,10,no-ancestor-expiry,node-0000,node-0000,0,0,0
trace-003,mixed,0,10,no-ancestor-revocation,node-0000,node-0000,0,0,0
trace-003,mixed,0,10,no-alias-obligations,node-0000,node-0006,1,1,1
trace-003,mixed,0,10,top-one,node-0000,,1,1,0
trace-003,mixed,0,10,expiry-skyline,node-0000,,1,1,0
trace-003,mixed,0,11,direct,,,0,0,0
trace-003,mixed,0,11,verified,,,0,0,0
trace-003,mixed,0,11,full-compiled,,,0,0,0
trace-003,mixed,0,11,timestamp-only,,node-0033,1,1,1
trace-003,mixed,0,11,no-ancestor-expiry,,,0,0,0
trace-003,mixed,0,11,no-ancestor-revocation,,,0,0,0
trace-003,mixed,0,11,no-alias-obligations,,node-0033,1,1,1
trace-003,mixed,0,11,top-one,,,0,0,0
trace-003,mixed,0,11,expiry-skyline,,,0,0,0
trace-003,mixed,1,0,direct,node-0042,node-0042,0,0,0
trace-003,mixed,1,0,verified,node-0042,node-0042,0,0,0
trace-003,mixed,1,0,full-compiled,node-0042,node-0042,0,0,0
trace-003,mixed,1,0,timestamp-only,node-0042,node-0042,0,0,0
trace-003,mixed,1,0,no-ancestor-expiry,node-0042,node-0042,0,0,0
trace-003,mixed,1,0,no-ancestor-revocation,node-0042,node-0042,0,0,0
trace-003,mixed,1,0,no-alias-obligations,node-0042,node-0042,0,0,0
trace-003,mixed,1,0,top-one,node-0042,node-0042,0,0,0
trace-003,mixed,1,0,expiry-skyline,node-0042,node-0042,0,0,0
trace-003,mixed,1,1,direct,node-0042,node-0042,0,0,0
trace-003,mixed,1,1,verified,node-0042,node-0042,0,0,0
trace-003,mixed,1,1,full-compiled,node-0042,node-0042,0,0,0
trace-003,mixed,1,1,timestamp-only,node-0042,node-0042,0,0,0
trace-003,mixed,1,1,no-ancestor-expiry,node-0042,node-0042,0,0,0
trace-003,mixed,1,1,no-ancestor-revocation,node-0042,node-0042,0,0,0
trace-003,mixed,1,1,no-alias-obligations,node-0042,node-0042,0,0,0
trace-003,mixed,1,1,top-one,node-0042,node-0042,0,0,0
trace-003,mixed,1,1,expiry-skyline,node-0042,node-0042,0,0,0
trace-003,mixed,1,2,direct,node-0063,node-0063,0,0,0
trace-003,mixed,1,2,verified,node-0063,node-0063,0,0,0
trace-003,mixed,1,2,full-compiled,node-0063,node-0063,0,0,0
trace-003,mixed,1,2,timestamp-only,node-0063,node-0063,0,0,0
trace-003,mixed,1,2,no-ancestor-expiry,node-0063,node-0063,0,0,0
trace-003,mixed,1,2,no-ancestor-revocation,node-0063,node-0063,0,0,0
trace-003,mixed,1,2,no-alias-obligations,node-0063,node-0063,0,0,0
trace-003,mixed,1,2,top-one,node-0063,,1,1,0
trace-003,mixed,1,2,expiry-skyline,node-0063,node-0015,1,0,0
trace-003,mixed,1,3,direct,node-0042,node-0042,0,0,0
trace-003,mixed,1,3,verified,node-0042,node-0042,0,0,0
trace-003,mixed,1,3,full-compiled,node-0042,node-0042,0,0,0
trace-003,mixed,1,3,timestamp-only,node-0042,node-0042,0,0,0
trace-003,mixed,1,3,no-ancestor-expiry,node-0042,node-0042,0,0,0
trace-003,mixed,1,3,no-ancestor-revocation,node-0042,node-0042,0,0,0
trace-003,mixed,1,3,no-alias-obligations,node-0042,node-0042,0,0,0
trace-003,mixed,1,3,top-one,node-0042,node-0042,0,0,0
trace-003,mixed,1,3,expiry-skyline,node-0042,node-0042,0,0,0
trace-003,mixed,1,4,direct,node-0042,node-0042,0,0,0
trace-003,mixed,1,4,verified,node-0042,node-0042,0,0,0
trace-003,mixed,1,4,full-compiled,node-0042,node-0042,0,0,0
trace-003,mixed,1,4,timestamp-only,node-0042,node-0042,0,0,0
trace-003,mixed,1,4,no-ancestor-expiry,node-0042,node-0042,0,0,0
trace-003,mixed,1,4,no-ancestor-revocation,node-0042,node-0042,0,0,0
trace-003,mixed,1,4,no-alias-obligations,node-0042,node-0042,0,0,0
trace-003,mixed,1,4,top-one,node-0042,node-0042,0,0,0
trace-003,mixed,1,4,expiry-skyline,node-0042,node-0042,0,0,0
trace-003,mixed,1,5,direct,node-0042,node-0042,0,0,0
trace-003,mixed,1,5,verified,node-0042,node-0042,0,0,0
trace-003,mixed,1,5,full-compiled,node-0042,node-0042,0,0,0
trace-003,mixed,1,5,timestamp-only,node-0042,node-0042,0,0,0
trace-003,mixed,1,5,no-ancestor-expiry,node-0042,node-0042,0,0,0
trace-003,mixed,1,5,no-ancestor-revocation,node-0042,node-0042,0,0,0
trace-003,mixed,1,5,no-alias-obligations,node-0042,node-0042,0,0,0
trace-003,mixed,1,5,top-one,node-0042,node-0042,0,0,0
trace-003,mixed,1,5,expiry-skyline,node-0042,node-0042,0,0,0
trace-003,mixed,1,6,direct,node-0015,node-0015,0,0,0
trace-003,mixed,1,6,verified,node-0015,node-0015,0,0,0
trace-003,mixed,1,6,full-compiled,node-0015,node-0015,0,0,0
trace-003,mixed,1,6,timestamp-only,node-0015,node-0061,1,0,1
trace-003,mixed,1,6,no-ancestor-expiry,node-0015,node-0015,0,0,0
trace-003,mixed,1,6,no-ancestor-revocation,node-0015,node-0015,0,0,0
trace-003,mixed,1,6,no-alias-obligations,node-0015,node-0061,1,0,1
trace-003,mixed,1,6,top-one,node-0015,,1,1,0
trace-003,mixed,1,6,expiry-skyline,node-0015,node-0015,0,0,0
trace-003,mixed,1,7,direct,,,0,0,0
trace-003,mixed,1,7,verified,,,0,0,0
trace-003,mixed,1,7,full-compiled,,,0,0,0
trace-003,mixed,1,7,timestamp-only,,,0,0,0
trace-003,mixed,1,7,no-ancestor-expiry,,,0,0,0
trace-003,mixed,1,7,no-ancestor-revocation,,,0,0,0
trace-003,mixed,1,7,no-alias-obligations,,,0,0,0
trace-003,mixed,1,7,top-one,,,0,0,0
trace-003,mixed,1,7,expiry-skyline,,,0,0,0
trace-003,mixed,1,8,direct,node-0042,node-0042,0,0,0
trace-003,mixed,1,8,verified,node-0042,node-0042,0,0,0
trace-003,mixed,1,8,full-compiled,node-0042,node-0042,0,0,0
trace-003,mixed,1,8,timestamp-only,node-0042,node-0042,0,0,0
trace-003,mixed,1,8,no-ancestor-expiry,node-0042,node-0042,0,0,0
trace-003,mixed,1,8,no-ancestor-revocation,node-0042,node-0042,0,0,0
trace-003,mixed,1,8,no-alias-obligations,node-0042,node-0042,0,0,0
trace-003,mixed,1,8,top-one,node-0042,node-0042,0,0,0
trace-003,mixed,1,8,expiry-skyline,node-0042,node-0042,0,0,0
trace-003,mixed,1,9,direct,node-0042,node-0042,0,0,0
trace-003,mixed,1,9,verified,node-0042,node-0042,0,0,0
trace-003,mixed,1,9,full-compiled,node-0042,node-0042,0,0,0
trace-003,mixed,1,9,timestamp-only,node-0042,node-0042,0,0,0
trace-003,mixed,1,9,no-ancestor-expiry,node-0042,node-0042,0,0,0
trace-003,mixed,1,9,no-ancestor-revocation,node-0042,node-0042,0,0,0
trace-003,mixed,1,9,no-alias-obligations,node-0042,node-0042,0,0,0
trace-003,mixed,1,9,top-one,node-0042,node-0042,0,0,0
trace-003,mixed,1,9,expiry-skyline,node-0042,node-0042,0,0,0
trace-003,mixed,1,10,direct,node-0063,node-0063,0,0,0
trace-003,mixed,1,10,verified,node-0063,node-0063,0,0,0
trace-003,mixed,1,10,full-compiled,node-0063,node-0063,0,0,0
trace-003,mixed,1,10,timestamp-only,node-0063,node-0063,0,0,0
trace-003,mixed,1,10,no-ancestor-expiry,node-0063,node-0063,0,0,0
trace-003,mixed,1,10,no-ancestor-revocation,node-0063,node-0063,0,0,0
trace-003,mixed,1,10,no-alias-obligations,node-0063,node-0063,0,0,0
trace-003,mixed,1,10,top-one,node-0063,,1,1,0
trace-003,mixed,1,10,expiry-skyline,node-0063,node-0015,1,0,0
trace-003,mixed,1,11,direct,node-0015,node-0015,0,0,0
trace-003,mixed,1,11,verified,node-0015,node-0015,0,0,0
trace-003,mixed,1,11,full-compiled,node-0015,node-0015,0,0,0
trace-003,mixed,1,11,timestamp-only,node-0015,node-0040,1,0,1
trace-003,mixed,1,11,no-ancestor-expiry,node-0015,node-0015,0,0,0
trace-003,mixed,1,11,no-ancestor-revocation,node-0015,node-0015,0,0,0
trace-003,mixed,1,11,no-alias-obligations,node-0015,node-0040,1,0,1
trace-003,mixed,1,11,top-one,node-0015,,1,1,0
trace-003,mixed,1,11,expiry-skyline,node-0015,node-0015,0,0,0
trace-004,mixed,0,0,direct,node-0053,node-0053,0,0,0
trace-004,mixed,0,0,verified,node-0053,node-0053,0,0,0
trace-004,mixed,0,0,full-compiled,node-0053,node-0053,0,0,0
trace-004,mixed,0,0,timestamp-only,node-0053,node-0053,0,0,0
trace-004,mixed,0,0,no-ancestor-expiry,node-0053,node-0053,0,0,0
trace-004,mixed,0,0,no-ancestor-revocation,node-0053,node-0053,0,0,0
trace-004,mixed,0,0,no-alias-obligations,node-0053,node-0053,0,0,0
trace-004,mixed,0,0,top-one,node-0053,node-0053,0,0,0
trace-004,mixed,0,0,expiry-skyline,node-0053,node-0053,0,0,0
trace-004,mixed,0,1,direct,node-0007,node-0007,0,0,0
trace-004,mixed,0,1,verified,node-0007,node-0007,0,0,0
trace-004,mixed,0,1,full-compiled,node-0007,node-0007,0,0,0
trace-004,mixed,0,1,timestamp-only,node-0007,node-0053,1,1,1
trace-004,mixed,0,1,no-ancestor-expiry,node-0007,node-0007,0,0,0
trace-004,mixed,0,1,no-ancestor-revocation,node-0007,node-0053,1,1,1
trace-004,mixed,0,1,no-alias-obligations,node-0007,node-0007,0,0,0
trace-004,mixed,0,1,top-one,node-0007,,1,1,0
trace-004,mixed,0,1,expiry-skyline,node-0007,node-0007,0,0,0
trace-004,mixed,0,2,direct,node-0016,node-0016,0,0,0
trace-004,mixed,0,2,verified,node-0016,node-0016,0,0,0
trace-004,mixed,0,2,full-compiled,node-0016,node-0016,0,0,0
trace-004,mixed,0,2,timestamp-only,node-0016,node-0001,1,1,1
trace-004,mixed,0,2,no-ancestor-expiry,node-0016,node-0016,0,0,0
trace-004,mixed,0,2,no-ancestor-revocation,node-0016,node-0016,0,0,0
trace-004,mixed,0,2,no-alias-obligations,node-0016,node-0001,1,1,1
trace-004,mixed,0,2,top-one,node-0016,,1,1,0
trace-004,mixed,0,2,expiry-skyline,node-0016,,1,1,0
trace-004,mixed,0,3,direct,node-0007,node-0007,0,0,0
trace-004,mixed,0,3,verified,node-0007,node-0007,0,0,0
trace-004,mixed,0,3,full-compiled,node-0007,node-0007,0,0,0
trace-004,mixed,0,3,timestamp-only,node-0007,node-0053,1,1,1
trace-004,mixed,0,3,no-ancestor-expiry,node-0007,node-0007,0,0,0
trace-004,mixed,0,3,no-ancestor-revocation,node-0007,node-0007,0,0,0
trace-004,mixed,0,3,no-alias-obligations,node-0007,node-0007,0,0,0
trace-004,mixed,0,3,top-one,node-0007,,1,1,0
trace-004,mixed,0,3,expiry-skyline,node-0007,node-0007,0,0,0
trace-004,mixed,0,4,direct,node-0051,node-0051,0,0,0
trace-004,mixed,0,4,verified,node-0051,node-0051,0,0,0
trace-004,mixed,0,4,full-compiled,node-0051,node-0051,0,0,0
trace-004,mixed,0,4,timestamp-only,node-0051,node-0051,0,0,0
trace-004,mixed,0,4,no-ancestor-expiry,node-0051,node-0051,0,0,0
trace-004,mixed,0,4,no-ancestor-revocation,node-0051,node-0051,0,0,0
trace-004,mixed,0,4,no-alias-obligations,node-0051,node-0051,0,0,0
trace-004,mixed,0,4,top-one,node-0051,,1,1,0
trace-004,mixed,0,4,expiry-skyline,node-0051,node-0051,0,0,0
trace-004,mixed,0,5,direct,node-0004,node-0004,0,0,0
trace-004,mixed,0,5,verified,node-0004,node-0004,0,0,0
trace-004,mixed,0,5,full-compiled,node-0004,node-0004,0,0,0
trace-004,mixed,0,5,timestamp-only,node-0004,node-0054,1,1,1
trace-004,mixed,0,5,no-ancestor-expiry,node-0004,node-0004,0,0,0
trace-004,mixed,0,5,no-ancestor-revocation,node-0004,node-0004,0,0,0
trace-004,mixed,0,5,no-alias-obligations,node-0004,node-0054,1,1,1
trace-004,mixed,0,5,top-one,node-0004,,1,1,0
trace-004,mixed,0,5,expiry-skyline,node-0004,node-0004,0,0,0
trace-004,mixed,0,6,direct,,,0,0,0
trace-004,mixed,0,6,verified,,,0,0,0
trace-004,mixed,0,6,full-compiled,,,0,0,0
trace-004,mixed,0,6,timestamp-only,,node-0001,1,1,1
trace-004,mixed,0,6,no-ancestor-expiry,,,0,0,0
trace-004,mixed,0,6,no-ancestor-revocation,,,0,0,0
trace-004,mixed,0,6,no-alias-obligations,,node-0001,1,1,1
trace-004,mixed,0,6,top-one,,,0,0,0
trace-004,mixed,0,6,expiry-skyline,,,0,0,0
trace-004,mixed,0,7,direct,,,0,0,0
trace-004,mixed,0,7,verified,,,0,0,0
trace-004,mixed,0,7,full-compiled,,,0,0,0
trace-004,mixed,0,7,timestamp-only,,,0,0,0
trace-004,mixed,0,7,no-ancestor-expiry,,,0,0,0
trace-004,mixed,0,7,no-ancestor-revocation,,,0,0,0
trace-004,mixed,0,7,no-alias-obligations,,,0,0,0
trace-004,mixed,0,7,top-one,,,0,0,0
trace-004,mixed,0,7,expiry-skyline,,,0,0,0
trace-004,mixed,0,8,direct,node-0007,node-0007,0,0,0
trace-004,mixed,0,8,verified,node-0007,node-0007,0,0,0
trace-004,mixed,0,8,full-compiled,node-0007,node-0007,0,0,0
trace-004,mixed,0,8,timestamp-only,node-0007,node-0053,1,1,1
trace-004,mixed,0,8,no-ancestor-expiry,node-0007,node-0007,0,0,0
trace-004,mixed,0,8,no-ancestor-revocation,node-0007,node-0053,1,1,1
trace-004,mixed,0,8,no-alias-obligations,node-0007,node-0007,0,0,0
trace-004,mixed,0,8,top-one,node-0007,,1,1,0
trace-004,mixed,0,8,expiry-skyline,node-0007,node-0007,0,0,0
trace-004,mixed,0,9,direct,node-0016,node-0016,0,0,0
trace-004,mixed,0,9,verified,node-0016,node-0016,0,0,0
trace-004,mixed,0,9,full-compiled,node-0016,node-0016,0,0,0
trace-004,mixed,0,9,timestamp-only,node-0016,node-0001,1,1,1
trace-004,mixed,0,9,no-ancestor-expiry,node-0016,node-0016,0,0,0
trace-004,mixed,0,9,no-ancestor-revocation,node-0016,node-0016,0,0,0
trace-004,mixed,0,9,no-alias-obligations,node-0016,node-0001,1,1,1
trace-004,mixed,0,9,top-one,node-0016,,1,1,0
trace-004,mixed,0,9,expiry-skyline,node-0016,,1,1,0
trace-004,mixed,0,10,direct,node-0007,node-0007,0,0,0
trace-004,mixed,0,10,verified,node-0007,node-0007,0,0,0
trace-004,mixed,0,10,full-compiled,node-0007,node-0007,0,0,0
trace-004,mixed,0,10,timestamp-only,node-0007,node-0007,0,0,0
trace-004,mixed,0,10,no-ancestor-expiry,node-0007,node-0007,0,0,0
trace-004,mixed,0,10,no-ancestor-revocation,node-0007,node-0007,0,0,0
trace-004,mixed,0,10,no-alias-obligations,node-0007,node-0007,0,0,0
trace-004,mixed,0,10,top-one,node-0007,,1,1,0
trace-004,mixed,0,10,expiry-skyline,node-0007,node-0007,0,0,0
trace-004,mixed,0,11,direct,,,0,0,0
trace-004,mixed,0,11,verified,,,0,0,0
trace-004,mixed,0,11,full-compiled,,,0,0,0
trace-004,mixed,0,11,timestamp-only,,node-0001,1,1,1
trace-004,mixed,0,11,no-ancestor-expiry,,,0,0,0
trace-004,mixed,0,11,no-ancestor-revocation,,,0,0,0
trace-004,mixed,0,11,no-alias-obligations,,node-0001,1,1,1
trace-004,mixed,0,11,top-one,,,0,0,0
trace-004,mixed,0,11,expiry-skyline,,,0,0,0
trace-004,mixed,1,0,direct,node-0011,node-0011,0,0,0
trace-004,mixed,1,0,verified,node-0011,node-0011,0,0,0
trace-004,mixed,1,0,full-compiled,node-0011,node-0011,0,0,0
trace-004,mixed,1,0,timestamp-only,node-0011,node-0011,0,0,0
trace-004,mixed,1,0,no-ancestor-expiry,node-0011,node-0011,0,0,0
trace-004,mixed,1,0,no-ancestor-revocation,node-0011,node-0011,0,0,0
trace-004,mixed,1,0,no-alias-obligations,node-0011,node-0011,0,0,0
trace-004,mixed,1,0,top-one,node-0011,node-0011,0,0,0
trace-004,mixed,1,0,expiry-skyline,node-0011,node-0011,0,0,0
trace-004,mixed,1,1,direct,node-0060,node-0060,0,0,0
trace-004,mixed,1,1,verified,node-0060,node-0060,0,0,0
trace-004,mixed,1,1,full-compiled,node-0060,node-0060,0,0,0
trace-004,mixed,1,1,timestamp-only,node-0060,node-0011,1,1,1
trace-004,mixed,1,1,no-ancestor-expiry,node-0060,node-0060,0,0,0
trace-004,mixed,1,1,no-ancestor-revocation,node-0060,node-0060,0,0,0
trace-004,mixed,1,1,no-alias-obligations,node-0060,node-0011,1,1,1
trace-004,mixed,1,1,top-one,node-0060,,1,1,0
trace-004,mixed,1,1,expiry-skyline,node-0060,node-0031,1,1,0
trace-004,mixed,1,2,direct,node-0031,node-0031,0,0,0
trace-004,mixed,1,2,verified,node-0031,node-0031,0,0,0
trace-004,mixed,1,2,full-compiled,node-0031,node-0031,0,0,0
trace-004,mixed,1,2,timestamp-only,node-0031,node-0046,1,1,1
trace-004,mixed,1,2,no-ancestor-expiry,node-0031,node-0031,0,0,0
trace-004,mixed,1,2,no-ancestor-revocation,node-0031,node-0031,0,0,0
trace-004,mixed,1,2,no-alias-obligations,node-0031,node-0046,1,1,1
trace-004,mixed,1,2,top-one,node-0031,,1,1,0
trace-004,mixed,1,2,expiry-skyline,node-0031,node-0031,0,0,0
trace-004,mixed,1,3,direct,node-0060,node-0060,0,0,0
trace-004,mixed,1,3,verified,node-0060,node-0060,0,0,0
trace-004,mixed,1,3,full-compiled,node-0060,node-0060,0,0,0
trace-004,mixed,1,3,timestamp-only,node-0060,node-0011,1,1,1
trace-004,mixed,1,3,no-ancestor-expiry,node-0060,node-0060,0,0,0
trace-004,mixed,1,3,no-ancestor-revocation,node-0060,node-0060,0,0,0
trace-004,mixed,1,3,no-alias-obligations,node-0060,node-0011,1,1,1
trace-004,mixed,1,3,top-one,node-0060,,1,1,0
trace-004,mixed,1,3,expiry-skyline,node-0060,node-0031,1,1,0
trace-004,mixed,1,4,direct,node-0011,node-0011,0,0,0
trace-004,mixed,1,4,verified,node-0011,node-0011,0,0,0
trace-004,mixed,1,4,full-compiled,node-0011,node-0011,0,0,0
trace-004,mixed,1,4,timestamp-only,node-0011,node-0011,0,0,0
trace-004,mixed,1,4,no-ancestor-expiry,node-0011,node-0011,0,0,0
trace-004,mixed,1,4,no-ancestor-revocation,node-0011,node-0011,0,0,0
trace-004,mixed,1,4,no-alias-obligations,node-0011,node-0011,0,0,0
trace-004,mixed,1,4,top-one,node-0011,node-0011,0,0,0
trace-004,mixed,1,4,expiry-skyline,node-0011,node-0011,0,0,0
trace-004,mixed,1,5,direct,node-0011,node-0011,0,0,0
trace-004,mixed,1,5,verified,node-0011,node-0011,0,0,0
trace-004,mixed,1,5,full-compiled,node-0011,node-0011,0,0,0
trace-004,mixed,1,5,timestamp-only,node-0011,node-0011,0,0,0
trace-004,mixed,1,5,no-ancestor-expiry,node-0011,node-0011,0,0,0
trace-004,mixed,1,5,no-ancestor-revocation,node-0011,node-0011,0,0,0
trace-004,mixed,1,5,no-alias-obligations,node-0011,node-0011,0,0,0
trace-004,mixed,1,5,top-one,node-0011,node-0011,0,0,0
trace-004,mixed,1,5,expiry-skyline,node-0011,node-0011,0,0,0
trace-004,mixed,1,6,direct,node-0031,node-0031,0,0,0
trace-004,mixed,1,6,verified,node-0031,node-0031,0,0,0
trace-004,mixed,1,6,full-compiled,node-0031,node-0031,0,0,0
trace-004,mixed,1,6,timestamp-only,node-0031,node-0031,0,0,0
trace-004,mixed,1,6,no-ancestor-expiry,node-0031,node-0031,0,0,0
trace-004,mixed,1,6,no-ancestor-revocation,node-0031,node-0031,0,0,0
trace-004,mixed,1,6,no-alias-obligations,node-0031,node-0031,0,0,0
trace-004,mixed,1,6,top-one,node-0031,,1,1,0
trace-004,mixed,1,6,expiry-skyline,node-0031,node-0031,0,0,0
trace-004,mixed,1,7,direct,,,0,0,0
trace-004,mixed,1,7,verified,,,0,0,0
trace-004,mixed,1,7,full-compiled,,,0,0,0
trace-004,mixed,1,7,timestamp-only,,,0,0,0
trace-004,mixed,1,7,no-ancestor-expiry,,,0,0,0
trace-004,mixed,1,7,no-ancestor-revocation,,,0,0,0
trace-004,mixed,1,7,no-alias-obligations,,,0,0,0
trace-004,mixed,1,7,top-one,,,0,0,0
trace-004,mixed,1,7,expiry-skyline,,,0,0,0
trace-004,mixed,1,8,direct,node-0060,node-0060,0,0,0
trace-004,mixed,1,8,verified,node-0060,node-0060,0,0,0
trace-004,mixed,1,8,full-compiled,node-0060,node-0060,0,0,0
trace-004,mixed,1,8,timestamp-only,node-0060,node-0011,1,1,1
trace-004,mixed,1,8,no-ancestor-expiry,node-0060,node-0060,0,0,0
trace-004,mixed,1,8,no-ancestor-revocation,node-0060,node-0060,0,0,0
trace-004,mixed,1,8,no-alias-obligations,node-0060,node-0011,1,1,1
trace-004,mixed,1,8,top-one,node-0060,,1,1,0
trace-004,mixed,1,8,expiry-skyline,node-0060,node-0031,1,1,0
trace-004,mixed,1,9,direct,node-0031,node-0031,0,0,0
trace-004,mixed,1,9,verified,node-0031,node-0031,0,0,0
trace-004,mixed,1,9,full-compiled,node-0031,node-0031,0,0,0
trace-004,mixed,1,9,timestamp-only,node-0031,node-0046,1,1,1
trace-004,mixed,1,9,no-ancestor-expiry,node-0031,node-0031,0,0,0
trace-004,mixed,1,9,no-ancestor-revocation,node-0031,node-0031,0,0,0
trace-004,mixed,1,9,no-alias-obligations,node-0031,node-0046,1,1,1
trace-004,mixed,1,9,top-one,node-0031,,1,1,0
trace-004,mixed,1,9,expiry-skyline,node-0031,node-0031,0,0,0
trace-004,mixed,1,10,direct,node-0060,node-0060,0,0,0
trace-004,mixed,1,10,verified,node-0060,node-0060,0,0,0
trace-004,mixed,1,10,full-compiled,node-0060,node-0060,0,0,0
trace-004,mixed,1,10,timestamp-only,node-0060,node-0011,1,1,1
trace-004,mixed,1,10,no-ancestor-expiry,node-0060,node-0060,0,0,0
trace-004,mixed,1,10,no-ancestor-revocation,node-0060,node-0060,0,0,0
trace-004,mixed,1,10,no-alias-obligations,node-0060,node-0011,1,1,1
trace-004,mixed,1,10,top-one,node-0060,,1,1,0
trace-004,mixed,1,10,expiry-skyline,node-0060,node-0031,1,1,0
trace-004,mixed,1,11,direct,node-0031,node-0031,0,0,0
trace-004,mixed,1,11,verified,node-0031,node-0031,0,0,0
trace-004,mixed,1,11,full-compiled,node-0031,node-0031,0,0,0
trace-004,mixed,1,11,timestamp-only,node-0031,node-0031,0,0,0
trace-004,mixed,1,11,no-ancestor-expiry,node-0031,node-0031,0,0,0
trace-004,mixed,1,11,no-ancestor-revocation,node-0031,node-0031,0,0,0
trace-004,mixed,1,11,no-alias-obligations,node-0031,node-0031,0,0,0
trace-004,mixed,1,11,top-one,node-0031,,1,1,0
trace-004,mixed,1,11,expiry-skyline,node-0031,node-0031,0,0,0
trace-005,mixed,0,0,direct,node-0019,node-0019,0,0,0
trace-005,mixed,0,0,verified,node-0019,node-0019,0,0,0
trace-005,mixed,0,0,full-compiled,node-0019,node-0019,0,0,0
trace-005,mixed,0,0,timestamp-only,node-0019,node-0019,0,0,0
trace-005,mixed,0,0,no-ancestor-expiry,node-0019,node-0019,0,0,0
trace-005,mixed,0,0,no-ancestor-revocation,node-0019,node-0019,0,0,0
trace-005,mixed,0,0,no-alias-obligations,node-0019,node-0019,0,0,0
trace-005,mixed,0,0,top-one,node-0019,node-0019,0,0,0
trace-005,mixed,0,0,expiry-skyline,node-0019,node-0019,0,0,0
trace-005,mixed,0,1,direct,node-0019,node-0019,0,0,0
trace-005,mixed,0,1,verified,node-0019,node-0019,0,0,0
trace-005,mixed,0,1,full-compiled,node-0019,node-0019,0,0,0
trace-005,mixed,0,1,timestamp-only,node-0019,node-0019,0,0,0
trace-005,mixed,0,1,no-ancestor-expiry,node-0019,node-0019,0,0,0
trace-005,mixed,0,1,no-ancestor-revocation,node-0019,node-0019,0,0,0
trace-005,mixed,0,1,no-alias-obligations,node-0019,node-0019,0,0,0
trace-005,mixed,0,1,top-one,node-0019,node-0019,0,0,0
trace-005,mixed,0,1,expiry-skyline,node-0019,node-0019,0,0,0
trace-005,mixed,0,2,direct,node-0032,node-0032,0,0,0
trace-005,mixed,0,2,verified,node-0032,node-0032,0,0,0
trace-005,mixed,0,2,full-compiled,node-0032,node-0032,0,0,0
trace-005,mixed,0,2,timestamp-only,node-0032,node-0049,1,0,1
trace-005,mixed,0,2,no-ancestor-expiry,node-0032,node-0032,0,0,0
trace-005,mixed,0,2,no-ancestor-revocation,node-0032,node-0032,0,0,0
trace-005,mixed,0,2,no-alias-obligations,node-0032,node-0049,1,0,1
trace-005,mixed,0,2,top-one,node-0032,,1,1,0
trace-005,mixed,0,2,expiry-skyline,node-0032,,1,1,0
trace-005,mixed,0,3,direct,node-0007,node-0007,0,0,0
trace-005,mixed,0,3,verified,node-0007,node-0007,0,0,0
trace-005,mixed,0,3,full-compiled,node-0007,node-0007,0,0,0
trace-005,mixed,0,3,timestamp-only,node-0007,node-0019,1,1,1
trace-005,mixed,0,3,no-ancestor-expiry,node-0007,node-0007,0,0,0
trace-005,mixed,0,3,no-ancestor-revocation,node-0007,node-0019,1,1,1
trace-005,mixed,0,3,no-alias-obligations,node-0007,node-0007,0,0,0
trace-005,mixed,0,3,top-one,node-0007,,1,1,0
trace-005,mixed,0,3,expiry-skyline,node-0007,node-0054,1,1,0
trace-005,mixed,0,4,direct,node-0019,node-0019,0,0,0
trace-005,mixed,0,4,verified,node-0019,node-0019,0,0,0
trace-005,mixed,0,4,full-compiled,node-0019,node-0019,0,0,0
trace-005,mixed,0,4,timestamp-only,node-0019,node-0019,0,0,0
trace-005,mixed,0,4,no-ancestor-expiry,node-0019,node-0019,0,0,0
trace-005,mixed,0,4,no-ancestor-revocation,node-0019,node-0019,0,0,0
trace-005,mixed,0,4,no-alias-obligations,node-0019,node-0019,0,0,0
trace-005,mixed,0,4,top-one,node-0019,node-0019,0,0,0
trace-005,mixed,0,4,expiry-skyline,node-0019,node-0019,0,0,0
trace-005,mixed,0,5,direct,node-0019,node-0019,0,0,0
trace-005,mixed,0,5,verified,node-0019,node-0019,0,0,0
trace-005,mixed,0,5,full-compiled,node-0019,node-0019,0,0,0
trace-005,mixed,0,5,timestamp-only,node-0019,node-0019,0,0,0
trace-005,mixed,0,5,no-ancestor-expiry,node-0019,node-0019,0,0,0
trace-005,mixed,0,5,no-ancestor-revocation,node-0019,node-0019,0,0,0
trace-005,mixed,0,5,no-alias-obligations,node-0019,node-0019,0,0,0
trace-005,mixed,0,5,top-one,node-0019,node-0019,0,0,0
trace-005,mixed,0,5,expiry-skyline,node-0019,node-0019,0,0,0
trace-005,mixed,0,6,direct,node-0002,node-0002,0,0,0
trace-005,mixed,0,6,verified,node-0002,node-0002,0,0,0
trace-005,mixed,0,6,full-compiled,node-0002,node-0002,0,0,0
trace-005,mixed,0,6,timestamp-only,node-0002,node-0002,0,0,0
trace-005,mixed,0,6,no-ancestor-expiry,node-0002,node-0002,0,0,0
trace-005,mixed,0,6,no-ancestor-revocation,node-0002,node-0002,0,0,0
trace-005,mixed,0,6,no-alias-obligations,node-0002,node-0002,0,0,0
trace-005,mixed,0,6,top-one,node-0002,,1,1,0
trace-005,mixed,0,6,expiry-skyline,node-0002,node-0002,0,0,0
trace-005,mixed,0,7,direct,,,0,0,0
trace-005,mixed,0,7,verified,,,0,0,0
trace-005,mixed,0,7,full-compiled,,,0,0,0
trace-005,mixed,0,7,timestamp-only,,,0,0,0
trace-005,mixed,0,7,no-ancestor-expiry,,,0,0,0
trace-005,mixed,0,7,no-ancestor-revocation,,,0,0,0
trace-005,mixed,0,7,no-alias-obligations,,,0,0,0
trace-005,mixed,0,7,top-one,,,0,0,0
trace-005,mixed,0,7,expiry-skyline,,,0,0,0
trace-005,mixed,0,8,direct,node-0019,node-0019,0,0,0
trace-005,mixed,0,8,verified,node-0019,node-0019,0,0,0
trace-005,mixed,0,8,full-compiled,node-0019,node-0019,0,0,0
trace-005,mixed,0,8,timestamp-only,node-0019,node-0019,0,0,0
trace-005,mixed,0,8,no-ancestor-expiry,node-0019,node-0019,0,0,0
trace-005,mixed,0,8,no-ancestor-revocation,node-0019,node-0019,0,0,0
trace-005,mixed,0,8,no-alias-obligations,node-0019,node-0019,0,0,0
trace-005,mixed,0,8,top-one,node-0019,node-0019,0,0,0
trace-005,mixed,0,8,expiry-skyline,node-0019,node-0019,0,0,0
trace-005,mixed,0,9,direct,,,0,0,0
trace-005,mixed,0,9,verified,,,0,0,0
trace-005,mixed,0,9,full-compiled,,,0,0,0
trace-005,mixed,0,9,timestamp-only,,node-0035,1,1,1
trace-005,mixed,0,9,no-ancestor-expiry,,,0,0,0
trace-005,mixed,0,9,no-ancestor-revocation,,,0,0,0
trace-005,mixed,0,9,no-alias-obligations,,node-0003,1,1,1
trace-005,mixed,0,9,top-one,,,0,0,0
trace-005,mixed,0,9,expiry-skyline,,,0,0,0
trace-005,mixed,0,10,direct,node-0019,node-0019,0,0,0
trace-005,mixed,0,10,verified,node-0019,node-0019,0,0,0
trace-005,mixed,0,10,full-compiled,node-0019,node-0019,0,0,0
trace-005,mixed,0,10,timestamp-only,node-0019,node-0019,0,0,0
trace-005,mixed,0,10,no-ancestor-expiry,node-0019,node-0019,0,0,0
trace-005,mixed,0,10,no-ancestor-revocation,node-0019,node-0019,0,0,0
trace-005,mixed,0,10,no-alias-obligations,node-0019,node-0019,0,0,0
trace-005,mixed,0,10,top-one,node-0019,node-0019,0,0,0
trace-005,mixed,0,10,expiry-skyline,node-0019,node-0019,0,0,0
trace-005,mixed,0,11,direct,node-0032,node-0032,0,0,0
trace-005,mixed,0,11,verified,node-0032,node-0032,0,0,0
trace-005,mixed,0,11,full-compiled,node-0032,node-0032,0,0,0
trace-005,mixed,0,11,timestamp-only,node-0032,node-0049,1,0,1
trace-005,mixed,0,11,no-ancestor-expiry,node-0032,node-0032,0,0,0
trace-005,mixed,0,11,no-ancestor-revocation,node-0032,node-0032,0,0,0
trace-005,mixed,0,11,no-alias-obligations,node-0032,node-0049,1,0,1
trace-005,mixed,0,11,top-one,node-0032,,1,1,0
trace-005,mixed,0,11,expiry-skyline,node-0032,,1,1,0
trace-005,mixed,1,0,direct,node-0060,node-0060,0,0,0
trace-005,mixed,1,0,verified,node-0060,node-0060,0,0,0
trace-005,mixed,1,0,full-compiled,node-0060,node-0060,0,0,0
trace-005,mixed,1,0,timestamp-only,node-0060,node-0060,0,0,0
trace-005,mixed,1,0,no-ancestor-expiry,node-0060,node-0060,0,0,0
trace-005,mixed,1,0,no-ancestor-revocation,node-0060,node-0060,0,0,0
trace-005,mixed,1,0,no-alias-obligations,node-0060,node-0060,0,0,0
trace-005,mixed,1,0,top-one,node-0060,node-0060,0,0,0
trace-005,mixed,1,0,expiry-skyline,node-0060,node-0060,0,0,0
trace-005,mixed,1,1,direct,node-0060,node-0060,0,0,0
trace-005,mixed,1,1,verified,node-0060,node-0060,0,0,0
trace-005,mixed,1,1,full-compiled,node-0060,node-0060,0,0,0
trace-005,mixed,1,1,timestamp-only,node-0060,node-0060,0,0,0
trace-005,mixed,1,1,no-ancestor-expiry,node-0060,node-0060,0,0,0
trace-005,mixed,1,1,no-ancestor-revocation,node-0060,node-0060,0,0,0
trace-005,mixed,1,1,no-alias-obligations,node-0060,node-0060,0,0,0
trace-005,mixed,1,1,top-one,node-0060,node-0060,0,0,0
trace-005,mixed,1,1,expiry-skyline,node-0060,node-0060,0,0,0
trace-005,mixed,1,2,direct,node-0015,node-0015,0,0,0
trace-005,mixed,1,2,verified,node-0015,node-0015,0,0,0
trace-005,mixed,1,2,full-compiled,node-0015,node-0015,0,0,0
trace-005,mixed,1,2,timestamp-only,node-0015,node-0010,1,1,1
trace-005,mixed,1,2,no-ancestor-expiry,node-0015,node-0015,0,0,0
trace-005,mixed,1,2,no-ancestor-revocation,node-0015,node-0063,1,1,1
trace-005,mixed,1,2,no-alias-obligations,node-0015,node-0010,1,1,1
trace-005,mixed,1,2,top-one,node-0015,,1,1,0
trace-005,mixed,1,2,expiry-skyline,node-0015,node-0015,0,0,0
trace-005,mixed,1,3,direct,node-0060,node-0060,0,0,0
trace-005,mixed,1,3,verified,node-0060,node-0060,0,0,0
trace-005,mixed,1,3,full-compiled,node-0060,node-0060,0,0,0
trace-005,mixed,1,3,timestamp-only,node-0060,node-0060,0,0,0
trace-005,mixed,1,3,no-ancestor-expiry,node-0060,node-0060,0,0,0
trace-005,mixed,1,3,no-ancestor-revocation,node-0060,node-0060,0,0,0
trace-005,mixed,1,3,no-alias-obligations,node-0060,node-0060,0,0,0
trace-005,mixed,1,3,top-one,node-0060,node-0060,0,0,0
trace-005,mixed,1,3,expiry-skyline,node-0060,node-0060,0,0,0
trace-005,mixed,1,4,direct,node-0060,node-0060,0,0,0
trace-005,mixed,1,4,verified,node-0060,node-0060,0,0,0
trace-005,mixed,1,4,full-compiled,node-0060,node-0060,0,0,0
trace-005,mixed,1,4,timestamp-only,node-0060,node-0060,0,0,0
trace-005,mixed,1,4,no-ancestor-expiry,node-0060,node-0060,0,0,0
trace-005,mixed,1,4,no-ancestor-revocation,node-0060,node-0060,0,0,0
trace-005,mixed,1,4,no-alias-obligations,node-0060,node-0060,0,0,0
trace-005,mixed,1,4,top-one,node-0060,node-0060,0,0,0
trace-005,mixed,1,4,expiry-skyline,node-0060,node-0060,0,0,0
trace-005,mixed,1,5,direct,node-0060,node-0060,0,0,0
trace-005,mixed,1,5,verified,node-0060,node-0060,0,0,0
trace-005,mixed,1,5,full-compiled,node-0060,node-0060,0,0,0
trace-005,mixed,1,5,timestamp-only,node-0060,node-0060,0,0,0
trace-005,mixed,1,5,no-ancestor-expiry,node-0060,node-0060,0,0,0
trace-005,mixed,1,5,no-ancestor-revocation,node-0060,node-0060,0,0,0
trace-005,mixed,1,5,no-alias-obligations,node-0060,node-0060,0,0,0
trace-005,mixed,1,5,top-one,node-0060,node-0060,0,0,0
trace-005,mixed,1,5,expiry-skyline,node-0060,node-0060,0,0,0
trace-005,mixed,1,6,direct,,,0,0,0
trace-005,mixed,1,6,verified,,,0,0,0
trace-005,mixed,1,6,full-compiled,,,0,0,0
trace-005,mixed,1,6,timestamp-only,,node-0063,1,1,1
trace-005,mixed,1,6,no-ancestor-expiry,,node-0063,1,1,1
trace-005,mixed,1,6,no-ancestor-revocation,,,0,0,0
trace-005,mixed,1,6,no-alias-obligations,,,0,0,0
trace-005,mixed,1,6,top-one,,,0,0,0
trace-005,mixed,1,6,expiry-skyline,,,0,0,0
trace-005,mixed,1,7,direct,,,0,0,0
trace-005,mixed,1,7,verified,,,0,0,0
trace-005,mixed,1,7,full-compiled,,,0,0,0
trace-005,mixed,1,7,timestamp-only,,,0,0,0
trace-005,mixed,1,7,no-ancestor-expiry,,,0,0,0
trace-005,mixed,1,7,no-ancestor-revocation,,,0,0,0
trace-005,mixed,1,7,no-alias-obligations,,,0,0,0
trace-005,mixed,1,7,top-one,,,0,0,0
trace-005,mixed,1,7,expiry-skyline,,,0,0,0
trace-005,mixed,1,8,direct,node-0060,node-0060,0,0,0
trace-005,mixed,1,8,verified,node-0060,node-0060,0,0,0
trace-005,mixed,1,8,full-compiled,node-0060,node-0060,0,0,0
trace-005,mixed,1,8,timestamp-only,node-0060,node-0060,0,0,0
trace-005,mixed,1,8,no-ancestor-expiry,node-0060,node-0060,0,0,0
trace-005,mixed,1,8,no-ancestor-revocation,node-0060,node-0060,0,0,0
trace-005,mixed,1,8,no-alias-obligations,node-0060,node-0060,0,0,0
trace-005,mixed,1,8,top-one,node-0060,node-0060,0,0,0
trace-005,mixed,1,8,expiry-skyline,node-0060,node-0060,0,0,0
trace-005,mixed,1,9,direct,node-0015,node-0015,0,0,0
trace-005,mixed,1,9,verified,node-0015,node-0015,0,0,0
trace-005,mixed,1,9,full-compiled,node-0015,node-0015,0,0,0
trace-005,mixed,1,9,timestamp-only,node-0015,node-0024,1,1,1
trace-005,mixed,1,9,no-ancestor-expiry,node-0015,node-0015,0,0,0
trace-005,mixed,1,9,no-ancestor-revocation,node-0015,node-0015,0,0,0
trace-005,mixed,1,9,no-alias-obligations,node-0015,node-0024,1,1,1
trace-005,mixed,1,9,top-one,node-0015,,1,1,0
trace-005,mixed,1,9,expiry-skyline,node-0015,node-0015,0,0,0
trace-005,mixed,1,10,direct,node-0060,node-0060,0,0,0
trace-005,mixed,1,10,verified,node-0060,node-0060,0,0,0
trace-005,mixed,1,10,full-compiled,node-0060,node-0060,0,0,0
trace-005,mixed,1,10,timestamp-only,node-0060,node-0060,0,0,0
trace-005,mixed,1,10,no-ancestor-expiry,node-0060,node-0060,0,0,0
trace-005,mixed,1,10,no-ancestor-revocation,node-0060,node-0060,0,0,0
trace-005,mixed,1,10,no-alias-obligations,node-0060,node-0060,0,0,0
trace-005,mixed,1,10,top-one,node-0060,node-0060,0,0,0
trace-005,mixed,1,10,expiry-skyline,node-0060,node-0060,0,0,0
trace-005,mixed,1,11,direct,,,0,0,0
trace-005,mixed,1,11,verified,,,0,0,0
trace-005,mixed,1,11,full-compiled,,,0,0,0
trace-005,mixed,1,11,timestamp-only,,node-0063,1,1,1
trace-005,mixed,1,11,no-ancestor-expiry,,,0,0,0
trace-005,mixed,1,11,no-ancestor-revocation,,,0,0,0
trace-005,mixed,1,11,no-alias-obligations,,node-0057,1,1,1
trace-005,mixed,1,11,top-one,,,0,0,0
trace-005,mixed,1,11,expiry-skyline,,,0,0,0
trace-006,mixed,0,0,direct,node-0019,node-0019,0,0,0
trace-006,mixed,0,0,verified,node-0019,node-0019,0,0,0
trace-006,mixed,0,0,full-compiled,node-0019,node-0019,0,0,0
trace-006,mixed,0,0,timestamp-only,node-0019,node-0019,0,0,0
trace-006,mixed,0,0,no-ancestor-expiry,node-0019,node-0019,0,0,0
trace-006,mixed,0,0,no-ancestor-revocation,node-0019,node-0019,0,0,0
trace-006,mixed,0,0,no-alias-obligations,node-0019,node-0019,0,0,0
trace-006,mixed,0,0,top-one,node-0019,node-0019,0,0,0
trace-006,mixed,0,0,expiry-skyline,node-0019,node-0019,0,0,0
trace-006,mixed,0,1,direct,node-0019,node-0019,0,0,0
trace-006,mixed,0,1,verified,node-0019,node-0019,0,0,0
trace-006,mixed,0,1,full-compiled,node-0019,node-0019,0,0,0
trace-006,mixed,0,1,timestamp-only,node-0019,node-0019,0,0,0
trace-006,mixed,0,1,no-ancestor-expiry,node-0019,node-0019,0,0,0
trace-006,mixed,0,1,no-ancestor-revocation,node-0019,node-0019,0,0,0
trace-006,mixed,0,1,no-alias-obligations,node-0019,node-0019,0,0,0
trace-006,mixed,0,1,top-one,node-0019,node-0019,0,0,0
trace-006,mixed,0,1,expiry-skyline,node-0019,node-0019,0,0,0
trace-006,mixed,0,2,direct,node-0032,node-0032,0,0,0
trace-006,mixed,0,2,verified,node-0032,node-0032,0,0,0
trace-006,mixed,0,2,full-compiled,node-0032,node-0032,0,0,0
trace-006,mixed,0,2,timestamp-only,node-0032,node-0022,1,1,1
trace-006,mixed,0,2,no-ancestor-expiry,node-0032,node-0032,0,0,0
trace-006,mixed,0,2,no-ancestor-revocation,node-0032,node-0032,0,0,0
trace-006,mixed,0,2,no-alias-obligations,node-0032,node-0035,1,1,1
trace-006,mixed,0,2,top-one,node-0032,,1,1,0
trace-006,mixed,0,2,expiry-skyline,node-0032,,1,1,0
trace-006,mixed,0,3,direct,node-0019,node-0019,0,0,0
trace-006,mixed,0,3,verified,node-0019,node-0019,0,0,0
trace-006,mixed,0,3,full-compiled,node-0019,node-0019,0,0,0
trace-006,mixed,0,3,timestamp-only,node-0019,node-0019,0,0,0
trace-006,mixed,0,3,no-ancestor-expiry,node-0019,node-0019,0,0,0
trace-006,mixed,0,3,no-ancestor-revocation,node-0019,node-0019,0,0,0
trace-006,mixed,0,3,no-alias-obligations,node-0019,node-0019,0,0,0
trace-006,mixed,0,3,top-one,node-0019,node-0019,0,0,0
trace-006,mixed,0,3,expiry-skyline,node-0019,node-0019,0,0,0
trace-006,mixed,0,4,direct,node-0019,node-0019,0,0,0
trace-006,mixed,0,4,verified,node-0019,node-0019,0,0,0
trace-006,mixed,0,4,full-compiled,node-0019,node-0019,0,0,0
trace-006,mixed,0,4,timestamp-only,node-0019,node-0019,0,0,0
trace-006,mixed,0,4,no-ancestor-expiry,node-0019,node-0019,0,0,0
trace-006,mixed,0,4,no-ancestor-revocation,node-0019,node-0019,0,0,0
trace-006,mixed,0,4,no-alias-obligations,node-0019,node-0019,0,0,0
trace-006,mixed,0,4,top-one,node-0019,node-0019,0,0,0
trace-006,mixed,0,4,expiry-skyline,node-0019,node-0019,0,0,0
trace-006,mixed,0,5,direct,node-0038,node-0038,0,0,0
trace-006,mixed,0,5,verified,node-0038,node-0038,0,0,0
trace-006,mixed,0,5,full-compiled,node-0038,node-0038,0,0,0
trace-006,mixed,0,5,timestamp-only,node-0038,node-0038,0,0,0
trace-006,mixed,0,5,no-ancestor-expiry,node-0038,node-0038,0,0,0
trace-006,mixed,0,5,no-ancestor-revocation,node-0038,node-0038,0,0,0
trace-006,mixed,0,5,no-alias-obligations,node-0038,node-0038,0,0,0
trace-006,mixed,0,5,top-one,node-0038,,1,1,0
trace-006,mixed,0,5,expiry-skyline,node-0038,node-0038,0,0,0
trace-006,mixed,0,6,direct,,,0,0,0
trace-006,mixed,0,6,verified,,,0,0,0
trace-006,mixed,0,6,full-compiled,,,0,0,0
trace-006,mixed,0,6,timestamp-only,,node-0002,1,1,1
trace-006,mixed,0,6,no-ancestor-expiry,,,0,0,0
trace-006,mixed,0,6,no-ancestor-revocation,,,0,0,0
trace-006,mixed,0,6,no-alias-obligations,,node-0002,1,1,1
trace-006,mixed,0,6,top-one,,,0,0,0
trace-006,mixed,0,6,expiry-skyline,,,0,0,0
trace-006,mixed,0,7,direct,,,0,0,0
trace-006,mixed,0,7,verified,,,0,0,0
trace-006,mixed,0,7,full-compiled,,,0,0,0
trace-006,mixed,0,7,timestamp-only,,,0,0,0
trace-006,mixed,0,7,no-ancestor-expiry,,,0,0,0
trace-006,mixed,0,7,no-ancestor-revocation,,,0,0,0
trace-006,mixed,0,7,no-alias-obligations,,,0,0,0
trace-006,mixed,0,7,top-one,,,0,0,0
trace-006,mixed,0,7,expiry-skyline,,,0,0,0
trace-006,mixed,0,8,direct,node-0019,node-0019,0,0,0
trace-006,mixed,0,8,verified,node-0019,node-0019,0,0,0
trace-006,mixed,0,8,full-compiled,node-0019,node-0019,0,0,0
trace-006,mixed,0,8,timestamp-only,node-0019,node-0019,0,0,0
trace-006,mixed,0,8,no-ancestor-expiry,node-0019,node-0019,0,0,0
trace-006,mixed,0,8,no-ancestor-revocation,node-0019,node-0019,0,0,0
trace-006,mixed,0,8,no-alias-obligations,node-0019,node-0019,0,0,0
trace-006,mixed,0,8,top-one,node-0019,node-0019,0,0,0
trace-006,mixed,0,8,expiry-skyline,node-0019,node-0019,0,0,0
trace-006,mixed,0,9,direct,node-0016,node-0016,0,0,0
trace-006,mixed,0,9,verified,node-0016,node-0016,0,0,0
trace-006,mixed,0,9,full-compiled,node-0016,node-0016,0,0,0
trace-006,mixed,0,9,timestamp-only,node-0016,node-0022,1,1,1
trace-006,mixed,0,9,no-ancestor-expiry,node-0016,node-0016,0,0,0
trace-006,mixed,0,9,no-ancestor-revocation,node-0016,node-0016,0,0,0
trace-006,mixed,0,9,no-alias-obligations,node-0016,node-0035,1,1,1
trace-006,mixed,0,9,top-one,node-0016,,1,1,0
trace-006,mixed,0,9,expiry-skyline,node-0016,,1,1,0
trace-006,mixed,0,10,direct,node-0038,node-0038,0,0,0
trace-006,mixed,0,10,verified,node-0038,node-0038,0,0,0
trace-006,mixed,0,10,full-compiled,node-0038,node-0038,0,0,0
trace-006,mixed,0,10,timestamp-only,node-0038,node-0038,0,0,0
trace-006,mixed,0,10,no-ancestor-expiry,node-0038,node-0038,0,0,0
trace-006,mixed,0,10,no-ancestor-revocation,node-0038,node-0038,0,0,0
trace-006,mixed,0,10,no-alias-obligations,node-0038,node-0038,0,0,0
trace-006,mixed,0,10,top-one,node-0038,,1,1,0
trace-006,mixed,0,10,expiry-skyline,node-0038,node-0038,0,0,0
trace-006,mixed,0,11,direct,node-0038,node-0038,0,0,0
trace-006,mixed,0,11,verified,node-0038,node-0038,0,0,0
trace-006,mixed,0,11,full-compiled,node-0038,node-0038,0,0,0
trace-006,mixed,0,11,timestamp-only,node-0038,node-0038,0,0,0
trace-006,mixed,0,11,no-ancestor-expiry,node-0038,node-0038,0,0,0
trace-006,mixed,0,11,no-ancestor-revocation,node-0038,node-0038,0,0,0
trace-006,mixed,0,11,no-alias-obligations,node-0038,node-0038,0,0,0
trace-006,mixed,0,11,top-one,node-0038,,1,1,0
trace-006,mixed,0,11,expiry-skyline,node-0038,node-0038,0,0,0
trace-006,mixed,1,0,direct,node-0008,node-0008,0,0,0
trace-006,mixed,1,0,verified,node-0008,node-0008,0,0,0
trace-006,mixed,1,0,full-compiled,node-0008,node-0008,0,0,0
trace-006,mixed,1,0,timestamp-only,node-0008,node-0008,0,0,0
trace-006,mixed,1,0,no-ancestor-expiry,node-0008,node-0008,0,0,0
trace-006,mixed,1,0,no-ancestor-revocation,node-0008,node-0008,0,0,0
trace-006,mixed,1,0,no-alias-obligations,node-0008,node-0008,0,0,0
trace-006,mixed,1,0,top-one,node-0008,node-0008,0,0,0
trace-006,mixed,1,0,expiry-skyline,node-0008,node-0008,0,0,0
trace-006,mixed,1,1,direct,node-0008,node-0008,0,0,0
trace-006,mixed,1,1,verified,node-0008,node-0008,0,0,0
trace-006,mixed,1,1,full-compiled,node-0008,node-0008,0,0,0
trace-006,mixed,1,1,timestamp-only,node-0008,node-0008,0,0,0
trace-006,mixed,1,1,no-ancestor-expiry,node-0008,node-0008,0,0,0
trace-006,mixed,1,1,no-ancestor-revocation,node-0008,node-0008,0,0,0
trace-006,mixed,1,1,no-alias-obligations,node-0008,node-0008,0,0,0
trace-006,mixed,1,1,top-one,node-0008,node-0008,0,0,0
trace-006,mixed,1,1,expiry-skyline,node-0008,node-0008,0,0,0
trace-006,mixed,1,2,direct,node-0063,node-0063,0,0,0
trace-006,mixed,1,2,verified,node-0063,node-0063,0,0,0
trace-006,mixed,1,2,full-compiled,node-0063,node-0063,0,0,0
trace-006,mixed,1,2,timestamp-only,node-0063,node-0063,0,0,0
trace-006,mixed,1,2,no-ancestor-expiry,node-0063,node-0063,0,0,0
trace-006,mixed,1,2,no-ancestor-revocation,node-0063,node-0063,0,0,0
trace-006,mixed,1,2,no-alias-obligations,node-0063,node-0063,0,0,0
trace-006,mixed,1,2,top-one,node-0063,,1,1,0
trace-006,mixed,1,2,expiry-skyline,node-0063,,1,1,0
trace-006,mixed,1,3,direct,node-0008,node-0008,0,0,0
trace-006,mixed,1,3,verified,node-0008,node-0008,0,0,0
trace-006,mixed,1,3,full-compiled,node-0008,node-0008,0,0,0
trace-006,mixed,1,3,timestamp-only,node-0008,node-0008,0,0,0
trace-006,mixed,1,3,no-ancestor-expiry,node-0008,node-0008,0,0,0
trace-006,mixed,1,3,no-ancestor-revocation,node-0008,node-0008,0,0,0
trace-006,mixed,1,3,no-alias-obligations,node-0008,node-0008,0,0,0
trace-006,mixed,1,3,top-one,node-0008,node-0008,0,0,0
trace-006,mixed,1,3,expiry-skyline,node-0008,node-0008,0,0,0
trace-006,mixed,1,4,direct,node-0008,node-0008,0,0,0
trace-006,mixed,1,4,verified,node-0008,node-0008,0,0,0
trace-006,mixed,1,4,full-compiled,node-0008,node-0008,0,0,0
trace-006,mixed,1,4,timestamp-only,node-0008,node-0008,0,0,0
trace-006,mixed,1,4,no-ancestor-expiry,node-0008,node-0008,0,0,0
trace-006,mixed,1,4,no-ancestor-revocation,node-0008,node-0008,0,0,0
trace-006,mixed,1,4,no-alias-obligations,node-0008,node-0008,0,0,0
trace-006,mixed,1,4,top-one,node-0008,node-0008,0,0,0
trace-006,mixed,1,4,expiry-skyline,node-0008,node-0008,0,0,0
trace-006,mixed,1,5,direct,node-0008,node-0008,0,0,0
trace-006,mixed,1,5,verified,node-0008,node-0008,0,0,0
trace-006,mixed,1,5,full-compiled,node-0008,node-0008,0,0,0
trace-006,mixed,1,5,timestamp-only,node-0008,node-0008,0,0,0
trace-006,mixed,1,5,no-ancestor-expiry,node-0008,node-0008,0,0,0
trace-006,mixed,1,5,no-ancestor-revocation,node-0008,node-0008,0,0,0
trace-006,mixed,1,5,no-alias-obligations,node-0008,node-0008,0,0,0
trace-006,mixed,1,5,top-one,node-0008,node-0008,0,0,0
trace-006,mixed,1,5,expiry-skyline,node-0008,node-0008,0,0,0
trace-006,mixed,1,6,direct,,,0,0,0
trace-006,mixed,1,6,verified,,,0,0,0
trace-006,mixed,1,6,full-compiled,,,0,0,0
trace-006,mixed,1,6,timestamp-only,,node-0027,1,1,1
trace-006,mixed,1,6,no-ancestor-expiry,,,0,0,0
trace-006,mixed,1,6,no-ancestor-revocation,,,0,0,0
trace-006,mixed,1,6,no-alias-obligations,,node-0027,1,1,1
trace-006,mixed,1,6,top-one,,,0,0,0
trace-006,mixed,1,6,expiry-skyline,,,0,0,0
trace-006,mixed,1,7,direct,,,0,0,0
trace-006,mixed,1,7,verified,,,0,0,0
trace-006,mixed,1,7,full-compiled,,,0,0,0
trace-006,mixed,1,7,timestamp-only,,,0,0,0
trace-006,mixed,1,7,no-ancestor-expiry,,,0,0,0
trace-006,mixed,1,7,no-ancestor-revocation,,,0,0,0
trace-006,mixed,1,7,no-alias-obligations,,,0,0,0
trace-006,mixed,1,7,top-one,,,0,0,0
trace-006,mixed,1,7,expiry-skyline,,,0,0,0
trace-006,mixed,1,8,direct,node-0008,node-0008,0,0,0
trace-006,mixed,1,8,verified,node-0008,node-0008,0,0,0
trace-006,mixed,1,8,full-compiled,node-0008,node-0008,0,0,0
trace-006,mixed,1,8,timestamp-only,node-0008,node-0008,0,0,0
trace-006,mixed,1,8,no-ancestor-expiry,node-0008,node-0008,0,0,0
trace-006,mixed,1,8,no-ancestor-revocation,node-0008,node-0008,0,0,0
trace-006,mixed,1,8,no-alias-obligations,node-0008,node-0008,0,0,0
trace-006,mixed,1,8,top-one,node-0008,node-0008,0,0,0
trace-006,mixed,1,8,expiry-skyline,node-0008,node-0008,0,0,0
trace-006,mixed,1,9,direct,node-0063,node-0063,0,0,0
trace-006,mixed,1,9,verified,node-0063,node-0063,0,0,0
trace-006,mixed,1,9,full-compiled,node-0063,node-0063,0,0,0
trace-006,mixed,1,9,timestamp-only,node-0063,node-0063,0,0,0
trace-006,mixed,1,9,no-ancestor-expiry,node-0063,node-0063,0,0,0
trace-006,mixed,1,9,no-ancestor-revocation,node-0063,node-0063,0,0,0
trace-006,mixed,1,9,no-alias-obligations,node-0063,node-0063,0,0,0
trace-006,mixed,1,9,top-one,node-0063,,1,1,0
trace-006,mixed,1,9,expiry-skyline,node-0063,,1,1,0
trace-006,mixed,1,10,direct,node-0008,node-0008,0,0,0
trace-006,mixed,1,10,verified,node-0008,node-0008,0,0,0
trace-006,mixed,1,10,full-compiled,node-0008,node-0008,0,0,0
trace-006,mixed,1,10,timestamp-only,node-0008,node-0008,0,0,0
trace-006,mixed,1,10,no-ancestor-expiry,node-0008,node-0008,0,0,0
trace-006,mixed,1,10,no-ancestor-revocation,node-0008,node-0008,0,0,0
trace-006,mixed,1,10,no-alias-obligations,node-0008,node-0008,0,0,0
trace-006,mixed,1,10,top-one,node-0008,node-0008,0,0,0
trace-006,mixed,1,10,expiry-skyline,node-0008,node-0008,0,0,0
trace-006,mixed,1,11,direct,node-0008,node-0008,0,0,0
trace-006,mixed,1,11,verified,node-0008,node-0008,0,0,0
trace-006,mixed,1,11,full-compiled,node-0008,node-0008,0,0,0
trace-006,mixed,1,11,timestamp-only,node-0008,node-0008,0,0,0
trace-006,mixed,1,11,no-ancestor-expiry,node-0008,node-0008,0,0,0
trace-006,mixed,1,11,no-ancestor-revocation,node-0008,node-0008,0,0,0
trace-006,mixed,1,11,no-alias-obligations,node-0008,node-0008,0,0,0
trace-006,mixed,1,11,top-one,node-0008,node-0008,0,0,0
trace-006,mixed,1,11,expiry-skyline,node-0008,node-0008,0,0,0
trace-007,mixed,0,0,direct,node-0016,node-0016,0,0,0
trace-007,mixed,0,0,verified,node-0016,node-0016,0,0,0
trace-007,mixed,0,0,full-compiled,node-0016,node-0016,0,0,0
trace-007,mixed,0,0,timestamp-only,node-0016,node-0016,0,0,0
trace-007,mixed,0,0,no-ancestor-expiry,node-0016,node-0016,0,0,0
trace-007,mixed,0,0,no-ancestor-revocation,node-0016,node-0016,0,0,0
trace-007,mixed,0,0,no-alias-obligations,node-0016,node-0016,0,0,0
trace-007,mixed,0,0,top-one,node-0016,node-0016,0,0,0
trace-007,mixed,0,0,expiry-skyline,node-0016,node-0016,0,0,0
trace-007,mixed,0,1,direct,node-0016,node-0016,0,0,0
trace-007,mixed,0,1,verified,node-0016,node-0016,0,0,0
trace-007,mixed,0,1,full-compiled,node-0016,node-0016,0,0,0
trace-007,mixed,0,1,timestamp-only,node-0016,node-0016,0,0,0
trace-007,mixed,0,1,no-ancestor-expiry,node-0016,node-0016,0,0,0
trace-007,mixed,0,1,no-ancestor-revocation,node-0016,node-0016,0,0,0
trace-007,mixed,0,1,no-alias-obligations,node-0016,node-0016,0,0,0
trace-007,mixed,0,1,top-one,node-0016,node-0016,0,0,0
trace-007,mixed,0,1,expiry-skyline,node-0016,node-0016,0,0,0
trace-007,mixed,0,2,direct,node-0048,node-0048,0,0,0
trace-007,mixed,0,2,verified,node-0048,node-0048,0,0,0
trace-007,mixed,0,2,full-compiled,node-0048,node-0048,0,0,0
trace-007,mixed,0,2,timestamp-only,node-0048,node-0007,1,1,1
trace-007,mixed,0,2,no-ancestor-expiry,node-0048,node-0048,0,0,0
trace-007,mixed,0,2,no-ancestor-revocation,node-0048,node-0048,0,0,0
trace-007,mixed,0,2,no-alias-obligations,node-0048,node-0007,1,1,1
trace-007,mixed,0,2,top-one,node-0048,,1,1,0
trace-007,mixed,0,2,expiry-skyline,node-0048,,1,1,0
trace-007,mixed,0,3,direct,node-0016,node-0016,0,0,0
trace-007,mixed,0,3,verified,node-0016,node-0016,0,0,0
trace-007,mixed,0,3,full-compiled,node-0016,node-0016,0,0,0
trace-007,mixed,0,3,timestamp-only,node-0016,node-0016,0,0,0
trace-007,mixed,0,3,no-ancestor-expiry,node-0016,node-0016,0,0,0
trace-007,mixed,0,3,no-ancestor-revocation,node-0016,node-0016,0,0,0
trace-007,mixed,0,3,no-alias-obligations,node-0016,node-0016,0,0,0
trace-007,mixed,0,3,top-one,node-0016,node-0016,0,0,0
trace-007,mixed,0,3,expiry-skyline,node-0016,node-0016,0,0,0
trace-007,mixed,0,4,direct,node-0016,node-0016,0,0,0
trace-007,mixed,0,4,verified,node-0016,node-0016,0,0,0
trace-007,mixed,0,4,full-compiled,node-0016,node-0016,0,0,0
trace-007,mixed,0,4,timestamp-only,node-0016,node-0016,0,0,0
trace-007,mixed,0,4,no-ancestor-expiry,node-0016,node-0016,0,0,0
trace-007,mixed,0,4,no-ancestor-revocation,node-0016,node-0016,0,0,0
trace-007,mixed,0,4,no-alias-obligations,node-0016,node-0016,0,0,0
trace-007,mixed,0,4,top-one,node-0016,node-0016,0,0,0
trace-007,mixed,0,4,expiry-skyline,node-0016,node-0016,0,0,0
trace-007,mixed,0,5,direct,node-0038,node-0038,0,0,0
trace-007,mixed,0,5,verified,node-0038,node-0038,0,0,0
trace-007,mixed,0,5,full-compiled,node-0038,node-0038,0,0,0
trace-007,mixed,0,5,timestamp-only,node-0038,node-0038,0,0,0
trace-007,mixed,0,5,no-ancestor-expiry,node-0038,node-0038,0,0,0
trace-007,mixed,0,5,no-ancestor-revocation,node-0038,node-0038,0,0,0
trace-007,mixed,0,5,no-alias-obligations,node-0038,node-0038,0,0,0
trace-007,mixed,0,5,top-one,node-0038,,1,1,0
trace-007,mixed,0,5,expiry-skyline,node-0038,node-0038,0,0,0
trace-007,mixed,0,6,direct,,,0,0,0
trace-007,mixed,0,6,verified,,,0,0,0
trace-007,mixed,0,6,full-compiled,,,0,0,0
trace-007,mixed,0,6,timestamp-only,,node-0038,1,1,1
trace-007,mixed,0,6,no-ancestor-expiry,,,0,0,0
trace-007,mixed,0,6,no-ancestor-revocation,,,0,0,0
trace-007,mixed,0,6,no-alias-obligations,,node-0038,1,1,1
trace-007,mixed,0,6,top-one,,,0,0,0
trace-007,mixed,0,6,expiry-skyline,,,0,0,0
trace-007,mixed,0,7,direct,,,0,0,0
trace-007,mixed,0,7,verified,,,0,0,0
trace-007,mixed,0,7,full-compiled,,,0,0,0
trace-007,mixed,0,7,timestamp-only,,,0,0,0
trace-007,mixed,0,7,no-ancestor-expiry,,,0,0,0
trace-007,mixed,0,7,no-ancestor-revocation,,,0,0,0
trace-007,mixed,0,7,no-alias-obligations,,,0,0,0
trace-007,mixed,0,7,top-one,,,0,0,0
trace-007,mixed,0,7,expiry-skyline,,,0,0,0
trace-007,mixed,0,8,direct,node-0016,node-0016,0,0,0
trace-007,mixed,0,8,verified,node-0016,node-0016,0,0,0
trace-007,mixed,0,8,full-compiled,node-0016,node-0016,0,0,0
trace-007,mixed,0,8,timestamp-only,node-0016,node-0016,0,0,0
trace-007,mixed,0,8,no-ancestor-expiry,node-0016,node-0016,0,0,0
trace-007,mixed,0,8,no-ancestor-revocation,node-0016,node-0016,0,0,0
trace-007,mixed,0,8,no-alias-obligations,node-0016,node-0016,0,0,0
trace-007,mixed,0,8,top-one,node-0016,node-0016,0,0,0
trace-007,mixed,0,8,expiry-skyline,node-0016,node-0016,0,0,0
trace-007,mixed,0,9,direct,node-0048,node-0048,0,0,0
trace-007,mixed,0,9,verified,node-0048,node-0048,0,0,0
trace-007,mixed,0,9,full-compiled,node-0048,node-0048,0,0,0
trace-007,mixed,0,9,timestamp-only,node-0048,node-0007,1,1,1
trace-007,mixed,0,9,no-ancestor-expiry,node-0048,node-0048,0,0,0
trace-007,mixed,0,9,no-ancestor-revocation,node-0048,node-0048,0,0,0
trace-007,mixed,0,9,no-alias-obligations,node-0048,node-0007,1,1,1
trace-007,mixed,0,9,top-one,node-0048,,1,1,0
trace-007,mixed,0,9,expiry-skyline,node-0048,,1,1,0
trace-007,mixed,0,10,direct,node-0016,node-0016,0,0,0
trace-007,mixed,0,10,verified,node-0016,node-0016,0,0,0
trace-007,mixed,0,10,full-compiled,node-0016,node-0016,0,0,0
trace-007,mixed,0,10,timestamp-only,node-0016,node-0016,0,0,0
trace-007,mixed,0,10,no-ancestor-expiry,node-0016,node-0016,0,0,0
trace-007,mixed,0,10,no-ancestor-revocation,node-0016,node-0016,0,0,0
trace-007,mixed,0,10,no-alias-obligations,node-0016,node-0016,0,0,0
trace-007,mixed,0,10,top-one,node-0016,node-0016,0,0,0
trace-007,mixed,0,10,expiry-skyline,node-0016,node-0016,0,0,0
trace-007,mixed,0,11,direct,,,0,0,0
trace-007,mixed,0,11,verified,,,0,0,0
trace-007,mixed,0,11,full-compiled,,,0,0,0
trace-007,mixed,0,11,timestamp-only,,node-0018,1,1,1
trace-007,mixed,0,11,no-ancestor-expiry,,,0,0,0
trace-007,mixed,0,11,no-ancestor-revocation,,,0,0,0
trace-007,mixed,0,11,no-alias-obligations,,node-0018,1,1,1
trace-007,mixed,0,11,top-one,,,0,0,0
trace-007,mixed,0,11,expiry-skyline,,,0,0,0
trace-007,mixed,1,0,direct,node-0010,node-0010,0,0,0
trace-007,mixed,1,0,verified,node-0010,node-0010,0,0,0
trace-007,mixed,1,0,full-compiled,node-0010,node-0010,0,0,0
trace-007,mixed,1,0,timestamp-only,node-0010,node-0010,0,0,0
trace-007,mixed,1,0,no-ancestor-expiry,node-0010,node-0010,0,0,0
trace-007,mixed,1,0,no-ancestor-revocation,node-0010,node-0010,0,0,0
trace-007,mixed,1,0,no-alias-obligations,node-0010,node-0010,0,0,0
trace-007,mixed,1,0,top-one,node-0010,node-0010,0,0,0
trace-007,mixed,1,0,expiry-skyline,node-0010,node-0010,0,0,0
trace-007,mixed,1,1,direct,node-0010,node-0010,0,0,0
trace-007,mixed,1,1,verified,node-0010,node-0010,0,0,0
trace-007,mixed,1,1,full-compiled,node-0010,node-0010,0,0,0
trace-007,mixed,1,1,timestamp-only,node-0010,node-0010,0,0,0
trace-007,mixed,1,1,no-ancestor-expiry,node-0010,node-0010,0,0,0
trace-007,mixed,1,1,no-ancestor-revocation,node-0010,node-0010,0,0,0
trace-007,mixed,1,1,no-alias-obligations,node-0010,node-0010,0,0,0
trace-007,mixed,1,1,top-one,node-0010,node-0010,0,0,0
trace-007,mixed,1,1,expiry-skyline,node-0010,node-0010,0,0,0
trace-007,mixed,1,2,direct,node-0063,node-0063,0,0,0
trace-007,mixed,1,2,verified,node-0063,node-0063,0,0,0
trace-007,mixed,1,2,full-compiled,node-0063,node-0063,0,0,0
trace-007,mixed,1,2,timestamp-only,node-0063,node-0057,1,1,1
trace-007,mixed,1,2,no-ancestor-expiry,node-0063,node-0063,0,0,0
trace-007,mixed,1,2,no-ancestor-revocation,node-0063,node-0063,0,0,0
trace-007,mixed,1,2,no-alias-obligations,node-0063,node-0057,1,1,1
trace-007,mixed,1,2,top-one,node-0063,,1,1,0
trace-007,mixed,1,2,expiry-skyline,node-0063,node-0063,0,0,0
trace-007,mixed,1,3,direct,node-0010,node-0010,0,0,0
trace-007,mixed,1,3,verified,node-0010,node-0010,0,0,0
trace-007,mixed,1,3,full-compiled,node-0010,node-0010,0,0,0
trace-007,mixed,1,3,timestamp-only,node-0010,node-0010,0,0,0
trace-007,mixed,1,3,no-ancestor-expiry,node-0010,node-0010,0,0,0
trace-007,mixed,1,3,no-ancestor-revocation,node-0010,node-0010,0,0,0
trace-007,mixed,1,3,no-alias-obligations,node-0010,node-0010,0,0,0
trace-007,mixed,1,3,top-one,node-0010,node-0010,0,0,0
trace-007,mixed,1,3,expiry-skyline,node-0010,node-0010,0,0,0
trace-007,mixed,1,4,direct,node-0010,node-0010,0,0,0
trace-007,mixed,1,4,verified,node-0010,node-0010,0,0,0
trace-007,mixed,1,4,full-compiled,node-0010,node-0010,0,0,0
trace-007,mixed,1,4,timestamp-only,node-0010,node-0010,0,0,0
trace-007,mixed,1,4,no-ancestor-expiry,node-0010,node-0010,0,0,0
trace-007,mixed,1,4,no-ancestor-revocation,node-0010,node-0010,0,0,0
trace-007,mixed,1,4,no-alias-obligations,node-0010,node-0010,0,0,0
trace-007,mixed,1,4,top-one,node-0010,node-0010,0,0,0
trace-007,mixed,1,4,expiry-skyline,node-0010,node-0010,0,0,0
trace-007,mixed,1,5,direct,node-0010,node-0010,0,0,0
trace-007,mixed,1,5,verified,node-0010,node-0010,0,0,0
trace-007,mixed,1,5,full-compiled,node-0010,node-0010,0,0,0
trace-007,mixed,1,5,timestamp-only,node-0010,node-0010,0,0,0
trace-007,mixed,1,5,no-ancestor-expiry,node-0010,node-0010,0,0,0
trace-007,mixed,1,5,no-ancestor-revocation,node-0010,node-0010,0,0,0
trace-007,mixed,1,5,no-alias-obligations,node-0010,node-0010,0,0,0
trace-007,mixed,1,5,top-one,node-0010,node-0010,0,0,0
trace-007,mixed,1,5,expiry-skyline,node-0010,node-0010,0,0,0
trace-007,mixed,1,6,direct,node-0063,node-0063,0,0,0
trace-007,mixed,1,6,verified,node-0063,node-0063,0,0,0
trace-007,mixed,1,6,full-compiled,node-0063,node-0063,0,0,0
trace-007,mixed,1,6,timestamp-only,node-0063,node-0010,1,1,1
trace-007,mixed,1,6,no-ancestor-expiry,node-0063,node-0063,0,0,0
trace-007,mixed,1,6,no-ancestor-revocation,node-0063,node-0063,0,0,0
trace-007,mixed,1,6,no-alias-obligations,node-0063,node-0010,1,1,1
trace-007,mixed,1,6,top-one,node-0063,,1,1,0
trace-007,mixed,1,6,expiry-skyline,node-0063,node-0063,0,0,0
trace-007,mixed,1,7,direct,,,0,0,0
trace-007,mixed,1,7,verified,,,0,0,0
trace-007,mixed,1,7,full-compiled,,,0,0,0
trace-007,mixed,1,7,timestamp-only,,,0,0,0
trace-007,mixed,1,7,no-ancestor-expiry,,,0,0,0
trace-007,mixed,1,7,no-ancestor-revocation,,,0,0,0
trace-007,mixed,1,7,no-alias-obligations,,,0,0,0
trace-007,mixed,1,7,top-one,,,0,0,0
trace-007,mixed,1,7,expiry-skyline,,,0,0,0
trace-007,mixed,1,8,direct,node-0010,node-0010,0,0,0
trace-007,mixed,1,8,verified,node-0010,node-0010,0,0,0
trace-007,mixed,1,8,full-compiled,node-0010,node-0010,0,0,0
trace-007,mixed,1,8,timestamp-only,node-0010,node-0010,0,0,0
trace-007,mixed,1,8,no-ancestor-expiry,node-0010,node-0010,0,0,0
trace-007,mixed,1,8,no-ancestor-revocation,node-0010,node-0010,0,0,0
trace-007,mixed,1,8,no-alias-obligations,node-0010,node-0010,0,0,0
trace-007,mixed,1,8,top-one,node-0010,node-0010,0,0,0
trace-007,mixed,1,8,expiry-skyline,node-0010,node-0010,0,0,0
trace-007,mixed,1,9,direct,node-0047,node-0047,0,0,0
trace-007,mixed,1,9,verified,node-0047,node-0047,0,0,0
trace-007,mixed,1,9,full-compiled,node-0047,node-0047,0,0,0
trace-007,mixed,1,9,timestamp-only,node-0047,node-0057,1,1,1
trace-007,mixed,1,9,no-ancestor-expiry,node-0047,node-0047,0,0,0
trace-007,mixed,1,9,no-ancestor-revocation,node-0047,node-0047,0,0,0
trace-007,mixed,1,9,no-alias-obligations,node-0047,node-0057,1,1,1
trace-007,mixed,1,9,top-one,node-0047,,1,1,0
trace-007,mixed,1,9,expiry-skyline,node-0047,,1,1,0
trace-007,mixed,1,10,direct,node-0010,node-0010,0,0,0
trace-007,mixed,1,10,verified,node-0010,node-0010,0,0,0
trace-007,mixed,1,10,full-compiled,node-0010,node-0010,0,0,0
trace-007,mixed,1,10,timestamp-only,node-0010,node-0010,0,0,0
trace-007,mixed,1,10,no-ancestor-expiry,node-0010,node-0010,0,0,0
trace-007,mixed,1,10,no-ancestor-revocation,node-0010,node-0010,0,0,0
trace-007,mixed,1,10,no-alias-obligations,node-0010,node-0010,0,0,0
trace-007,mixed,1,10,top-one,node-0010,node-0010,0,0,0
trace-007,mixed,1,10,expiry-skyline,node-0010,node-0010,0,0,0
trace-007,mixed,1,11,direct,node-0063,node-0063,0,0,0
trace-007,mixed,1,11,verified,node-0063,node-0063,0,0,0
trace-007,mixed,1,11,full-compiled,node-0063,node-0063,0,0,0
trace-007,mixed,1,11,timestamp-only,node-0063,node-0041,1,1,1
trace-007,mixed,1,11,no-ancestor-expiry,node-0063,node-0063,0,0,0
trace-007,mixed,1,11,no-ancestor-revocation,node-0063,node-0063,0,0,0
trace-007,mixed,1,11,no-alias-obligations,node-0063,node-0041,1,1,1
trace-007,mixed,1,11,top-one,node-0063,,1,1,0
trace-007,mixed,1,11,expiry-skyline,node-0063,node-0063,0,0,0
trace-008,mixed,0,0,direct,node-0017,node-0017,0,0,0
trace-008,mixed,0,0,verified,node-0017,node-0017,0,0,0
trace-008,mixed,0,0,full-compiled,node-0017,node-0017,0,0,0
trace-008,mixed,0,0,timestamp-only,node-0017,node-0017,0,0,0
trace-008,mixed,0,0,no-ancestor-expiry,node-0017,node-0017,0,0,0
trace-008,mixed,0,0,no-ancestor-revocation,node-0017,node-0017,0,0,0
trace-008,mixed,0,0,no-alias-obligations,node-0017,node-0017,0,0,0
trace-008,mixed,0,0,top-one,node-0017,node-0017,0,0,0
trace-008,mixed,0,0,expiry-skyline,node-0017,node-0017,0,0,0
trace-008,mixed,0,1,direct,node-0017,node-0017,0,0,0
trace-008,mixed,0,1,verified,node-0017,node-0017,0,0,0
trace-008,mixed,0,1,full-compiled,node-0017,node-0017,0,0,0
trace-008,mixed,0,1,timestamp-only,node-0017,node-0017,0,0,0
trace-008,mixed,0,1,no-ancestor-expiry,node-0017,node-0017,0,0,0
trace-008,mixed,0,1,no-ancestor-revocation,node-0017,node-0017,0,0,0
trace-008,mixed,0,1,no-alias-obligations,node-0017,node-0017,0,0,0
trace-008,mixed,0,1,top-one,node-0017,node-0017,0,0,0
trace-008,mixed,0,1,expiry-skyline,node-0017,node-0017,0,0,0
trace-008,mixed,0,2,direct,node-0000,node-0000,0,0,0
trace-008,mixed,0,2,verified,node-0000,node-0000,0,0,0
trace-008,mixed,0,2,full-compiled,node-0000,node-0000,0,0,0
trace-008,mixed,0,2,timestamp-only,node-0000,node-0000,0,0,0
trace-008,mixed,0,2,no-ancestor-expiry,node-0000,node-0000,0,0,0
trace-008,mixed,0,2,no-ancestor-revocation,node-0000,node-0000,0,0,0
trace-008,mixed,0,2,no-alias-obligations,node-0000,node-0000,0,0,0
trace-008,mixed,0,2,top-one,node-0000,,1,1,0
trace-008,mixed,0,2,expiry-skyline,node-0000,,1,1,0
trace-008,mixed,0,3,direct,node-0017,node-0017,0,0,0
trace-008,mixed,0,3,verified,node-0017,node-0017,0,0,0
trace-008,mixed,0,3,full-compiled,node-0017,node-0017,0,0,0
trace-008,mixed,0,3,timestamp-only,node-0017,node-0017,0,0,0
trace-008,mixed,0,3,no-ancestor-expiry,node-0017,node-0017,0,0,0
trace-008,mixed,0,3,no-ancestor-revocation,node-0017,node-0017,0,0,0
trace-008,mixed,0,3,no-alias-obligations,node-0017,node-0017,0,0,0
trace-008,mixed,0,3,top-one,node-0017,node-0017,0,0,0
trace-008,mixed,0,3,expiry-skyline,node-0017,node-0017,0,0,0
trace-008,mixed,0,4,direct,node-0017,node-0017,0,0,0
trace-008,mixed,0,4,verified,node-0017,node-0017,0,0,0
trace-008,mixed,0,4,full-compiled,node-0017,node-0017,0,0,0
trace-008,mixed,0,4,timestamp-only,node-0017,node-0017,0,0,0
trace-008,mixed,0,4,no-ancestor-expiry,node-0017,node-0017,0,0,0
trace-008,mixed,0,4,no-ancestor-revocation,node-0017,node-0017,0,0,0
trace-008,mixed,0,4,no-alias-obligations,node-0017,node-0017,0,0,0
trace-008,mixed,0,4,top-one,node-0017,node-0017,0,0,0
trace-008,mixed,0,4,expiry-skyline,node-0017,node-0017,0,0,0
trace-008,mixed,0,5,direct,node-0017,node-0017,0,0,0
trace-008,mixed,0,5,verified,node-0017,node-0017,0,0,0
trace-008,mixed,0,5,full-compiled,node-0017,node-0017,0,0,0
trace-008,mixed,0,5,timestamp-only,node-0017,node-0017,0,0,0
trace-008,mixed,0,5,no-ancestor-expiry,node-0017,node-0017,0,0,0
trace-008,mixed,0,5,no-ancestor-revocation,node-0017,node-0017,0,0,0
trace-008,mixed,0,5,no-alias-obligations,node-0017,node-0017,0,0,0
trace-008,mixed,0,5,top-one,node-0017,node-0017,0,0,0
trace-008,mixed,0,5,expiry-skyline,node-0017,node-0017,0,0,0
trace-008,mixed,0,6,direct,,,0,0,0
trace-008,mixed,0,6,verified,,,0,0,0
trace-008,mixed,0,6,full-compiled,,,0,0,0
trace-008,mixed,0,6,timestamp-only,,node-0039,1,1,1
trace-008,mixed,0,6,no-ancestor-expiry,,,0,0,0
trace-008,mixed,0,6,no-ancestor-revocation,,,0,0,0
trace-008,mixed,0,6,no-alias-obligations,,node-0039,1,1,1
trace-008,mixed,0,6,top-one,,,0,0,0
trace-008,mixed,0,6,expiry-skyline,,,0,0,0
trace-008,mixed,0,7,direct,,,0,0,0
trace-008,mixed,0,7,verified,,,0,0,0
trace-008,mixed,0,7,full-compiled,,,0,0,0
trace-008,mixed,0,7,timestamp-only,,,0,0,0
trace-008,mixed,0,7,no-ancestor-expiry,,,0,0,0
trace-008,mixed,0,7,no-ancestor-revocation,,,0,0,0
trace-008,mixed,0,7,no-alias-obligations,,,0,0,0
trace-008,mixed,0,7,top-one,,,0,0,0
trace-008,mixed,0,7,expiry-skyline,,,0,0,0
trace-008,mixed,0,8,direct,node-0017,node-0017,0,0,0
trace-008,mixed,0,8,verified,node-0017,node-0017,0,0,0
trace-008,mixed,0,8,full-compiled,node-0017,node-0017,0,0,0
trace-008,mixed,0,8,timestamp-only,node-0017,node-0017,0,0,0
trace-008,mixed,0,8,no-ancestor-expiry,node-0017,node-0017,0,0,0
trace-008,mixed,0,8,no-ancestor-revocation,node-0017,node-0017,0,0,0
trace-008,mixed,0,8,no-alias-obligations,node-0017,node-0017,0,0,0
trace-008,mixed,0,8,top-one,node-0017,node-0017,0,0,0
trace-008,mixed,0,8,expiry-skyline,node-0017,node-0017,0,0,0
trace-008,mixed,0,9,direct,node-0017,node-0017,0,0,0
trace-008,mixed,0,9,verified,node-0017,node-0017,0,0,0
trace-008,mixed,0,9,full-compiled,node-0017,node-0017,0,0,0
trace-008,mixed,0,9,timestamp-only,node-0017,node-0017,0,0,0
trace-008,mixed,0,9,no-ancestor-expiry,node-0017,node-0017,0,0,0
trace-008,mixed,0,9,no-ancestor-revocation,node-0017,node-0017,0,0,0
trace-008,mixed,0,9,no-alias-obligations,node-0017,node-0017,0,0,0
trace-008,mixed,0,9,top-one,node-0017,node-0017,0,0,0
trace-008,mixed,0,9,expiry-skyline,node-0017,node-0017,0,0,0
trace-008,mixed,0,10,direct,node-0017,node-0017,0,0,0
trace-008,mixed,0,10,verified,node-0017,node-0017,0,0,0
trace-008,mixed,0,10,full-compiled,node-0017,node-0017,0,0,0
trace-008,mixed,0,10,timestamp-only,node-0017,node-0017,0,0,0
trace-008,mixed,0,10,no-ancestor-expiry,node-0017,node-0017,0,0,0
trace-008,mixed,0,10,no-ancestor-revocation,node-0017,node-0017,0,0,0
trace-008,mixed,0,10,no-alias-obligations,node-0017,node-0017,0,0,0
trace-008,mixed,0,10,top-one,node-0017,node-0017,0,0,0
trace-008,mixed,0,10,expiry-skyline,node-0017,node-0017,0,0,0
trace-008,mixed,0,11,direct,,,0,0,0
trace-008,mixed,0,11,verified,,,0,0,0
trace-008,mixed,0,11,full-compiled,,,0,0,0
trace-008,mixed,0,11,timestamp-only,,node-0038,1,1,1
trace-008,mixed,0,11,no-ancestor-expiry,,,0,0,0
trace-008,mixed,0,11,no-ancestor-revocation,,,0,0,0
trace-008,mixed,0,11,no-alias-obligations,,node-0038,1,1,1
trace-008,mixed,0,11,top-one,,,0,0,0
trace-008,mixed,0,11,expiry-skyline,,,0,0,0
trace-008,mixed,1,0,direct,node-0061,node-0061,0,0,0
trace-008,mixed,1,0,verified,node-0061,node-0061,0,0,0
trace-008,mixed,1,0,full-compiled,node-0061,node-0061,0,0,0
trace-008,mixed,1,0,timestamp-only,node-0061,node-0061,0,0,0
trace-008,mixed,1,0,no-ancestor-expiry,node-0061,node-0061,0,0,0
trace-008,mixed,1,0,no-ancestor-revocation,node-0061,node-0061,0,0,0
trace-008,mixed,1,0,no-alias-obligations,node-0061,node-0061,0,0,0
trace-008,mixed,1,0,top-one,node-0061,node-0061,0,0,0
trace-008,mixed,1,0,expiry-skyline,node-0061,node-0061,0,0,0
trace-008,mixed,1,1,direct,node-0061,node-0061,0,0,0
trace-008,mixed,1,1,verified,node-0061,node-0061,0,0,0
trace-008,mixed,1,1,full-compiled,node-0061,node-0061,0,0,0
trace-008,mixed,1,1,timestamp-only,node-0061,node-0061,0,0,0
trace-008,mixed,1,1,no-ancestor-expiry,node-0061,node-0061,0,0,0
trace-008,mixed,1,1,no-ancestor-revocation,node-0061,node-0061,0,0,0
trace-008,mixed,1,1,no-alias-obligations,node-0061,node-0061,0,0,0
trace-008,mixed,1,1,top-one,node-0061,node-0061,0,0,0
trace-008,mixed,1,1,expiry-skyline,node-0061,node-0061,0,0,0
trace-008,mixed,1,2,direct,node-0047,node-0047,0,0,0
trace-008,mixed,1,2,verified,node-0047,node-0047,0,0,0
trace-008,mixed,1,2,full-compiled,node-0047,node-0047,0,0,0
trace-008,mixed,1,2,timestamp-only,node-0047,node-0024,1,1,1
trace-008,mixed,1,2,no-ancestor-expiry,node-0047,node-0047,0,0,0
trace-008,mixed,1,2,no-ancestor-revocation,node-0047,node-0047,0,0,0
trace-008,mixed,1,2,no-alias-obligations,node-0047,node-0024,1,1,1
trace-008,mixed,1,2,top-one,node-0047,,1,1,0
trace-008,mixed,1,2,expiry-skyline,node-0047,node-0031,1,0,0
trace-008,mixed,1,3,direct,node-0061,node-0061,0,0,0
trace-008,mixed,1,3,verified,node-0061,node-0061,0,0,0
trace-008,mixed,1,3,full-compiled,node-0061,node-0061,0,0,0
trace-008,mixed,1,3,timestamp-only,node-0061,node-0061,0,0,0
trace-008,mixed,1,3,no-ancestor-expiry,node-0061,node-0061,0,0,0
trace-008,mixed,1,3,no-ancestor-revocation,node-0061,node-0061,0,0,0
trace-008,mixed,1,3,no-alias-obligations,node-0061,node-0061,0,0,0
trace-008,mixed,1,3,top-one,node-0061,node-0061,0,0,0
trace-008,mixed,1,3,expiry-skyline,node-0061,node-0061,0,0,0
trace-008,mixed,1,4,direct,node-0061,node-0061,0,0,0
trace-008,mixed,1,4,verified,node-0061,node-0061,0,0,0
trace-008,mixed,1,4,full-compiled,node-0061,node-0061,0,0,0
trace-008,mixed,1,4,timestamp-only,node-0061,node-0061,0,0,0
trace-008,mixed,1,4,no-ancestor-expiry,node-0061,node-0061,0,0,0
trace-008,mixed,1,4,no-ancestor-revocation,node-0061,node-0061,0,0,0
trace-008,mixed,1,4,no-alias-obligations,node-0061,node-0061,0,0,0
trace-008,mixed,1,4,top-one,node-0061,node-0061,0,0,0
trace-008,mixed,1,4,expiry-skyline,node-0061,node-0061,0,0,0
trace-008,mixed,1,5,direct,node-0061,node-0061,0,0,0
trace-008,mixed,1,5,verified,node-0061,node-0061,0,0,0
trace-008,mixed,1,5,full-compiled,node-0061,node-0061,0,0,0
trace-008,mixed,1,5,timestamp-only,node-0061,node-0061,0,0,0
trace-008,mixed,1,5,no-ancestor-expiry,node-0061,node-0061,0,0,0
trace-008,mixed,1,5,no-ancestor-revocation,node-0061,node-0061,0,0,0
trace-008,mixed,1,5,no-alias-obligations,node-0061,node-0061,0,0,0
trace-008,mixed,1,5,top-one,node-0061,node-0061,0,0,0
trace-008,mixed,1,5,expiry-skyline,node-0061,node-0061,0,0,0
trace-008,mixed,1,6,direct,node-0015,node-0015,0,0,0
trace-008,mixed,1,6,verified,node-0015,node-0015,0,0,0
trace-008,mixed,1,6,full-compiled,node-0015,node-0015,0,0,0
trace-008,mixed,1,6,timestamp-only,node-0015,node-0042,1,1,1
trace-008,mixed,1,6,no-ancestor-expiry,node-0015,node-0015,0,0,0
trace-008,mixed,1,6,no-ancestor-revocation,node-0015,node-0015,0,0,0
trace-008,mixed,1,6,no-alias-obligations,node-0015,node-0042,1,1,1
trace-008,mixed,1,6,top-one,node-0015,,1,1,0
trace-008,mixed,1,6,expiry-skyline,node-0015,node-0015,0,0,0
trace-008,mixed,1,7,direct,,,0,0,0
trace-008,mixed,1,7,verified,,,0,0,0
trace-008,mixed,1,7,full-compiled,,,0,0,0
trace-008,mixed,1,7,timestamp-only,,,0,0,0
trace-008,mixed,1,7,no-ancestor-expiry,,,0,0,0
trace-008,mixed,1,7,no-ancestor-revocation,,,0,0,0
trace-008,mixed,1,7,no-alias-obligations,,,0,0,0
trace-008,mixed,1,7,top-one,,,0,0,0
trace-008,mixed,1,7,expiry-skyline,,,0,0,0
trace-008,mixed,1,8,direct,node-0061,node-0061,0,0,0
trace-008,mixed,1,8,verified,node-0061,node-0061,0,0,0
trace-008,mixed,1,8,full-compiled,node-0061,node-0061,0,0,0
trace-008,mixed,1,8,timestamp-only,node-0061,node-0061,0,0,0
trace-008,mixed,1,8,no-ancestor-expiry,node-0061,node-0061,0,0,0
trace-008,mixed,1,8,no-ancestor-revocation,node-0061,node-0061,0,0,0
trace-008,mixed,1,8,no-alias-obligations,node-0061,node-0061,0,0,0
trace-008,mixed,1,8,top-one,node-0061,node-0061,0,0,0
trace-008,mixed,1,8,expiry-skyline,node-0061,node-0061,0,0,0
trace-008,mixed,1,9,direct,node-0061,node-0061,0,0,0
trace-008,mixed,1,9,verified,node-0061,node-0061,0,0,0
trace-008,mixed,1,9,full-compiled,node-0061,node-0061,0,0,0
trace-008,mixed,1,9,timestamp-only,node-0061,node-0061,0,0,0
trace-008,mixed,1,9,no-ancestor-expiry,node-0061,node-0061,0,0,0
trace-008,mixed,1,9,no-ancestor-revocation,node-0061,node-0061,0,0,0
trace-008,mixed,1,9,no-alias-obligations,node-0061,node-0061,0,0,0
trace-008,mixed,1,9,top-one,node-0061,node-0061,0,0,0
trace-008,mixed,1,9,expiry-skyline,node-0061,node-0061,0,0,0
trace-008,mixed,1,10,direct,node-0061,node-0061,0,0,0
trace-008,mixed,1,10,verified,node-0061,node-0061,0,0,0
trace-008,mixed,1,10,full-compiled,node-0061,node-0061,0,0,0
trace-008,mixed,1,10,timestamp-only,node-0061,node-0061,0,0,0
trace-008,mixed,1,10,no-ancestor-expiry,node-0061,node-0061,0,0,0
trace-008,mixed,1,10,no-ancestor-revocation,node-0061,node-0061,0,0,0
trace-008,mixed,1,10,no-alias-obligations,node-0061,node-0061,0,0,0
trace-008,mixed,1,10,top-one,node-0061,node-0061,0,0,0
trace-008,mixed,1,10,expiry-skyline,node-0061,node-0061,0,0,0
trace-008,mixed,1,11,direct,node-0015,node-0015,0,0,0
trace-008,mixed,1,11,verified,node-0015,node-0015,0,0,0
trace-008,mixed,1,11,full-compiled,node-0015,node-0015,0,0,0
trace-008,mixed,1,11,timestamp-only,node-0015,node-0041,1,1,1
trace-008,mixed,1,11,no-ancestor-expiry,node-0015,node-0015,0,0,0
trace-008,mixed,1,11,no-ancestor-revocation,node-0015,node-0015,0,0,0
trace-008,mixed,1,11,no-alias-obligations,node-0015,node-0041,1,1,1
trace-008,mixed,1,11,top-one,node-0015,,1,1,0
trace-008,mixed,1,11,expiry-skyline,node-0015,node-0015,0,0,0
trace-009,mixed,0,0,direct,node-0022,node-0022,0,0,0
trace-009,mixed,0,0,verified,node-0022,node-0022,0,0,0
trace-009,mixed,0,0,full-compiled,node-0022,node-0022,0,0,0
trace-009,mixed,0,0,timestamp-only,node-0022,node-0022,0,0,0
trace-009,mixed,0,0,no-ancestor-expiry,node-0022,node-0022,0,0,0
trace-009,mixed,0,0,no-ancestor-revocation,node-0022,node-0022,0,0,0
trace-009,mixed,0,0,no-alias-obligations,node-0022,node-0022,0,0,0
trace-009,mixed,0,0,top-one,node-0022,node-0022,0,0,0
trace-009,mixed,0,0,expiry-skyline,node-0022,node-0022,0,0,0
trace-009,mixed,0,1,direct,node-0022,node-0022,0,0,0
trace-009,mixed,0,1,verified,node-0022,node-0022,0,0,0
trace-009,mixed,0,1,full-compiled,node-0022,node-0022,0,0,0
trace-009,mixed,0,1,timestamp-only,node-0022,node-0022,0,0,0
trace-009,mixed,0,1,no-ancestor-expiry,node-0022,node-0022,0,0,0
trace-009,mixed,0,1,no-ancestor-revocation,node-0022,node-0022,0,0,0
trace-009,mixed,0,1,no-alias-obligations,node-0022,node-0022,0,0,0
trace-009,mixed,0,1,top-one,node-0022,node-0022,0,0,0
trace-009,mixed,0,1,expiry-skyline,node-0022,node-0022,0,0,0
trace-009,mixed,0,2,direct,node-0032,node-0032,0,0,0
trace-009,mixed,0,2,verified,node-0032,node-0032,0,0,0
trace-009,mixed,0,2,full-compiled,node-0032,node-0032,0,0,0
trace-009,mixed,0,2,timestamp-only,node-0032,node-0003,1,1,1
trace-009,mixed,0,2,no-ancestor-expiry,node-0032,node-0032,0,0,0
trace-009,mixed,0,2,no-ancestor-revocation,node-0032,node-0032,0,0,0
trace-009,mixed,0,2,no-alias-obligations,node-0032,node-0003,1,1,1
trace-009,mixed,0,2,top-one,node-0032,,1,1,0
trace-009,mixed,0,2,expiry-skyline,node-0032,,1,1,0
trace-009,mixed,0,3,direct,node-0022,node-0022,0,0,0
trace-009,mixed,0,3,verified,node-0022,node-0022,0,0,0
trace-009,mixed,0,3,full-compiled,node-0022,node-0022,0,0,0
trace-009,mixed,0,3,timestamp-only,node-0022,node-0022,0,0,0
trace-009,mixed,0,3,no-ancestor-expiry,node-0022,node-0022,0,0,0
trace-009,mixed,0,3,no-ancestor-revocation,node-0022,node-0022,0,0,0
trace-009,mixed,0,3,no-alias-obligations,node-0022,node-0022,0,0,0
trace-009,mixed,0,3,top-one,node-0022,node-0022,0,0,0
trace-009,mixed,0,3,expiry-skyline,node-0022,node-0022,0,0,0
trace-009,mixed,0,4,direct,node-0022,node-0022,0,0,0
trace-009,mixed,0,4,verified,node-0022,node-0022,0,0,0
trace-009,mixed,0,4,full-compiled,node-0022,node-0022,0,0,0
trace-009,mixed,0,4,timestamp-only,node-0022,node-0022,0,0,0
trace-009,mixed,0,4,no-ancestor-expiry,node-0022,node-0022,0,0,0
trace-009,mixed,0,4,no-ancestor-revocation,node-0022,node-0022,0,0,0
trace-009,mixed,0,4,no-alias-obligations,node-0022,node-0022,0,0,0
trace-009,mixed,0,4,top-one,node-0022,node-0022,0,0,0
trace-009,mixed,0,4,expiry-skyline,node-0022,node-0022,0,0,0
trace-009,mixed,0,5,direct,node-0022,node-0022,0,0,0
trace-009,mixed,0,5,verified,node-0022,node-0022,0,0,0
trace-009,mixed,0,5,full-compiled,node-0022,node-0022,0,0,0
trace-009,mixed,0,5,timestamp-only,node-0022,node-0022,0,0,0
trace-009,mixed,0,5,no-ancestor-expiry,node-0022,node-0022,0,0,0
trace-009,mixed,0,5,no-ancestor-revocation,node-0022,node-0022,0,0,0
trace-009,mixed,0,5,no-alias-obligations,node-0022,node-0022,0,0,0
trace-009,mixed,0,5,top-one,node-0022,node-0022,0,0,0
trace-009,mixed,0,5,expiry-skyline,node-0022,node-0022,0,0,0
trace-009,mixed,0,6,direct,node-0048,node-0048,0,0,0
trace-009,mixed,0,6,verified,node-0048,node-0048,0,0,0
trace-009,mixed,0,6,full-compiled,node-0048,node-0048,0,0,0
trace-009,mixed,0,6,timestamp-only,node-0048,node-0022,1,1,1
trace-009,mixed,0,6,no-ancestor-expiry,node-0048,node-0048,0,0,0
trace-009,mixed,0,6,no-ancestor-revocation,node-0048,node-0048,0,0,0
trace-009,mixed,0,6,no-alias-obligations,node-0048,node-0022,1,1,1
trace-009,mixed,0,6,top-one,node-0048,,1,1,0
trace-009,mixed,0,6,expiry-skyline,node-0048,node-0048,0,0,0
trace-009,mixed,0,7,direct,,,0,0,0
trace-009,mixed,0,7,verified,,,0,0,0
trace-009,mixed,0,7,full-compiled,,,0,0,0
trace-009,mixed,0,7,timestamp-only,,,0,0,0
trace-009,mixed,0,7,no-ancestor-expiry,,,0,0,0
trace-009,mixed,0,7,no-ancestor-revocation,,,0,0,0
trace-009,mixed,0,7,no-alias-obligations,,,0,0,0
trace-009,mixed,0,7,top-one,,,0,0,0
trace-009,mixed,0,7,expiry-skyline,,,0,0,0
trace-009,mixed,0,8,direct,node-0022,node-0022,0,0,0
trace-009,mixed,0,8,verified,node-0022,node-0022,0,0,0
trace-009,mixed,0,8,full-compiled,node-0022,node-0022,0,0,0
trace-009,mixed,0,8,timestamp-only,node-0022,node-0022,0,0,0
trace-009,mixed,0,8,no-ancestor-expiry,node-0022,node-0022,0,0,0
trace-009,mixed,0,8,no-ancestor-revocation,node-0022,node-0022,0,0,0
trace-009,mixed,0,8,no-alias-obligations,node-0022,node-0022,0,0,0
trace-009,mixed,0,8,top-one,node-0022,node-0022,0,0,0
trace-009,mixed,0,8,expiry-skyline,node-0022,node-0022,0,0,0
trace-009,mixed,0,9,direct,,,0,0,0
trace-009,mixed,0,9,verified,,,0,0,0
trace-009,mixed,0,9,full-compiled,,,0,0,0
trace-009,mixed,0,9,timestamp-only,,node-0003,1,1,1
trace-009,mixed,0,9,no-ancestor-expiry,,,0,0,0
trace-009,mixed,0,9,no-ancestor-revocation,,,0,0,0
trace-009,mixed,0,9,no-alias-obligations,,node-0003,1,1,1
trace-009,mixed,0,9,top-one,,,0,0,0
trace-009,mixed,0,9,expiry-skyline,,,0,0,0
trace-009,mixed,0,10,direct,node-0022,node-0022,0,0,0
trace-009,mixed,0,10,verified,node-0022,node-0022,0,0,0
trace-009,mixed,0,10,full-compiled,node-0022,node-0022,0,0,0
trace-009,mixed,0,10,timestamp-only,node-0022,node-0022,0,0,0
trace-009,mixed,0,10,no-ancestor-expiry,node-0022,node-0022,0,0,0
trace-009,mixed,0,10,no-ancestor-revocation,node-0022,node-0022,0,0,0
trace-009,mixed,0,10,no-alias-obligations,node-0022,node-0022,0,0,0
trace-009,mixed,0,10,top-one,node-0022,node-0022,0,0,0
trace-009,mixed,0,10,expiry-skyline,node-0022,node-0022,0,0,0
trace-009,mixed,0,11,direct,,,0,0,0
trace-009,mixed,0,11,verified,,,0,0,0
trace-009,mixed,0,11,full-compiled,,,0,0,0
trace-009,mixed,0,11,timestamp-only,,node-0003,1,1,1
trace-009,mixed,0,11,no-ancestor-expiry,,,0,0,0
trace-009,mixed,0,11,no-ancestor-revocation,,,0,0,0
trace-009,mixed,0,11,no-alias-obligations,,node-0003,1,1,1
trace-009,mixed,0,11,top-one,,,0,0,0
trace-009,mixed,0,11,expiry-skyline,,,0,0,0
trace-009,mixed,1,0,direct,node-0008,node-0008,0,0,0
trace-009,mixed,1,0,verified,node-0008,node-0008,0,0,0
trace-009,mixed,1,0,full-compiled,node-0008,node-0008,0,0,0
trace-009,mixed,1,0,timestamp-only,node-0008,node-0008,0,0,0
trace-009,mixed,1,0,no-ancestor-expiry,node-0008,node-0008,0,0,0
trace-009,mixed,1,0,no-ancestor-revocation,node-0008,node-0008,0,0,0
trace-009,mixed,1,0,no-alias-obligations,node-0008,node-0008,0,0,0
trace-009,mixed,1,0,top-one,node-0008,node-0008,0,0,0
trace-009,mixed,1,0,expiry-skyline,node-0008,node-0008,0,0,0
trace-009,mixed,1,1,direct,node-0008,node-0008,0,0,0
trace-009,mixed,1,1,verified,node-0008,node-0008,0,0,0
trace-009,mixed,1,1,full-compiled,node-0008,node-0008,0,0,0
trace-009,mixed,1,1,timestamp-only,node-0008,node-0008,0,0,0
trace-009,mixed,1,1,no-ancestor-expiry,node-0008,node-0008,0,0,0
trace-009,mixed,1,1,no-ancestor-revocation,node-0008,node-0008,0,0,0
trace-009,mixed,1,1,no-alias-obligations,node-0008,node-0008,0,0,0
trace-009,mixed,1,1,top-one,node-0008,node-0008,0,0,0
trace-009,mixed,1,1,expiry-skyline,node-0008,node-0008,0,0,0
trace-009,mixed,1,2,direct,node-0031,node-0031,0,0,0
trace-009,mixed,1,2,verified,node-0031,node-0031,0,0,0
trace-009,mixed,1,2,full-compiled,node-0031,node-0031,0,0,0
trace-009,mixed,1,2,timestamp-only,node-0031,node-0031,0,0,0
trace-009,mixed,1,2,no-ancestor-expiry,node-0031,node-0031,0,0,0
trace-009,mixed,1,2,no-ancestor-revocation,node-0031,node-0031,0,0,0
trace-009,mixed,1,2,no-alias-obligations,node-0031,node-0031,0,0,0
trace-009,mixed,1,2,top-one,node-0031,,1,1,0
trace-009,mixed,1,2,expiry-skyline,node-0031,node-0031,0,0,0
trace-009,mixed,1,3,direct,node-0008,node-0008,0,0,0
trace-009,mixed,1,3,verified,node-0008,node-0008,0,0,0
trace-009,mixed,1,3,full-compiled,node-0008,node-0008,0,0,0
trace-009,mixed,1,3,timestamp-only,node-0008,node-0008,0,0,0
trace-009,mixed,1,3,no-ancestor-expiry,node-0008,node-0008,0,0,0
trace-009,mixed,1,3,no-ancestor-revocation,node-0008,node-0008,0,0,0
trace-009,mixed,1,3,no-alias-obligations,node-0008,node-0008,0,0,0
trace-009,mixed,1,3,top-one,node-0008,node-0008,0,0,0
trace-009,mixed,1,3,expiry-skyline,node-0008,node-0008,0,0,0
trace-009,mixed,1,4,direct,node-0008,node-0008,0,0,0
trace-009,mixed,1,4,verified,node-0008,node-0008,0,0,0
trace-009,mixed,1,4,full-compiled,node-0008,node-0008,0,0,0
trace-009,mixed,1,4,timestamp-only,node-0008,node-0008,0,0,0
trace-009,mixed,1,4,no-ancestor-expiry,node-0008,node-0008,0,0,0
trace-009,mixed,1,4,no-ancestor-revocation,node-0008,node-0008,0,0,0
trace-009,mixed,1,4,no-alias-obligations,node-0008,node-0008,0,0,0
trace-009,mixed,1,4,top-one,node-0008,node-0008,0,0,0
trace-009,mixed,1,4,expiry-skyline,node-0008,node-0008,0,0,0
trace-009,mixed,1,5,direct,node-0014,node-0014,0,0,0
trace-009,mixed,1,5,verified,node-0014,node-0014,0,0,0
trace-009,mixed,1,5,full-compiled,node-0014,node-0014,0,0,0
trace-009,mixed,1,5,timestamp-only,node-0014,node-0014,0,0,0
trace-009,mixed,1,5,no-ancestor-expiry,node-0014,node-0014,0,0,0
trace-009,mixed,1,5,no-ancestor-revocation,node-0014,node-0014,0,0,0
trace-009,mixed,1,5,no-alias-obligations,node-0014,node-0014,0,0,0
trace-009,mixed,1,5,top-one,node-0014,,1,1,0
trace-009,mixed,1,5,expiry-skyline,node-0014,node-0014,0,0,0
trace-009,mixed,1,6,direct,node-0015,node-0015,0,0,0
trace-009,mixed,1,6,verified,node-0015,node-0015,0,0,0
trace-009,mixed,1,6,full-compiled,node-0015,node-0015,0,0,0
trace-009,mixed,1,6,timestamp-only,node-0015,node-0015,0,0,0
trace-009,mixed,1,6,no-ancestor-expiry,node-0015,node-0015,0,0,0
trace-009,mixed,1,6,no-ancestor-revocation,node-0015,node-0015,0,0,0
trace-009,mixed,1,6,no-alias-obligations,node-0015,node-0015,0,0,0
trace-009,mixed,1,6,top-one,node-0015,,1,1,0
trace-009,mixed,1,6,expiry-skyline,node-0015,node-0015,0,0,0
trace-009,mixed,1,7,direct,,,0,0,0
trace-009,mixed,1,7,verified,,,0,0,0
trace-009,mixed,1,7,full-compiled,,,0,0,0
trace-009,mixed,1,7,timestamp-only,,,0,0,0
trace-009,mixed,1,7,no-ancestor-expiry,,,0,0,0
trace-009,mixed,1,7,no-ancestor-revocation,,,0,0,0
trace-009,mixed,1,7,no-alias-obligations,,,0,0,0
trace-009,mixed,1,7,top-one,,,0,0,0
trace-009,mixed,1,7,expiry-skyline,,,0,0,0
trace-009,mixed,1,8,direct,node-0008,node-0008,0,0,0
trace-009,mixed,1,8,verified,node-0008,node-0008,0,0,0
trace-009,mixed,1,8,full-compiled,node-0008,node-0008,0,0,0
trace-009,mixed,1,8,timestamp-only,node-0008,node-0008,0,0,0
trace-009,mixed,1,8,no-ancestor-expiry,node-0008,node-0008,0,0,0
trace-009,mixed,1,8,no-ancestor-revocation,node-0008,node-0008,0,0,0
trace-009,mixed,1,8,no-alias-obligations,node-0008,node-0008,0,0,0
trace-009,mixed,1,8,top-one,node-0008,node-0008,0,0,0
trace-009,mixed,1,8,expiry-skyline,node-0008,node-0008,0,0,0
trace-009,mixed,1,9,direct,,,0,0,0
trace-009,mixed,1,9,verified,,,0,0,0
trace-009,mixed,1,9,full-compiled,,,0,0,0
trace-009,mixed,1,9,timestamp-only,,node-0031,1,1,1
trace-009,mixed,1,9,no-ancestor-expiry,,,0,0,0
trace-009,mixed,1,9,no-ancestor-revocation,,node-0031,1,1,1
trace-009,mixed,1,9,no-alias-obligations,,node-0057,1,1,1
trace-009,mixed,1,9,top-one,,,0,0,0
trace-009,mixed,1,9,expiry-skyline,,,0,0,0
trace-009,mixed,1,10,direct,node-0008,node-0008,0,0,0
trace-009,mixed,1,10,verified,node-0008,node-0008,0,0,0
trace-009,mixed,1,10,full-compiled,node-0008,node-0008,0,0,0
trace-009,mixed,1,10,timestamp-only,node-0008,node-0008,0,0,0
trace-009,mixed,1,10,no-ancestor-expiry,node-0008,node-0008,0,0,0
trace-009,mixed,1,10,no-ancestor-revocation,node-0008,node-0008,0,0,0
trace-009,mixed,1,10,no-alias-obligations,node-0008,node-0008,0,0,0
trace-009,mixed,1,10,top-one,node-0008,node-0008,0,0,0
trace-009,mixed,1,10,expiry-skyline,node-0008,node-0008,0,0,0
trace-009,mixed,1,11,direct,,,0,0,0
trace-009,mixed,1,11,verified,,,0,0,0
trace-009,mixed,1,11,full-compiled,,,0,0,0
trace-009,mixed,1,11,timestamp-only,,node-0031,1,1,1
trace-009,mixed,1,11,no-ancestor-expiry,,,0,0,0
trace-009,mixed,1,11,no-ancestor-revocation,,node-0031,1,1,1
trace-009,mixed,1,11,no-alias-obligations,,,0,0,0
trace-009,mixed,1,11,top-one,,,0,0,0
trace-009,mixed,1,11,expiry-skyline,,,0,0,0
trace-010,mixed,0,0,direct,node-0016,node-0016,0,0,0
trace-010,mixed,0,0,verified,node-0016,node-0016,0,0,0
trace-010,mixed,0,0,full-compiled,node-0016,node-0016,0,0,0
trace-010,mixed,0,0,timestamp-only,node-0016,node-0016,0,0,0
trace-010,mixed,0,0,no-ancestor-expiry,node-0016,node-0016,0,0,0
trace-010,mixed,0,0,no-ancestor-revocation,node-0016,node-0016,0,0,0
trace-010,mixed,0,0,no-alias-obligations,node-0016,node-0016,0,0,0
trace-010,mixed,0,0,top-one,node-0016,node-0016,0,0,0
trace-010,mixed,0,0,expiry-skyline,node-0016,node-0016,0,0,0
trace-010,mixed,0,1,direct,node-0016,node-0016,0,0,0
trace-010,mixed,0,1,verified,node-0016,node-0016,0,0,0
trace-010,mixed,0,1,full-compiled,node-0016,node-0016,0,0,0
trace-010,mixed,0,1,timestamp-only,node-0016,node-0016,0,0,0
trace-010,mixed,0,1,no-ancestor-expiry,node-0016,node-0016,0,0,0
trace-010,mixed,0,1,no-ancestor-revocation,node-0016,node-0016,0,0,0
trace-010,mixed,0,1,no-alias-obligations,node-0016,node-0016,0,0,0
trace-010,mixed,0,1,top-one,node-0016,node-0016,0,0,0
trace-010,mixed,0,1,expiry-skyline,node-0016,node-0016,0,0,0
trace-010,mixed,0,2,direct,node-0000,node-0000,0,0,0
trace-010,mixed,0,2,verified,node-0000,node-0000,0,0,0
trace-010,mixed,0,2,full-compiled,node-0000,node-0000,0,0,0
trace-010,mixed,0,2,timestamp-only,node-0000,node-0007,1,1,1
trace-010,mixed,0,2,no-ancestor-expiry,node-0000,node-0000,0,0,0
trace-010,mixed,0,2,no-ancestor-revocation,node-0000,node-0000,0,0,0
trace-010,mixed,0,2,no-alias-obligations,node-0000,node-0007,1,1,1
trace-010,mixed,0,2,top-one,node-0000,,1,1,0
trace-010,mixed,0,2,expiry-skyline,node-0000,,1,1,0
trace-010,mixed,0,3,direct,node-0016,node-0016,0,0,0
trace-010,mixed,0,3,verified,node-0016,node-0016,0,0,0
trace-010,mixed,0,3,full-compiled,node-0016,node-0016,0,0,0
trace-010,mixed,0,3,timestamp-only,node-0016,node-0016,0,0,0
trace-010,mixed,0,3,no-ancestor-expiry,node-0016,node-0016,0,0,0
trace-010,mixed,0,3,no-ancestor-revocation,node-0016,node-0016,0,0,0
trace-010,mixed,0,3,no-alias-obligations,node-0016,node-0016,0,0,0
trace-010,mixed,0,3,top-one,node-0016,node-0016,0,0,0
trace-010,mixed,0,3,expiry-skyline,node-0016,node-0016,0,0,0
trace-010,mixed,0,4,direct,node-0016,node-0016,0,0,0
trace-010,mixed,0,4,verified,node-0016,node-0016,0,0,0
trace-010,mixed,0,4,full-compiled,node-0016,node-0016,0,0,0
trace-010,mixed,0,4,timestamp-only,node-0016,node-0016,0,0,0
trace-010,mixed,0,4,no-ancestor-expiry,node-0016,node-0016,0,0,0
trace-010,mixed,0,4,no-ancestor-revocation,node-0016,node-0016,0,0,0
trace-010,mixed,0,4,no-alias-obligations,node-0016,node-0016,0,0,0
trace-010,mixed,0,4,top-one,node-0016,node-0016,0,0,0
trace-010,mixed,0,4,expiry-skyline,node-0016,node-0016,0,0,0
trace-010,mixed,0,5,direct,node-0053,node-0053,0,0,0
trace-010,mixed,0,5,verified,node-0053,node-0053,0,0,0
trace-010,mixed,0,5,full-compiled,node-0053,node-0053,0,0,0
trace-010,mixed,0,5,timestamp-only,node-0053,node-0016,1,1,1
trace-010,mixed,0,5,no-ancestor-expiry,node-0053,node-0016,1,1,1
trace-010,mixed,0,5,no-ancestor-revocation,node-0053,node-0053,0,0,0
trace-010,mixed,0,5,no-alias-obligations,node-0053,node-0053,0,0,0
trace-010,mixed,0,5,top-one,node-0053,,1,1,0
trace-010,mixed,0,5,expiry-skyline,node-0053,node-0053,0,0,0
trace-010,mixed,0,6,direct,,,0,0,0
trace-010,mixed,0,6,verified,,,0,0,0
trace-010,mixed,0,6,full-compiled,,,0,0,0
trace-010,mixed,0,6,timestamp-only,,node-0053,1,1,1
trace-010,mixed,0,6,no-ancestor-expiry,,,0,0,0
trace-010,mixed,0,6,no-ancestor-revocation,,,0,0,0
trace-010,mixed,0,6,no-alias-obligations,,node-0007,1,1,1
trace-010,mixed,0,6,top-one,,,0,0,0
trace-010,mixed,0,6,expiry-skyline,,,0,0,0
trace-010,mixed,0,7,direct,,,0,0,0
trace-010,mixed,0,7,verified,,,0,0,0
trace-010,mixed,0,7,full-compiled,,,0,0,0
trace-010,mixed,0,7,timestamp-only,,,0,0,0
trace-010,mixed,0,7,no-ancestor-expiry,,,0,0,0
trace-010,mixed,0,7,no-ancestor-revocation,,,0,0,0
trace-010,mixed,0,7,no-alias-obligations,,,0,0,0
trace-010,mixed,0,7,top-one,,,0,0,0
trace-010,mixed,0,7,expiry-skyline,,,0,0,0
trace-010,mixed,0,8,direct,node-0016,node-0016,0,0,0
trace-010,mixed,0,8,verified,node-0016,node-0016,0,0,0
trace-010,mixed,0,8,full-compiled,node-0016,node-0016,0,0,0
trace-010,mixed,0,8,timestamp-only,node-0016,node-0016,0,0,0
trace-010,mixed,0,8,no-ancestor-expiry,node-0016,node-0016,0,0,0
trace-010,mixed,0,8,no-ancestor-revocation,node-0016,node-0016,0,0,0
trace-010,mixed,0,8,no-alias-obligations,node-0016,node-0016,0,0,0
trace-010,mixed,0,8,top-one,node-0016,node-0016,0,0,0
trace-010,mixed,0,8,expiry-skyline,node-0016,node-0016,0,0,0
trace-010,mixed,0,9,direct,node-0000,node-0000,0,0,0
trace-010,mixed,0,9,verified,node-0000,node-0000,0,0,0
trace-010,mixed,0,9,full-compiled,node-0000,node-0000,0,0,0
trace-010,mixed,0,9,timestamp-only,node-0000,node-0007,1,1,1
trace-010,mixed,0,9,no-ancestor-expiry,node-0000,node-0000,0,0,0
trace-010,mixed,0,9,no-ancestor-revocation,node-0000,node-0000,0,0,0
trace-010,mixed,0,9,no-alias-obligations,node-0000,node-0007,1,1,1
trace-010,mixed,0,9,top-one,node-0000,,1,1,0
trace-010,mixed,0,9,expiry-skyline,node-0000,,1,1,0
trace-010,mixed,0,10,direct,node-0053,node-0053,0,0,0
trace-010,mixed,0,10,verified,node-0053,node-0053,0,0,0
trace-010,mixed,0,10,full-compiled,node-0053,node-0053,0,0,0
trace-010,mixed,0,10,timestamp-only,node-0053,node-0016,1,1,1
trace-010,mixed,0,10,no-ancestor-expiry,node-0053,node-0053,0,0,0
trace-010,mixed,0,10,no-ancestor-revocation,node-0053,node-0053,0,0,0
trace-010,mixed,0,10,no-alias-obligations,node-0053,node-0053,0,0,0
trace-010,mixed,0,10,top-one,node-0053,,1,1,0
trace-010,mixed,0,10,expiry-skyline,node-0053,node-0053,0,0,0
trace-010,mixed,0,11,direct,,,0,0,0
trace-010,mixed,0,11,verified,,,0,0,0
trace-010,mixed,0,11,full-compiled,,,0,0,0
trace-010,mixed,0,11,timestamp-only,,node-0034,1,1,1
trace-010,mixed,0,11,no-ancestor-expiry,,,0,0,0
trace-010,mixed,0,11,no-ancestor-revocation,,,0,0,0
trace-010,mixed,0,11,no-alias-obligations,,node-0003,1,1,1
trace-010,mixed,0,11,top-one,,,0,0,0
trace-010,mixed,0,11,expiry-skyline,,,0,0,0
trace-010,mixed,1,0,direct,node-0014,node-0014,0,0,0
trace-010,mixed,1,0,verified,node-0014,node-0014,0,0,0
trace-010,mixed,1,0,full-compiled,node-0014,node-0014,0,0,0
trace-010,mixed,1,0,timestamp-only,node-0014,node-0014,0,0,0
trace-010,mixed,1,0,no-ancestor-expiry,node-0014,node-0014,0,0,0
trace-010,mixed,1,0,no-ancestor-revocation,node-0014,node-0014,0,0,0
trace-010,mixed,1,0,no-alias-obligations,node-0014,node-0014,0,0,0
trace-010,mixed,1,0,top-one,node-0014,node-0014,0,0,0
trace-010,mixed,1,0,expiry-skyline,node-0014,node-0014,0,0,0
trace-010,mixed,1,1,direct,node-0014,node-0014,0,0,0
trace-010,mixed,1,1,verified,node-0014,node-0014,0,0,0
trace-010,mixed,1,1,full-compiled,node-0014,node-0014,0,0,0
trace-010,mixed,1,1,timestamp-only,node-0014,node-0014,0,0,0
trace-010,mixed,1,1,no-ancestor-expiry,node-0014,node-0014,0,0,0
trace-010,mixed,1,1,no-ancestor-revocation,node-0014,node-0014,0,0,0
trace-010,mixed,1,1,no-alias-obligations,node-0014,node-0014,0,0,0
trace-010,mixed,1,1,top-one,node-0014,node-0014,0,0,0
trace-010,mixed,1,1,expiry-skyline,node-0014,node-0014,0,0,0
trace-010,mixed,1,2,direct,node-0015,node-0015,0,0,0
trace-010,mixed,1,2,verified,node-0015,node-0015,0,0,0
trace-010,mixed,1,2,full-compiled,node-0015,node-0015,0,0,0
trace-010,mixed,1,2,timestamp-only,node-0015,node-0042,1,0,1
trace-010,mixed,1,2,no-ancestor-expiry,node-0015,node-0015,0,0,0
trace-010,mixed,1,2,no-ancestor-revocation,node-0015,node-0015,0,0,0
trace-010,mixed,1,2,no-alias-obligations,node-0015,node-0042,1,0,1
trace-010,mixed,1,2,top-one,node-0015,,1,1,0
trace-010,mixed,1,2,expiry-skyline,node-0015,,1,1,0
trace-010,mixed,1,3,direct,node-0014,node-0014,0,0,0
trace-010,mixed,1,3,verified,node-0014,node-0014,0,0,0
trace-010,mixed,1,3,full-compiled,node-0014,node-0014,0,0,0
trace-010,mixed,1,3,timestamp-only,node-0014,node-0014,0,0,0
trace-010,mixed,1,3,no-ancestor-expiry,node-0014,node-0014,0,0,0
trace-010,mixed,1,3,no-ancestor-revocation,node-0014,node-0014,0,0,0
trace-010,mixed,1,3,no-alias-obligations,node-0014,node-0014,0,0,0
trace-010,mixed,1,3,top-one,node-0014,node-0014,0,0,0
trace-010,mixed,1,3,expiry-skyline,node-0014,node-0014,0,0,0
trace-010,mixed,1,4,direct,node-0014,node-0014,0,0,0
trace-010,mixed,1,4,verified,node-0014,node-0014,0,0,0
trace-010,mixed,1,4,full-compiled,node-0014,node-0014,0,0,0
trace-010,mixed,1,4,timestamp-only,node-0014,node-0014,0,0,0
trace-010,mixed,1,4,no-ancestor-expiry,node-0014,node-0014,0,0,0
trace-010,mixed,1,4,no-ancestor-revocation,node-0014,node-0014,0,0,0
trace-010,mixed,1,4,no-alias-obligations,node-0014,node-0014,0,0,0
trace-010,mixed,1,4,top-one,node-0014,node-0014,0,0,0
trace-010,mixed,1,4,expiry-skyline,node-0014,node-0014,0,0,0
trace-010,mixed,1,5,direct,node-0014,node-0014,0,0,0
trace-010,mixed,1,5,verified,node-0014,node-0014,0,0,0
trace-010,mixed,1,5,full-compiled,node-0014,node-0014,0,0,0
trace-010,mixed,1,5,timestamp-only,node-0014,node-0014,0,0,0
trace-010,mixed,1,5,no-ancestor-expiry,node-0014,node-0014,0,0,0
trace-010,mixed,1,5,no-ancestor-revocation,node-0014,node-0014,0,0,0
trace-010,mixed,1,5,no-alias-obligations,node-0014,node-0014,0,0,0
trace-010,mixed,1,5,top-one,node-0014,node-0014,0,0,0
trace-010,mixed,1,5,expiry-skyline,node-0014,node-0014,0,0,0
trace-010,mixed,1,6,direct,,,0,0,0
trace-010,mixed,1,6,verified,,,0,0,0
trace-010,mixed,1,6,full-compiled,,,0,0,0
trace-010,mixed,1,6,timestamp-only,,node-0014,1,1,1
trace-010,mixed,1,6,no-ancestor-expiry,,,0,0,0
trace-010,mixed,1,6,no-ancestor-revocation,,,0,0,0
trace-010,mixed,1,6,no-alias-obligations,,node-0014,1,1,1
trace-010,mixed,1,6,top-one,,,0,0,0
trace-010,mixed,1,6,expiry-skyline,,,0,0,0
trace-010,mixed,1,7,direct,,,0,0,0
trace-010,mixed,1,7,verified,,,0,0,0
trace-010,mixed,1,7,full-compiled,,,0,0,0
trace-010,mixed,1,7,timestamp-only,,,0,0,0
trace-010,mixed,1,7,no-ancestor-expiry,,,0,0,0
trace-010,mixed,1,7,no-ancestor-revocation,,,0,0,0
trace-010,mixed,1,7,no-alias-obligations,,,0,0,0
trace-010,mixed,1,7,top-one,,,0,0,0
trace-010,mixed,1,7,expiry-skyline,,,0,0,0
trace-010,mixed,1,8,direct,node-0014,node-0014,0,0,0
trace-010,mixed,1,8,verified,node-0014,node-0014,0,0,0
trace-010,mixed,1,8,full-compiled,node-0014,node-0014,0,0,0
trace-010,mixed,1,8,timestamp-only,node-0014,node-0014,0,0,0
trace-010,mixed,1,8,no-ancestor-expiry,node-0014,node-0014,0,0,0
trace-010,mixed,1,8,no-ancestor-revocation,node-0014,node-0014,0,0,0
trace-010,mixed,1,8,no-alias-obligations,node-0014,node-0014,0,0,0
trace-010,mixed,1,8,top-one,node-0014,node-0014,0,0,0
trace-010,mixed,1,8,expiry-skyline,node-0014,node-0014,0,0,0
trace-010,mixed,1,9,direct,node-0015,node-0015,0,0,0
trace-010,mixed,1,9,verified,node-0015,node-0015,0,0,0
trace-010,mixed,1,9,full-compiled,node-0015,node-0015,0,0,0
trace-010,mixed,1,9,timestamp-only,node-0015,node-0042,1,0,1
trace-010,mixed,1,9,no-ancestor-expiry,node-0015,node-0015,0,0,0
trace-010,mixed,1,9,no-ancestor-revocation,node-0015,node-0015,0,0,0
trace-010,mixed,1,9,no-alias-obligations,node-0015,node-0042,1,0,1
trace-010,mixed,1,9,top-one,node-0015,,1,1,0
trace-010,mixed,1,9,expiry-skyline,node-0015,,1,1,0
trace-010,mixed,1,10,direct,node-0014,node-0014,0,0,0
trace-010,mixed,1,10,verified,node-0014,node-0014,0,0,0
trace-010,mixed,1,10,full-compiled,node-0014,node-0014,0,0,0
trace-010,mixed,1,10,timestamp-only,node-0014,node-0014,0,0,0
trace-010,mixed,1,10,no-ancestor-expiry,node-0014,node-0014,0,0,0
trace-010,mixed,1,10,no-ancestor-revocation,node-0014,node-0014,0,0,0
trace-010,mixed,1,10,no-alias-obligations,node-0014,node-0014,0,0,0
trace-010,mixed,1,10,top-one,node-0014,node-0014,0,0,0
trace-010,mixed,1,10,expiry-skyline,node-0014,node-0014,0,0,0
trace-010,mixed,1,11,direct,,,0,0,0
trace-010,mixed,1,11,verified,,,0,0,0
trace-010,mixed,1,11,full-compiled,,,0,0,0
trace-010,mixed,1,11,timestamp-only,,node-0060,1,1,1
trace-010,mixed,1,11,no-ancestor-expiry,,,0,0,0
trace-010,mixed,1,11,no-ancestor-revocation,,,0,0,0
trace-010,mixed,1,11,no-alias-obligations,,node-0060,1,1,1
trace-010,mixed,1,11,top-one,,,0,0,0
trace-010,mixed,1,11,expiry-skyline,,,0,0,0
trace-011,mixed,0,0,direct,node-0033,node-0033,0,0,0
trace-011,mixed,0,0,verified,node-0033,node-0033,0,0,0
trace-011,mixed,0,0,full-compiled,node-0033,node-0033,0,0,0
trace-011,mixed,0,0,timestamp-only,node-0033,node-0033,0,0,0
trace-011,mixed,0,0,no-ancestor-expiry,node-0033,node-0033,0,0,0
trace-011,mixed,0,0,no-ancestor-revocation,node-0033,node-0033,0,0,0
trace-011,mixed,0,0,no-alias-obligations,node-0033,node-0033,0,0,0
trace-011,mixed,0,0,top-one,node-0033,node-0033,0,0,0
trace-011,mixed,0,0,expiry-skyline,node-0033,node-0033,0,0,0
trace-011,mixed,0,1,direct,node-0033,node-0033,0,0,0
trace-011,mixed,0,1,verified,node-0033,node-0033,0,0,0
trace-011,mixed,0,1,full-compiled,node-0033,node-0033,0,0,0
trace-011,mixed,0,1,timestamp-only,node-0033,node-0033,0,0,0
trace-011,mixed,0,1,no-ancestor-expiry,node-0033,node-0033,0,0,0
trace-011,mixed,0,1,no-ancestor-revocation,node-0033,node-0033,0,0,0
trace-011,mixed,0,1,no-alias-obligations,node-0033,node-0033,0,0,0
trace-011,mixed,0,1,top-one,node-0033,node-0033,0,0,0
trace-011,mixed,0,1,expiry-skyline,node-0033,node-0033,0,0,0
trace-011,mixed,0,2,direct,node-0016,node-0016,0,0,0
trace-011,mixed,0,2,verified,node-0016,node-0016,0,0,0
trace-011,mixed,0,2,full-compiled,node-0016,node-0016,0,0,0
trace-011,mixed,0,2,timestamp-only,node-0016,node-0051,1,1,1
trace-011,mixed,0,2,no-ancestor-expiry,node-0016,node-0016,0,0,0
trace-011,mixed,0,2,no-ancestor-revocation,node-0016,node-0016,0,0,0
trace-011,mixed,0,2,no-alias-obligations,node-0016,node-0051,1,1,1
trace-011,mixed,0,2,top-one,node-0016,,1,1,0
trace-011,mixed,0,2,expiry-skyline,node-0016,,1,1,0
trace-011,mixed,0,3,direct,node-0033,node-0033,0,0,0
trace-011,mixed,0,3,verified,node-0033,node-0033,0,0,0
trace-011,mixed,0,3,full-compiled,node-0033,node-0033,0,0,0
trace-011,mixed,0,3,timestamp-only,node-0033,node-0033,0,0,0
trace-011,mixed,0,3,no-ancestor-expiry,node-0033,node-0033,0,0,0
trace-011,mixed,0,3,no-ancestor-revocation,node-0033,node-0033,0,0,0
trace-011,mixed,0,3,no-alias-obligations,node-0033,node-0033,0,0,0
trace-011,mixed,0,3,top-one,node-0033,node-0033,0,0,0
trace-011,mixed,0,3,expiry-skyline,node-0033,node-0033,0,0,0
trace-011,mixed,0,4,direct,node-0033,node-0033,0,0,0
trace-011,mixed,0,4,verified,node-0033,node-0033,0,0,0
trace-011,mixed,0,4,full-compiled,node-0033,node-0033,0,0,0
trace-011,mixed,0,4,timestamp-only,node-0033,node-0033,0,0,0
trace-011,mixed,0,4,no-ancestor-expiry,node-0033,node-0033,0,0,0
trace-011,mixed,0,4,no-ancestor-revocation,node-0033,node-0033,0,0,0
trace-011,mixed,0,4,no-alias-obligations,node-0033,node-0033,0,0,0
trace-011,mixed,0,4,top-one,node-0033,node-0033,0,0,0
trace-011,mixed,0,4,expiry-skyline,node-0033,node-0033,0,0,0
trace-011,mixed,0,5,direct,node-0033,node-0033,0,0,0
trace-011,mixed,0,5,verified,node-0033,node-0033,0,0,0
trace-011,mixed,0,5,full-compiled,node-0033,node-0033,0,0,0
trace-011,mixed,0,5,timestamp-only,node-0033,node-0033,0,0,0
trace-011,mixed,0,5,no-ancestor-expiry,node-0033,node-0033,0,0,0
trace-011,mixed,0,5,no-ancestor-revocation,node-0033,node-0033,0,0,0
trace-011,mixed,0,5,no-alias-obligations,node-0033,node-0033,0,0,0
trace-011,mixed,0,5,top-one,node-0033,node-0033,0,0,0
trace-011,mixed,0,5,expiry-skyline,node-0033,node-0033,0,0,0
trace-011,mixed,0,6,direct,node-0002,node-0002,0,0,0
trace-011,mixed,0,6,verified,node-0002,node-0002,0,0,0
trace-011,mixed,0,6,full-compiled,node-0002,node-0002,0,0,0
trace-011,mixed,0,6,timestamp-only,node-0002,node-0036,1,1,1
trace-011,mixed,0,6,no-ancestor-expiry,node-0002,node-0002,0,0,0
trace-011,mixed,0,6,no-ancestor-revocation,node-0002,node-0002,0,0,0
trace-011,mixed,0,6,no-alias-obligations,node-0002,node-0036,1,1,1
trace-011,mixed,0,6,top-one,node-0002,,1,1,0
trace-011,mixed,0,6,expiry-skyline,node-0002,node-0002,0,0,0
trace-011,mixed,0,7,direct,,,0,0,0
trace-011,mixed,0,7,verified,,,0,0,0
trace-011,mixed,0,7,full-compiled,,,0,0,0
trace-011,mixed,0,7,timestamp-only,,,0,0,0
trace-011,mixed,0,7,no-ancestor-expiry,,,0,0,0
trace-011,mixed,0,7,no-ancestor-revocation,,,0,0,0
trace-011,mixed,0,7,no-alias-obligations,,,0,0,0
trace-011,mixed,0,7,top-one,,,0,0,0
trace-011,mixed,0,7,expiry-skyline,,,0,0,0
trace-011,mixed,0,8,direct,node-0016,node-0016,0,0,0
trace-011,mixed,0,8,verified,node-0016,node-0016,0,0,0
trace-011,mixed,0,8,full-compiled,node-0016,node-0016,0,0,0
trace-011,mixed,0,8,timestamp-only,node-0016,node-0051,1,1,1
trace-011,mixed,0,8,no-ancestor-expiry,node-0016,node-0016,0,0,0
trace-011,mixed,0,8,no-ancestor-revocation,node-0016,node-0016,0,0,0
trace-011,mixed,0,8,no-alias-obligations,node-0016,node-0051,1,1,1
trace-011,mixed,0,8,top-one,node-0016,,1,1,0
trace-011,mixed,0,8,expiry-skyline,node-0016,,1,1,0
trace-011,mixed,0,9,direct,node-0033,node-0033,0,0,0
trace-011,mixed,0,9,verified,node-0033,node-0033,0,0,0
trace-011,mixed,0,9,full-compiled,node-0033,node-0033,0,0,0
trace-011,mixed,0,9,timestamp-only,node-0033,node-0033,0,0,0
trace-011,mixed,0,9,no-ancestor-expiry,node-0033,node-0033,0,0,0
trace-011,mixed,0,9,no-ancestor-revocation,node-0033,node-0033,0,0,0
trace-011,mixed,0,9,no-alias-obligations,node-0033,node-0033,0,0,0
trace-011,mixed,0,9,top-one,node-0033,node-0033,0,0,0
trace-011,mixed,0,9,expiry-skyline,node-0033,node-0033,0,0,0
trace-011,mixed,0,10,direct,node-0033,node-0033,0,0,0
trace-011,mixed,0,10,verified,node-0033,node-0033,0,0,0
trace-011,mixed,0,10,full-compiled,node-0033,node-0033,0,0,0
trace-011,mixed,0,10,timestamp-only,node-0033,node-0033,0,0,0
trace-011,mixed,0,10,no-ancestor-expiry,node-0033,node-0033,0,0,0
trace-011,mixed,0,10,no-ancestor-revocation,node-0033,node-0033,0,0,0
trace-011,mixed,0,10,no-alias-obligations,node-0033,node-0033,0,0,0
trace-011,mixed,0,10,top-one,node-0033,node-0033,0,0,0
trace-011,mixed,0,10,expiry-skyline,node-0033,node-0033,0,0,0
trace-011,mixed,0,11,direct,,,0,0,0
trace-011,mixed,0,11,verified,,,0,0,0
trace-011,mixed,0,11,full-compiled,,,0,0,0
trace-011,mixed,0,11,timestamp-only,,,0,0,0
trace-011,mixed,0,11,no-ancestor-expiry,,,0,0,0
trace-011,mixed,0,11,no-ancestor-revocation,,,0,0,0
trace-011,mixed,0,11,no-alias-obligations,,,0,0,0
trace-011,mixed,0,11,top-one,,,0,0,0
trace-011,mixed,0,11,expiry-skyline,,,0,0,0
trace-011,mixed,1,0,direct,node-0058,node-0058,0,0,0
trace-011,mixed,1,0,verified,node-0058,node-0058,0,0,0
trace-011,mixed,1,0,full-compiled,node-0058,node-0058,0,0,0
trace-011,mixed,1,0,timestamp-only,node-0058,node-0058,0,0,0
trace-011,mixed,1,0,no-ancestor-expiry,node-0058,node-0058,0,0,0
trace-011,mixed,1,0,no-ancestor-revocation,node-0058,node-0058,0,0,0
trace-011,mixed,1,0,no-alias-obligations,node-0058,node-0058,0,0,0
trace-011,mixed,1,0,top-one,node-0058,node-0058,0,0,0
trace-011,mixed,1,0,expiry-skyline,node-0058,node-0058,0,0,0
trace-011,mixed,1,1,direct,node-0058,node-0058,0,0,0
trace-011,mixed,1,1,verified,node-0058,node-0058,0,0,0
trace-011,mixed,1,1,full-compiled,node-0058,node-0058,0,0,0
trace-011,mixed,1,1,timestamp-only,node-0058,node-0058,0,0,0
trace-011,mixed,1,1,no-ancestor-expiry,node-0058,node-0058,0,0,0
trace-011,mixed,1,1,no-ancestor-revocation,node-0058,node-0058,0,0,0
trace-011,mixed,1,1,no-alias-obligations,node-0058,node-0058,0,0,0
trace-011,mixed,1,1,top-one,node-0058,node-0058,0,0,0
trace-011,mixed,1,1,expiry-skyline,node-0058,node-0058,0,0,0
trace-011,mixed,1,2,direct,node-0063,node-0063,0,0,0
trace-011,mixed,1,2,verified,node-0063,node-0063,0,0,0
trace-011,mixed,1,2,full-compiled,node-0063,node-0063,0,0,0
trace-011,mixed,1,2,timestamp-only,node-0063,node-0008,1,1,1
trace-011,mixed,1,2,no-ancestor-expiry,node-0063,node-0063,0,0,0
trace-011,mixed,1,2,no-ancestor-revocation,node-0063,node-0063,0,0,0
trace-011,mixed,1,2,no-alias-obligations,node-0063,node-0008,1,1,1
trace-011,mixed,1,2,top-one,node-0063,,1,1,0
trace-011,mixed,1,2,expiry-skyline,node-0063,,1,1,0
trace-011,mixed,1,3,direct,node-0058,node-0058,0,0,0
trace-011,mixed,1,3,verified,node-0058,node-0058,0,0,0
trace-011,mixed,1,3,full-compiled,node-0058,node-0058,0,0,0
trace-011,mixed,1,3,timestamp-only,node-0058,node-0058,0,0,0
trace-011,mixed,1,3,no-ancestor-expiry,node-0058,node-0058,0,0,0
trace-011,mixed,1,3,no-ancestor-revocation,node-0058,node-0058,0,0,0
trace-011,mixed,1,3,no-alias-obligations,node-0058,node-0058,0,0,0
trace-011,mixed,1,3,top-one,node-0058,node-0058,0,0,0
trace-011,mixed,1,3,expiry-skyline,node-0058,node-0058,0,0,0
trace-011,mixed,1,4,direct,node-0058,node-0058,0,0,0
trace-011,mixed,1,4,verified,node-0058,node-0058,0,0,0
trace-011,mixed,1,4,full-compiled,node-0058,node-0058,0,0,0
trace-011,mixed,1,4,timestamp-only,node-0058,node-0058,0,0,0
trace-011,mixed,1,4,no-ancestor-expiry,node-0058,node-0058,0,0,0
trace-011,mixed,1,4,no-ancestor-revocation,node-0058,node-0058,0,0,0
trace-011,mixed,1,4,no-alias-obligations,node-0058,node-0058,0,0,0
trace-011,mixed,1,4,top-one,node-0058,node-0058,0,0,0
trace-011,mixed,1,4,expiry-skyline,node-0058,node-0058,0,0,0
trace-011,mixed,1,5,direct,node-0058,node-0058,0,0,0
trace-011,mixed,1,5,verified,node-0058,node-0058,0,0,0
trace-011,mixed,1,5,full-compiled,node-0058,node-0058,0,0,0
trace-011,mixed,1,5,timestamp-only,node-0058,node-0058,0,0,0
trace-011,mixed,1,5,no-ancestor-expiry,node-0058,node-0058,0,0,0
trace-011,mixed,1,5,no-ancestor-revocation,node-0058,node-0058,0,0,0
trace-011,mixed,1,5,no-alias-obligations,node-0058,node-0058,0,0,0
trace-011,mixed,1,5,top-one,node-0058,node-0058,0,0,0
trace-011,mixed,1,5,expiry-skyline,node-0058,node-0058,0,0,0
trace-011,mixed,1,6,direct,,,0,0,0
trace-011,mixed,1,6,verified,,,0,0,0
trace-011,mixed,1,6,full-compiled,,,0,0,0
trace-011,mixed,1,6,timestamp-only,,node-0058,1,1,1
trace-011,mixed,1,6,no-ancestor-expiry,,,0,0,0
trace-011,mixed,1,6,no-ancestor-revocation,,,0,0,0
trace-011,mixed,1,6,no-alias-obligations,,node-0058,1,1,1
trace-011,mixed,1,6,top-one,,,0,0,0
trace-011,mixed,1,6,expiry-skyline,,,0,0,0
trace-011,mixed,1,7,direct,,,0,0,0
trace-011,mixed,1,7,verified,,,0,0,0
trace-011,mixed,1,7,full-compiled,,,0,0,0
trace-011,mixed,1,7,timestamp-only,,,0,0,0
trace-011,mixed,1,7,no-ancestor-expiry,,,0,0,0
trace-011,mixed,1,7,no-ancestor-revocation,,,0,0,0
trace-011,mixed,1,7,no-alias-obligations,,,0,0,0
trace-011,mixed,1,7,top-one,,,0,0,0
trace-011,mixed,1,7,expiry-skyline,,,0,0,0
trace-011,mixed,1,8,direct,node-0063,node-0063,0,0,0
trace-011,mixed,1,8,verified,node-0063,node-0063,0,0,0
trace-011,mixed,1,8,full-compiled,node-0063,node-0063,0,0,0
trace-011,mixed,1,8,timestamp-only,node-0063,node-0008,1,1,1
trace-011,mixed,1,8,no-ancestor-expiry,node-0063,node-0063,0,0,0
trace-011,mixed,1,8,no-ancestor-revocation,node-0063,node-0063,0,0,0
trace-011,mixed,1,8,no-alias-obligations,node-0063,node-0008,1,1,1
trace-011,mixed,1,8,top-one,node-0063,,1,1,0
trace-011,mixed,1,8,expiry-skyline,node-0063,,1,1,0
trace-011,mixed,1,9,direct,node-0058,node-0058,0,0,0
trace-011,mixed,1,9,verified,node-0058,node-0058,0,0,0
trace-011,mixed,1,9,full-compiled,node-0058,node-0058,0,0,0
trace-011,mixed,1,9,timestamp-only,node-0058,node-0058,0,0,0
trace-011,mixed,1,9,no-ancestor-expiry,node-0058,node-0058,0,0,0
trace-011,mixed,1,9,no-ancestor-revocation,node-0058,node-0058,0,0,0
trace-011,mixed,1,9,no-alias-obligations,node-0058,node-0058,0,0,0
trace-011,mixed,1,9,top-one,node-0058,node-0058,0,0,0
trace-011,mixed,1,9,expiry-skyline,node-0058,node-0058,0,0,0
trace-011,mixed,1,10,direct,node-0058,node-0058,0,0,0
trace-011,mixed,1,10,verified,node-0058,node-0058,0,0,0
trace-011,mixed,1,10,full-compiled,node-0058,node-0058,0,0,0
trace-011,mixed,1,10,timestamp-only,node-0058,node-0058,0,0,0
trace-011,mixed,1,10,no-ancestor-expiry,node-0058,node-0058,0,0,0
trace-011,mixed,1,10,no-ancestor-revocation,node-0058,node-0058,0,0,0
trace-011,mixed,1,10,no-alias-obligations,node-0058,node-0058,0,0,0
trace-011,mixed,1,10,top-one,node-0058,node-0058,0,0,0
trace-011,mixed,1,10,expiry-skyline,node-0058,node-0058,0,0,0
trace-011,mixed,1,11,direct,,,0,0,0
trace-011,mixed,1,11,verified,,,0,0,0
trace-011,mixed,1,11,full-compiled,,,0,0,0
trace-011,mixed,1,11,timestamp-only,,,0,0,0
trace-011,mixed,1,11,no-ancestor-expiry,,,0,0,0
trace-011,mixed,1,11,no-ancestor-revocation,,,0,0,0
trace-011,mixed,1,11,no-alias-obligations,,,0,0,0
trace-011,mixed,1,11,top-one,,,0,0,0
trace-011,mixed,1,11,expiry-skyline,,,0,0,0
trace-012,mixed,0,0,direct,node-0022,node-0022,0,0,0
trace-012,mixed,0,0,verified,node-0022,node-0022,0,0,0
trace-012,mixed,0,0,full-compiled,node-0022,node-0022,0,0,0
trace-012,mixed,0,0,timestamp-only,node-0022,node-0022,0,0,0
trace-012,mixed,0,0,no-ancestor-expiry,node-0022,node-0022,0,0,0
trace-012,mixed,0,0,no-ancestor-revocation,node-0022,node-0022,0,0,0
trace-012,mixed,0,0,no-alias-obligations,node-0022,node-0022,0,0,0
trace-012,mixed,0,0,top-one,node-0022,node-0022,0,0,0
trace-012,mixed,0,0,expiry-skyline,node-0022,node-0022,0,0,0
trace-012,mixed,0,1,direct,node-0022,node-0022,0,0,0
trace-012,mixed,0,1,verified,node-0022,node-0022,0,0,0
trace-012,mixed,0,1,full-compiled,node-0022,node-0022,0,0,0
trace-012,mixed,0,1,timestamp-only,node-0022,node-0022,0,0,0
trace-012,mixed,0,1,no-ancestor-expiry,node-0022,node-0022,0,0,0
trace-012,mixed,0,1,no-ancestor-revocation,node-0022,node-0022,0,0,0
trace-012,mixed,0,1,no-alias-obligations,node-0022,node-0022,0,0,0
trace-012,mixed,0,1,top-one,node-0022,node-0022,0,0,0
trace-012,mixed,0,1,expiry-skyline,node-0022,node-0022,0,0,0
trace-012,mixed,0,2,direct,node-0016,node-0016,0,0,0
trace-012,mixed,0,2,verified,node-0016,node-0016,0,0,0
trace-012,mixed,0,2,full-compiled,node-0016,node-0016,0,0,0
trace-012,mixed,0,2,timestamp-only,node-0016,node-0016,0,0,0
trace-012,mixed,0,2,no-ancestor-expiry,node-0016,node-0016,0,0,0
trace-012,mixed,0,2,no-ancestor-revocation,node-0016,node-0016,0,0,0
trace-012,mixed,0,2,no-alias-obligations,node-0016,node-0016,0,0,0
trace-012,mixed,0,2,top-one,node-0016,,1,1,0
trace-012,mixed,0,2,expiry-skyline,node-0016,node-0016,0,0,0
trace-012,mixed,0,3,direct,node-0004,node-0004,0,0,0
trace-012,mixed,0,3,verified,node-0004,node-0004,0,0,0
trace-012,mixed,0,3,full-compiled,node-0004,node-0004,0,0,0
trace-012,mixed,0,3,timestamp-only,node-0004,node-0022,1,1,1
trace-012,mixed,0,3,no-ancestor-expiry,node-0004,node-0004,0,0,0
trace-012,mixed,0,3,no-ancestor-revocation,node-0004,node-0004,0,0,0
trace-012,mixed,0,3,no-alias-obligations,node-0004,node-0022,1,1,1
trace-012,mixed,0,3,top-one,node-0004,,1,1,0
trace-012,mixed,0,3,expiry-skyline,node-0004,node-0004,0,0,0
trace-012,mixed,0,4,direct,node-0022,node-0022,0,0,0
trace-012,mixed,0,4,verified,node-0022,node-0022,0,0,0
trace-012,mixed,0,4,full-compiled,node-0022,node-0022,0,0,0
trace-012,mixed,0,4,timestamp-only,node-0022,node-0022,0,0,0
trace-012,mixed,0,4,no-ancestor-expiry,node-0022,node-0022,0,0,0
trace-012,mixed,0,4,no-ancestor-revocation,node-0022,node-0022,0,0,0
trace-012,mixed,0,4,no-alias-obligations,node-0022,node-0022,0,0,0
trace-012,mixed,0,4,top-one,node-0022,node-0022,0,0,0
trace-012,mixed,0,4,expiry-skyline,node-0022,node-0022,0,0,0
trace-012,mixed,0,5,direct,node-0018,node-0018,0,0,0
trace-012,mixed,0,5,verified,node-0018,node-0018,0,0,0
trace-012,mixed,0,5,full-compiled,node-0018,node-0018,0,0,0
trace-012,mixed,0,5,timestamp-only,node-0018,node-0018,0,0,0
trace-012,mixed,0,5,no-ancestor-expiry,node-0018,node-0018,0,0,0
trace-012,mixed,0,5,no-ancestor-revocation,node-0018,node-0018,0,0,0
trace-012,mixed,0,5,no-alias-obligations,node-0018,node-0018,0,0,0
trace-012,mixed,0,5,top-one,node-0018,,1,1,0
trace-012,mixed,0,5,expiry-skyline,node-0018,node-0018,0,0,0
trace-012,mixed,0,6,direct,node-0016,node-0016,0,0,0
trace-012,mixed,0,6,verified,node-0016,node-0016,0,0,0
trace-012,mixed,0,6,full-compiled,node-0016,node-0016,0,0,0
trace-012,mixed,0,6,timestamp-only,node-0016,node-0016,0,0,0
trace-012,mixed,0,6,no-ancestor-expiry,node-0016,node-0016,0,0,0
trace-012,mixed,0,6,no-ancestor-revocation,node-0016,node-0016,0,0,0
trace-012,mixed,0,6,no-alias-obligations,node-0016,node-0016,0,0,0
trace-012,mixed,0,6,top-one,node-0016,,1,1,0
trace-012,mixed,0,6,expiry-skyline,node-0016,node-0016,0,0,0
trace-012,mixed,0,7,direct,,,0,0,0
trace-012,mixed,0,7,verified,,,0,0,0
trace-012,mixed,0,7,full-compiled,,,0,0,0
trace-012,mixed,0,7,timestamp-only,,,0,0,0
trace-012,mixed,0,7,no-ancestor-expiry,,,0,0,0
trace-012,mixed,0,7,no-ancestor-revocation,,,0,0,0
trace-012,mixed,0,7,no-alias-obligations,,,0,0,0
trace-012,mixed,0,7,top-one,,,0,0,0
trace-012,mixed,0,7,expiry-skyline,,,0,0,0
trace-012,mixed,0,8,direct,node-0016,node-0016,0,0,0
trace-012,mixed,0,8,verified,node-0016,node-0016,0,0,0
trace-012,mixed,0,8,full-compiled,node-0016,node-0016,0,0,0
trace-012,mixed,0,8,timestamp-only,node-0016,node-0016,0,0,0
trace-012,mixed,0,8,no-ancestor-expiry,node-0016,node-0016,0,0,0
trace-012,mixed,0,8,no-ancestor-revocation,node-0016,node-0016,0,0,0
trace-012,mixed,0,8,no-alias-obligations,node-0016,node-0016,0,0,0
trace-012,mixed,0,8,top-one,node-0016,,1,1,0
trace-012,mixed,0,8,expiry-skyline,node-0016,node-0016,0,0,0
trace-012,mixed,0,9,direct,node-0016,node-0016,0,0,0
trace-012,mixed,0,9,verified,node-0016,node-0016,0,0,0
trace-012,mixed,0,9,full-compiled,node-0016,node-0016,0,0,0
trace-012,mixed,0,9,timestamp-only,node-0016,node-0016,0,0,0
trace-012,mixed,0,9,no-ancestor-expiry,node-0016,node-0016,0,0,0
trace-012,mixed,0,9,no-ancestor-revocation,node-0016,node-0016,0,0,0
trace-012,mixed,0,9,no-alias-obligations,node-0016,node-0016,0,0,0
trace-012,mixed,0,9,top-one,node-0016,,1,1,0
trace-012,mixed,0,9,expiry-skyline,node-0016,node-0016,0,0,0
trace-012,mixed,0,10,direct,node-0018,node-0018,0,0,0
trace-012,mixed,0,10,verified,node-0018,node-0018,0,0,0
trace-012,mixed,0,10,full-compiled,node-0018,node-0018,0,0,0
trace-012,mixed,0,10,timestamp-only,node-0018,node-0018,0,0,0
trace-012,mixed,0,10,no-ancestor-expiry,node-0018,node-0018,0,0,0
trace-012,mixed,0,10,no-ancestor-revocation,node-0018,node-0018,0,0,0
trace-012,mixed,0,10,no-alias-obligations,node-0018,node-0018,0,0,0
trace-012,mixed,0,10,top-one,node-0018,,1,1,0
trace-012,mixed,0,10,expiry-skyline,node-0018,node-0018,0,0,0
trace-012,mixed,0,11,direct,,,0,0,0
trace-012,mixed,0,11,verified,,,0,0,0
trace-012,mixed,0,11,full-compiled,,,0,0,0
trace-012,mixed,0,11,timestamp-only,,node-0016,1,1,1
trace-012,mixed,0,11,no-ancestor-expiry,,,0,0,0
trace-012,mixed,0,11,no-ancestor-revocation,,node-0016,1,1,1
trace-012,mixed,0,11,no-alias-obligations,,,0,0,0
trace-012,mixed,0,11,top-one,,,0,0,0
trace-012,mixed,0,11,expiry-skyline,,,0,0,0
trace-012,mixed,1,0,direct,node-0010,node-0010,0,0,0
trace-012,mixed,1,0,verified,node-0010,node-0010,0,0,0
trace-012,mixed,1,0,full-compiled,node-0010,node-0010,0,0,0
trace-012,mixed,1,0,timestamp-only,node-0010,node-0010,0,0,0
trace-012,mixed,1,0,no-ancestor-expiry,node-0010,node-0010,0,0,0
trace-012,mixed,1,0,no-ancestor-revocation,node-0010,node-0010,0,0,0
trace-012,mixed,1,0,no-alias-obligations,node-0010,node-0010,0,0,0
trace-012,mixed,1,0,top-one,node-0010,node-0010,0,0,0
trace-012,mixed,1,0,expiry-skyline,node-0010,node-0010,0,0,0
trace-012,mixed,1,1,direct,node-0010,node-0010,0,0,0
trace-012,mixed,1,1,verified,node-0010,node-0010,0,0,0
trace-012,mixed,1,1,full-compiled,node-0010,node-0010,0,0,0
trace-012,mixed,1,1,timestamp-only,node-0010,node-0010,0,0,0
trace-012,mixed,1,1,no-ancestor-expiry,node-0010,node-0010,0,0,0
trace-012,mixed,1,1,no-ancestor-revocation,node-0010,node-0010,0,0,0
trace-012,mixed,1,1,no-alias-obligations,node-0010,node-0010,0,0,0
trace-012,mixed,1,1,top-one,node-0010,node-0010,0,0,0
trace-012,mixed,1,1,expiry-skyline,node-0010,node-0010,0,0,0
trace-012,mixed,1,2,direct,node-0047,node-0047,0,0,0
trace-012,mixed,1,2,verified,node-0047,node-0047,0,0,0
trace-012,mixed,1,2,full-compiled,node-0047,node-0047,0,0,0
trace-012,mixed,1,2,timestamp-only,node-0047,node-0040,1,1,1
trace-012,mixed,1,2,no-ancestor-expiry,node-0047,node-0047,0,0,0
trace-012,mixed,1,2,no-ancestor-revocation,node-0047,node-0047,0,0,0
trace-012,mixed,1,2,no-alias-obligations,node-0047,node-0040,1,1,1
trace-012,mixed,1,2,top-one,node-0047,,1,1,0
trace-012,mixed,1,2,expiry-skyline,node-0047,node-0047,0,0,0
trace-012,mixed,1,3,direct,node-0010,node-0010,0,0,0
trace-012,mixed,1,3,verified,node-0010,node-0010,0,0,0
trace-012,mixed,1,3,full-compiled,node-0010,node-0010,0,0,0
trace-012,mixed,1,3,timestamp-only,node-0010,node-0010,0,0,0
trace-012,mixed,1,3,no-ancestor-expiry,node-0010,node-0010,0,0,0
trace-012,mixed,1,3,no-ancestor-revocation,node-0010,node-0010,0,0,0
trace-012,mixed,1,3,no-alias-obligations,node-0010,node-0010,0,0,0
trace-012,mixed,1,3,top-one,node-0010,node-0010,0,0,0
trace-012,mixed,1,3,expiry-skyline,node-0010,node-0010,0,0,0
trace-012,mixed,1,4,direct,node-0010,node-0010,0,0,0
trace-012,mixed,1,4,verified,node-0010,node-0010,0,0,0
trace-012,mixed,1,4,full-compiled,node-0010,node-0010,0,0,0
trace-012,mixed,1,4,timestamp-only,node-0010,node-0010,0,0,0
trace-012,mixed,1,4,no-ancestor-expiry,node-0010,node-0010,0,0,0
trace-012,mixed,1,4,no-ancestor-revocation,node-0010,node-0010,0,0,0
trace-012,mixed,1,4,no-alias-obligations,node-0010,node-0010,0,0,0
trace-012,mixed,1,4,top-one,node-0010,node-0010,0,0,0
trace-012,mixed,1,4,expiry-skyline,node-0010,node-0010,0,0,0
trace-012,mixed,1,5,direct,node-0027,node-0027,0,0,0
trace-012,mixed,1,5,verified,node-0027,node-0027,0,0,0
trace-012,mixed,1,5,full-compiled,node-0027,node-0027,0,0,0
trace-012,mixed,1,5,timestamp-only,node-0027,node-0062,1,1,1
trace-012,mixed,1,5,no-ancestor-expiry,node-0027,node-0045,1,1,1
trace-012,mixed,1,5,no-ancestor-revocation,node-0027,node-0027,0,0,0
trace-012,mixed,1,5,no-alias-obligations,node-0027,node-0062,1,1,1
trace-012,mixed,1,5,top-one,node-0027,,1,1,0
trace-012,mixed,1,5,expiry-skyline,node-0027,node-0027,0,0,0
trace-012,mixed,1,6,direct,,,0,0,0
trace-012,mixed,1,6,verified,,,0,0,0
trace-012,mixed,1,6,full-compiled,,,0,0,0
trace-012,mixed,1,6,timestamp-only,,node-0008,1,1,1
trace-012,mixed,1,6,no-ancestor-expiry,,,0,0,0
trace-012,mixed,1,6,no-ancestor-revocation,,,0,0,0
trace-012,mixed,1,6,no-alias-obligations,,node-0008,1,1,1
trace-012,mixed,1,6,top-one,,,0,0,0
trace-012,mixed,1,6,expiry-skyline,,,0,0,0
trace-012,mixed,1,7,direct,,,0,0,0
trace-012,mixed,1,7,verified,,,0,0,0
trace-012,mixed,1,7,full-compiled,,,0,0,0
trace-012,mixed,1,7,timestamp-only,,,0,0,0
trace-012,mixed,1,7,no-ancestor-expiry,,,0,0,0
trace-012,mixed,1,7,no-ancestor-revocation,,,0,0,0
trace-012,mixed,1,7,no-alias-obligations,,,0,0,0
trace-012,mixed,1,7,top-one,,,0,0,0
trace-012,mixed,1,7,expiry-skyline,,,0,0,0
trace-012,mixed,1,8,direct,node-0047,node-0047,0,0,0
trace-012,mixed,1,8,verified,node-0047,node-0047,0,0,0
trace-012,mixed,1,8,full-compiled,node-0047,node-0047,0,0,0
trace-012,mixed,1,8,timestamp-only,node-0047,node-0040,1,1,1
trace-012,mixed,1,8,no-ancestor-expiry,node-0047,node-0047,0,0,0
trace-012,mixed,1,8,no-ancestor-revocation,node-0047,node-0047,0,0,0
trace-012,mixed,1,8,no-alias-obligations,node-0047,node-0040,1,1,1
trace-012,mixed,1,8,top-one,node-0047,,1,1,0
trace-012,mixed,1,8,expiry-skyline,node-0047,node-0047,0,0,0
trace-012,mixed,1,9,direct,node-0047,node-0047,0,0,0
trace-012,mixed,1,9,verified,node-0047,node-0047,0,0,0
trace-012,mixed,1,9,full-compiled,node-0047,node-0047,0,0,0
trace-012,mixed,1,9,timestamp-only,node-0047,node-0040,1,1,1
trace-012,mixed,1,9,no-ancestor-expiry,node-0047,node-0047,0,0,0
trace-012,mixed,1,9,no-ancestor-revocation,node-0047,node-0047,0,0,0
trace-012,mixed,1,9,no-alias-obligations,node-0047,node-0040,1,1,1
trace-012,mixed,1,9,top-one,node-0047,,1,1,0
trace-012,mixed,1,9,expiry-skyline,node-0047,node-0047,0,0,0
trace-012,mixed,1,10,direct,node-0010,node-0010,0,0,0
trace-012,mixed,1,10,verified,node-0010,node-0010,0,0,0
trace-012,mixed,1,10,full-compiled,node-0010,node-0010,0,0,0
trace-012,mixed,1,10,timestamp-only,node-0010,node-0010,0,0,0
trace-012,mixed,1,10,no-ancestor-expiry,node-0010,node-0010,0,0,0
trace-012,mixed,1,10,no-ancestor-revocation,node-0010,node-0010,0,0,0
trace-012,mixed,1,10,no-alias-obligations,node-0010,node-0010,0,0,0
trace-012,mixed,1,10,top-one,node-0010,node-0010,0,0,0
trace-012,mixed,1,10,expiry-skyline,node-0010,node-0010,0,0,0
trace-012,mixed,1,11,direct,node-0047,node-0047,0,0,0
trace-012,mixed,1,11,verified,node-0047,node-0047,0,0,0
trace-012,mixed,1,11,full-compiled,node-0047,node-0047,0,0,0
trace-012,mixed,1,11,timestamp-only,node-0047,node-0040,1,1,1
trace-012,mixed,1,11,no-ancestor-expiry,node-0047,node-0047,0,0,0
trace-012,mixed,1,11,no-ancestor-revocation,node-0047,node-0047,0,0,0
trace-012,mixed,1,11,no-alias-obligations,node-0047,node-0040,1,1,1
trace-012,mixed,1,11,top-one,node-0047,,1,1,0
trace-012,mixed,1,11,expiry-skyline,node-0047,node-0047,0,0,0
trace-013,mixed,0,0,direct,node-0000,node-0000,0,0,0
trace-013,mixed,0,0,verified,node-0000,node-0000,0,0,0
trace-013,mixed,0,0,full-compiled,node-0000,node-0000,0,0,0
trace-013,mixed,0,0,timestamp-only,node-0000,node-0000,0,0,0
trace-013,mixed,0,0,no-ancestor-expiry,node-0000,node-0000,0,0,0
trace-013,mixed,0,0,no-ancestor-revocation,node-0000,node-0000,0,0,0
trace-013,mixed,0,0,no-alias-obligations,node-0000,node-0000,0,0,0
trace-013,mixed,0,0,top-one,node-0000,node-0000,0,0,0
trace-013,mixed,0,0,expiry-skyline,node-0000,node-0000,0,0,0
trace-013,mixed,0,1,direct,node-0000,node-0000,0,0,0
trace-013,mixed,0,1,verified,node-0000,node-0000,0,0,0
trace-013,mixed,0,1,full-compiled,node-0000,node-0000,0,0,0
trace-013,mixed,0,1,timestamp-only,node-0000,node-0000,0,0,0
trace-013,mixed,0,1,no-ancestor-expiry,node-0000,node-0000,0,0,0
trace-013,mixed,0,1,no-ancestor-revocation,node-0000,node-0000,0,0,0
trace-013,mixed,0,1,no-alias-obligations,node-0000,node-0000,0,0,0
trace-013,mixed,0,1,top-one,node-0000,node-0000,0,0,0
trace-013,mixed,0,1,expiry-skyline,node-0000,node-0000,0,0,0
trace-013,mixed,0,2,direct,node-0032,node-0032,0,0,0
trace-013,mixed,0,2,verified,node-0032,node-0032,0,0,0
trace-013,mixed,0,2,full-compiled,node-0032,node-0032,0,0,0
trace-013,mixed,0,2,timestamp-only,node-0032,node-0034,1,1,1
trace-013,mixed,0,2,no-ancestor-expiry,node-0032,node-0032,0,0,0
trace-013,mixed,0,2,no-ancestor-revocation,node-0032,node-0032,0,0,0
trace-013,mixed,0,2,no-alias-obligations,node-0032,node-0034,1,1,1
trace-013,mixed,0,2,top-one,node-0032,,1,1,0
trace-013,mixed,0,2,expiry-skyline,node-0032,,1,1,0
trace-013,mixed,0,3,direct,node-0000,node-0000,0,0,0
trace-013,mixed,0,3,verified,node-0000,node-0000,0,0,0
trace-013,mixed,0,3,full-compiled,node-0000,node-0000,0,0,0
trace-013,mixed,0,3,timestamp-only,node-0000,node-0000,0,0,0
trace-013,mixed,0,3,no-ancestor-expiry,node-0000,node-0000,0,0,0
trace-013,mixed,0,3,no-ancestor-revocation,node-0000,node-0000,0,0,0
trace-013,mixed,0,3,no-alias-obligations,node-0000,node-0000,0,0,0
trace-013,mixed,0,3,top-one,node-0000,node-0000,0,0,0
trace-013,mixed,0,3,expiry-skyline,node-0000,node-0000,0,0,0
trace-013,mixed,0,4,direct,node-0000,node-0000,0,0,0
trace-013,mixed,0,4,verified,node-0000,node-0000,0,0,0
trace-013,mixed,0,4,full-compiled,node-0000,node-0000,0,0,0
trace-013,mixed,0,4,timestamp-only,node-0000,node-0000,0,0,0
trace-013,mixed,0,4,no-ancestor-expiry,node-0000,node-0000,0,0,0
trace-013,mixed,0,4,no-ancestor-revocation,node-0000,node-0000,0,0,0
trace-013,mixed,0,4,no-alias-obligations,node-0000,node-0000,0,0,0
trace-013,mixed,0,4,top-one,node-0000,node-0000,0,0,0
trace-013,mixed,0,4,expiry-skyline,node-0000,node-0000,0,0,0
trace-013,mixed,0,5,direct,node-0000,node-0000,0,0,0
trace-013,mixed,0,5,verified,node-0000,node-0000,0,0,0
trace-013,mixed,0,5,full-compiled,node-0000,node-0000,0,0,0
trace-013,mixed,0,5,timestamp-only,node-0000,node-0000,0,0,0
trace-013,mixed,0,5,no-ancestor-expiry,node-0000,node-0000,0,0,0
trace-013,mixed,0,5,no-ancestor-revocation,node-0000,node-0000,0,0,0
trace-013,mixed,0,5,no-alias-obligations,node-0000,node-0000,0,0,0
trace-013,mixed,0,5,top-one,node-0000,node-0000,0,0,0
trace-013,mixed,0,5,expiry-skyline,node-0000,node-0000,0,0,0
trace-013,mixed,0,6,direct,node-0049,node-0049,0,0,0
trace-013,mixed,0,6,verified,node-0049,node-0049,0,0,0
trace-013,mixed,0,6,full-compiled,node-0049,node-0049,0,0,0
trace-013,mixed,0,6,timestamp-only,node-0049,node-0037,1,1,1
trace-013,mixed,0,6,no-ancestor-expiry,node-0049,node-0049,0,0,0
trace-013,mixed,0,6,no-ancestor-revocation,node-0049,node-0049,0,0,0
trace-013,mixed,0,6,no-alias-obligations,node-0049,node-0034,1,0,1
trace-013,mixed,0,6,top-one,node-0049,,1,1,0
trace-013,mixed,0,6,expiry-skyline,node-0049,node-0049,0,0,0
trace-013,mixed,0,7,direct,,,0,0,0
trace-013,mixed,0,7,verified,,,0,0,0
trace-013,mixed,0,7,full-compiled,,,0,0,0
trace-013,mixed,0,7,timestamp-only,,,0,0,0
trace-013,mixed,0,7,no-ancestor-expiry,,,0,0,0
trace-013,mixed,0,7,no-ancestor-revocation,,,0,0,0
trace-013,mixed,0,7,no-alias-obligations,,,0,0,0
trace-013,mixed,0,7,top-one,,,0,0,0
trace-013,mixed,0,7,expiry-skyline,,,0,0,0
trace-013,mixed,0,8,direct,node-0000,node-0000,0,0,0
trace-013,mixed,0,8,verified,node-0000,node-0000,0,0,0
trace-013,mixed,0,8,full-compiled,node-0000,node-0000,0,0,0
trace-013,mixed,0,8,timestamp-only,node-0000,node-0000,0,0,0
trace-013,mixed,0,8,no-ancestor-expiry,node-0000,node-0000,0,0,0
trace-013,mixed,0,8,no-ancestor-revocation,node-0000,node-0000,0,0,0
trace-013,mixed,0,8,no-alias-obligations,node-0000,node-0000,0,0,0
trace-013,mixed,0,8,top-one,node-0000,node-0000,0,0,0
trace-013,mixed,0,8,expiry-skyline,node-0000,node-0000,0,0,0
trace-013,mixed,0,9,direct,node-0000,node-0000,0,0,0
trace-013,mixed,0,9,verified,node-0000,node-0000,0,0,0
trace-013,mixed,0,9,full-compiled,node-0000,node-0000,0,0,0
trace-013,mixed,0,9,timestamp-only,node-0000,node-0000,0,0,0
trace-013,mixed,0,9,no-ancestor-expiry,node-0000,node-0000,0,0,0
trace-013,mixed,0,9,no-ancestor-revocation,node-0000,node-0000,0,0,0
trace-013,mixed,0,9,no-alias-obligations,node-0000,node-0000,0,0,0
trace-013,mixed,0,9,top-one,node-0000,node-0000,0,0,0
trace-013,mixed,0,9,expiry-skyline,node-0000,node-0000,0,0,0
trace-013,mixed,0,10,direct,node-0000,node-0000,0,0,0
trace-013,mixed,0,10,verified,node-0000,node-0000,0,0,0
trace-013,mixed,0,10,full-compiled,node-0000,node-0000,0,0,0
trace-013,mixed,0,10,timestamp-only,node-0000,node-0000,0,0,0
trace-013,mixed,0,10,no-ancestor-expiry,node-0000,node-0000,0,0,0
trace-013,mixed,0,10,no-ancestor-revocation,node-0000,node-0000,0,0,0
trace-013,mixed,0,10,no-alias-obligations,node-0000,node-0000,0,0,0
trace-013,mixed,0,10,top-one,node-0000,node-0000,0,0,0
trace-013,mixed,0,10,expiry-skyline,node-0000,node-0000,0,0,0
trace-013,mixed,0,11,direct,node-0000,node-0000,0,0,0
trace-013,mixed,0,11,verified,node-0000,node-0000,0,0,0
trace-013,mixed,0,11,full-compiled,node-0000,node-0000,0,0,0
trace-013,mixed,0,11,timestamp-only,node-0000,node-0000,0,0,0
trace-013,mixed,0,11,no-ancestor-expiry,node-0000,node-0000,0,0,0
trace-013,mixed,0,11,no-ancestor-revocation,node-0000,node-0000,0,0,0
trace-013,mixed,0,11,no-alias-obligations,node-0000,node-0000,0,0,0
trace-013,mixed,0,11,top-one,node-0000,node-0000,0,0,0
trace-013,mixed,0,11,expiry-skyline,node-0000,node-0000,0,0,0
trace-013,mixed,1,0,direct,node-0026,node-0026,0,0,0
trace-013,mixed,1,0,verified,node-0026,node-0026,0,0,0
trace-013,mixed,1,0,full-compiled,node-0026,node-0026,0,0,0
trace-013,mixed,1,0,timestamp-only,node-0026,node-0026,0,0,0
trace-013,mixed,1,0,no-ancestor-expiry,node-0026,node-0026,0,0,0
trace-013,mixed,1,0,no-ancestor-revocation,node-0026,node-0026,0,0,0
trace-013,mixed,1,0,no-alias-obligations,node-0026,node-0026,0,0,0
trace-013,mixed,1,0,top-one,node-0026,node-0026,0,0,0
trace-013,mixed,1,0,expiry-skyline,node-0026,node-0026,0,0,0
trace-013,mixed,1,1,direct,node-0026,node-0026,0,0,0
trace-013,mixed,1,1,verified,node-0026,node-0026,0,0,0
trace-013,mixed,1,1,full-compiled,node-0026,node-0026,0,0,0
trace-013,mixed,1,1,timestamp-only,node-0026,node-0026,0,0,0
trace-013,mixed,1,1,no-ancestor-expiry,node-0026,node-0026,0,0,0
trace-013,mixed,1,1,no-ancestor-revocation,node-0026,node-0026,0,0,0
trace-013,mixed,1,1,no-alias-obligations,node-0026,node-0026,0,0,0
trace-013,mixed,1,1,top-one,node-0026,node-0026,0,0,0
trace-013,mixed,1,1,expiry-skyline,node-0026,node-0026,0,0,0
trace-013,mixed,1,2,direct,node-0015,node-0015,0,0,0
trace-013,mixed,1,2,verified,node-0015,node-0015,0,0,0
trace-013,mixed,1,2,full-compiled,node-0015,node-0015,0,0,0
trace-013,mixed,1,2,timestamp-only,node-0015,node-0029,1,1,1
trace-013,mixed,1,2,no-ancestor-expiry,node-0015,node-0015,0,0,0
trace-013,mixed,1,2,no-ancestor-revocation,node-0015,node-0015,0,0,0
trace-013,mixed,1,2,no-alias-obligations,node-0015,node-0029,1,1,1
trace-013,mixed,1,2,top-one,node-0015,,1,1,0
trace-013,mixed,1,2,expiry-skyline,node-0015,,1,1,0
trace-013,mixed,1,3,direct,node-0042,node-0042,0,0,0
trace-013,mixed,1,3,verified,node-0042,node-0042,0,0,0
trace-013,mixed,1,3,full-compiled,node-0042,node-0042,0,0,0
trace-013,mixed,1,3,timestamp-only,node-0042,node-0026,1,1,1
trace-013,mixed,1,3,no-ancestor-expiry,node-0042,node-0042,0,0,0
trace-013,mixed,1,3,no-ancestor-revocation,node-0042,node-0026,1,1,1
trace-013,mixed,1,3,no-alias-obligations,node-0042,node-0042,0,0,0
trace-013,mixed,1,3,top-one,node-0042,,1,1,0
trace-013,mixed,1,3,expiry-skyline,node-0042,node-0042,0,0,0
trace-013,mixed,1,4,direct,node-0026,node-0026,0,0,0
trace-013,mixed,1,4,verified,node-0026,node-0026,0,0,0
trace-013,mixed,1,4,full-compiled,node-0026,node-0026,0,0,0
trace-013,mixed,1,4,timestamp-only,node-0026,node-0026,0,0,0
trace-013,mixed,1,4,no-ancestor-expiry,node-0026,node-0026,0,0,0
trace-013,mixed,1,4,no-ancestor-revocation,node-0026,node-0026,0,0,0
trace-013,mixed,1,4,no-alias-obligations,node-0026,node-0026,0,0,0
trace-013,mixed,1,4,top-one,node-0026,node-0026,0,0,0
trace-013,mixed,1,4,expiry-skyline,node-0026,node-0026,0,0,0
trace-013,mixed,1,5,direct,node-0042,node-0042,0,0,0
trace-013,mixed,1,5,verified,node-0042,node-0042,0,0,0
trace-013,mixed,1,5,full-compiled,node-0042,node-0042,0,0,0
trace-013,mixed,1,5,timestamp-only,node-0042,node-0026,1,1,1
trace-013,mixed,1,5,no-ancestor-expiry,node-0042,node-0026,1,1,1
trace-013,mixed,1,5,no-ancestor-revocation,node-0042,node-0042,0,0,0
trace-013,mixed,1,5,no-alias-obligations,node-0042,node-0042,0,0,0
trace-013,mixed,1,5,top-one,node-0042,,1,1,0
trace-013,mixed,1,5,expiry-skyline,node-0042,node-0042,0,0,0
trace-013,mixed,1,6,direct,,,0,0,0
trace-013,mixed,1,6,verified,,,0,0,0
trace-013,mixed,1,6,full-compiled,,,0,0,0
trace-013,mixed,1,6,timestamp-only,,node-0026,1,1,1
trace-013,mixed,1,6,no-ancestor-expiry,,,0,0,0
trace-013,mixed,1,6,no-ancestor-revocation,,,0,0,0
trace-013,mixed,1,6,no-alias-obligations,,node-0042,1,1,1
trace-013,mixed,1,6,top-one,,,0,0,0
trace-013,mixed,1,6,expiry-skyline,,,0,0,0
trace-013,mixed,1,7,direct,,,0,0,0
trace-013,mixed,1,7,verified,,,0,0,0
trace-013,mixed,1,7,full-compiled,,,0,0,0
trace-013,mixed,1,7,timestamp-only,,,0,0,0
trace-013,mixed,1,7,no-ancestor-expiry,,,0,0,0
trace-013,mixed,1,7,no-ancestor-revocation,,,0,0,0
trace-013,mixed,1,7,no-alias-obligations,,,0,0,0
trace-013,mixed,1,7,top-one,,,0,0,0
trace-013,mixed,1,7,expiry-skyline,,,0,0,0
trace-013,mixed,1,8,direct,node-0026,node-0026,0,0,0
trace-013,mixed,1,8,verified,node-0026,node-0026,0,0,0
trace-013,mixed,1,8,full-compiled,node-0026,node-0026,0,0,0
trace-013,mixed,1,8,timestamp-only,node-0026,node-0026,0,0,0
trace-013,mixed,1,8,no-ancestor-expiry,node-0026,node-0026,0,0,0
trace-013,mixed,1,8,no-ancestor-revocation,node-0026,node-0026,0,0,0
trace-013,mixed,1,8,no-alias-obligations,node-0026,node-0026,0,0,0
trace-013,mixed,1,8,top-one,node-0026,node-0026,0,0,0
trace-013,mixed,1,8,expiry-skyline,node-0026,node-0026,0,0,0
trace-013,mixed,1,9,direct,node-0042,node-0042,0,0,0
trace-013,mixed,1,9,verified,node-0042,node-0042,0,0,0
trace-013,mixed,1,9,full-compiled,node-0042,node-0042,0,0,0
trace-013,mixed,1,9,timestamp-only,node-0042,node-0026,1,1,1
trace-013,mixed,1,9,no-ancestor-expiry,node-0042,node-0025,1,1,1
trace-013,mixed,1,9,no-ancestor-revocation,node-0042,node-0026,1,1,1
trace-013,mixed,1,9,no-alias-obligations,node-0042,node-0042,0,0,0
trace-013,mixed,1,9,top-one,node-0042,,1,1,0
trace-013,mixed,1,9,expiry-skyline,node-0042,node-0042,0,0,0
trace-013,mixed,1,10,direct,node-0042,node-0042,0,0,0
trace-013,mixed,1,10,verified,node-0042,node-0042,0,0,0
trace-013,mixed,1,10,full-compiled,node-0042,node-0042,0,0,0
trace-013,mixed,1,10,timestamp-only,node-0042,node-0026,1,1,1
trace-013,mixed,1,10,no-ancestor-expiry,node-0042,node-0025,1,1,1
trace-013,mixed,1,10,no-ancestor-revocation,node-0042,node-0042,0,0,0
trace-013,mixed,1,10,no-alias-obligations,node-0042,node-0042,0,0,0
trace-013,mixed,1,10,top-one,node-0042,,1,1,0
trace-013,mixed,1,10,expiry-skyline,node-0042,node-0042,0,0,0
trace-013,mixed,1,11,direct,node-0047,node-0047,0,0,0
trace-013,mixed,1,11,verified,node-0047,node-0047,0,0,0
trace-013,mixed,1,11,full-compiled,node-0047,node-0047,0,0,0
trace-013,mixed,1,11,timestamp-only,node-0047,node-0026,1,1,1
trace-013,mixed,1,11,no-ancestor-expiry,node-0047,node-0047,0,0,0
trace-013,mixed,1,11,no-ancestor-revocation,node-0047,node-0047,0,0,0
trace-013,mixed,1,11,no-alias-obligations,node-0047,node-0042,1,1,1
trace-013,mixed,1,11,top-one,node-0047,,1,1,0
trace-013,mixed,1,11,expiry-skyline,node-0047,node-0047,0,0,0
trace-014,mixed,0,0,direct,node-0052,node-0052,0,0,0
trace-014,mixed,0,0,verified,node-0052,node-0052,0,0,0
trace-014,mixed,0,0,full-compiled,node-0052,node-0052,0,0,0
trace-014,mixed,0,0,timestamp-only,node-0052,node-0048,1,1,1
trace-014,mixed,0,0,no-ancestor-expiry,node-0052,node-0048,1,1,1
trace-014,mixed,0,0,no-ancestor-revocation,node-0052,node-0052,0,0,0
trace-014,mixed,0,0,no-alias-obligations,node-0052,node-0052,0,0,0
trace-014,mixed,0,0,top-one,node-0052,node-0052,0,0,0
trace-014,mixed,0,0,expiry-skyline,node-0052,node-0052,0,0,0
trace-014,mixed,0,1,direct,node-0052,node-0052,0,0,0
trace-014,mixed,0,1,verified,node-0052,node-0052,0,0,0
trace-014,mixed,0,1,full-compiled,node-0052,node-0052,0,0,0
trace-014,mixed,0,1,timestamp-only,node-0052,node-0048,1,1,1
trace-014,mixed,0,1,no-ancestor-expiry,node-0052,node-0052,0,0,0
trace-014,mixed,0,1,no-ancestor-revocation,node-0052,node-0052,0,0,0
trace-014,mixed,0,1,no-alias-obligations,node-0052,node-0052,0,0,0
trace-014,mixed,0,1,top-one,node-0052,node-0052,0,0,0
trace-014,mixed,0,1,expiry-skyline,node-0052,node-0052,0,0,0
trace-014,mixed,0,2,direct,,,0,0,0
trace-014,mixed,0,2,verified,,,0,0,0
trace-014,mixed,0,2,full-compiled,,,0,0,0
trace-014,mixed,0,2,timestamp-only,,node-0035,1,1,1
trace-014,mixed,0,2,no-ancestor-expiry,,node-0016,1,1,1
trace-014,mixed,0,2,no-ancestor-revocation,,,0,0,0
trace-014,mixed,0,2,no-alias-obligations,,node-0039,1,1,1
trace-014,mixed,0,2,top-one,,,0,0,0
trace-014,mixed,0,2,expiry-skyline,,,0,0,0
trace-014,mixed,0,3,direct,node-0052,node-0052,0,0,0
trace-014,mixed,0,3,verified,node-0052,node-0052,0,0,0
trace-014,mixed,0,3,full-compiled,node-0052,node-0052,0,0,0
trace-014,mixed,0,3,timestamp-only,node-0052,node-0048,1,1,1
trace-014,mixed,0,3,no-ancestor-expiry,node-0052,node-0052,0,0,0
trace-014,mixed,0,3,no-ancestor-revocation,node-0052,node-0052,0,0,0
trace-014,mixed,0,3,no-alias-obligations,node-0052,node-0052,0,0,0
trace-014,mixed,0,3,top-one,node-0052,node-0052,0,0,0
trace-014,mixed,0,3,expiry-skyline,node-0052,node-0052,0,0,0
trace-014,mixed,0,4,direct,node-0052,node-0052,0,0,0
trace-014,mixed,0,4,verified,node-0052,node-0052,0,0,0
trace-014,mixed,0,4,full-compiled,node-0052,node-0052,0,0,0
trace-014,mixed,0,4,timestamp-only,node-0052,node-0048,1,1,1
trace-014,mixed,0,4,no-ancestor-expiry,node-0052,node-0048,1,1,1
trace-014,mixed,0,4,no-ancestor-revocation,node-0052,node-0052,0,0,0
trace-014,mixed,0,4,no-alias-obligations,node-0052,node-0052,0,0,0
trace-014,mixed,0,4,top-one,node-0052,node-0052,0,0,0
trace-014,mixed,0,4,expiry-skyline,node-0052,node-0052,0,0,0
trace-014,mixed,0,5,direct,node-0007,node-0007,0,0,0
trace-014,mixed,0,5,verified,node-0007,node-0007,0,0,0
trace-014,mixed,0,5,full-compiled,node-0007,node-0007,0,0,0
trace-014,mixed,0,5,timestamp-only,node-0007,node-0048,1,1,1
trace-014,mixed,0,5,no-ancestor-expiry,node-0007,node-0048,1,1,1
trace-014,mixed,0,5,no-ancestor-revocation,node-0007,node-0007,0,0,0
trace-014,mixed,0,5,no-alias-obligations,node-0007,node-0007,0,0,0
trace-014,mixed,0,5,top-one,node-0007,,1,1,0
trace-014,mixed,0,5,expiry-skyline,node-0007,node-0007,0,0,0
trace-014,mixed,0,6,direct,,,0,0,0
trace-014,mixed,0,6,verified,,,0,0,0
trace-014,mixed,0,6,full-compiled,,,0,0,0
trace-014,mixed,0,6,timestamp-only,,node-0035,1,1,1
trace-014,mixed,0,6,no-ancestor-expiry,,node-0016,1,1,1
trace-014,mixed,0,6,no-ancestor-revocation,,,0,0,0
trace-014,mixed,0,6,no-alias-obligations,,node-0023,1,1,1
trace-014,mixed,0,6,top-one,,,0,0,0
trace-014,mixed,0,6,expiry-skyline,,,0,0,0
trace-014,mixed,0,7,direct,,,0,0,0
trace-014,mixed,0,7,verified,,,0,0,0
trace-014,mixed,0,7,full-compiled,,,0,0,0
trace-014,mixed,0,7,timestamp-only,,,0,0,0
trace-014,mixed,0,7,no-ancestor-expiry,,,0,0,0
trace-014,mixed,0,7,no-ancestor-revocation,,,0,0,0
trace-014,mixed,0,7,no-alias-obligations,,,0,0,0
trace-014,mixed,0,7,top-one,,,0,0,0
trace-014,mixed,0,7,expiry-skyline,,,0,0,0
trace-014,mixed,0,8,direct,node-0052,node-0052,0,0,0
trace-014,mixed,0,8,verified,node-0052,node-0052,0,0,0
trace-014,mixed,0,8,full-compiled,node-0052,node-0052,0,0,0
trace-014,mixed,0,8,timestamp-only,node-0052,node-0048,1,1,1
trace-014,mixed,0,8,no-ancestor-expiry,node-0052,node-0048,1,1,1
trace-014,mixed,0,8,no-ancestor-revocation,node-0052,node-0052,0,0,0
trace-014,mixed,0,8,no-alias-obligations,node-0052,node-0052,0,0,0
trace-014,mixed,0,8,top-one,node-0052,node-0052,0,0,0
trace-014,mixed,0,8,expiry-skyline,node-0052,node-0052,0,0,0
trace-014,mixed,0,9,direct,node-0052,node-0052,0,0,0
trace-014,mixed,0,9,verified,node-0052,node-0052,0,0,0
trace-014,mixed,0,9,full-compiled,node-0052,node-0052,0,0,0
trace-014,mixed,0,9,timestamp-only,node-0052,node-0048,1,1,1
trace-014,mixed,0,9,no-ancestor-expiry,node-0052,node-0052,0,0,0
trace-014,mixed,0,9,no-ancestor-revocation,node-0052,node-0052,0,0,0
trace-014,mixed,0,9,no-alias-obligations,node-0052,node-0052,0,0,0
trace-014,mixed,0,9,top-one,node-0052,node-0052,0,0,0
trace-014,mixed,0,9,expiry-skyline,node-0052,node-0052,0,0,0
trace-014,mixed,0,10,direct,node-0007,node-0007,0,0,0
trace-014,mixed,0,10,verified,node-0007,node-0007,0,0,0
trace-014,mixed,0,10,full-compiled,node-0007,node-0007,0,0,0
trace-014,mixed,0,10,timestamp-only,node-0007,node-0048,1,1,1
trace-014,mixed,0,10,no-ancestor-expiry,node-0007,node-0007,0,0,0
trace-014,mixed,0,10,no-ancestor-revocation,node-0007,node-0007,0,0,0
trace-014,mixed,0,10,no-alias-obligations,node-0007,node-0007,0,0,0
trace-014,mixed,0,10,top-one,node-0007,,1,1,0
trace-014,mixed,0,10,expiry-skyline,node-0007,node-0007,0,0,0
trace-014,mixed,0,11,direct,node-0007,node-0007,0,0,0
trace-014,mixed,0,11,verified,node-0007,node-0007,0,0,0
trace-014,mixed,0,11,full-compiled,node-0007,node-0007,0,0,0
trace-014,mixed,0,11,timestamp-only,node-0007,node-0048,1,1,1
trace-014,mixed,0,11,no-ancestor-expiry,node-0007,node-0007,0,0,0
trace-014,mixed,0,11,no-ancestor-revocation,node-0007,node-0007,0,0,0
trace-014,mixed,0,11,no-alias-obligations,node-0007,node-0007,0,0,0
trace-014,mixed,0,11,top-one,node-0007,,1,1,0
trace-014,mixed,0,11,expiry-skyline,node-0007,node-0007,0,0,0
trace-014,mixed,1,0,direct,node-0025,node-0025,0,0,0
trace-014,mixed,1,0,verified,node-0025,node-0025,0,0,0
trace-014,mixed,1,0,full-compiled,node-0025,node-0025,0,0,0
trace-014,mixed,1,0,timestamp-only,node-0025,node-0025,0,0,0
trace-014,mixed,1,0,no-ancestor-expiry,node-0025,node-0025,0,0,0
trace-014,mixed,1,0,no-ancestor-revocation,node-0025,node-0025,0,0,0
trace-014,mixed,1,0,no-alias-obligations,node-0025,node-0025,0,0,0
trace-014,mixed,1,0,top-one,node-0025,node-0025,0,0,0
trace-014,mixed,1,0,expiry-skyline,node-0025,node-0025,0,0,0
trace-014,mixed,1,1,direct,node-0025,node-0025,0,0,0
trace-014,mixed,1,1,verified,node-0025,node-0025,0,0,0
trace-014,mixed,1,1,full-compiled,node-0025,node-0025,0,0,0
trace-014,mixed,1,1,timestamp-only,node-0025,node-0025,0,0,0
trace-014,mixed,1,1,no-ancestor-expiry,node-0025,node-0025,0,0,0
trace-014,mixed,1,1,no-ancestor-revocation,node-0025,node-0025,0,0,0
trace-014,mixed,1,1,no-alias-obligations,node-0025,node-0025,0,0,0
trace-014,mixed,1,1,top-one,node-0025,node-0025,0,0,0
trace-014,mixed,1,1,expiry-skyline,node-0025,node-0025,0,0,0
trace-014,mixed,1,2,direct,node-0063,node-0063,0,0,0
trace-014,mixed,1,2,verified,node-0063,node-0063,0,0,0
trace-014,mixed,1,2,full-compiled,node-0063,node-0063,0,0,0
trace-014,mixed,1,2,timestamp-only,node-0063,node-0063,0,0,0
trace-014,mixed,1,2,no-ancestor-expiry,node-0063,node-0063,0,0,0
trace-014,mixed,1,2,no-ancestor-revocation,node-0063,node-0063,0,0,0
trace-014,mixed,1,2,no-alias-obligations,node-0063,node-0063,0,0,0
trace-014,mixed,1,2,top-one,node-0063,,1,1,0
trace-014,mixed,1,2,expiry-skyline,node-0063,,1,1,0
trace-014,mixed,1,3,direct,node-0025,node-0025,0,0,0
trace-014,mixed,1,3,verified,node-0025,node-0025,0,0,0
trace-014,mixed,1,3,full-compiled,node-0025,node-0025,0,0,0
trace-014,mixed,1,3,timestamp-only,node-0025,node-0025,0,0,0
trace-014,mixed,1,3,no-ancestor-expiry,node-0025,node-0025,0,0,0
trace-014,mixed,1,3,no-ancestor-revocation,node-0025,node-0025,0,0,0
trace-014,mixed,1,3,no-alias-obligations,node-0025,node-0025,0,0,0
trace-014,mixed,1,3,top-one,node-0025,node-0025,0,0,0
trace-014,mixed,1,3,expiry-skyline,node-0025,node-0025,0,0,0
trace-014,mixed,1,4,direct,node-0025,node-0025,0,0,0
trace-014,mixed,1,4,verified,node-0025,node-0025,0,0,0
trace-014,mixed,1,4,full-compiled,node-0025,node-0025,0,0,0
trace-014,mixed,1,4,timestamp-only,node-0025,node-0025,0,0,0
trace-014,mixed,1,4,no-ancestor-expiry,node-0025,node-0025,0,0,0
trace-014,mixed,1,4,no-ancestor-revocation,node-0025,node-0025,0,0,0
trace-014,mixed,1,4,no-alias-obligations,node-0025,node-0025,0,0,0
trace-014,mixed,1,4,top-one,node-0025,node-0025,0,0,0
trace-014,mixed,1,4,expiry-skyline,node-0025,node-0025,0,0,0
trace-014,mixed,1,5,direct,node-0025,node-0025,0,0,0
trace-014,mixed,1,5,verified,node-0025,node-0025,0,0,0
trace-014,mixed,1,5,full-compiled,node-0025,node-0025,0,0,0
trace-014,mixed,1,5,timestamp-only,node-0025,node-0025,0,0,0
trace-014,mixed,1,5,no-ancestor-expiry,node-0025,node-0025,0,0,0
trace-014,mixed,1,5,no-ancestor-revocation,node-0025,node-0025,0,0,0
trace-014,mixed,1,5,no-alias-obligations,node-0025,node-0025,0,0,0
trace-014,mixed,1,5,top-one,node-0025,node-0025,0,0,0
trace-014,mixed,1,5,expiry-skyline,node-0025,node-0025,0,0,0
trace-014,mixed,1,6,direct,,,0,0,0
trace-014,mixed,1,6,verified,,,0,0,0
trace-014,mixed,1,6,full-compiled,,,0,0,0
trace-014,mixed,1,6,timestamp-only,,node-0025,1,1,1
trace-014,mixed,1,6,no-ancestor-expiry,,,0,0,0
trace-014,mixed,1,6,no-ancestor-revocation,,,0,0,0
trace-014,mixed,1,6,no-alias-obligations,,node-0025,1,1,1
trace-014,mixed,1,6,top-one,,,0,0,0
trace-014,mixed,1,6,expiry-skyline,,,0,0,0
trace-014,mixed,1,7,direct,,,0,0,0
trace-014,mixed,1,7,verified,,,0,0,0
trace-014,mixed,1,7,full-compiled,,,0,0,0
trace-014,mixed,1,7,timestamp-only,,,0,0,0
trace-014,mixed,1,7,no-ancestor-expiry,,,0,0,0
trace-014,mixed,1,7,no-ancestor-revocation,,,0,0,0
trace-014,mixed,1,7,no-alias-obligations,,,0,0,0
trace-014,mixed,1,7,top-one,,,0,0,0
trace-014,mixed,1,7,expiry-skyline,,,0,0,0
trace-014,mixed,1,8,direct,node-0024,node-0024,0,0,0
trace-014,mixed,1,8,verified,node-0024,node-0024,0,0,0
trace-014,mixed,1,8,full-compiled,node-0024,node-0024,0,0,0
trace-014,mixed,1,8,timestamp-only,node-0024,node-0025,1,1,1
trace-014,mixed,1,8,no-ancestor-expiry,node-0024,node-0024,0,0,0
trace-014,mixed,1,8,no-ancestor-revocation,node-0024,node-0025,1,1,1
trace-014,mixed,1,8,no-alias-obligations,node-0024,node-0024,0,0,0
trace-014,mixed,1,8,top-one,node-0024,,1,1,0
trace-014,mixed,1,8,expiry-skyline,node-0024,,1,1,0
trace-014,mixed,1,9,direct,node-0024,node-0024,0,0,0
trace-014,mixed,1,9,verified,node-0024,node-0024,0,0,0
trace-014,mixed,1,9,full-compiled,node-0024,node-0024,0,0,0
trace-014,mixed,1,9,timestamp-only,node-0024,node-0025,1,1,1
trace-014,mixed,1,9,no-ancestor-expiry,node-0024,node-0024,0,0,0
trace-014,mixed,1,9,no-ancestor-revocation,node-0024,node-0025,1,1,1
trace-014,mixed,1,9,no-alias-obligations,node-0024,node-0024,0,0,0
trace-014,mixed,1,9,top-one,node-0024,,1,1,0
trace-014,mixed,1,9,expiry-skyline,node-0024,,1,1,0
trace-014,mixed,1,10,direct,node-0025,node-0025,0,0,0
trace-014,mixed,1,10,verified,node-0025,node-0025,0,0,0
trace-014,mixed,1,10,full-compiled,node-0025,node-0025,0,0,0
trace-014,mixed,1,10,timestamp-only,node-0025,node-0025,0,0,0
trace-014,mixed,1,10,no-ancestor-expiry,node-0025,node-0025,0,0,0
trace-014,mixed,1,10,no-ancestor-revocation,node-0025,node-0025,0,0,0
trace-014,mixed,1,10,no-alias-obligations,node-0025,node-0025,0,0,0
trace-014,mixed,1,10,top-one,node-0025,node-0025,0,0,0
trace-014,mixed,1,10,expiry-skyline,node-0025,node-0025,0,0,0
trace-014,mixed,1,11,direct,node-0011,node-0011,0,0,0
trace-014,mixed,1,11,verified,node-0011,node-0011,0,0,0
trace-014,mixed,1,11,full-compiled,node-0011,node-0011,0,0,0
trace-014,mixed,1,11,timestamp-only,node-0011,node-0025,1,1,1
trace-014,mixed,1,11,no-ancestor-expiry,node-0011,node-0011,0,0,0
trace-014,mixed,1,11,no-ancestor-revocation,node-0011,node-0025,1,1,1
trace-014,mixed,1,11,no-alias-obligations,node-0011,node-0011,0,0,0
trace-014,mixed,1,11,top-one,node-0011,,1,1,0
trace-014,mixed,1,11,expiry-skyline,node-0011,,1,1,0
trace-015,mixed,0,0,direct,node-0034,node-0034,0,0,0
trace-015,mixed,0,0,verified,node-0034,node-0034,0,0,0
trace-015,mixed,0,0,full-compiled,node-0034,node-0034,0,0,0
trace-015,mixed,0,0,timestamp-only,node-0034,node-0034,0,0,0
trace-015,mixed,0,0,no-ancestor-expiry,node-0034,node-0034,0,0,0
trace-015,mixed,0,0,no-ancestor-revocation,node-0034,node-0034,0,0,0
trace-015,mixed,0,0,no-alias-obligations,node-0034,node-0034,0,0,0
trace-015,mixed,0,0,top-one,node-0034,node-0034,0,0,0
trace-015,mixed,0,0,expiry-skyline,node-0034,node-0034,0,0,0
trace-015,mixed,0,1,direct,node-0034,node-0034,0,0,0
trace-015,mixed,0,1,verified,node-0034,node-0034,0,0,0
trace-015,mixed,0,1,full-compiled,node-0034,node-0034,0,0,0
trace-015,mixed,0,1,timestamp-only,node-0034,node-0034,0,0,0
trace-015,mixed,0,1,no-ancestor-expiry,node-0034,node-0034,0,0,0
trace-015,mixed,0,1,no-ancestor-revocation,node-0034,node-0034,0,0,0
trace-015,mixed,0,1,no-alias-obligations,node-0034,node-0034,0,0,0
trace-015,mixed,0,1,top-one,node-0034,node-0034,0,0,0
trace-015,mixed,0,1,expiry-skyline,node-0034,node-0034,0,0,0
trace-015,mixed,0,2,direct,node-0048,node-0048,0,0,0
trace-015,mixed,0,2,verified,node-0048,node-0048,0,0,0
trace-015,mixed,0,2,full-compiled,node-0048,node-0048,0,0,0
trace-015,mixed,0,2,timestamp-only,node-0048,node-0005,1,0,1
trace-015,mixed,0,2,no-ancestor-expiry,node-0048,node-0048,0,0,0
trace-015,mixed,0,2,no-ancestor-revocation,node-0048,node-0048,0,0,0
trace-015,mixed,0,2,no-alias-obligations,node-0048,node-0005,1,0,1
trace-015,mixed,0,2,top-one,node-0048,,1,1,0
trace-015,mixed,0,2,expiry-skyline,node-0048,node-0048,0,0,0
trace-015,mixed,0,3,direct,node-0034,node-0034,0,0,0
trace-015,mixed,0,3,verified,node-0034,node-0034,0,0,0
trace-015,mixed,0,3,full-compiled,node-0034,node-0034,0,0,0
trace-015,mixed,0,3,timestamp-only,node-0034,node-0034,0,0,0
trace-015,mixed,0,3,no-ancestor-expiry,node-0034,node-0034,0,0,0
trace-015,mixed,0,3,no-ancestor-revocation,node-0034,node-0034,0,0,0
trace-015,mixed,0,3,no-alias-obligations,node-0034,node-0034,0,0,0
trace-015,mixed,0,3,top-one,node-0034,node-0034,0,0,0
trace-015,mixed,0,3,expiry-skyline,node-0034,node-0034,0,0,0
trace-015,mixed,0,4,direct,node-0034,node-0034,0,0,0
trace-015,mixed,0,4,verified,node-0034,node-0034,0,0,0
trace-015,mixed,0,4,full-compiled,node-0034,node-0034,0,0,0
trace-015,mixed,0,4,timestamp-only,node-0034,node-0034,0,0,0
trace-015,mixed,0,4,no-ancestor-expiry,node-0034,node-0034,0,0,0
trace-015,mixed,0,4,no-ancestor-revocation,node-0034,node-0034,0,0,0
trace-015,mixed,0,4,no-alias-obligations,node-0034,node-0034,0,0,0
trace-015,mixed,0,4,top-one,node-0034,node-0034,0,0,0
trace-015,mixed,0,4,expiry-skyline,node-0034,node-0034,0,0,0
trace-015,mixed,0,5,direct,node-0034,node-0034,0,0,0
trace-015,mixed,0,5,verified,node-0034,node-0034,0,0,0
trace-015,mixed,0,5,full-compiled,node-0034,node-0034,0,0,0
trace-015,mixed,0,5,timestamp-only,node-0034,node-0034,0,0,0
trace-015,mixed,0,5,no-ancestor-expiry,node-0034,node-0034,0,0,0
trace-015,mixed,0,5,no-ancestor-revocation,node-0034,node-0034,0,0,0
trace-015,mixed,0,5,no-alias-obligations,node-0034,node-0034,0,0,0
trace-015,mixed,0,5,top-one,node-0034,node-0034,0,0,0
trace-015,mixed,0,5,expiry-skyline,node-0034,node-0034,0,0,0
trace-015,mixed,0,6,direct,,,0,0,0
trace-015,mixed,0,6,verified,,,0,0,0
trace-015,mixed,0,6,full-compiled,,,0,0,0
trace-015,mixed,0,6,timestamp-only,,node-0034,1,1,1
trace-015,mixed,0,6,no-ancestor-expiry,,,0,0,0
trace-015,mixed,0,6,no-ancestor-revocation,,,0,0,0
trace-015,mixed,0,6,no-alias-obligations,,node-0034,1,1,1
trace-015,mixed,0,6,top-one,,,0,0,0
trace-015,mixed,0,6,expiry-skyline,,,0,0,0
trace-015,mixed,0,7,direct,,,0,0,0
trace-015,mixed,0,7,verified,,,0,0,0
trace-015,mixed,0,7,full-compiled,,,0,0,0
trace-015,mixed,0,7,timestamp-only,,,0,0,0
trace-015,mixed,0,7,no-ancestor-expiry,,,0,0,0
trace-015,mixed,0,7,no-ancestor-revocation,,,0,0,0
trace-015,mixed,0,7,no-alias-obligations,,,0,0,0
trace-015,mixed,0,7,top-one,,,0,0,0
trace-015,mixed,0,7,expiry-skyline,,,0,0,0
trace-015,mixed,0,8,direct,node-0048,node-0048,0,0,0
trace-015,mixed,0,8,verified,node-0048,node-0048,0,0,0
trace-015,mixed,0,8,full-compiled,node-0048,node-0048,0,0,0
trace-015,mixed,0,8,timestamp-only,node-0048,node-0005,1,0,1
trace-015,mixed,0,8,no-ancestor-expiry,node-0048,node-0048,0,0,0
trace-015,mixed,0,8,no-ancestor-revocation,node-0048,node-0048,0,0,0
trace-015,mixed,0,8,no-alias-obligations,node-0048,node-0005,1,0,1
trace-015,mixed,0,8,top-one,node-0048,,1,1,0
trace-015,mixed,0,8,expiry-skyline,node-0048,node-0048,0,0,0
trace-015,mixed,0,9,direct,node-0034,node-0034,0,0,0
trace-015,mixed,0,9,verified,node-0034,node-0034,0,0,0
trace-015,mixed,0,9,full-compiled,node-0034,node-0034,0,0,0
trace-015,mixed,0,9,timestamp-only,node-0034,node-0034,0,0,0
trace-015,mixed,0,9,no-ancestor-expiry,node-0034,node-0034,0,0,0
trace-015,mixed,0,9,no-ancestor-revocation,node-0034,node-0034,0,0,0
trace-015,mixed,0,9,no-alias-obligations,node-0034,node-0034,0,0,0
trace-015,mixed,0,9,top-one,node-0034,node-0034,0,0,0
trace-015,mixed,0,9,expiry-skyline,node-0034,node-0034,0,0,0
trace-015,mixed,0,10,direct,node-0034,node-0034,0,0,0
trace-015,mixed,0,10,verified,node-0034,node-0034,0,0,0
trace-015,mixed,0,10,full-compiled,node-0034,node-0034,0,0,0
trace-015,mixed,0,10,timestamp-only,node-0034,node-0034,0,0,0
trace-015,mixed,0,10,no-ancestor-expiry,node-0034,node-0034,0,0,0
trace-015,mixed,0,10,no-ancestor-revocation,node-0034,node-0034,0,0,0
trace-015,mixed,0,10,no-alias-obligations,node-0034,node-0034,0,0,0
trace-015,mixed,0,10,top-one,node-0034,node-0034,0,0,0
trace-015,mixed,0,10,expiry-skyline,node-0034,node-0034,0,0,0
trace-015,mixed,0,11,direct,,,0,0,0
trace-015,mixed,0,11,verified,,,0,0,0
trace-015,mixed,0,11,full-compiled,,,0,0,0
trace-015,mixed,0,11,timestamp-only,,node-0052,1,1,1
trace-015,mixed,0,11,no-ancestor-expiry,,,0,0,0
trace-015,mixed,0,11,no-ancestor-revocation,,,0,0,0
trace-015,mixed,0,11,no-alias-obligations,,node-0052,1,1,1
trace-015,mixed,0,11,top-one,,,0,0,0
trace-015,mixed,0,11,expiry-skyline,,,0,0,0
trace-015,mixed,1,0,direct,node-0044,node-0044,0,0,0
trace-015,mixed,1,0,verified,node-0044,node-0044,0,0,0
trace-015,mixed,1,0,full-compiled,node-0044,node-0044,0,0,0
trace-015,mixed,1,0,timestamp-only,node-0044,node-0044,0,0,0
trace-015,mixed,1,0,no-ancestor-expiry,node-0044,node-0044,0,0,0
trace-015,mixed,1,0,no-ancestor-revocation,node-0044,node-0044,0,0,0
trace-015,mixed,1,0,no-alias-obligations,node-0044,node-0044,0,0,0
trace-015,mixed,1,0,top-one,node-0044,node-0044,0,0,0
trace-015,mixed,1,0,expiry-skyline,node-0044,node-0044,0,0,0
trace-015,mixed,1,1,direct,node-0044,node-0044,0,0,0
trace-015,mixed,1,1,verified,node-0044,node-0044,0,0,0
trace-015,mixed,1,1,full-compiled,node-0044,node-0044,0,0,0
trace-015,mixed,1,1,timestamp-only,node-0044,node-0044,0,0,0
trace-015,mixed,1,1,no-ancestor-expiry,node-0044,node-0044,0,0,0
trace-015,mixed,1,1,no-ancestor-revocation,node-0044,node-0044,0,0,0
trace-015,mixed,1,1,no-alias-obligations,node-0044,node-0044,0,0,0
trace-015,mixed,1,1,top-one,node-0044,node-0044,0,0,0
trace-015,mixed,1,1,expiry-skyline,node-0044,node-0044,0,0,0
trace-015,mixed,1,2,direct,node-0031,node-0031,0,0,0
trace-015,mixed,1,2,verified,node-0031,node-0031,0,0,0
trace-015,mixed,1,2,full-compiled,node-0031,node-0031,0,0,0
trace-015,mixed,1,2,timestamp-only,node-0031,node-0062,1,1,1
trace-015,mixed,1,2,no-ancestor-expiry,node-0031,node-0031,0,0,0
trace-015,mixed,1,2,no-ancestor-revocation,node-0031,node-0031,0,0,0
trace-015,mixed,1,2,no-alias-obligations,node-0031,node-0062,1,1,1
trace-015,mixed,1,2,top-one,node-0031,,1,1,0
trace-015,mixed,1,2,expiry-skyline,node-0031,,1,1,0
trace-015,mixed,1,3,direct,node-0008,node-0008,0,0,0
trace-015,mixed,1,3,verified,node-0008,node-0008,0,0,0
trace-015,mixed,1,3,full-compiled,node-0008,node-0008,0,0,0
trace-015,mixed,1,3,timestamp-only,node-0008,node-0044,1,1,1
trace-015,mixed,1,3,no-ancestor-expiry,node-0008,node-0008,0,0,0
trace-015,mixed,1,3,no-ancestor-revocation,node-0008,node-0044,1,1,1
trace-015,mixed,1,3,no-alias-obligations,node-0008,node-0008,0,0,0
trace-015,mixed,1,3,top-one,node-0008,,1,1,0
trace-015,mixed,1,3,expiry-skyline,node-0008,node-0008,0,0,0
trace-015,mixed,1,4,direct,node-0044,node-0044,0,0,0
trace-015,mixed,1,4,verified,node-0044,node-0044,0,0,0
trace-015,mixed,1,4,full-compiled,node-0044,node-0044,0,0,0
trace-015,mixed,1,4,timestamp-only,node-0044,node-0044,0,0,0
trace-015,mixed,1,4,no-ancestor-expiry,node-0044,node-0044,0,0,0
trace-015,mixed,1,4,no-ancestor-revocation,node-0044,node-0044,0,0,0
trace-015,mixed,1,4,no-alias-obligations,node-0044,node-0044,0,0,0
trace-015,mixed,1,4,top-one,node-0044,node-0044,0,0,0
trace-015,mixed,1,4,expiry-skyline,node-0044,node-0044,0,0,0
trace-015,mixed,1,5,direct,node-0044,node-0044,0,0,0
trace-015,mixed,1,5,verified,node-0044,node-0044,0,0,0
trace-015,mixed,1,5,full-compiled,node-0044,node-0044,0,0,0
trace-015,mixed,1,5,timestamp-only,node-0044,node-0044,0,0,0
trace-015,mixed,1,5,no-ancestor-expiry,node-0044,node-0044,0,0,0
trace-015,mixed,1,5,no-ancestor-revocation,node-0044,node-0044,0,0,0
trace-015,mixed,1,5,no-alias-obligations,node-0044,node-0044,0,0,0
trace-015,mixed,1,5,top-one,node-0044,node-0044,0,0,0
trace-015,mixed,1,5,expiry-skyline,node-0044,node-0044,0,0,0
trace-015,mixed,1,6,direct,node-0015,node-0015,0,0,0
trace-015,mixed,1,6,verified,node-0015,node-0015,0,0,0
trace-015,mixed,1,6,full-compiled,node-0015,node-0015,0,0,0
trace-015,mixed,1,6,timestamp-only,node-0015,node-0015,0,0,0
trace-015,mixed,1,6,no-ancestor-expiry,node-0015,node-0015,0,0,0
trace-015,mixed,1,6,no-ancestor-revocation,node-0015,node-0015,0,0,0
trace-015,mixed,1,6,no-alias-obligations,node-0015,node-0015,0,0,0
trace-015,mixed,1,6,top-one,node-0015,,1,1,0
trace-015,mixed,1,6,expiry-skyline,node-0015,node-0015,0,0,0
trace-015,mixed,1,7,direct,,,0,0,0
trace-015,mixed,1,7,verified,,,0,0,0
trace-015,mixed,1,7,full-compiled,,,0,0,0
trace-015,mixed,1,7,timestamp-only,,,0,0,0
trace-015,mixed,1,7,no-ancestor-expiry,,,0,0,0
trace-015,mixed,1,7,no-ancestor-revocation,,,0,0,0
trace-015,mixed,1,7,no-alias-obligations,,,0,0,0
trace-015,mixed,1,7,top-one,,,0,0,0
trace-015,mixed,1,7,expiry-skyline,,,0,0,0
trace-015,mixed,1,8,direct,node-0031,node-0031,0,0,0
trace-015,mixed,1,8,verified,node-0031,node-0031,0,0,0
trace-015,mixed,1,8,full-compiled,node-0031,node-0031,0,0,0
trace-015,mixed,1,8,timestamp-only,node-0031,node-0062,1,1,1
trace-015,mixed,1,8,no-ancestor-expiry,node-0031,node-0031,0,0,0
trace-015,mixed,1,8,no-ancestor-revocation,node-0031,node-0031,0,0,0
trace-015,mixed,1,8,no-alias-obligations,node-0031,node-0062,1,1,1
trace-015,mixed,1,8,top-one,node-0031,,1,1,0
trace-015,mixed,1,8,expiry-skyline,node-0031,,1,1,0
trace-015,mixed,1,9,direct,node-0008,node-0008,0,0,0
trace-015,mixed,1,9,verified,node-0008,node-0008,0,0,0
trace-015,mixed,1,9,full-compiled,node-0008,node-0008,0,0,0
trace-015,mixed,1,9,timestamp-only,node-0008,node-0044,1,1,1
trace-015,mixed,1,9,no-ancestor-expiry,node-0008,node-0008,0,0,0
trace-015,mixed,1,9,no-ancestor-revocation,node-0008,node-0044,1,1,1
trace-015,mixed,1,9,no-alias-obligations,node-0008,node-0008,0,0,0
trace-015,mixed,1,9,top-one,node-0008,,1,1,0
trace-015,mixed,1,9,expiry-skyline,node-0008,node-0008,0,0,0
trace-015,mixed,1,10,direct,node-0044,node-0044,0,0,0
trace-015,mixed,1,10,verified,node-0044,node-0044,0,0,0
trace-015,mixed,1,10,full-compiled,node-0044,node-0044,0,0,0
trace-015,mixed,1,10,timestamp-only,node-0044,node-0044,0,0,0
trace-015,mixed,1,10,no-ancestor-expiry,node-0044,node-0044,0,0,0
trace-015,mixed,1,10,no-ancestor-revocation,node-0044,node-0044,0,0,0
trace-015,mixed,1,10,no-alias-obligations,node-0044,node-0044,0,0,0
trace-015,mixed,1,10,top-one,node-0044,node-0044,0,0,0
trace-015,mixed,1,10,expiry-skyline,node-0044,node-0044,0,0,0
trace-015,mixed,1,11,direct,,,0,0,0
trace-015,mixed,1,11,verified,,,0,0,0
trace-015,mixed,1,11,full-compiled,,,0,0,0
trace-015,mixed,1,11,timestamp-only,,node-0045,1,1,1
trace-015,mixed,1,11,no-ancestor-expiry,,,0,0,0
trace-015,mixed,1,11,no-ancestor-revocation,,,0,0,0
trace-015,mixed,1,11,no-alias-obligations,,node-0009,1,1,1
trace-015,mixed,1,11,top-one,,,0,0,0
trace-015,mixed,1,11,expiry-skyline,,,0,0,0
trace-016,mixed,0,0,direct,node-0001,node-0001,0,0,0
trace-016,mixed,0,0,verified,node-0001,node-0001,0,0,0
trace-016,mixed,0,0,full-compiled,node-0001,node-0001,0,0,0
trace-016,mixed,0,0,timestamp-only,node-0001,node-0001,0,0,0
trace-016,mixed,0,0,no-ancestor-expiry,node-0001,node-0001,0,0,0
trace-016,mixed,0,0,no-ancestor-revocation,node-0001,node-0001,0,0,0
trace-016,mixed,0,0,no-alias-obligations,node-0001,node-0001,0,0,0
trace-016,mixed,0,0,top-one,node-0001,node-0001,0,0,0
trace-016,mixed,0,0,expiry-skyline,node-0001,node-0001,0,0,0
trace-016,mixed,0,1,direct,node-0001,node-0001,0,0,0
trace-016,mixed,0,1,verified,node-0001,node-0001,0,0,0
trace-016,mixed,0,1,full-compiled,node-0001,node-0001,0,0,0
trace-016,mixed,0,1,timestamp-only,node-0001,node-0001,0,0,0
trace-016,mixed,0,1,no-ancestor-expiry,node-0001,node-0001,0,0,0
trace-016,mixed,0,1,no-ancestor-revocation,node-0001,node-0001,0,0,0
trace-016,mixed,0,1,no-alias-obligations,node-0001,node-0001,0,0,0
trace-016,mixed,0,1,top-one,node-0001,node-0001,0,0,0
trace-016,mixed,0,1,expiry-skyline,node-0001,node-0001,0,0,0
trace-016,mixed,0,2,direct,node-0032,node-0032,0,0,0
trace-016,mixed,0,2,verified,node-0032,node-0032,0,0,0
trace-016,mixed,0,2,full-compiled,node-0032,node-0032,0,0,0
trace-016,mixed,0,2,timestamp-only,node-0032,node-0054,1,1,1
trace-016,mixed,0,2,no-ancestor-expiry,node-0032,node-0032,0,0,0
trace-016,mixed,0,2,no-ancestor-revocation,node-0032,node-0016,1,1,1
trace-016,mixed,0,2,no-alias-obligations,node-0032,node-0054,1,1,1
trace-016,mixed,0,2,top-one,node-0032,,1,1,0
trace-016,mixed,0,2,expiry-skyline,node-0032,,1,1,0
trace-016,mixed,0,3,direct,node-0001,node-0001,0,0,0
trace-016,mixed,0,3,verified,node-0001,node-0001,0,0,0
trace-016,mixed,0,3,full-compiled,node-0001,node-0001,0,0,0
trace-016,mixed,0,3,timestamp-only,node-0001,node-0001,0,0,0
trace-016,mixed,0,3,no-ancestor-expiry,node-0001,node-0001,0,0,0
trace-016,mixed,0,3,no-ancestor-revocation,node-0001,node-0001,0,0,0
trace-016,mixed,0,3,no-alias-obligations,node-0001,node-0001,0,0,0
trace-016,mixed,0,3,top-one,node-0001,node-0001,0,0,0
trace-016,mixed,0,3,expiry-skyline,node-0001,node-0001,0,0,0
trace-016,mixed,0,4,direct,node-0001,node-0001,0,0,0
trace-016,mixed,0,4,verified,node-0001,node-0001,0,0,0
trace-016,mixed,0,4,full-compiled,node-0001,node-0001,0,0,0
trace-016,mixed,0,4,timestamp-only,node-0001,node-0001,0,0,0
trace-016,mixed,0,4,no-ancestor-expiry,node-0001,node-0001,0,0,0
trace-016,mixed,0,4,no-ancestor-revocation,node-0001,node-0001,0,0,0
trace-016,mixed,0,4,no-alias-obligations,node-0001,node-0001,0,0,0
trace-016,mixed,0,4,top-one,node-0001,node-0001,0,0,0
trace-016,mixed,0,4,expiry-skyline,node-0001,node-0001,0,0,0
trace-016,mixed,0,5,direct,node-0039,node-0039,0,0,0
trace-016,mixed,0,5,verified,node-0039,node-0039,0,0,0
trace-016,mixed,0,5,full-compiled,node-0039,node-0039,0,0,0
trace-016,mixed,0,5,timestamp-only,node-0039,node-0039,0,0,0
trace-016,mixed,0,5,no-ancestor-expiry,node-0039,node-0039,0,0,0
trace-016,mixed,0,5,no-ancestor-revocation,node-0039,node-0039,0,0,0
trace-016,mixed,0,5,no-alias-obligations,node-0039,node-0039,0,0,0
trace-016,mixed,0,5,top-one,node-0039,,1,1,0
trace-016,mixed,0,5,expiry-skyline,node-0039,node-0039,0,0,0
trace-016,mixed,0,6,direct,node-0007,node-0007,0,0,0
trace-016,mixed,0,6,verified,node-0007,node-0007,0,0,0
trace-016,mixed,0,6,full-compiled,node-0007,node-0007,0,0,0
trace-016,mixed,0,6,timestamp-only,node-0007,node-0007,0,0,0
trace-016,mixed,0,6,no-ancestor-expiry,node-0007,node-0007,0,0,0
trace-016,mixed,0,6,no-ancestor-revocation,node-0007,node-0007,0,0,0
trace-016,mixed,0,6,no-alias-obligations,node-0007,node-0007,0,0,0
trace-016,mixed,0,6,top-one,node-0007,,1,1,0
trace-016,mixed,0,6,expiry-skyline,node-0007,node-0007,0,0,0
trace-016,mixed,0,7,direct,,,0,0,0
trace-016,mixed,0,7,verified,,,0,0,0
trace-016,mixed,0,7,full-compiled,,,0,0,0
trace-016,mixed,0,7,timestamp-only,,,0,0,0
trace-016,mixed,0,7,no-ancestor-expiry,,,0,0,0
trace-016,mixed,0,7,no-ancestor-revocation,,,0,0,0
trace-016,mixed,0,7,no-alias-obligations,,,0,0,0
trace-016,mixed,0,7,top-one,,,0,0,0
trace-016,mixed,0,7,expiry-skyline,,,0,0,0
trace-016,mixed,0,8,direct,node-0001,node-0001,0,0,0
trace-016,mixed,0,8,verified,node-0001,node-0001,0,0,0
trace-016,mixed,0,8,full-compiled,node-0001,node-0001,0,0,0
trace-016,mixed,0,8,timestamp-only,node-0001,node-0001,0,0,0
trace-016,mixed,0,8,no-ancestor-expiry,node-0001,node-0001,0,0,0
trace-016,mixed,0,8,no-ancestor-revocation,node-0001,node-0001,0,0,0
trace-016,mixed,0,8,no-alias-obligations,node-0001,node-0001,0,0,0
trace-016,mixed,0,8,top-one,node-0001,node-0001,0,0,0
trace-016,mixed,0,8,expiry-skyline,node-0001,node-0001,0,0,0
trace-016,mixed,0,9,direct,node-0032,node-0032,0,0,0
trace-016,mixed,0,9,verified,node-0032,node-0032,0,0,0
trace-016,mixed,0,9,full-compiled,node-0032,node-0032,0,0,0
trace-016,mixed,0,9,timestamp-only,node-0032,node-0054,1,1,1
trace-016,mixed,0,9,no-ancestor-expiry,node-0032,node-0032,0,0,0
trace-016,mixed,0,9,no-ancestor-revocation,node-0032,node-0016,1,1,1
trace-016,mixed,0,9,no-alias-obligations,node-0032,node-0054,1,1,1
trace-016,mixed,0,9,top-one,node-0032,,1,1,0
trace-016,mixed,0,9,expiry-skyline,node-0032,,1,1,0
trace-016,mixed,0,10,direct,node-0001,node-0001,0,0,0
trace-016,mixed,0,10,verified,node-0001,node-0001,0,0,0
trace-016,mixed,0,10,full-compiled,node-0001,node-0001,0,0,0
trace-016,mixed,0,10,timestamp-only,node-0001,node-0001,0,0,0
trace-016,mixed,0,10,no-ancestor-expiry,node-0001,node-0001,0,0,0
trace-016,mixed,0,10,no-ancestor-revocation,node-0001,node-0001,0,0,0
trace-016,mixed,0,10,no-alias-obligations,node-0001,node-0001,0,0,0
trace-016,mixed,0,10,top-one,node-0001,node-0001,0,0,0
trace-016,mixed,0,10,expiry-skyline,node-0001,node-0001,0,0,0
trace-016,mixed,0,11,direct,,,0,0,0
trace-016,mixed,0,11,verified,,,0,0,0
trace-016,mixed,0,11,full-compiled,,,0,0,0
trace-016,mixed,0,11,timestamp-only,,node-0037,1,1,1
trace-016,mixed,0,11,no-ancestor-expiry,,,0,0,0
trace-016,mixed,0,11,no-ancestor-revocation,,,0,0,0
trace-016,mixed,0,11,no-alias-obligations,,node-0037,1,1,1
trace-016,mixed,0,11,top-one,,,0,0,0
trace-016,mixed,0,11,expiry-skyline,,,0,0,0
trace-016,mixed,1,0,direct,node-0030,node-0030,0,0,0
trace-016,mixed,1,0,verified,node-0030,node-0030,0,0,0
trace-016,mixed,1,0,full-compiled,node-0030,node-0030,0,0,0
trace-016,mixed,1,0,timestamp-only,node-0030,node-0030,0,0,0
trace-016,mixed,1,0,no-ancestor-expiry,node-0030,node-0030,0,0,0
trace-016,mixed,1,0,no-ancestor-revocation,node-0030,node-0030,0,0,0
trace-016,mixed,1,0,no-alias-obligations,node-0030,node-0030,0,0,0
trace-016,mixed,1,0,top-one,node-0030,node-0030,0,0,0
trace-016,mixed,1,0,expiry-skyline,node-0030,node-0030,0,0,0
trace-016,mixed,1,1,direct,node-0013,node-0013,0,0,0
trace-016,mixed,1,1,verified,node-0013,node-0013,0,0,0
trace-016,mixed,1,1,full-compiled,node-0013,node-0013,0,0,0
trace-016,mixed,1,1,timestamp-only,node-0013,node-0030,1,0,1
trace-016,mixed,1,1,no-ancestor-expiry,node-0013,node-0013,0,0,0
trace-016,mixed,1,1,no-ancestor-revocation,node-0013,node-0045,1,1,1
trace-016,mixed,1,1,no-alias-obligations,node-0013,node-0030,1,0,1
trace-016,mixed,1,1,top-one,node-0013,,1,1,0
trace-016,mixed,1,1,expiry-skyline,node-0013,node-0013,0,0,0
trace-016,mixed,1,2,direct,node-0015,node-0015,0,0,0
trace-016,mixed,1,2,verified,node-0015,node-0015,0,0,0
trace-016,mixed,1,2,full-compiled,node-0015,node-0015,0,0,0
trace-016,mixed,1,2,timestamp-only,node-0015,node-0058,1,1,1
trace-016,mixed,1,2,no-ancestor-expiry,node-0015,node-0015,0,0,0
trace-016,mixed,1,2,no-ancestor-revocation,node-0015,node-0015,0,0,0
trace-016,mixed,1,2,no-alias-obligations,node-0015,node-0058,1,1,1
trace-016,mixed,1,2,top-one,node-0015,,1,1,0
trace-016,mixed,1,2,expiry-skyline,node-0015,,1,1,0
trace-016,mixed,1,3,direct,node-0013,node-0013,0,0,0
trace-016,mixed,1,3,verified,node-0013,node-0013,0,0,0
trace-016,mixed,1,3,full-compiled,node-0013,node-0013,0,0,0
trace-016,mixed,1,3,timestamp-only,node-0013,node-0030,1,0,1
trace-016,mixed,1,3,no-ancestor-expiry,node-0013,node-0013,0,0,0
trace-016,mixed,1,3,no-ancestor-revocation,node-0013,node-0045,1,1,1
trace-016,mixed,1,3,no-alias-obligations,node-0013,node-0030,1,0,1
trace-016,mixed,1,3,top-one,node-0013,,1,1,0
trace-016,mixed,1,3,expiry-skyline,node-0013,node-0013,0,0,0
trace-016,mixed,1,4,direct,node-0027,node-0027,0,0,0
trace-016,mixed,1,4,verified,node-0027,node-0027,0,0,0
trace-016,mixed,1,4,full-compiled,node-0027,node-0027,0,0,0
trace-016,mixed,1,4,timestamp-only,node-0027,node-0027,0,0,0
trace-016,mixed,1,4,no-ancestor-expiry,node-0027,node-0027,0,0,0
trace-016,mixed,1,4,no-ancestor-revocation,node-0027,node-0027,0,0,0
trace-016,mixed,1,4,no-alias-obligations,node-0027,node-0027,0,0,0
trace-016,mixed,1,4,top-one,node-0027,,1,1,0
trace-016,mixed,1,4,expiry-skyline,node-0027,node-0027,0,0,0
trace-016,mixed,1,5,direct,node-0027,node-0027,0,0,0
trace-016,mixed,1,5,verified,node-0027,node-0027,0,0,0
trace-016,mixed,1,5,full-compiled,node-0027,node-0027,0,0,0
trace-016,mixed,1,5,timestamp-only,node-0027,node-0027,0,0,0
trace-016,mixed,1,5,no-ancestor-expiry,node-0027,node-0027,0,0,0
trace-016,mixed,1,5,no-ancestor-revocation,node-0027,node-0027,0,0,0
trace-016,mixed,1,5,no-alias-obligations,node-0027,node-0027,0,0,0
trace-016,mixed,1,5,top-one,node-0027,,1,1,0
trace-016,mixed,1,5,expiry-skyline,node-0027,node-0027,0,0,0
trace-016,mixed,1,6,direct,,,0,0,0
trace-016,mixed,1,6,verified,,,0,0,0
trace-016,mixed,1,6,full-compiled,,,0,0,0
trace-016,mixed,1,6,timestamp-only,,node-0057,1,1,1
trace-016,mixed,1,6,no-ancestor-expiry,,node-0047,1,1,1
trace-016,mixed,1,6,no-ancestor-revocation,,,0,0,0
trace-016,mixed,1,6,no-alias-obligations,,node-0057,1,1,1
trace-016,mixed,1,6,top-one,,,0,0,0
trace-016,mixed,1,6,expiry-skyline,,,0,0,0
trace-016,mixed,1,7,direct,,,0,0,0
trace-016,mixed,1,7,verified,,,0,0,0
trace-016,mixed,1,7,full-compiled,,,0,0,0
trace-016,mixed,1,7,timestamp-only,,,0,0,0
trace-016,mixed,1,7,no-ancestor-expiry,,,0,0,0
trace-016,mixed,1,7,no-ancestor-revocation,,,0,0,0
trace-016,mixed,1,7,no-alias-obligations,,,0,0,0
trace-016,mixed,1,7,top-one,,,0,0,0
trace-016,mixed,1,7,expiry-skyline,,,0,0,0
trace-016,mixed,1,8,direct,node-0030,node-0030,0,0,0
trace-016,mixed,1,8,verified,node-0030,node-0030,0,0,0
trace-016,mixed,1,8,full-compiled,node-0030,node-0030,0,0,0
trace-016,mixed,1,8,timestamp-only,node-0030,node-0030,0,0,0
trace-016,mixed,1,8,no-ancestor-expiry,node-0030,node-0030,0,0,0
trace-016,mixed,1,8,no-ancestor-revocation,node-0030,node-0030,0,0,0
trace-016,mixed,1,8,no-alias-obligations,node-0030,node-0030,0,0,0
trace-016,mixed,1,8,top-one,node-0030,node-0030,0,0,0
trace-016,mixed,1,8,expiry-skyline,node-0030,node-0030,0,0,0
trace-016,mixed,1,9,direct,node-0031,node-0031,0,0,0
trace-016,mixed,1,9,verified,node-0031,node-0031,0,0,0
trace-016,mixed,1,9,full-compiled,node-0031,node-0031,0,0,0
trace-016,mixed,1,9,timestamp-only,node-0031,node-0058,1,1,1
trace-016,mixed,1,9,no-ancestor-expiry,node-0031,node-0031,0,0,0
trace-016,mixed,1,9,no-ancestor-revocation,node-0031,node-0047,1,1,1
trace-016,mixed,1,9,no-alias-obligations,node-0031,node-0058,1,1,1
trace-016,mixed,1,9,top-one,node-0031,,1,1,0
trace-016,mixed,1,9,expiry-skyline,node-0031,,1,1,0
trace-016,mixed,1,10,direct,node-0027,node-0027,0,0,0
trace-016,mixed,1,10,verified,node-0027,node-0027,0,0,0
trace-016,mixed,1,10,full-compiled,node-0027,node-0027,0,0,0
trace-016,mixed,1,10,timestamp-only,node-0027,node-0027,0,0,0
trace-016,mixed,1,10,no-ancestor-expiry,node-0027,node-0027,0,0,0
trace-016,mixed,1,10,no-ancestor-revocation,node-0027,node-0027,0,0,0
trace-016,mixed,1,10,no-alias-obligations,node-0027,node-0027,0,0,0
trace-016,mixed,1,10,top-one,node-0027,,1,1,0
trace-016,mixed,1,10,expiry-skyline,node-0027,node-0027,0,0,0
trace-016,mixed,1,11,direct,,,0,0,0
trace-016,mixed,1,11,verified,,,0,0,0
trace-016,mixed,1,11,full-compiled,,,0,0,0
trace-016,mixed,1,11,timestamp-only,,node-0058,1,1,1
trace-016,mixed,1,11,no-ancestor-expiry,,,0,0,0
trace-016,mixed,1,11,no-ancestor-revocation,,,0,0,0
trace-016,mixed,1,11,no-alias-obligations,,node-0058,1,1,1
trace-016,mixed,1,11,top-one,,,0,0,0
trace-016,mixed,1,11,expiry-skyline,,,0,0,0
trace-017,mixed,0,0,direct,node-0016,node-0016,0,0,0
trace-017,mixed,0,0,verified,node-0016,node-0016,0,0,0
trace-017,mixed,0,0,full-compiled,node-0016,node-0016,0,0,0
trace-017,mixed,0,0,timestamp-only,node-0016,node-0016,0,0,0
trace-017,mixed,0,0,no-ancestor-expiry,node-0016,node-0016,0,0,0
trace-017,mixed,0,0,no-ancestor-revocation,node-0016,node-0016,0,0,0
trace-017,mixed,0,0,no-alias-obligations,node-0016,node-0016,0,0,0
trace-017,mixed,0,0,top-one,node-0016,node-0016,0,0,0
trace-017,mixed,0,0,expiry-skyline,node-0016,node-0016,0,0,0
trace-017,mixed,0,1,direct,node-0016,node-0016,0,0,0
trace-017,mixed,0,1,verified,node-0016,node-0016,0,0,0
trace-017,mixed,0,1,full-compiled,node-0016,node-0016,0,0,0
trace-017,mixed,0,1,timestamp-only,node-0016,node-0016,0,0,0
trace-017,mixed,0,1,no-ancestor-expiry,node-0016,node-0016,0,0,0
trace-017,mixed,0,1,no-ancestor-revocation,node-0016,node-0016,0,0,0
trace-017,mixed,0,1,no-alias-obligations,node-0016,node-0016,0,0,0
trace-017,mixed,0,1,top-one,node-0016,node-0016,0,0,0
trace-017,mixed,0,1,expiry-skyline,node-0016,node-0016,0,0,0
trace-017,mixed,0,2,direct,node-0000,node-0000,0,0,0
trace-017,mixed,0,2,verified,node-0000,node-0000,0,0,0
trace-017,mixed,0,2,full-compiled,node-0000,node-0000,0,0,0
trace-017,mixed,0,2,timestamp-only,node-0000,node-0007,1,1,1
trace-017,mixed,0,2,no-ancestor-expiry,node-0000,node-0000,0,0,0
trace-017,mixed,0,2,no-ancestor-revocation,node-0000,node-0000,0,0,0
trace-017,mixed,0,2,no-alias-obligations,node-0000,node-0007,1,1,1
trace-017,mixed,0,2,top-one,node-0000,,1,1,0
trace-017,mixed,0,2,expiry-skyline,node-0000,,1,1,0
trace-017,mixed,0,3,direct,node-0016,node-0016,0,0,0
trace-017,mixed,0,3,verified,node-0016,node-0016,0,0,0
trace-017,mixed,0,3,full-compiled,node-0016,node-0016,0,0,0
trace-017,mixed,0,3,timestamp-only,node-0016,node-0016,0,0,0
trace-017,mixed,0,3,no-ancestor-expiry,node-0016,node-0016,0,0,0
trace-017,mixed,0,3,no-ancestor-revocation,node-0016,node-0016,0,0,0
trace-017,mixed,0,3,no-alias-obligations,node-0016,node-0016,0,0,0
trace-017,mixed,0,3,top-one,node-0016,node-0016,0,0,0
trace-017,mixed,0,3,expiry-skyline,node-0016,node-0016,0,0,0
trace-017,mixed,0,4,direct,node-0016,node-0016,0,0,0
trace-017,mixed,0,4,verified,node-0016,node-0016,0,0,0
trace-017,mixed,0,4,full-compiled,node-0016,node-0016,0,0,0
trace-017,mixed,0,4,timestamp-only,node-0016,node-0016,0,0,0
trace-017,mixed,0,4,no-ancestor-expiry,node-0016,node-0016,0,0,0
trace-017,mixed,0,4,no-ancestor-revocation,node-0016,node-0016,0,0,0
trace-017,mixed,0,4,no-alias-obligations,node-0016,node-0016,0,0,0
trace-017,mixed,0,4,top-one,node-0016,node-0016,0,0,0
trace-017,mixed,0,4,expiry-skyline,node-0016,node-0016,0,0,0
trace-017,mixed,0,5,direct,node-0032,node-0032,0,0,0
trace-017,mixed,0,5,verified,node-0032,node-0032,0,0,0
trace-017,mixed,0,5,full-compiled,node-0032,node-0032,0,0,0
trace-017,mixed,0,5,timestamp-only,node-0032,node-0032,0,0,0
trace-017,mixed,0,5,no-ancestor-expiry,node-0032,node-0032,0,0,0
trace-017,mixed,0,5,no-ancestor-revocation,node-0032,node-0032,0,0,0
trace-017,mixed,0,5,no-alias-obligations,node-0032,node-0032,0,0,0
trace-017,mixed,0,5,top-one,node-0032,,1,1,0
trace-017,mixed,0,5,expiry-skyline,node-0032,node-0032,0,0,0
trace-017,mixed,0,6,direct,,,0,0,0
trace-017,mixed,0,6,verified,,,0,0,0
trace-017,mixed,0,6,full-compiled,,,0,0,0
trace-017,mixed,0,6,timestamp-only,,node-0033,1,1,1
trace-017,mixed,0,6,no-ancestor-expiry,,,0,0,0
trace-017,mixed,0,6,no-ancestor-revocation,,,0,0,0
trace-017,mixed,0,6,no-alias-obligations,,,0,0,0
trace-017,mixed,0,6,top-one,,,0,0,0
trace-017,mixed,0,6,expiry-skyline,,,0,0,0
trace-017,mixed,0,7,direct,,,0,0,0
trace-017,mixed,0,7,verified,,,0,0,0
trace-017,mixed,0,7,full-compiled,,,0,0,0
trace-017,mixed,0,7,timestamp-only,,,0,0,0
trace-017,mixed,0,7,no-ancestor-expiry,,,0,0,0
trace-017,mixed,0,7,no-ancestor-revocation,,,0,0,0
trace-017,mixed,0,7,no-alias-obligations,,,0,0,0
trace-017,mixed,0,7,top-one,,,0,0,0
trace-017,mixed,0,7,expiry-skyline,,,0,0,0
trace-017,mixed,0,8,direct,node-0016,node-0016,0,0,0
trace-017,mixed,0,8,verified,node-0016,node-0016,0,0,0
trace-017,mixed,0,8,full-compiled,node-0016,node-0016,0,0,0
trace-017,mixed,0,8,timestamp-only,node-0016,node-0016,0,0,0
trace-017,mixed,0,8,no-ancestor-expiry,node-0016,node-0016,0,0,0
trace-017,mixed,0,8,no-ancestor-revocation,node-0016,node-0016,0,0,0
trace-017,mixed,0,8,no-alias-obligations,node-0016,node-0016,0,0,0
trace-017,mixed,0,8,top-one,node-0016,node-0016,0,0,0
trace-017,mixed,0,8,expiry-skyline,node-0016,node-0016,0,0,0
trace-017,mixed,0,9,direct,node-0016,node-0016,0,0,0
trace-017,mixed,0,9,verified,node-0016,node-0016,0,0,0
trace-017,mixed,0,9,full-compiled,node-0016,node-0016,0,0,0
trace-017,mixed,0,9,timestamp-only,node-0016,node-0016,0,0,0
trace-017,mixed,0,9,no-ancestor-expiry,node-0016,node-0016,0,0,0
trace-017,mixed,0,9,no-ancestor-revocation,node-0016,node-0016,0,0,0
trace-017,mixed,0,9,no-alias-obligations,node-0016,node-0016,0,0,0
trace-017,mixed,0,9,top-one,node-0016,node-0016,0,0,0
trace-017,mixed,0,9,expiry-skyline,node-0016,node-0016,0,0,0
trace-017,mixed,0,10,direct,node-0000,node-0000,0,0,0
trace-017,mixed,0,10,verified,node-0000,node-0000,0,0,0
trace-017,mixed,0,10,full-compiled,node-0000,node-0000,0,0,0
trace-017,mixed,0,10,timestamp-only,node-0000,node-0007,1,1,1
trace-017,mixed,0,10,no-ancestor-expiry,node-0000,node-0000,0,0,0
trace-017,mixed,0,10,no-ancestor-revocation,node-0000,node-0000,0,0,0
trace-017,mixed,0,10,no-alias-obligations,node-0000,node-0007,1,1,1
trace-017,mixed,0,10,top-one,node-0000,,1,1,0
trace-017,mixed,0,10,expiry-skyline,node-0000,,1,1,0
trace-017,mixed,0,11,direct,,,0,0,0
trace-017,mixed,0,11,verified,,,0,0,0
trace-017,mixed,0,11,full-compiled,,,0,0,0
trace-017,mixed,0,11,timestamp-only,,node-0006,1,1,1
trace-017,mixed,0,11,no-ancestor-expiry,,,0,0,0
trace-017,mixed,0,11,no-ancestor-revocation,,,0,0,0
trace-017,mixed,0,11,no-alias-obligations,,node-0006,1,1,1
trace-017,mixed,0,11,top-one,,,0,0,0
trace-017,mixed,0,11,expiry-skyline,,,0,0,0
trace-017,mixed,1,0,direct,node-0057,node-0057,0,0,0
trace-017,mixed,1,0,verified,node-0057,node-0057,0,0,0
trace-017,mixed,1,0,full-compiled,node-0057,node-0057,0,0,0
trace-017,mixed,1,0,timestamp-only,node-0057,node-0057,0,0,0
trace-017,mixed,1,0,no-ancestor-expiry,node-0057,node-0057,0,0,0
trace-017,mixed,1,0,no-ancestor-revocation,node-0057,node-0057,0,0,0
trace-017,mixed,1,0,no-alias-obligations,node-0057,node-0057,0,0,0
trace-017,mixed,1,0,top-one,node-0057,node-0057,0,0,0
trace-017,mixed,1,0,expiry-skyline,node-0057,node-0057,0,0,0
trace-017,mixed,1,1,direct,node-0057,node-0057,0,0,0
trace-017,mixed,1,1,verified,node-0057,node-0057,0,0,0
trace-017,mixed,1,1,full-compiled,node-0057,node-0057,0,0,0
trace-017,mixed,1,1,timestamp-only,node-0057,node-0057,0,0,0
trace-017,mixed,1,1,no-ancestor-expiry,node-0057,node-0057,0,0,0
trace-017,mixed,1,1,no-ancestor-revocation,node-0057,node-0057,0,0,0
trace-017,mixed,1,1,no-alias-obligations,node-0057,node-0057,0,0,0
trace-017,mixed,1,1,top-one,node-0057,node-0057,0,0,0
trace-017,mixed,1,1,expiry-skyline,node-0057,node-0057,0,0,0
trace-017,mixed,1,2,direct,node-0031,node-0031,0,0,0
trace-017,mixed,1,2,verified,node-0031,node-0031,0,0,0
trace-017,mixed,1,2,full-compiled,node-0031,node-0031,0,0,0
trace-017,mixed,1,2,timestamp-only,node-0031,node-0024,1,1,1
trace-017,mixed,1,2,no-ancestor-expiry,node-0031,node-0031,0,0,0
trace-017,mixed,1,2,no-ancestor-revocation,node-0031,node-0031,0,0,0
trace-017,mixed,1,2,no-alias-obligations,node-0031,node-0024,1,1,1
trace-017,mixed,1,2,top-one,node-0031,,1,1,0
trace-017,mixed,1,2,expiry-skyline,node-0031,,1,1,0
trace-017,mixed,1,3,direct,node-0057,node-0057,0,0,0
trace-017,mixed,1,3,verified,node-0057,node-0057,0,0,0
trace-017,mixed,1,3,full-compiled,node-0057,node-0057,0,0,0
trace-017,mixed,1,3,timestamp-only,node-0057,node-0057,0,0,0
trace-017,mixed,1,3,no-ancestor-expiry,node-0057,node-0057,0,0,0
trace-017,mixed,1,3,no-ancestor-revocation,node-0057,node-0057,0,0,0
trace-017,mixed,1,3,no-alias-obligations,node-0057,node-0057,0,0,0
trace-017,mixed,1,3,top-one,node-0057,node-0057,0,0,0
trace-017,mixed,1,3,expiry-skyline,node-0057,node-0057,0,0,0
trace-017,mixed,1,4,direct,node-0057,node-0057,0,0,0
trace-017,mixed,1,4,verified,node-0057,node-0057,0,0,0
trace-017,mixed,1,4,full-compiled,node-0057,node-0057,0,0,0
trace-017,mixed,1,4,timestamp-only,node-0057,node-0057,0,0,0
trace-017,mixed,1,4,no-ancestor-expiry,node-0057,node-0057,0,0,0
trace-017,mixed,1,4,no-ancestor-revocation,node-0057,node-0057,0,0,0
trace-017,mixed,1,4,no-alias-obligations,node-0057,node-0057,0,0,0
trace-017,mixed,1,4,top-one,node-0057,node-0057,0,0,0
trace-017,mixed,1,4,expiry-skyline,node-0057,node-0057,0,0,0
trace-017,mixed,1,5,direct,node-0057,node-0057,0,0,0
trace-017,mixed,1,5,verified,node-0057,node-0057,0,0,0
trace-017,mixed,1,5,full-compiled,node-0057,node-0057,0,0,0
trace-017,mixed,1,5,timestamp-only,node-0057,node-0057,0,0,0
trace-017,mixed,1,5,no-ancestor-expiry,node-0057,node-0057,0,0,0
trace-017,mixed,1,5,no-ancestor-revocation,node-0057,node-0057,0,0,0
trace-017,mixed,1,5,no-alias-obligations,node-0057,node-0057,0,0,0
trace-017,mixed,1,5,top-one,node-0057,node-0057,0,0,0
trace-017,mixed,1,5,expiry-skyline,node-0057,node-0057,0,0,0
trace-017,mixed,1,6,direct,,,0,0,0
trace-017,mixed,1,6,verified,,,0,0,0
trace-017,mixed,1,6,full-compiled,,,0,0,0
trace-017,mixed,1,6,timestamp-only,,node-0057,1,1,1
trace-017,mixed,1,6,no-ancestor-expiry,,node-0024,1,1,1
trace-017,mixed,1,6,no-ancestor-revocation,,,0,0,0
trace-017,mixed,1,6,no-alias-obligations,,node-0057,1,1,1
trace-017,mixed,1,6,top-one,,,0,0,0
trace-017,mixed,1,6,expiry-skyline,,,0,0,0
trace-017,mixed,1,7,direct,,,0,0,0
trace-017,mixed,1,7,verified,,,0,0,0
trace-017,mixed,1,7,full-compiled,,,0,0,0
trace-017,mixed,1,7,timestamp-only,,,0,0,0
trace-017,mixed,1,7,no-ancestor-expiry,,,0,0,0
trace-017,mixed,1,7,no-ancestor-revocation,,,0,0,0
trace-017,mixed,1,7,no-alias-obligations,,,0,0,0
trace-017,mixed,1,7,top-one,,,0,0,0
trace-017,mixed,1,7,expiry-skyline,,,0,0,0
trace-017,mixed,1,8,direct,node-0057,node-0057,0,0,0
trace-017,mixed,1,8,verified,node-0057,node-0057,0,0,0
trace-017,mixed,1,8,full-compiled,node-0057,node-0057,0,0,0
trace-017,mixed,1,8,timestamp-only,node-0057,node-0057,0,0,0
trace-017,mixed,1,8,no-ancestor-expiry,node-0057,node-0057,0,0,0
trace-017,mixed,1,8,no-ancestor-revocation,node-0057,node-0057,0,0,0
trace-017,mixed,1,8,no-alias-obligations,node-0057,node-0057,0,0,0
trace-017,mixed,1,8,top-one,node-0057,node-0057,0,0,0
trace-017,mixed,1,8,expiry-skyline,node-0057,node-0057,0,0,0
trace-017,mixed,1,9,direct,node-0057,node-0057,0,0,0
trace-017,mixed,1,9,verified,node-0057,node-0057,0,0,0
trace-017,mixed,1,9,full-compiled,node-0057,node-0057,0,0,0
trace-017,mixed,1,9,timestamp-only,node-0057,node-0057,0,0,0
trace-017,mixed,1,9,no-ancestor-expiry,node-0057,node-0057,0,0,0
trace-017,mixed,1,9,no-ancestor-revocation,node-0057,node-0057,0,0,0
trace-017,mixed,1,9,no-alias-obligations,node-0057,node-0057,0,0,0
trace-017,mixed,1,9,top-one,node-0057,node-0057,0,0,0
trace-017,mixed,1,9,expiry-skyline,node-0057,node-0057,0,0,0
trace-017,mixed,1,10,direct,,,0,0,0
trace-017,mixed,1,10,verified,,,0,0,0
trace-017,mixed,1,10,full-compiled,,,0,0,0
trace-017,mixed,1,10,timestamp-only,,node-0024,1,1,1
trace-017,mixed,1,10,no-ancestor-expiry,,node-0031,1,1,1
trace-017,mixed,1,10,no-ancestor-revocation,,,0,0,0
trace-017,mixed,1,10,no-alias-obligations,,node-0024,1,1,1
trace-017,mixed,1,10,top-one,,,0,0,0
trace-017,mixed,1,10,expiry-skyline,,,0,0,0
trace-017,mixed,1,11,direct,,,0,0,0
trace-017,mixed,1,11,verified,,,0,0,0
trace-017,mixed,1,11,full-compiled,,,0,0,0
trace-017,mixed,1,11,timestamp-only,,node-0046,1,1,1
trace-017,mixed,1,11,no-ancestor-expiry,,,0,0,0
trace-017,mixed,1,11,no-ancestor-revocation,,,0,0,0
trace-017,mixed,1,11,no-alias-obligations,,node-0041,1,1,1
trace-017,mixed,1,11,top-one,,,0,0,0
trace-017,mixed,1,11,expiry-skyline,,,0,0,0
trace-018,mixed,0,0,direct,node-0037,node-0037,0,0,0
trace-018,mixed,0,0,verified,node-0037,node-0037,0,0,0
trace-018,mixed,0,0,full-compiled,node-0037,node-0037,0,0,0
trace-018,mixed,0,0,timestamp-only,node-0037,node-0037,0,0,0
trace-018,mixed,0,0,no-ancestor-expiry,node-0037,node-0037,0,0,0
trace-018,mixed,0,0,no-ancestor-revocation,node-0037,node-0037,0,0,0
trace-018,mixed,0,0,no-alias-obligations,node-0037,node-0037,0,0,0
trace-018,mixed,0,0,top-one,node-0037,node-0037,0,0,0
trace-018,mixed,0,0,expiry-skyline,node-0037,node-0037,0,0,0
trace-018,mixed,0,1,direct,node-0037,node-0037,0,0,0
trace-018,mixed,0,1,verified,node-0037,node-0037,0,0,0
trace-018,mixed,0,1,full-compiled,node-0037,node-0037,0,0,0
trace-018,mixed,0,1,timestamp-only,node-0037,node-0037,0,0,0
trace-018,mixed,0,1,no-ancestor-expiry,node-0037,node-0037,0,0,0
trace-018,mixed,0,1,no-ancestor-revocation,node-0037,node-0037,0,0,0
trace-018,mixed,0,1,no-alias-obligations,node-0037,node-0037,0,0,0
trace-018,mixed,0,1,top-one,node-0037,node-0037,0,0,0
trace-018,mixed,0,1,expiry-skyline,node-0037,node-0037,0,0,0
trace-018,mixed,0,2,direct,node-0000,node-0000,0,0,0
trace-018,mixed,0,2,verified,node-0000,node-0000,0,0,0
trace-018,mixed,0,2,full-compiled,node-0000,node-0000,0,0,0
trace-018,mixed,0,2,timestamp-only,node-0000,node-0052,1,1,1
trace-018,mixed,0,2,no-ancestor-expiry,node-0000,node-0000,0,0,0
trace-018,mixed,0,2,no-ancestor-revocation,node-0000,node-0000,0,0,0
trace-018,mixed,0,2,no-alias-obligations,node-0000,node-0052,1,1,1
trace-018,mixed,0,2,top-one,node-0000,,1,1,0
trace-018,mixed,0,2,expiry-skyline,node-0000,,1,1,0
trace-018,mixed,0,3,direct,node-0037,node-0037,0,0,0
trace-018,mixed,0,3,verified,node-0037,node-0037,0,0,0
trace-018,mixed,0,3,full-compiled,node-0037,node-0037,0,0,0
trace-018,mixed,0,3,timestamp-only,node-0037,node-0037,0,0,0
trace-018,mixed,0,3,no-ancestor-expiry,node-0037,node-0037,0,0,0
trace-018,mixed,0,3,no-ancestor-revocation,node-0037,node-0037,0,0,0
trace-018,mixed,0,3,no-alias-obligations,node-0037,node-0037,0,0,0
trace-018,mixed,0,3,top-one,node-0037,node-0037,0,0,0
trace-018,mixed,0,3,expiry-skyline,node-0037,node-0037,0,0,0
trace-018,mixed,0,4,direct,node-0037,node-0037,0,0,0
trace-018,mixed,0,4,verified,node-0037,node-0037,0,0,0
trace-018,mixed,0,4,full-compiled,node-0037,node-0037,0,0,0
trace-018,mixed,0,4,timestamp-only,node-0037,node-0037,0,0,0
trace-018,mixed,0,4,no-ancestor-expiry,node-0037,node-0037,0,0,0
trace-018,mixed,0,4,no-ancestor-revocation,node-0037,node-0037,0,0,0
trace-018,mixed,0,4,no-alias-obligations,node-0037,node-0037,0,0,0
trace-018,mixed,0,4,top-one,node-0037,node-0037,0,0,0
trace-018,mixed,0,4,expiry-skyline,node-0037,node-0037,0,0,0
trace-018,mixed,0,5,direct,node-0003,node-0003,0,0,0
trace-018,mixed,0,5,verified,node-0003,node-0003,0,0,0
trace-018,mixed,0,5,full-compiled,node-0003,node-0003,0,0,0
trace-018,mixed,0,5,timestamp-only,node-0003,node-0003,0,0,0
trace-018,mixed,0,5,no-ancestor-expiry,node-0003,node-0003,0,0,0
trace-018,mixed,0,5,no-ancestor-revocation,node-0003,node-0003,0,0,0
trace-018,mixed,0,5,no-alias-obligations,node-0003,node-0003,0,0,0
trace-018,mixed,0,5,top-one,node-0003,,1,1,0
trace-018,mixed,0,5,expiry-skyline,node-0003,node-0003,0,0,0
trace-018,mixed,0,6,direct,,,0,0,0
trace-018,mixed,0,6,verified,,,0,0,0
trace-018,mixed,0,6,full-compiled,,,0,0,0
trace-018,mixed,0,6,timestamp-only,,node-0049,1,1,1
trace-018,mixed,0,6,no-ancestor-expiry,,node-0049,1,1,1
trace-018,mixed,0,6,no-ancestor-revocation,,,0,0,0
trace-018,mixed,0,6,no-alias-obligations,,node-0050,1,1,1
trace-018,mixed,0,6,top-one,,,0,0,0
trace-018,mixed,0,6,expiry-skyline,,,0,0,0
trace-018,mixed,0,7,direct,,,0,0,0
trace-018,mixed,0,7,verified,,,0,0,0
trace-018,mixed,0,7,full-compiled,,,0,0,0
trace-018,mixed,0,7,timestamp-only,,,0,0,0
trace-018,mixed,0,7,no-ancestor-expiry,,,0,0,0
trace-018,mixed,0,7,no-ancestor-revocation,,,0,0,0
trace-018,mixed,0,7,no-alias-obligations,,,0,0,0
trace-018,mixed,0,7,top-one,,,0,0,0
trace-018,mixed,0,7,expiry-skyline,,,0,0,0
trace-018,mixed,0,8,direct,node-0000,node-0000,0,0,0
trace-018,mixed,0,8,verified,node-0000,node-0000,0,0,0
trace-018,mixed,0,8,full-compiled,node-0000,node-0000,0,0,0
trace-018,mixed,0,8,timestamp-only,node-0000,node-0052,1,1,1
trace-018,mixed,0,8,no-ancestor-expiry,node-0000,node-0000,0,0,0
trace-018,mixed,0,8,no-ancestor-revocation,node-0000,node-0000,0,0,0
trace-018,mixed,0,8,no-alias-obligations,node-0000,node-0052,1,1,1
trace-018,mixed,0,8,top-one,node-0000,,1,1,0
trace-018,mixed,0,8,expiry-skyline,node-0000,,1,1,0
trace-018,mixed,0,9,direct,node-0000,node-0000,0,0,0
trace-018,mixed,0,9,verified,node-0000,node-0000,0,0,0
trace-018,mixed,0,9,full-compiled,node-0000,node-0000,0,0,0
trace-018,mixed,0,9,timestamp-only,node-0000,node-0052,1,1,1
trace-018,mixed,0,9,no-ancestor-expiry,node-0000,node-0000,0,0,0
trace-018,mixed,0,9,no-ancestor-revocation,node-0000,node-0000,0,0,0
trace-018,mixed,0,9,no-alias-obligations,node-0000,node-0052,1,1,1
trace-018,mixed,0,9,top-one,node-0000,,1,1,0
trace-018,mixed,0,9,expiry-skyline,node-0000,,1,1,0
trace-018,mixed,0,10,direct,node-0000,node-0000,0,0,0
trace-018,mixed,0,10,verified,node-0000,node-0000,0,0,0
trace-018,mixed,0,10,full-compiled,node-0000,node-0000,0,0,0
trace-018,mixed,0,10,timestamp-only,node-0000,node-0052,1,1,1
trace-018,mixed,0,10,no-ancestor-expiry,node-0000,node-0000,0,0,0
trace-018,mixed,0,10,no-ancestor-revocation,node-0000,node-0000,0,0,0
trace-018,mixed,0,10,no-alias-obligations,node-0000,node-0052,1,1,1
trace-018,mixed,0,10,top-one,node-0000,,1,1,0
trace-018,mixed,0,10,expiry-skyline,node-0000,,1,1,0
trace-018,mixed,0,11,direct,node-0003,node-0003,0,0,0
trace-018,mixed,0,11,verified,node-0003,node-0003,0,0,0
trace-018,mixed,0,11,full-compiled,node-0003,node-0003,0,0,0
trace-018,mixed,0,11,timestamp-only,node-0003,node-0003,0,0,0
trace-018,mixed,0,11,no-ancestor-expiry,node-0003,node-0003,0,0,0
trace-018,mixed,0,11,no-ancestor-revocation,node-0003,node-0003,0,0,0
trace-018,mixed,0,11,no-alias-obligations,node-0003,node-0003,0,0,0
trace-018,mixed,0,11,top-one,node-0003,,1,1,0
trace-018,mixed,0,11,expiry-skyline,node-0003,node-0003,0,0,0
trace-018,mixed,1,0,direct,node-0044,node-0044,0,0,0
trace-018,mixed,1,0,verified,node-0044,node-0044,0,0,0
trace-018,mixed,1,0,full-compiled,node-0044,node-0044,0,0,0
trace-018,mixed,1,0,timestamp-only,node-0044,node-0044,0,0,0
trace-018,mixed,1,0,no-ancestor-expiry,node-0044,node-0044,0,0,0
trace-018,mixed,1,0,no-ancestor-revocation,node-0044,node-0044,0,0,0
trace-018,mixed,1,0,no-alias-obligations,node-0044,node-0044,0,0,0
trace-018,mixed,1,0,top-one,node-0044,node-0044,0,0,0
trace-018,mixed,1,0,expiry-skyline,node-0044,node-0044,0,0,0
trace-018,mixed,1,1,direct,node-0014,node-0014,0,0,0
trace-018,mixed,1,1,verified,node-0014,node-0014,0,0,0
trace-018,mixed,1,1,full-compiled,node-0014,node-0014,0,0,0
trace-018,mixed,1,1,timestamp-only,node-0014,node-0044,1,1,1
trace-018,mixed,1,1,no-ancestor-expiry,node-0014,node-0014,0,0,0
trace-018,mixed,1,1,no-ancestor-revocation,node-0014,node-0044,1,1,1
trace-018,mixed,1,1,no-alias-obligations,node-0014,node-0014,0,0,0
trace-018,mixed,1,1,top-one,node-0014,,1,1,0
trace-018,mixed,1,1,expiry-skyline,node-0014,node-0014,0,0,0
trace-018,mixed,1,2,direct,node-0031,node-0031,0,0,0
trace-018,mixed,1,2,verified,node-0031,node-0031,0,0,0
trace-018,mixed,1,2,full-compiled,node-0031,node-0031,0,0,0
trace-018,mixed,1,2,timestamp-only,node-0031,node-0040,1,1,1
trace-018,mixed,1,2,no-ancestor-expiry,node-0031,node-0031,0,0,0
trace-018,mixed,1,2,no-ancestor-revocation,node-0031,node-0031,0,0,0
trace-018,mixed,1,2,no-alias-obligations,node-0031,node-0040,1,1,1
trace-018,mixed,1,2,top-one,node-0031,,1,1,0
trace-018,mixed,1,2,expiry-skyline,node-0031,,1,1,0
trace-018,mixed,1,3,direct,node-0014,node-0014,0,0,0
trace-018,mixed,1,3,verified,node-0014,node-0014,0,0,0
trace-018,mixed,1,3,full-compiled,node-0014,node-0014,0,0,0
trace-018,mixed,1,3,timestamp-only,node-0014,node-0044,1,1,1
trace-018,mixed,1,3,no-ancestor-expiry,node-0014,node-0014,0,0,0
trace-018,mixed,1,3,no-ancestor-revocation,node-0014,node-0014,0,0,0
trace-018,mixed,1,3,no-alias-obligations,node-0014,node-0014,0,0,0
trace-018,mixed,1,3,top-one,node-0014,,1,1,0
trace-018,mixed,1,3,expiry-skyline,node-0014,node-0014,0,0,0
trace-018,mixed,1,4,direct,node-0014,node-0014,0,0,0
trace-018,mixed,1,4,verified,node-0014,node-0014,0,0,0
trace-018,mixed,1,4,full-compiled,node-0014,node-0014,0,0,0
trace-018,mixed,1,4,timestamp-only,node-0014,node-0044,1,1,1
trace-018,mixed,1,4,no-ancestor-expiry,node-0014,node-0044,1,1,1
trace-018,mixed,1,4,no-ancestor-revocation,node-0014,node-0014,0,0,0
trace-018,mixed,1,4,no-alias-obligations,node-0014,node-0014,0,0,0
trace-018,mixed,1,4,top-one,node-0014,,1,1,0
trace-018,mixed,1,4,expiry-skyline,node-0014,node-0014,0,0,0
trace-018,mixed,1,5,direct,node-0015,node-0015,0,0,0
trace-018,mixed,1,5,verified,node-0015,node-0015,0,0,0
trace-018,mixed,1,5,full-compiled,node-0015,node-0015,0,0,0
trace-018,mixed,1,5,timestamp-only,node-0015,node-0044,1,1,1
trace-018,mixed,1,5,no-ancestor-expiry,node-0015,node-0044,1,1,1
trace-018,mixed,1,5,no-ancestor-revocation,node-0015,node-0015,0,0,0
trace-018,mixed,1,5,no-alias-obligations,node-0015,node-0015,0,0,0
trace-018,mixed,1,5,top-one,node-0015,,1,1,0
trace-018,mixed,1,5,expiry-skyline,node-0015,node-0015,0,0,0
trace-018,mixed,1,6,direct,,,0,0,0
trace-018,mixed,1,6,verified,,,0,0,0
trace-018,mixed,1,6,full-compiled,,,0,0,0
trace-018,mixed,1,6,timestamp-only,,node-0029,1,1,1
trace-018,mixed,1,6,no-ancestor-expiry,,,0,0,0
trace-018,mixed,1,6,no-ancestor-revocation,,,0,0,0
trace-018,mixed,1,6,no-alias-obligations,,node-0029,1,1,1
trace-018,mixed,1,6,top-one,,,0,0,0
trace-018,mixed,1,6,expiry-skyline,,,0,0,0
trace-018,mixed,1,7,direct,,,0,0,0
trace-018,mixed,1,7,verified,,,0,0,0
trace-018,mixed,1,7,full-compiled,,,0,0,0
trace-018,mixed,1,7,timestamp-only,,,0,0,0
trace-018,mixed,1,7,no-ancestor-expiry,,,0,0,0
trace-018,mixed,1,7,no-ancestor-revocation,,,0,0,0
trace-018,mixed,1,7,no-alias-obligations,,,0,0,0
trace-018,mixed,1,7,top-one,,,0,0,0
trace-018,mixed,1,7,expiry-skyline,,,0,0,0
trace-018,mixed,1,8,direct,node-0031,node-0031,0,0,0
trace-018,mixed,1,8,verified,node-0031,node-0031,0,0,0
trace-018,mixed,1,8,full-compiled,node-0031,node-0031,0,0,0
trace-018,mixed,1,8,timestamp-only,node-0031,node-0040,1,1,1
trace-018,mixed,1,8,no-ancestor-expiry,node-0031,node-0031,0,0,0
trace-018,mixed,1,8,no-ancestor-revocation,node-0031,node-0031,0,0,0
trace-018,mixed,1,8,no-alias-obligations,node-0031,node-0040,1,1,1
trace-018,mixed,1,8,top-one,node-0031,,1,1,0
trace-018,mixed,1,8,expiry-skyline,node-0031,,1,1,0
trace-018,mixed,1,9,direct,node-0031,node-0031,0,0,0
trace-018,mixed,1,9,verified,node-0031,node-0031,0,0,0
trace-018,mixed,1,9,full-compiled,node-0031,node-0031,0,0,0
trace-018,mixed,1,9,timestamp-only,node-0031,node-0040,1,1,1
trace-018,mixed,1,9,no-ancestor-expiry,node-0031,node-0031,0,0,0
trace-018,mixed,1,9,no-ancestor-revocation,node-0031,node-0031,0,0,0
trace-018,mixed,1,9,no-alias-obligations,node-0031,node-0040,1,1,1
trace-018,mixed,1,9,top-one,node-0031,,1,1,0
trace-018,mixed,1,9,expiry-skyline,node-0031,,1,1,0
trace-018,mixed,1,10,direct,node-0031,node-0031,0,0,0
trace-018,mixed,1,10,verified,node-0031,node-0031,0,0,0
trace-018,mixed,1,10,full-compiled,node-0031,node-0031,0,0,0
trace-018,mixed,1,10,timestamp-only,node-0031,node-0061,1,1,1
trace-018,mixed,1,10,no-ancestor-expiry,node-0031,node-0031,0,0,0
trace-018,mixed,1,10,no-ancestor-revocation,node-0031,node-0031,0,0,0
trace-018,mixed,1,10,no-alias-obligations,node-0031,node-0061,1,1,1
trace-018,mixed,1,10,top-one,node-0031,,1,1,0
trace-018,mixed,1,10,expiry-skyline,node-0031,,1,1,0
trace-018,mixed,1,11,direct,node-0015,node-0015,0,0,0
trace-018,mixed,1,11,verified,node-0015,node-0015,0,0,0
trace-018,mixed,1,11,full-compiled,node-0015,node-0015,0,0,0
trace-018,mixed,1,11,timestamp-only,node-0015,node-0044,1,1,1
trace-018,mixed,1,11,no-ancestor-expiry,node-0015,node-0015,0,0,0
trace-018,mixed,1,11,no-ancestor-revocation,node-0015,node-0015,0,0,0
trace-018,mixed,1,11,no-alias-obligations,node-0015,node-0015,0,0,0
trace-018,mixed,1,11,top-one,node-0015,,1,1,0
trace-018,mixed,1,11,expiry-skyline,node-0015,node-0015,0,0,0
trace-019,mixed,0,0,direct,node-0039,node-0039,0,0,0
trace-019,mixed,0,0,verified,node-0039,node-0039,0,0,0
trace-019,mixed,0,0,full-compiled,node-0039,node-0039,0,0,0
trace-019,mixed,0,0,timestamp-only,node-0039,node-0039,0,0,0
trace-019,mixed,0,0,no-ancestor-expiry,node-0039,node-0039,0,0,0
trace-019,mixed,0,0,no-ancestor-revocation,node-0039,node-0039,0,0,0
trace-019,mixed,0,0,no-alias-obligations,node-0039,node-0039,0,0,0
trace-019,mixed,0,0,top-one,node-0039,node-0039,0,0,0
trace-019,mixed,0,0,expiry-skyline,node-0039,node-0039,0,0,0
trace-019,mixed,0,1,direct,node-0039,node-0039,0,0,0
trace-019,mixed,0,1,verified,node-0039,node-0039,0,0,0
trace-019,mixed,0,1,full-compiled,node-0039,node-0039,0,0,0
trace-019,mixed,0,1,timestamp-only,node-0039,node-0039,0,0,0
trace-019,mixed,0,1,no-ancestor-expiry,node-0039,node-0039,0,0,0
trace-019,mixed,0,1,no-ancestor-revocation,node-0039,node-0039,0,0,0
trace-019,mixed,0,1,no-alias-obligations,node-0039,node-0039,0,0,0
trace-019,mixed,0,1,top-one,node-0039,node-0039,0,0,0
trace-019,mixed,0,1,expiry-skyline,node-0039,node-0039,0,0,0
trace-019,mixed,0,2,direct,node-0016,node-0016,0,0,0
trace-019,mixed,0,2,verified,node-0016,node-0016,0,0,0
trace-019,mixed,0,2,full-compiled,node-0016,node-0016,0,0,0
trace-019,mixed,0,2,timestamp-only,node-0016,node-0020,1,1,1
trace-019,mixed,0,2,no-ancestor-expiry,node-0016,node-0016,0,0,0
trace-019,mixed,0,2,no-ancestor-revocation,node-0016,node-0016,0,0,0
trace-019,mixed,0,2,no-alias-obligations,node-0016,node-0020,1,1,1
trace-019,mixed,0,2,top-one,node-0016,,1,1,0
trace-019,mixed,0,2,expiry-skyline,node-0016,,1,1,0
trace-019,mixed,0,3,direct,node-0039,node-0039,0,0,0
trace-019,mixed,0,3,verified,node-0039,node-0039,0,0,0
trace-019,mixed,0,3,full-compiled,node-0039,node-0039,0,0,0
trace-019,mixed,0,3,timestamp-only,node-0039,node-0039,0,0,0
trace-019,mixed,0,3,no-ancestor-expiry,node-0039,node-0039,0,0,0
trace-019,mixed,0,3,no-ancestor-revocation,node-0039,node-0039,0,0,0
trace-019,mixed,0,3,no-alias-obligations,node-0039,node-0039,0,0,0
trace-019,mixed,0,3,top-one,node-0039,node-0039,0,0,0
trace-019,mixed,0,3,expiry-skyline,node-0039,node-0039,0,0,0
trace-019,mixed,0,4,direct,node-0039,node-0039,0,0,0
trace-019,mixed,0,4,verified,node-0039,node-0039,0,0,0
trace-019,mixed,0,4,full-compiled,node-0039,node-0039,0,0,0
trace-019,mixed,0,4,timestamp-only,node-0039,node-0039,0,0,0
trace-019,mixed,0,4,no-ancestor-expiry,node-0039,node-0039,0,0,0
trace-019,mixed,0,4,no-ancestor-revocation,node-0039,node-0039,0,0,0
trace-019,mixed,0,4,no-alias-obligations,node-0039,node-0039,0,0,0
trace-019,mixed,0,4,top-one,node-0039,node-0039,0,0,0
trace-019,mixed,0,4,expiry-skyline,node-0039,node-0039,0,0,0
trace-019,mixed,0,5,direct,node-0021,node-0021,0,0,0
trace-019,mixed,0,5,verified,node-0021,node-0021,0,0,0
trace-019,mixed,0,5,full-compiled,node-0021,node-0021,0,0,0
trace-019,mixed,0,5,timestamp-only,node-0021,node-0021,0,0,0
trace-019,mixed,0,5,no-ancestor-expiry,node-0021,node-0021,0,0,0
trace-019,mixed,0,5,no-ancestor-revocation,node-0021,node-0021,0,0,0
trace-019,mixed,0,5,no-alias-obligations,node-0021,node-0021,0,0,0
trace-019,mixed,0,5,top-one,node-0021,,1,1,0
trace-019,mixed,0,5,expiry-skyline,node-0021,node-0021,0,0,0
trace-019,mixed,0,6,direct,node-0019,node-0019,0,0,0
trace-019,mixed,0,6,verified,node-0019,node-0019,0,0,0
trace-019,mixed,0,6,full-compiled,node-0019,node-0019,0,0,0
trace-019,mixed,0,6,timestamp-only,node-0019,node-0019,0,0,0
trace-019,mixed,0,6,no-ancestor-expiry,node-0019,node-0019,0,0,0
trace-019,mixed,0,6,no-ancestor-revocation,node-0019,node-0019,0,0,0
trace-019,mixed,0,6,no-alias-obligations,node-0019,node-0019,0,0,0
trace-019,mixed,0,6,top-one,node-0019,,1,1,0
trace-019,mixed,0,6,expiry-skyline,node-0019,node-0019,0,0,0
trace-019,mixed,0,7,direct,,,0,0,0
trace-019,mixed,0,7,verified,,,0,0,0
trace-019,mixed,0,7,full-compiled,,,0,0,0
trace-019,mixed,0,7,timestamp-only,,,0,0,0
trace-019,mixed,0,7,no-ancestor-expiry,,,0,0,0
trace-019,mixed,0,7,no-ancestor-revocation,,,0,0,0
trace-019,mixed,0,7,no-alias-obligations,,,0,0,0
trace-019,mixed,0,7,top-one,,,0,0,0
trace-019,mixed,0,7,expiry-skyline,,,0,0,0
trace-019,mixed,0,8,direct,node-0039,node-0039,0,0,0
trace-019,mixed,0,8,verified,node-0039,node-0039,0,0,0
trace-019,mixed,0,8,full-compiled,node-0039,node-0039,0,0,0
trace-019,mixed,0,8,timestamp-only,node-0039,node-0039,0,0,0
trace-019,mixed,0,8,no-ancestor-expiry,node-0039,node-0039,0,0,0
trace-019,mixed,0,8,no-ancestor-revocation,node-0039,node-0039,0,0,0
trace-019,mixed,0,8,no-alias-obligations,node-0039,node-0039,0,0,0
trace-019,mixed,0,8,top-one,node-0039,node-0039,0,0,0
trace-019,mixed,0,8,expiry-skyline,node-0039,node-0039,0,0,0
trace-019,mixed,0,9,direct,node-0039,node-0039,0,0,0
trace-019,mixed,0,9,verified,node-0039,node-0039,0,0,0
trace-019,mixed,0,9,full-compiled,node-0039,node-0039,0,0,0
trace-019,mixed,0,9,timestamp-only,node-0039,node-0039,0,0,0
trace-019,mixed,0,9,no-ancestor-expiry,node-0039,node-0039,0,0,0
trace-019,mixed,0,9,no-ancestor-revocation,node-0039,node-0039,0,0,0
trace-019,mixed,0,9,no-alias-obligations,node-0039,node-0039,0,0,0
trace-019,mixed,0,9,top-one,node-0039,node-0039,0,0,0
trace-019,mixed,0,9,expiry-skyline,node-0039,node-0039,0,0,0
trace-019,mixed,0,10,direct,node-0021,node-0021,0,0,0
trace-019,mixed,0,10,verified,node-0021,node-0021,0,0,0
trace-019,mixed,0,10,full-compiled,node-0021,node-0021,0,0,0
trace-019,mixed,0,10,timestamp-only,node-0021,node-0021,0,0,0
trace-019,mixed,0,10,no-ancestor-expiry,node-0021,node-0021,0,0,0
trace-019,mixed,0,10,no-ancestor-revocation,node-0021,node-0021,0,0,0
trace-019,mixed,0,10,no-alias-obligations,node-0021,node-0021,0,0,0
trace-019,mixed,0,10,top-one,node-0021,,1,1,0
trace-019,mixed,0,10,expiry-skyline,node-0021,node-0021,0,0,0
trace-019,mixed,0,11,direct,,,0,0,0
trace-019,mixed,0,11,verified,,,0,0,0
trace-019,mixed,0,11,full-compiled,,,0,0,0
trace-019,mixed,0,11,timestamp-only,,node-0003,1,1,1
trace-019,mixed,0,11,no-ancestor-expiry,,,0,0,0
trace-019,mixed,0,11,no-ancestor-revocation,,,0,0,0
trace-019,mixed,0,11,no-alias-obligations,,node-0003,1,1,1
trace-019,mixed,0,11,top-one,,,0,0,0
trace-019,mixed,0,11,expiry-skyline,,,0,0,0
trace-019,mixed,1,0,direct,node-0030,node-0030,0,0,0
trace-019,mixed,1,0,verified,node-0030,node-0030,0,0,0
trace-019,mixed,1,0,full-compiled,node-0030,node-0030,0,0,0
trace-019,mixed,1,0,timestamp-only,node-0030,node-0030,0,0,0
trace-019,mixed,1,0,no-ancestor-expiry,node-0030,node-0030,0,0,0
trace-019,mixed,1,0,no-ancestor-revocation,node-0030,node-0030,0,0,0
trace-019,mixed,1,0,no-alias-obligations,node-0030,node-0030,0,0,0
trace-019,mixed,1,0,top-one,node-0030,node-0030,0,0,0
trace-019,mixed,1,0,expiry-skyline,node-0030,node-0030,0,0,0
trace-019,mixed,1,1,direct,node-0030,node-0030,0,0,0
trace-019,mixed,1,1,verified,node-0030,node-0030,0,0,0
trace-019,mixed,1,1,full-compiled,node-0030,node-0030,0,0,0
trace-019,mixed,1,1,timestamp-only,node-0030,node-0030,0,0,0
trace-019,mixed,1,1,no-ancestor-expiry,node-0030,node-0030,0,0,0
trace-019,mixed,1,1,no-ancestor-revocation,node-0030,node-0030,0,0,0
trace-019,mixed,1,1,no-alias-obligations,node-0030,node-0030,0,0,0
trace-019,mixed,1,1,top-one,node-0030,node-0030,0,0,0
trace-019,mixed,1,1,expiry-skyline,node-0030,node-0030,0,0,0
trace-019,mixed,1,2,direct,node-0047,node-0047,0,0,0
trace-019,mixed,1,2,verified,node-0047,node-0047,0,0,0
trace-019,mixed,1,2,full-compiled,node-0047,node-0047,0,0,0
trace-019,mixed,1,2,timestamp-only,node-0047,node-0057,1,1,1
trace-019,mixed,1,2,no-ancestor-expiry,node-0047,node-0047,0,0,0
trace-019,mixed,1,2,no-ancestor-revocation,node-0047,node-0047,0,0,0
trace-019,mixed,1,2,no-alias-obligations,node-0047,node-0057,1,1,1
trace-019,mixed,1,2,top-one,node-0047,,1,1,0
trace-019,mixed,1,2,expiry-skyline,node-0047,,1,1,0
trace-019,mixed,1,3,direct,node-0030,node-0030,0,0,0
trace-019,mixed,1,3,verified,node-0030,node-0030,0,0,0
trace-019,mixed,1,3,full-compiled,node-0030,node-0030,0,0,0
trace-019,mixed,1,3,timestamp-only,node-0030,node-0030,0,0,0
trace-019,mixed,1,3,no-ancestor-expiry,node-0030,node-0030,0,0,0
trace-019,mixed,1,3,no-ancestor-revocation,node-0030,node-0030,0,0,0
trace-019,mixed,1,3,no-alias-obligations,node-0030,node-0030,0,0,0
trace-019,mixed,1,3,top-one,node-0030,node-0030,0,0,0
trace-019,mixed,1,3,expiry-skyline,node-0030,node-0030,0,0,0
trace-019,mixed,1,4,direct,node-0030,node-0030,0,0,0
trace-019,mixed,1,4,verified,node-0030,node-0030,0,0,0
trace-019,mixed,1,4,full-compiled,node-0030,node-0030,0,0,0
trace-019,mixed,1,4,timestamp-only,node-0030,node-0030,0,0,0
trace-019,mixed,1,4,no-ancestor-expiry,node-0030,node-0030,0,0,0
trace-019,mixed,1,4,no-ancestor-revocation,node-0030,node-0030,0,0,0
trace-019,mixed,1,4,no-alias-obligations,node-0030,node-0030,0,0,0
trace-019,mixed,1,4,top-one,node-0030,node-0030,0,0,0
trace-019,mixed,1,4,expiry-skyline,node-0030,node-0030,0,0,0
trace-019,mixed,1,5,direct,node-0030,node-0030,0,0,0
trace-019,mixed,1,5,verified,node-0030,node-0030,0,0,0
trace-019,mixed,1,5,full-compiled,node-0030,node-0030,0,0,0
trace-019,mixed,1,5,timestamp-only,node-0030,node-0030,0,0,0
trace-019,mixed,1,5,no-ancestor-expiry,node-0030,node-0030,0,0,0
trace-019,mixed,1,5,no-ancestor-revocation,node-0030,node-0030,0,0,0
trace-019,mixed,1,5,no-alias-obligations,node-0030,node-0030,0,0,0
trace-019,mixed,1,5,top-one,node-0030,node-0030,0,0,0
trace-019,mixed,1,5,expiry-skyline,node-0030,node-0030,0,0,0
trace-019,mixed,1,6,direct,,,0,0,0
trace-019,mixed,1,6,verified,,,0,0,0
trace-019,mixed,1,6,full-compiled,,,0,0,0
trace-019,mixed,1,6,timestamp-only,,,0,0,0
trace-019,mixed,1,6,no-ancestor-expiry,,,0,0,0
trace-019,mixed,1,6,no-ancestor-revocation,,,0,0,0
trace-019,mixed,1,6,no-alias-obligations,,,0,0,0
trace-019,mixed,1,6,top-one,,,0,0,0
trace-019,mixed,1,6,expiry-skyline,,,0,0,0
trace-019,mixed,1,7,direct,,,0,0,0
trace-019,mixed,1,7,verified,,,0,0,0
trace-019,mixed,1,7,full-compiled,,,0,0,0
trace-019,mixed,1,7,timestamp-only,,,0,0,0
trace-019,mixed,1,7,no-ancestor-expiry,,,0,0,0
trace-019,mixed,1,7,no-ancestor-revocation,,,0,0,0
trace-019,mixed,1,7,no-alias-obligations,,,0,0,0
trace-019,mixed,1,7,top-one,,,0,0,0
trace-019,mixed,1,7,expiry-skyline,,,0,0,0
trace-019,mixed,1,8,direct,node-0030,node-0030,0,0,0
trace-019,mixed,1,8,verified,node-0030,node-0030,0,0,0
trace-019,mixed,1,8,full-compiled,node-0030,node-0030,0,0,0
trace-019,mixed,1,8,timestamp-only,node-0030,node-0030,0,0,0
trace-019,mixed,1,8,no-ancestor-expiry,node-0030,node-0030,0,0,0
trace-019,mixed,1,8,no-ancestor-revocation,node-0030,node-0030,0,0,0
trace-019,mixed,1,8,no-alias-obligations,node-0030,node-0030,0,0,0
trace-019,mixed,1,8,top-one,node-0030,node-0030,0,0,0
trace-019,mixed,1,8,expiry-skyline,node-0030,node-0030,0,0,0
trace-019,mixed,1,9,direct,node-0030,node-0030,0,0,0
trace-019,mixed,1,9,verified,node-0030,node-0030,0,0,0
trace-019,mixed,1,9,full-compiled,node-0030,node-0030,0,0,0
trace-019,mixed,1,9,timestamp-only,node-0030,node-0030,0,0,0
trace-019,mixed,1,9,no-ancestor-expiry,node-0030,node-0030,0,0,0
trace-019,mixed,1,9,no-ancestor-revocation,node-0030,node-0030,0,0,0
trace-019,mixed,1,9,no-alias-obligations,node-0030,node-0030,0,0,0
trace-019,mixed,1,9,top-one,node-0030,node-0030,0,0,0
trace-019,mixed,1,9,expiry-skyline,node-0030,node-0030,0,0,0
trace-019,mixed,1,10,direct,node-0030,node-0030,0,0,0
trace-019,mixed,1,10,verified,node-0030,node-0030,0,0,0
trace-019,mixed,1,10,full-compiled,node-0030,node-0030,0,0,0
trace-019,mixed,1,10,timestamp-only,node-0030,node-0030,0,0,0
trace-019,mixed,1,10,no-ancestor-expiry,node-0030,node-0030,0,0,0
trace-019,mixed,1,10,no-ancestor-revocation,node-0030,node-0030,0,0,0
trace-019,mixed,1,10,no-alias-obligations,node-0030,node-0030,0,0,0
trace-019,mixed,1,10,top-one,node-0030,node-0030,0,0,0
trace-019,mixed,1,10,expiry-skyline,node-0030,node-0030,0,0,0
trace-019,mixed,1,11,direct,node-0031,node-0031,0,0,0
trace-019,mixed,1,11,verified,node-0031,node-0031,0,0,0
trace-019,mixed,1,11,full-compiled,node-0031,node-0031,0,0,0
trace-019,mixed,1,11,timestamp-only,node-0031,node-0031,0,0,0
trace-019,mixed,1,11,no-ancestor-expiry,node-0031,node-0031,0,0,0
trace-019,mixed,1,11,no-ancestor-revocation,node-0031,node-0031,0,0,0
trace-019,mixed,1,11,no-alias-obligations,node-0031,node-0031,0,0,0
trace-019,mixed,1,11,top-one,node-0031,,1,1,0
trace-019,mixed,1,11,expiry-skyline,node-0031,,1,1,0
trace-020,mixed,0,0,direct,node-0000,node-0000,0,0,0
trace-020,mixed,0,0,verified,node-0000,node-0000,0,0,0
trace-020,mixed,0,0,full-compiled,node-0000,node-0000,0,0,0
trace-020,mixed,0,0,timestamp-only,node-0000,node-0000,0,0,0
trace-020,mixed,0,0,no-ancestor-expiry,node-0000,node-0000,0,0,0
trace-020,mixed,0,0,no-ancestor-revocation,node-0000,node-0000,0,0,0
trace-020,mixed,0,0,no-alias-obligations,node-0000,node-0000,0,0,0
trace-020,mixed,0,0,top-one,node-0000,node-0000,0,0,0
trace-020,mixed,0,0,expiry-skyline,node-0000,node-0000,0,0,0
trace-020,mixed,0,1,direct,node-0000,node-0000,0,0,0
trace-020,mixed,0,1,verified,node-0000,node-0000,0,0,0
trace-020,mixed,0,1,full-compiled,node-0000,node-0000,0,0,0
trace-020,mixed,0,1,timestamp-only,node-0000,node-0000,0,0,0
trace-020,mixed,0,1,no-ancestor-expiry,node-0000,node-0000,0,0,0
trace-020,mixed,0,1,no-ancestor-revocation,node-0000,node-0000,0,0,0
trace-020,mixed,0,1,no-alias-obligations,node-0000,node-0000,0,0,0
trace-020,mixed,0,1,top-one,node-0000,node-0000,0,0,0
trace-020,mixed,0,1,expiry-skyline,node-0000,node-0000,0,0,0
trace-020,mixed,0,2,direct,node-0032,node-0032,0,0,0
trace-020,mixed,0,2,verified,node-0032,node-0032,0,0,0
trace-020,mixed,0,2,full-compiled,node-0032,node-0032,0,0,0
trace-020,mixed,0,2,timestamp-only,node-0032,node-0052,1,1,1
trace-020,mixed,0,2,no-ancestor-expiry,node-0032,node-0032,0,0,0
trace-020,mixed,0,2,no-ancestor-revocation,node-0032,node-0032,0,0,0
trace-020,mixed,0,2,no-alias-obligations,node-0032,node-0052,1,1,1
trace-020,mixed,0,2,top-one,node-0032,,1,1,0
trace-020,mixed,0,2,expiry-skyline,node-0032,,1,1,0
trace-020,mixed,0,3,direct,node-0000,node-0000,0,0,0
trace-020,mixed,0,3,verified,node-0000,node-0000,0,0,0
trace-020,mixed,0,3,full-compiled,node-0000,node-0000,0,0,0
trace-020,mixed,0,3,timestamp-only,node-0000,node-0000,0,0,0
trace-020,mixed,0,3,no-ancestor-expiry,node-0000,node-0000,0,0,0
trace-020,mixed,0,3,no-ancestor-revocation,node-0000,node-0000,0,0,0
trace-020,mixed,0,3,no-alias-obligations,node-0000,node-0000,0,0,0
trace-020,mixed,0,3,top-one,node-0000,node-0000,0,0,0
trace-020,mixed,0,3,expiry-skyline,node-0000,node-0000,0,0,0
trace-020,mixed,0,4,direct,node-0000,node-0000,0,0,0
trace-020,mixed,0,4,verified,node-0000,node-0000,0,0,0
trace-020,mixed,0,4,full-compiled,node-0000,node-0000,0,0,0
trace-020,mixed,0,4,timestamp-only,node-0000,node-0000,0,0,0
trace-020,mixed,0,4,no-ancestor-expiry,node-0000,node-0000,0,0,0
trace-020,mixed,0,4,no-ancestor-revocation,node-0000,node-0000,0,0,0
trace-020,mixed,0,4,no-alias-obligations,node-0000,node-0000,0,0,0
trace-020,mixed,0,4,top-one,node-0000,node-0000,0,0,0
trace-020,mixed,0,4,expiry-skyline,node-0000,node-0000,0,0,0
trace-020,mixed,0,5,direct,node-0000,node-0000,0,0,0
trace-020,mixed,0,5,verified,node-0000,node-0000,0,0,0
trace-020,mixed,0,5,full-compiled,node-0000,node-0000,0,0,0
trace-020,mixed,0,5,timestamp-only,node-0000,node-0000,0,0,0
trace-020,mixed,0,5,no-ancestor-expiry,node-0000,node-0000,0,0,0
trace-020,mixed,0,5,no-ancestor-revocation,node-0000,node-0000,0,0,0
trace-020,mixed,0,5,no-alias-obligations,node-0000,node-0000,0,0,0
trace-020,mixed,0,5,top-one,node-0000,node-0000,0,0,0
trace-020,mixed,0,5,expiry-skyline,node-0000,node-0000,0,0,0
trace-020,mixed,0,6,direct,node-0001,node-0001,0,0,0
trace-020,mixed,0,6,verified,node-0001,node-0001,0,0,0
trace-020,mixed,0,6,full-compiled,node-0001,node-0001,0,0,0
trace-020,mixed,0,6,timestamp-only,node-0001,node-0052,1,1,1
trace-020,mixed,0,6,no-ancestor-expiry,node-0001,node-0001,0,0,0
trace-020,mixed,0,6,no-ancestor-revocation,node-0001,node-0001,0,0,0
trace-020,mixed,0,6,no-alias-obligations,node-0001,node-0052,1,1,1
trace-020,mixed,0,6,top-one,node-0001,,1,1,0
trace-020,mixed,0,6,expiry-skyline,node-0001,node-0001,0,0,0
trace-020,mixed,0,7,direct,,,0,0,0
trace-020,mixed,0,7,verified,,,0,0,0
trace-020,mixed,0,7,full-compiled,,,0,0,0
trace-020,mixed,0,7,timestamp-only,,,0,0,0
trace-020,mixed,0,7,no-ancestor-expiry,,,0,0,0
trace-020,mixed,0,7,no-ancestor-revocation,,,0,0,0
trace-020,mixed,0,7,no-alias-obligations,,,0,0,0
trace-020,mixed,0,7,top-one,,,0,0,0
trace-020,mixed,0,7,expiry-skyline,,,0,0,0
trace-020,mixed,0,8,direct,node-0000,node-0000,0,0,0
trace-020,mixed,0,8,verified,node-0000,node-0000,0,0,0
trace-020,mixed,0,8,full-compiled,node-0000,node-0000,0,0,0
trace-020,mixed,0,8,timestamp-only,node-0000,node-0000,0,0,0
trace-020,mixed,0,8,no-ancestor-expiry,node-0000,node-0000,0,0,0
trace-020,mixed,0,8,no-ancestor-revocation,node-0000,node-0000,0,0,0
trace-020,mixed,0,8,no-alias-obligations,node-0000,node-0000,0,0,0
trace-020,mixed,0,8,top-one,node-0000,node-0000,0,0,0
trace-020,mixed,0,8,expiry-skyline,node-0000,node-0000,0,0,0
trace-020,mixed,0,9,direct,,,0,0,0
trace-020,mixed,0,9,verified,,,0,0,0
trace-020,mixed,0,9,full-compiled,,,0,0,0
trace-020,mixed,0,9,timestamp-only,,node-0052,1,1,1
trace-020,mixed,0,9,no-ancestor-expiry,,,0,0,0
trace-020,mixed,0,9,no-ancestor-revocation,,,0,0,0
trace-020,mixed,0,9,no-alias-obligations,,node-0052,1,1,1
trace-020,mixed,0,9,top-one,,,0,0,0
trace-020,mixed,0,9,expiry-skyline,,,0,0,0
trace-020,mixed,0,10,direct,node-0000,node-0000,0,0,0
trace-020,mixed,0,10,verified,node-0000,node-0000,0,0,0
trace-020,mixed,0,10,full-compiled,node-0000,node-0000,0,0,0
trace-020,mixed,0,10,timestamp-only,node-0000,node-0000,0,0,0
trace-020,mixed,0,10,no-ancestor-expiry,node-0000,node-0000,0,0,0
trace-020,mixed,0,10,no-ancestor-revocation,node-0000,node-0000,0,0,0
trace-020,mixed,0,10,no-alias-obligations,node-0000,node-0000,0,0,0
trace-020,mixed,0,10,top-one,node-0000,node-0000,0,0,0
trace-020,mixed,0,10,expiry-skyline,node-0000,node-0000,0,0,0
trace-020,mixed,0,11,direct,,,0,0,0
trace-020,mixed,0,11,verified,,,0,0,0
trace-020,mixed,0,11,full-compiled,,,0,0,0
trace-020,mixed,0,11,timestamp-only,,node-0052,1,1,1
trace-020,mixed,0,11,no-ancestor-expiry,,,0,0,0
trace-020,mixed,0,11,no-ancestor-revocation,,,0,0,0
trace-020,mixed,0,11,no-alias-obligations,,node-0052,1,1,1
trace-020,mixed,0,11,top-one,,,0,0,0
trace-020,mixed,0,11,expiry-skyline,,,0,0,0
trace-020,mixed,1,0,direct,node-0026,node-0026,0,0,0
trace-020,mixed,1,0,verified,node-0026,node-0026,0,0,0
trace-020,mixed,1,0,full-compiled,node-0026,node-0026,0,0,0
trace-020,mixed,1,0,timestamp-only,node-0026,node-0026,0,0,0
trace-020,mixed,1,0,no-ancestor-expiry,node-0026,node-0026,0,0,0
trace-020,mixed,1,0,no-ancestor-revocation,node-0026,node-0026,0,0,0
trace-020,mixed,1,0,no-alias-obligations,node-0026,node-0026,0,0,0
trace-020,mixed,1,0,top-one,node-0026,node-0026,0,0,0
trace-020,mixed,1,0,expiry-skyline,node-0026,node-0026,0,0,0
trace-020,mixed,1,1,direct,node-0026,node-0026,0,0,0
trace-020,mixed,1,1,verified,node-0026,node-0026,0,0,0
trace-020,mixed,1,1,full-compiled,node-0026,node-0026,0,0,0
trace-020,mixed,1,1,timestamp-only,node-0026,node-0026,0,0,0
trace-020,mixed,1,1,no-ancestor-expiry,node-0026,node-0026,0,0,0
trace-020,mixed,1,1,no-ancestor-revocation,node-0026,node-0026,0,0,0
trace-020,mixed,1,1,no-alias-obligations,node-0026,node-0026,0,0,0
trace-020,mixed,1,1,top-one,node-0026,node-0026,0,0,0
trace-020,mixed,1,1,expiry-skyline,node-0026,node-0026,0,0,0
trace-020,mixed,1,2,direct,node-0047,node-0047,0,0,0
trace-020,mixed,1,2,verified,node-0047,node-0047,0,0,0
trace-020,mixed,1,2,full-compiled,node-0047,node-0047,0,0,0
trace-020,mixed,1,2,timestamp-only,node-0047,node-0014,1,1,1
trace-020,mixed,1,2,no-ancestor-expiry,node-0047,node-0047,0,0,0
trace-020,mixed,1,2,no-ancestor-revocation,node-0047,node-0047,0,0,0
trace-020,mixed,1,2,no-alias-obligations,node-0047,node-0014,1,1,1
trace-020,mixed,1,2,top-one,node-0047,,1,1,0
trace-020,mixed,1,2,expiry-skyline,node-0047,node-0047,0,0,0
trace-020,mixed,1,3,direct,node-0026,node-0026,0,0,0
trace-020,mixed,1,3,verified,node-0026,node-0026,0,0,0
trace-020,mixed,1,3,full-compiled,node-0026,node-0026,0,0,0
trace-020,mixed,1,3,timestamp-only,node-0026,node-0026,0,0,0
trace-020,mixed,1,3,no-ancestor-expiry,node-0026,node-0026,0,0,0
trace-020,mixed,1,3,no-ancestor-revocation,node-0026,node-0026,0,0,0
trace-020,mixed,1,3,no-alias-obligations,node-0026,node-0026,0,0,0
trace-020,mixed,1,3,top-one,node-0026,node-0026,0,0,0
trace-020,mixed,1,3,expiry-skyline,node-0026,node-0026,0,0,0
trace-020,mixed,1,4,direct,node-0026,node-0026,0,0,0
trace-020,mixed,1,4,verified,node-0026,node-0026,0,0,0
trace-020,mixed,1,4,full-compiled,node-0026,node-0026,0,0,0
trace-020,mixed,1,4,timestamp-only,node-0026,node-0026,0,0,0
trace-020,mixed,1,4,no-ancestor-expiry,node-0026,node-0026,0,0,0
trace-020,mixed,1,4,no-ancestor-revocation,node-0026,node-0026,0,0,0
trace-020,mixed,1,4,no-alias-obligations,node-0026,node-0026,0,0,0
trace-020,mixed,1,4,top-one,node-0026,node-0026,0,0,0
trace-020,mixed,1,4,expiry-skyline,node-0026,node-0026,0,0,0
trace-020,mixed,1,5,direct,node-0026,node-0026,0,0,0
trace-020,mixed,1,5,verified,node-0026,node-0026,0,0,0
trace-020,mixed,1,5,full-compiled,node-0026,node-0026,0,0,0
trace-020,mixed,1,5,timestamp-only,node-0026,node-0026,0,0,0
trace-020,mixed,1,5,no-ancestor-expiry,node-0026,node-0026,0,0,0
trace-020,mixed,1,5,no-ancestor-revocation,node-0026,node-0026,0,0,0
trace-020,mixed,1,5,no-alias-obligations,node-0026,node-0026,0,0,0
trace-020,mixed,1,5,top-one,node-0026,node-0026,0,0,0
trace-020,mixed,1,5,expiry-skyline,node-0026,node-0026,0,0,0
trace-020,mixed,1,6,direct,,,0,0,0
trace-020,mixed,1,6,verified,,,0,0,0
trace-020,mixed,1,6,full-compiled,,,0,0,0
trace-020,mixed,1,6,timestamp-only,,node-0026,1,1,1
trace-020,mixed,1,6,no-ancestor-expiry,,,0,0,0
trace-020,mixed,1,6,no-ancestor-revocation,,,0,0,0
trace-020,mixed,1,6,no-alias-obligations,,node-0027,1,1,1
trace-020,mixed,1,6,top-one,,,0,0,0
trace-020,mixed,1,6,expiry-skyline,,,0,0,0
trace-020,mixed,1,7,direct,,,0,0,0
trace-020,mixed,1,7,verified,,,0,0,0
trace-020,mixed,1,7,full-compiled,,,0,0,0
trace-020,mixed,1,7,timestamp-only,,,0,0,0
trace-020,mixed,1,7,no-ancestor-expiry,,,0,0,0
trace-020,mixed,1,7,no-ancestor-revocation,,,0,0,0
trace-020,mixed,1,7,no-alias-obligations,,,0,0,0
trace-020,mixed,1,7,top-one,,,0,0,0
trace-020,mixed,1,7,expiry-skyline,,,0,0,0
trace-020,mixed,1,8,direct,node-0026,node-0026,0,0,0
trace-020,mixed,1,8,verified,node-0026,node-0026,0,0,0
trace-020,mixed,1,8,full-compiled,node-0026,node-0026,0,0,0
trace-020,mixed,1,8,timestamp-only,node-0026,node-0026,0,0,0
trace-020,mixed,1,8,no-ancestor-expiry,node-0026,node-0026,0,0,0
trace-020,mixed,1,8,no-ancestor-revocation,node-0026,node-0026,0,0,0
trace-020,mixed,1,8,no-alias-obligations,node-0026,node-0026,0,0,0
trace-020,mixed,1,8,top-one,node-0026,node-0026,0,0,0
trace-020,mixed,1,8,expiry-skyline,node-0026,node-0026,0,0,0
trace-020,mixed,1,9,direct,node-0047,node-0047,0,0,0
trace-020,mixed,1,9,verified,node-0047,node-0047,0,0,0
trace-020,mixed,1,9,full-compiled,node-0047,node-0047,0,0,0
trace-020,mixed,1,9,timestamp-only,node-0047,node-0014,1,1,1
trace-020,mixed,1,9,no-ancestor-expiry,node-0047,node-0047,0,0,0
trace-020,mixed,1,9,no-ancestor-revocation,node-0047,node-0047,0,0,0
trace-020,mixed,1,9,no-alias-obligations,node-0047,node-0014,1,1,1
trace-020,mixed,1,9,top-one,node-0047,,1,1,0
trace-020,mixed,1,9,expiry-skyline,node-0047,node-0047,0,0,0
trace-020,mixed,1,10,direct,node-0026,node-0026,0,0,0
trace-020,mixed,1,10,verified,node-0026,node-0026,0,0,0
trace-020,mixed,1,10,full-compiled,node-0026,node-0026,0,0,0
trace-020,mixed,1,10,timestamp-only,node-0026,node-0026,0,0,0
trace-020,mixed,1,10,no-ancestor-expiry,node-0026,node-0026,0,0,0
trace-020,mixed,1,10,no-ancestor-revocation,node-0026,node-0026,0,0,0
trace-020,mixed,1,10,no-alias-obligations,node-0026,node-0026,0,0,0
trace-020,mixed,1,10,top-one,node-0026,node-0026,0,0,0
trace-020,mixed,1,10,expiry-skyline,node-0026,node-0026,0,0,0
trace-020,mixed,1,11,direct,node-0047,node-0047,0,0,0
trace-020,mixed,1,11,verified,node-0047,node-0047,0,0,0
trace-020,mixed,1,11,full-compiled,node-0047,node-0047,0,0,0
trace-020,mixed,1,11,timestamp-only,node-0047,node-0057,1,1,1
trace-020,mixed,1,11,no-ancestor-expiry,node-0047,node-0047,0,0,0
trace-020,mixed,1,11,no-ancestor-revocation,node-0047,node-0047,0,0,0
trace-020,mixed,1,11,no-alias-obligations,node-0047,node-0057,1,1,1
trace-020,mixed,1,11,top-one,node-0047,,1,1,0
trace-020,mixed,1,11,expiry-skyline,node-0047,node-0047,0,0,0
trace-021,mixed,0,0,direct,node-0053,node-0053,0,0,0
trace-021,mixed,0,0,verified,node-0053,node-0053,0,0,0
trace-021,mixed,0,0,full-compiled,node-0053,node-0053,0,0,0
trace-021,mixed,0,0,timestamp-only,node-0053,node-0053,0,0,0
trace-021,mixed,0,0,no-ancestor-expiry,node-0053,node-0053,0,0,0
trace-021,mixed,0,0,no-ancestor-revocation,node-0053,node-0053,0,0,0
trace-021,mixed,0,0,no-alias-obligations,node-0053,node-0053,0,0,0
trace-021,mixed,0,0,top-one,node-0053,node-0053,0,0,0
trace-021,mixed,0,0,expiry-skyline,node-0053,node-0053,0,0,0
trace-021,mixed,0,1,direct,node-0053,node-0053,0,0,0
trace-021,mixed,0,1,verified,node-0053,node-0053,0,0,0
trace-021,mixed,0,1,full-compiled,node-0053,node-0053,0,0,0
trace-021,mixed,0,1,timestamp-only,node-0053,node-0053,0,0,0
trace-021,mixed,0,1,no-ancestor-expiry,node-0053,node-0053,0,0,0
trace-021,mixed,0,1,no-ancestor-revocation,node-0053,node-0053,0,0,0
trace-021,mixed,0,1,no-alias-obligations,node-0053,node-0053,0,0,0
trace-021,mixed,0,1,top-one,node-0053,node-0053,0,0,0
trace-021,mixed,0,1,expiry-skyline,node-0053,node-0053,0,0,0
trace-021,mixed,0,2,direct,node-0048,node-0048,0,0,0
trace-021,mixed,0,2,verified,node-0048,node-0048,0,0,0
trace-021,mixed,0,2,full-compiled,node-0048,node-0048,0,0,0
trace-021,mixed,0,2,timestamp-only,node-0048,node-0048,0,0,0
trace-021,mixed,0,2,no-ancestor-expiry,node-0048,node-0048,0,0,0
trace-021,mixed,0,2,no-ancestor-revocation,node-0048,node-0048,0,0,0
trace-021,mixed,0,2,no-alias-obligations,node-0048,node-0048,0,0,0
trace-021,mixed,0,2,top-one,node-0048,,1,1,0
trace-021,mixed,0,2,expiry-skyline,node-0048,,1,1,0
trace-021,mixed,0,3,direct,node-0053,node-0053,0,0,0
trace-021,mixed,0,3,verified,node-0053,node-0053,0,0,0
trace-021,mixed,0,3,full-compiled,node-0053,node-0053,0,0,0
trace-021,mixed,0,3,timestamp-only,node-0053,node-0053,0,0,0
trace-021,mixed,0,3,no-ancestor-expiry,node-0053,node-0053,0,0,0
trace-021,mixed,0,3,no-ancestor-revocation,node-0053,node-0053,0,0,0
trace-021,mixed,0,3,no-alias-obligations,node-0053,node-0053,0,0,0
trace-021,mixed,0,3,top-one,node-0053,node-0053,0,0,0
trace-021,mixed,0,3,expiry-skyline,node-0053,node-0053,0,0,0
trace-021,mixed,0,4,direct,node-0053,node-0053,0,0,0
trace-021,mixed,0,4,verified,node-0053,node-0053,0,0,0
trace-021,mixed,0,4,full-compiled,node-0053,node-0053,0,0,0
trace-021,mixed,0,4,timestamp-only,node-0053,node-0053,0,0,0
trace-021,mixed,0,4,no-ancestor-expiry,node-0053,node-0053,0,0,0
trace-021,mixed,0,4,no-ancestor-revocation,node-0053,node-0053,0,0,0
trace-021,mixed,0,4,no-alias-obligations,node-0053,node-0053,0,0,0
trace-021,mixed,0,4,top-one,node-0053,node-0053,0,0,0
trace-021,mixed,0,4,expiry-skyline,node-0053,node-0053,0,0,0
trace-021,mixed,0,5,direct,node-0053,node-0053,0,0,0
trace-021,mixed,0,5,verified,node-0053,node-0053,0,0,0
trace-021,mixed,0,5,full-compiled,node-0053,node-0053,0,0,0
trace-021,mixed,0,5,timestamp-only,node-0053,node-0053,0,0,0
trace-021,mixed,0,5,no-ancestor-expiry,node-0053,node-0053,0,0,0
trace-021,mixed,0,5,no-ancestor-revocation,node-0053,node-0053,0,0,0
trace-021,mixed,0,5,no-alias-obligations,node-0053,node-0053,0,0,0
trace-021,mixed,0,5,top-one,node-0053,node-0053,0,0,0
trace-021,mixed,0,5,expiry-skyline,node-0053,node-0053,0,0,0
trace-021,mixed,0,6,direct,node-0022,node-0022,0,0,0
trace-021,mixed,0,6,verified,node-0022,node-0022,0,0,0
trace-021,mixed,0,6,full-compiled,node-0022,node-0022,0,0,0
trace-021,mixed,0,6,timestamp-only,node-0022,node-0022,0,0,0
trace-021,mixed,0,6,no-ancestor-expiry,node-0022,node-0022,0,0,0
trace-021,mixed,0,6,no-ancestor-revocation,node-0022,node-0022,0,0,0
trace-021,mixed,0,6,no-alias-obligations,node-0022,node-0022,0,0,0
trace-021,mixed,0,6,top-one,node-0022,,1,1,0
trace-021,mixed,0,6,expiry-skyline,node-0022,node-0022,0,0,0
trace-021,mixed,0,7,direct,,,0,0,0
trace-021,mixed,0,7,verified,,,0,0,0
trace-021,mixed,0,7,full-compiled,,,0,0,0
trace-021,mixed,0,7,timestamp-only,,,0,0,0
trace-021,mixed,0,7,no-ancestor-expiry,,,0,0,0
trace-021,mixed,0,7,no-ancestor-revocation,,,0,0,0
trace-021,mixed,0,7,no-alias-obligations,,,0,0,0
trace-021,mixed,0,7,top-one,,,0,0,0
trace-021,mixed,0,7,expiry-skyline,,,0,0,0
trace-021,mixed,0,8,direct,node-0053,node-0053,0,0,0
trace-021,mixed,0,8,verified,node-0053,node-0053,0,0,0
trace-021,mixed,0,8,full-compiled,node-0053,node-0053,0,0,0
trace-021,mixed,0,8,timestamp-only,node-0053,node-0053,0,0,0
trace-021,mixed,0,8,no-ancestor-expiry,node-0053,node-0053,0,0,0
trace-021,mixed,0,8,no-ancestor-revocation,node-0053,node-0053,0,0,0
trace-021,mixed,0,8,no-alias-obligations,node-0053,node-0053,0,0,0
trace-021,mixed,0,8,top-one,node-0053,node-0053,0,0,0
trace-021,mixed,0,8,expiry-skyline,node-0053,node-0053,0,0,0
trace-021,mixed,0,9,direct,node-0053,node-0053,0,0,0
trace-021,mixed,0,9,verified,node-0053,node-0053,0,0,0
trace-021,mixed,0,9,full-compiled,node-0053,node-0053,0,0,0
trace-021,mixed,0,9,timestamp-only,node-0053,node-0053,0,0,0
trace-021,mixed,0,9,no-ancestor-expiry,node-0053,node-0053,0,0,0
trace-021,mixed,0,9,no-ancestor-revocation,node-0053,node-0053,0,0,0
trace-021,mixed,0,9,no-alias-obligations,node-0053,node-0053,0,0,0
trace-021,mixed,0,9,top-one,node-0053,node-0053,0,0,0
trace-021,mixed,0,9,expiry-skyline,node-0053,node-0053,0,0,0
trace-021,mixed,0,10,direct,node-0032,node-0032,0,0,0
trace-021,mixed,0,10,verified,node-0032,node-0032,0,0,0
trace-021,mixed,0,10,full-compiled,node-0032,node-0032,0,0,0
trace-021,mixed,0,10,timestamp-only,node-0032,node-0022,1,1,1
trace-021,mixed,0,10,no-ancestor-expiry,node-0032,node-0032,0,0,0
trace-021,mixed,0,10,no-ancestor-revocation,node-0032,node-0032,0,0,0
trace-021,mixed,0,10,no-alias-obligations,node-0032,node-0022,1,1,1
trace-021,mixed,0,10,top-one,node-0032,,1,1,0
trace-021,mixed,0,10,expiry-skyline,node-0032,,1,1,0
trace-021,mixed,0,11,direct,,,0,0,0
trace-021,mixed,0,11,verified,,,0,0,0
trace-021,mixed,0,11,full-compiled,,,0,0,0
trace-021,mixed,0,11,timestamp-only,,node-0007,1,1,1
trace-021,mixed,0,11,no-ancestor-expiry,,,0,0,0
trace-021,mixed,0,11,no-ancestor-revocation,,,0,0,0
trace-021,mixed,0,11,no-alias-obligations,,node-0007,1,1,1
trace-021,mixed,0,11,top-one,,,0,0,0
trace-021,mixed,0,11,expiry-skyline,,,0,0,0
trace-021,mixed,1,0,direct,node-0011,node-0011,0,0,0
trace-021,mixed,1,0,verified,node-0011,node-0011,0,0,0
trace-021,mixed,1,0,full-compiled,node-0011,node-0011,0,0,0
trace-021,mixed,1,0,timestamp-only,node-0011,node-0011,0,0,0
trace-021,mixed,1,0,no-ancestor-expiry,node-0011,node-0011,0,0,0
trace-021,mixed,1,0,no-ancestor-revocation,node-0011,node-0011,0,0,0
trace-021,mixed,1,0,no-alias-obligations,node-0011,node-0011,0,0,0
trace-021,mixed,1,0,top-one,node-0011,node-0011,0,0,0
trace-021,mixed,1,0,expiry-skyline,node-0011,node-0011,0,0,0
trace-021,mixed,1,1,direct,node-0011,node-0011,0,0,0
trace-021,mixed,1,1,verified,node-0011,node-0011,0,0,0
trace-021,mixed,1,1,full-compiled,node-0011,node-0011,0,0,0
trace-021,mixed,1,1,timestamp-only,node-0011,node-0011,0,0,0
trace-021,mixed,1,1,no-ancestor-expiry,node-0011,node-0011,0,0,0
trace-021,mixed,1,1,no-ancestor-revocation,node-0011,node-0011,0,0,0
trace-021,mixed,1,1,no-alias-obligations,node-0011,node-0011,0,0,0
trace-021,mixed,1,1,top-one,node-0011,node-0011,0,0,0
trace-021,mixed,1,1,expiry-skyline,node-0011,node-0011,0,0,0
trace-021,mixed,1,2,direct,node-0047,node-0047,0,0,0
trace-021,mixed,1,2,verified,node-0047,node-0047,0,0,0
trace-021,mixed,1,2,full-compiled,node-0047,node-0047,0,0,0
trace-021,mixed,1,2,timestamp-only,node-0047,node-0061,1,1,1
trace-021,mixed,1,2,no-ancestor-expiry,node-0047,node-0047,0,0,0
trace-021,mixed,1,2,no-ancestor-revocation,node-0047,node-0047,0,0,0
trace-021,mixed,1,2,no-alias-obligations,node-0047,node-0061,1,1,1
trace-021,mixed,1,2,top-one,node-0047,,1,1,0
trace-021,mixed,1,2,expiry-skyline,node-0047,node-0031,1,0,0
trace-021,mixed,1,3,direct,node-0011,node-0011,0,0,0
trace-021,mixed,1,3,verified,node-0011,node-0011,0,0,0
trace-021,mixed,1,3,full-compiled,node-0011,node-0011,0,0,0
trace-021,mixed,1,3,timestamp-only,node-0011,node-0011,0,0,0
trace-021,mixed,1,3,no-ancestor-expiry,node-0011,node-0011,0,0,0
trace-021,mixed,1,3,no-ancestor-revocation,node-0011,node-0011,0,0,0
trace-021,mixed,1,3,no-alias-obligations,node-0011,node-0011,0,0,0
trace-021,mixed,1,3,top-one,node-0011,node-0011,0,0,0
trace-021,mixed,1,3,expiry-skyline,node-0011,node-0011,0,0,0
trace-021,mixed,1,4,direct,node-0011,node-0011,0,0,0
trace-021,mixed,1,4,verified,node-0011,node-0011,0,0,0
trace-021,mixed,1,4,full-compiled,node-0011,node-0011,0,0,0
trace-021,mixed,1,4,timestamp-only,node-0011,node-0011,0,0,0
trace-021,mixed,1,4,no-ancestor-expiry,node-0011,node-0011,0,0,0
trace-021,mixed,1,4,no-ancestor-revocation,node-0011,node-0011,0,0,0
trace-021,mixed,1,4,no-alias-obligations,node-0011,node-0011,0,0,0
trace-021,mixed,1,4,top-one,node-0011,node-0011,0,0,0
trace-021,mixed,1,4,expiry-skyline,node-0011,node-0011,0,0,0
trace-021,mixed,1,5,direct,node-0011,node-0011,0,0,0
trace-021,mixed,1,5,verified,node-0011,node-0011,0,0,0
trace-021,mixed,1,5,full-compiled,node-0011,node-0011,0,0,0
trace-021,mixed,1,5,timestamp-only,node-0011,node-0011,0,0,0
trace-021,mixed,1,5,no-ancestor-expiry,node-0011,node-0011,0,0,0
trace-021,mixed,1,5,no-ancestor-revocation,node-0011,node-0011,0,0,0
trace-021,mixed,1,5,no-alias-obligations,node-0011,node-0011,0,0,0
trace-021,mixed,1,5,top-one,node-0011,node-0011,0,0,0
trace-021,mixed,1,5,expiry-skyline,node-0011,node-0011,0,0,0
trace-021,mixed,1,6,direct,,,0,0,0
trace-021,mixed,1,6,verified,,,0,0,0
trace-021,mixed,1,6,full-compiled,,,0,0,0
trace-021,mixed,1,6,timestamp-only,,node-0041,1,1,1
trace-021,mixed,1,6,no-ancestor-expiry,,,0,0,0
trace-021,mixed,1,6,no-ancestor-revocation,,,0,0,0
trace-021,mixed,1,6,no-alias-obligations,,node-0041,1,1,1
trace-021,mixed,1,6,top-one,,,0,0,0
trace-021,mixed,1,6,expiry-skyline,,,0,0,0
trace-021,mixed,1,7,direct,,,0,0,0
trace-021,mixed,1,7,verified,,,0,0,0
trace-021,mixed,1,7,full-compiled,,,0,0,0
trace-021,mixed,1,7,timestamp-only,,,0,0,0
trace-021,mixed,1,7,no-ancestor-expiry,,,0,0,0
trace-021,mixed,1,7,no-ancestor-revocation,,,0,0,0
trace-021,mixed,1,7,no-alias-obligations,,,0,0,0
trace-021,mixed,1,7,top-one,,,0,0,0
trace-021,mixed,1,7,expiry-skyline,,,0,0,0
trace-021,mixed,1,8,direct,node-0011,node-0011,0,0,0
trace-021,mixed,1,8,verified,node-0011,node-0011,0,0,0
trace-021,mixed,1,8,full-compiled,node-0011,node-0011,0,0,0
trace-021,mixed,1,8,timestamp-only,node-0011,node-0011,0,0,0
trace-021,mixed,1,8,no-ancestor-expiry,node-0011,node-0011,0,0,0
trace-021,mixed,1,8,no-ancestor-revocation,node-0011,node-0011,0,0,0
trace-021,mixed,1,8,no-alias-obligations,node-0011,node-0011,0,0,0
trace-021,mixed,1,8,top-one,node-0011,node-0011,0,0,0
trace-021,mixed,1,8,expiry-skyline,node-0011,node-0011,0,0,0
trace-021,mixed,1,9,direct,node-0011,node-0011,0,0,0
trace-021,mixed,1,9,verified,node-0011,node-0011,0,0,0
trace-021,mixed,1,9,full-compiled,node-0011,node-0011,0,0,0
trace-021,mixed,1,9,timestamp-only,node-0011,node-0011,0,0,0
trace-021,mixed,1,9,no-ancestor-expiry,node-0011,node-0011,0,0,0
trace-021,mixed,1,9,no-ancestor-revocation,node-0011,node-0011,0,0,0
trace-021,mixed,1,9,no-alias-obligations,node-0011,node-0011,0,0,0
trace-021,mixed,1,9,top-one,node-0011,node-0011,0,0,0
trace-021,mixed,1,9,expiry-skyline,node-0011,node-0011,0,0,0
trace-021,mixed,1,10,direct,node-0047,node-0047,0,0,0
trace-021,mixed,1,10,verified,node-0047,node-0047,0,0,0
trace-021,mixed,1,10,full-compiled,node-0047,node-0047,0,0,0
trace-021,mixed,1,10,timestamp-only,node-0047,node-0061,1,1,1
trace-021,mixed,1,10,no-ancestor-expiry,node-0047,node-0047,0,0,0
trace-021,mixed,1,10,no-ancestor-revocation,node-0047,node-0047,0,0,0
trace-021,mixed,1,10,no-alias-obligations,node-0047,node-0061,1,1,1
trace-021,mixed,1,10,top-one,node-0047,,1,1,0
trace-021,mixed,1,10,expiry-skyline,node-0047,node-0031,1,0,0
trace-021,mixed,1,11,direct,,,0,0,0
trace-021,mixed,1,11,verified,,,0,0,0
trace-021,mixed,1,11,full-compiled,,,0,0,0
trace-021,mixed,1,11,timestamp-only,,node-0009,1,1,1
trace-021,mixed,1,11,no-ancestor-expiry,,,0,0,0
trace-021,mixed,1,11,no-ancestor-revocation,,,0,0,0
trace-021,mixed,1,11,no-alias-obligations,,node-0009,1,1,1
trace-021,mixed,1,11,top-one,,,0,0,0
trace-021,mixed,1,11,expiry-skyline,,,0,0,0
trace-022,mixed,0,0,direct,node-0053,node-0053,0,0,0
trace-022,mixed,0,0,verified,node-0053,node-0053,0,0,0
trace-022,mixed,0,0,full-compiled,node-0053,node-0053,0,0,0
trace-022,mixed,0,0,timestamp-only,node-0053,node-0053,0,0,0
trace-022,mixed,0,0,no-ancestor-expiry,node-0053,node-0053,0,0,0
trace-022,mixed,0,0,no-ancestor-revocation,node-0053,node-0053,0,0,0
trace-022,mixed,0,0,no-alias-obligations,node-0053,node-0053,0,0,0
trace-022,mixed,0,0,top-one,node-0053,node-0053,0,0,0
trace-022,mixed,0,0,expiry-skyline,node-0053,node-0053,0,0,0
trace-022,mixed,0,1,direct,node-0053,node-0053,0,0,0
trace-022,mixed,0,1,verified,node-0053,node-0053,0,0,0
trace-022,mixed,0,1,full-compiled,node-0053,node-0053,0,0,0
trace-022,mixed,0,1,timestamp-only,node-0053,node-0053,0,0,0
trace-022,mixed,0,1,no-ancestor-expiry,node-0053,node-0053,0,0,0
trace-022,mixed,0,1,no-ancestor-revocation,node-0053,node-0053,0,0,0
trace-022,mixed,0,1,no-alias-obligations,node-0053,node-0053,0,0,0
trace-022,mixed,0,1,top-one,node-0053,node-0053,0,0,0
trace-022,mixed,0,1,expiry-skyline,node-0053,node-0053,0,0,0
trace-022,mixed,0,2,direct,node-0000,node-0000,0,0,0
trace-022,mixed,0,2,verified,node-0000,node-0000,0,0,0
trace-022,mixed,0,2,full-compiled,node-0000,node-0000,0,0,0
trace-022,mixed,0,2,timestamp-only,node-0000,node-0037,1,0,1
trace-022,mixed,0,2,no-ancestor-expiry,node-0000,node-0000,0,0,0
trace-022,mixed,0,2,no-ancestor-revocation,node-0000,node-0000,0,0,0
trace-022,mixed,0,2,no-alias-obligations,node-0000,node-0037,1,0,1
trace-022,mixed,0,2,top-one,node-0000,,1,1,0
trace-022,mixed,0,2,expiry-skyline,node-0000,,1,1,0
trace-022,mixed,0,3,direct,node-0018,node-0018,0,0,0
trace-022,mixed,0,3,verified,node-0018,node-0018,0,0,0
trace-022,mixed,0,3,full-compiled,node-0018,node-0018,0,0,0
trace-022,mixed,0,3,timestamp-only,node-0018,node-0053,1,1,1
trace-022,mixed,0,3,no-ancestor-expiry,node-0018,node-0018,0,0,0
trace-022,mixed,0,3,no-ancestor-revocation,node-0018,node-0053,1,1,1
trace-022,mixed,0,3,no-alias-obligations,node-0018,node-0018,0,0,0
trace-022,mixed,0,3,top-one,node-0018,,1,1,0
trace-022,mixed,0,3,expiry-skyline,node-0018,node-0003,1,1,0
trace-022,mixed,0,4,direct,node-0053,node-0053,0,0,0
trace-022,mixed,0,4,verified,node-0053,node-0053,0,0,0
trace-022,mixed,0,4,full-compiled,node-0053,node-0053,0,0,0
trace-022,mixed,0,4,timestamp-only,node-0053,node-0053,0,0,0
trace-022,mixed,0,4,no-ancestor-expiry,node-0053,node-0053,0,0,0
trace-022,mixed,0,4,no-ancestor-revocation,node-0053,node-0053,0,0,0
trace-022,mixed,0,4,no-alias-obligations,node-0053,node-0053,0,0,0
trace-022,mixed,0,4,top-one,node-0053,node-0053,0,0,0
trace-022,mixed,0,4,expiry-skyline,node-0053,node-0053,0,0,0
trace-022,mixed,0,5,direct,node-0049,node-0049,0,0,0
trace-022,mixed,0,5,verified,node-0049,node-0049,0,0,0
trace-022,mixed,0,5,full-compiled,node-0049,node-0049,0,0,0
trace-022,mixed,0,5,timestamp-only,node-0049,node-0053,1,1,1
trace-022,mixed,0,5,no-ancestor-expiry,node-0049,node-0053,1,1,1
trace-022,mixed,0,5,no-ancestor-revocation,node-0049,node-0049,0,0,0
trace-022,mixed,0,5,no-alias-obligations,node-0049,node-0049,0,0,0
trace-022,mixed,0,5,top-one,node-0049,,1,1,0
trace-022,mixed,0,5,expiry-skyline,node-0049,node-0049,0,0,0
trace-022,mixed,0,6,direct,,,0,0,0
trace-022,mixed,0,6,verified,,,0,0,0
trace-022,mixed,0,6,full-compiled,,,0,0,0
trace-022,mixed,0,6,timestamp-only,,node-0053,1,1,1
trace-022,mixed,0,6,no-ancestor-expiry,,,0,0,0
trace-022,mixed,0,6,no-ancestor-revocation,,,0,0,0
trace-022,mixed,0,6,no-alias-obligations,,node-0037,1,1,1
trace-022,mixed,0,6,top-one,,,0,0,0
trace-022,mixed,0,6,expiry-skyline,,,0,0,0
trace-022,mixed,0,7,direct,,,0,0,0
trace-022,mixed,0,7,verified,,,0,0,0
trace-022,mixed,0,7,full-compiled,,,0,0,0
trace-022,mixed,0,7,timestamp-only,,,0,0,0
trace-022,mixed,0,7,no-ancestor-expiry,,,0,0,0
trace-022,mixed,0,7,no-ancestor-revocation,,,0,0,0
trace-022,mixed,0,7,no-alias-obligations,,,0,0,0
trace-022,mixed,0,7,top-one,,,0,0,0
trace-022,mixed,0,7,expiry-skyline,,,0,0,0
trace-022,mixed,0,8,direct,node-0053,node-0053,0,0,0
trace-022,mixed,0,8,verified,node-0053,node-0053,0,0,0
trace-022,mixed,0,8,full-compiled,node-0053,node-0053,0,0,0
trace-022,mixed,0,8,timestamp-only,node-0053,node-0053,0,0,0
trace-022,mixed,0,8,no-ancestor-expiry,node-0053,node-0053,0,0,0
trace-022,mixed,0,8,no-ancestor-revocation,node-0053,node-0053,0,0,0
trace-022,mixed,0,8,no-alias-obligations,node-0053,node-0053,0,0,0
trace-022,mixed,0,8,top-one,node-0053,node-0053,0,0,0
trace-022,mixed,0,8,expiry-skyline,node-0053,node-0053,0,0,0
trace-022,mixed,0,9,direct,node-0018,node-0018,0,0,0
trace-022,mixed,0,9,verified,node-0018,node-0018,0,0,0
trace-022,mixed,0,9,full-compiled,node-0018,node-0018,0,0,0
trace-022,mixed,0,9,timestamp-only,node-0018,node-0053,1,1,1
trace-022,mixed,0,9,no-ancestor-expiry,node-0018,node-0018,0,0,0
trace-022,mixed,0,9,no-ancestor-revocation,node-0018,node-0053,1,1,1
trace-022,mixed,0,9,no-alias-obligations,node-0018,node-0018,0,0,0
trace-022,mixed,0,9,top-one,node-0018,,1,1,0
trace-022,mixed,0,9,expiry-skyline,node-0018,node-0003,1,1,0
trace-022,mixed,0,10,direct,node-0003,node-0003,0,0,0
trace-022,mixed,0,10,verified,node-0003,node-0003,0,0,0
trace-022,mixed,0,10,full-compiled,node-0003,node-0003,0,0,0
trace-022,mixed,0,10,timestamp-only,node-0003,node-0053,1,1,1
trace-022,mixed,0,10,no-ancestor-expiry,node-0003,node-0053,1,1,1
trace-022,mixed,0,10,no-ancestor-revocation,node-0003,node-0003,0,0,0
trace-022,mixed,0,10,no-alias-obligations,node-0003,node-0003,0,0,0
trace-022,mixed,0,10,top-one,node-0003,,1,1,0
trace-022,mixed,0,10,expiry-skyline,node-0003,node-0003,0,0,0
trace-022,mixed,0,11,direct,,,0,0,0
trace-022,mixed,0,11,verified,,,0,0,0
trace-022,mixed,0,11,full-compiled,,,0,0,0
trace-022,mixed,0,11,timestamp-only,,,0,0,0
trace-022,mixed,0,11,no-ancestor-expiry,,,0,0,0
trace-022,mixed,0,11,no-ancestor-revocation,,,0,0,0
trace-022,mixed,0,11,no-alias-obligations,,,0,0,0
trace-022,mixed,0,11,top-one,,,0,0,0
trace-022,mixed,0,11,expiry-skyline,,,0,0,0
trace-022,mixed,1,0,direct,node-0025,node-0025,0,0,0
trace-022,mixed,1,0,verified,node-0025,node-0025,0,0,0
trace-022,mixed,1,0,full-compiled,node-0025,node-0025,0,0,0
trace-022,mixed,1,0,timestamp-only,node-0025,node-0025,0,0,0
trace-022,mixed,1,0,no-ancestor-expiry,node-0025,node-0025,0,0,0
trace-022,mixed,1,0,no-ancestor-revocation,node-0025,node-0025,0,0,0
trace-022,mixed,1,0,no-alias-obligations,node-0025,node-0025,0,0,0
trace-022,mixed,1,0,top-one,node-0025,node-0025,0,0,0
trace-022,mixed,1,0,expiry-skyline,node-0025,node-0025,0,0,0
trace-022,mixed,1,1,direct,node-0025,node-0025,0,0,0
trace-022,mixed,1,1,verified,node-0025,node-0025,0,0,0
trace-022,mixed,1,1,full-compiled,node-0025,node-0025,0,0,0
trace-022,mixed,1,1,timestamp-only,node-0025,node-0025,0,0,0
trace-022,mixed,1,1,no-ancestor-expiry,node-0025,node-0025,0,0,0
trace-022,mixed,1,1,no-ancestor-revocation,node-0025,node-0025,0,0,0
trace-022,mixed,1,1,no-alias-obligations,node-0025,node-0025,0,0,0
trace-022,mixed,1,1,top-one,node-0025,node-0025,0,0,0
trace-022,mixed,1,1,expiry-skyline,node-0025,node-0025,0,0,0
trace-022,mixed,1,2,direct,node-0047,node-0047,0,0,0
trace-022,mixed,1,2,verified,node-0047,node-0047,0,0,0
trace-022,mixed,1,2,full-compiled,node-0047,node-0047,0,0,0
trace-022,mixed,1,2,timestamp-only,node-0047,node-0027,1,1,1
trace-022,mixed,1,2,no-ancestor-expiry,node-0047,node-0047,0,0,0
trace-022,mixed,1,2,no-ancestor-revocation,node-0047,node-0047,0,0,0
trace-022,mixed,1,2,no-alias-obligations,node-0047,node-0027,1,1,1
trace-022,mixed,1,2,top-one,node-0047,,1,1,0
trace-022,mixed,1,2,expiry-skyline,node-0047,,1,1,0
trace-022,mixed,1,3,direct,node-0025,node-0025,0,0,0
trace-022,mixed,1,3,verified,node-0025,node-0025,0,0,0
trace-022,mixed,1,3,full-compiled,node-0025,node-0025,0,0,0
trace-022,mixed,1,3,timestamp-only,node-0025,node-0025,0,0,0
trace-022,mixed,1,3,no-ancestor-expiry,node-0025,node-0025,0,0,0
trace-022,mixed,1,3,no-ancestor-revocation,node-0025,node-0025,0,0,0
trace-022,mixed,1,3,no-alias-obligations,node-0025,node-0025,0,0,0
trace-022,mixed,1,3,top-one,node-0025,node-0025,0,0,0
trace-022,mixed,1,3,expiry-skyline,node-0025,node-0025,0,0,0
trace-022,mixed,1,4,direct,node-0013,node-0013,0,0,0
trace-022,mixed,1,4,verified,node-0013,node-0013,0,0,0
trace-022,mixed,1,4,full-compiled,node-0013,node-0013,0,0,0
trace-022,mixed,1,4,timestamp-only,node-0013,node-0013,0,0,0
trace-022,mixed,1,4,no-ancestor-expiry,node-0013,node-0013,0,0,0
trace-022,mixed,1,4,no-ancestor-revocation,node-0013,node-0013,0,0,0
trace-022,mixed,1,4,no-alias-obligations,node-0013,node-0013,0,0,0
trace-022,mixed,1,4,top-one,node-0013,,1,1,0
trace-022,mixed,1,4,expiry-skyline,node-0013,node-0013,0,0,0
trace-022,mixed,1,5,direct,node-0013,node-0013,0,0,0
trace-022,mixed,1,5,verified,node-0013,node-0013,0,0,0
trace-022,mixed,1,5,full-compiled,node-0013,node-0013,0,0,0
trace-022,mixed,1,5,timestamp-only,node-0013,node-0013,0,0,0
trace-022,mixed,1,5,no-ancestor-expiry,node-0013,node-0013,0,0,0
trace-022,mixed,1,5,no-ancestor-revocation,node-0013,node-0013,0,0,0
trace-022,mixed,1,5,no-alias-obligations,node-0013,node-0013,0,0,0
trace-022,mixed,1,5,top-one,node-0013,,1,1,0
trace-022,mixed,1,5,expiry-skyline,node-0013,node-0013,0,0,0
trace-022,mixed,1,6,direct,,,0,0,0
trace-022,mixed,1,6,verified,,,0,0,0
trace-022,mixed,1,6,full-compiled,,,0,0,0
trace-022,mixed,1,6,timestamp-only,,,0,0,0
trace-022,mixed,1,6,no-ancestor-expiry,,,0,0,0
trace-022,mixed,1,6,no-ancestor-revocation,,,0,0,0
trace-022,mixed,1,6,no-alias-obligations,,,0,0,0
trace-022,mixed,1,6,top-one,,,0,0,0
trace-022,mixed,1,6,expiry-skyline,,,0,0,0
trace-022,mixed,1,7,direct,,,0,0,0
trace-022,mixed,1,7,verified,,,0,0,0
trace-022,mixed,1,7,full-compiled,,,0,0,0
trace-022,mixed,1,7,timestamp-only,,,0,0,0
trace-022,mixed,1,7,no-ancestor-expiry,,,0,0,0
trace-022,mixed,1,7,no-ancestor-revocation,,,0,0,0
trace-022,mixed,1,7,no-alias-obligations,,,0,0,0
trace-022,mixed,1,7,top-one,,,0,0,0
trace-022,mixed,1,7,expiry-skyline,,,0,0,0
trace-022,mixed,1,8,direct,node-0025,node-0025,0,0,0
trace-022,mixed,1,8,verified,node-0025,node-0025,0,0,0
trace-022,mixed,1,8,full-compiled,node-0025,node-0025,0,0,0
trace-022,mixed,1,8,timestamp-only,node-0025,node-0025,0,0,0
trace-022,mixed,1,8,no-ancestor-expiry,node-0025,node-0025,0,0,0
trace-022,mixed,1,8,no-ancestor-revocation,node-0025,node-0025,0,0,0
trace-022,mixed,1,8,no-alias-obligations,node-0025,node-0025,0,0,0
trace-022,mixed,1,8,top-one,node-0025,node-0025,0,0,0
trace-022,mixed,1,8,expiry-skyline,node-0025,node-0025,0,0,0
trace-022,mixed,1,9,direct,node-0025,node-0025,0,0,0
trace-022,mixed,1,9,verified,node-0025,node-0025,0,0,0
trace-022,mixed,1,9,full-compiled,node-0025,node-0025,0,0,0
trace-022,mixed,1,9,timestamp-only,node-0025,node-0025,0,0,0
trace-022,mixed,1,9,no-ancestor-expiry,node-0025,node-0025,0,0,0
trace-022,mixed,1,9,no-ancestor-revocation,node-0025,node-0025,0,0,0
trace-022,mixed,1,9,no-alias-obligations,node-0025,node-0025,0,0,0
trace-022,mixed,1,9,top-one,node-0025,node-0025,0,0,0
trace-022,mixed,1,9,expiry-skyline,node-0025,node-0025,0,0,0
trace-022,mixed,1,10,direct,node-0013,node-0013,0,0,0
trace-022,mixed,1,10,verified,node-0013,node-0013,0,0,0
trace-022,mixed,1,10,full-compiled,node-0013,node-0013,0,0,0
trace-022,mixed,1,10,timestamp-only,node-0013,node-0013,0,0,0
trace-022,mixed,1,10,no-ancestor-expiry,node-0013,node-0013,0,0,0
trace-022,mixed,1,10,no-ancestor-revocation,node-0013,node-0013,0,0,0
trace-022,mixed,1,10,no-alias-obligations,node-0013,node-0013,0,0,0
trace-022,mixed,1,10,top-one,node-0013,,1,1,0
trace-022,mixed,1,10,expiry-skyline,node-0013,node-0013,0,0,0
trace-022,mixed,1,11,direct,,,0,0,0
trace-022,mixed,1,11,verified,,,0,0,0
trace-022,mixed,1,11,full-compiled,,,0,0,0
trace-022,mixed,1,11,timestamp-only,,,0,0,0
trace-022,mixed,1,11,no-ancestor-expiry,,,0,0,0
trace-022,mixed,1,11,no-ancestor-revocation,,,0,0,0
trace-022,mixed,1,11,no-alias-obligations,,,0,0,0
trace-022,mixed,1,11,top-one,,,0,0,0
trace-022,mixed,1,11,expiry-skyline,,,0,0,0
trace-023,mixed,0,0,direct,node-0033,node-0033,0,0,0
trace-023,mixed,0,0,verified,node-0033,node-0033,0,0,0
trace-023,mixed,0,0,full-compiled,node-0033,node-0033,0,0,0
trace-023,mixed,0,0,timestamp-only,node-0033,node-0033,0,0,0
trace-023,mixed,0,0,no-ancestor-expiry,node-0033,node-0033,0,0,0
trace-023,mixed,0,0,no-ancestor-revocation,node-0033,node-0033,0,0,0
trace-023,mixed,0,0,no-alias-obligations,node-0033,node-0033,0,0,0
trace-023,mixed,0,0,top-one,node-0033,node-0033,0,0,0
trace-023,mixed,0,0,expiry-skyline,node-0033,node-0033,0,0,0
trace-023,mixed,0,1,direct,node-0033,node-0033,0,0,0
trace-023,mixed,0,1,verified,node-0033,node-0033,0,0,0
trace-023,mixed,0,1,full-compiled,node-0033,node-0033,0,0,0
trace-023,mixed,0,1,timestamp-only,node-0033,node-0033,0,0,0
trace-023,mixed,0,1,no-ancestor-expiry,node-0033,node-0033,0,0,0
trace-023,mixed,0,1,no-ancestor-revocation,node-0033,node-0033,0,0,0
trace-023,mixed,0,1,no-alias-obligations,node-0033,node-0033,0,0,0
trace-023,mixed,0,1,top-one,node-0033,node-0033,0,0,0
trace-023,mixed,0,1,expiry-skyline,node-0033,node-0033,0,0,0
trace-023,mixed,0,2,direct,node-0000,node-0000,0,0,0
trace-023,mixed,0,2,verified,node-0000,node-0000,0,0,0
trace-023,mixed,0,2,full-compiled,node-0000,node-0000,0,0,0
trace-023,mixed,0,2,timestamp-only,node-0000,node-0049,1,1,1
trace-023,mixed,0,2,no-ancestor-expiry,node-0000,node-0000,0,0,0
trace-023,mixed,0,2,no-ancestor-revocation,node-0000,node-0000,0,0,0
trace-023,mixed,0,2,no-alias-obligations,node-0000,node-0004,1,1,1
trace-023,mixed,0,2,top-one,node-0000,,1,1,0
trace-023,mixed,0,2,expiry-skyline,node-0000,node-0016,1,1,0
trace-023,mixed,0,3,direct,node-0033,node-0033,0,0,0
trace-023,mixed,0,3,verified,node-0033,node-0033,0,0,0
trace-023,mixed,0,3,full-compiled,node-0033,node-0033,0,0,0
trace-023,mixed,0,3,timestamp-only,node-0033,node-0033,0,0,0
trace-023,mixed,0,3,no-ancestor-expiry,node-0033,node-0033,0,0,0
trace-023,mixed,0,3,no-ancestor-revocation,node-0033,node-0033,0,0,0
trace-023,mixed,0,3,no-alias-obligations,node-0033,node-0033,0,0,0
trace-023,mixed,0,3,top-one,node-0033,node-0033,0,0,0
trace-023,mixed,0,3,expiry-skyline,node-0033,node-0033,0,0,0
trace-023,mixed,0,4,direct,node-0033,node-0033,0,0,0
trace-023,mixed,0,4,verified,node-0033,node-0033,0,0,0
trace-023,mixed,0,4,full-compiled,node-0033,node-0033,0,0,0
trace-023,mixed,0,4,timestamp-only,node-0033,node-0033,0,0,0
trace-023,mixed,0,4,no-ancestor-expiry,node-0033,node-0033,0,0,0
trace-023,mixed,0,4,no-ancestor-revocation,node-0033,node-0033,0,0,0
trace-023,mixed,0,4,no-alias-obligations,node-0033,node-0033,0,0,0
trace-023,mixed,0,4,top-one,node-0033,node-0033,0,0,0
trace-023,mixed,0,4,expiry-skyline,node-0033,node-0033,0,0,0
trace-023,mixed,0,5,direct,node-0033,node-0033,0,0,0
trace-023,mixed,0,5,verified,node-0033,node-0033,0,0,0
trace-023,mixed,0,5,full-compiled,node-0033,node-0033,0,0,0
trace-023,mixed,0,5,timestamp-only,node-0033,node-0033,0,0,0
trace-023,mixed,0,5,no-ancestor-expiry,node-0033,node-0033,0,0,0
trace-023,mixed,0,5,no-ancestor-revocation,node-0033,node-0033,0,0,0
trace-023,mixed,0,5,no-alias-obligations,node-0033,node-0033,0,0,0
trace-023,mixed,0,5,top-one,node-0033,node-0033,0,0,0
trace-023,mixed,0,5,expiry-skyline,node-0033,node-0033,0,0,0
trace-023,mixed,0,6,direct,,,0,0,0
trace-023,mixed,0,6,verified,,,0,0,0
trace-023,mixed,0,6,full-compiled,,,0,0,0
trace-023,mixed,0,6,timestamp-only,,node-0033,1,1,1
trace-023,mixed,0,6,no-ancestor-expiry,,,0,0,0
trace-023,mixed,0,6,no-ancestor-revocation,,,0,0,0
trace-023,mixed,0,6,no-alias-obligations,,node-0033,1,1,1
trace-023,mixed,0,6,top-one,,,0,0,0
trace-023,mixed,0,6,expiry-skyline,,,0,0,0
trace-023,mixed,0,7,direct,,,0,0,0
trace-023,mixed,0,7,verified,,,0,0,0
trace-023,mixed,0,7,full-compiled,,,0,0,0
trace-023,mixed,0,7,timestamp-only,,,0,0,0
trace-023,mixed,0,7,no-ancestor-expiry,,,0,0,0
trace-023,mixed,0,7,no-ancestor-revocation,,,0,0,0
trace-023,mixed,0,7,no-alias-obligations,,,0,0,0
trace-023,mixed,0,7,top-one,,,0,0,0
trace-023,mixed,0,7,expiry-skyline,,,0,0,0
trace-023,mixed,0,8,direct,node-0033,node-0033,0,0,0
trace-023,mixed,0,8,verified,node-0033,node-0033,0,0,0
trace-023,mixed,0,8,full-compiled,node-0033,node-0033,0,0,0
trace-023,mixed,0,8,timestamp-only,node-0033,node-0033,0,0,0
trace-023,mixed,0,8,no-ancestor-expiry,node-0033,node-0033,0,0,0
trace-023,mixed,0,8,no-ancestor-revocation,node-0033,node-0033,0,0,0
trace-023,mixed,0,8,no-alias-obligations,node-0033,node-0033,0,0,0
trace-023,mixed,0,8,top-one,node-0033,node-0033,0,0,0
trace-023,mixed,0,8,expiry-skyline,node-0033,node-0033,0,0,0
trace-023,mixed,0,9,direct,node-0033,node-0033,0,0,0
trace-023,mixed,0,9,verified,node-0033,node-0033,0,0,0
trace-023,mixed,0,9,full-compiled,node-0033,node-0033,0,0,0
trace-023,mixed,0,9,timestamp-only,node-0033,node-0033,0,0,0
trace-023,mixed,0,9,no-ancestor-expiry,node-0033,node-0033,0,0,0
trace-023,mixed,0,9,no-ancestor-revocation,node-0033,node-0033,0,0,0
trace-023,mixed,0,9,no-alias-obligations,node-0033,node-0033,0,0,0
trace-023,mixed,0,9,top-one,node-0033,node-0033,0,0,0
trace-023,mixed,0,9,expiry-skyline,node-0033,node-0033,0,0,0
trace-023,mixed,0,10,direct,node-0000,node-0000,0,0,0
trace-023,mixed,0,10,verified,node-0000,node-0000,0,0,0
trace-023,mixed,0,10,full-compiled,node-0000,node-0000,0,0,0
trace-023,mixed,0,10,timestamp-only,node-0000,node-0049,1,1,1
trace-023,mixed,0,10,no-ancestor-expiry,node-0000,node-0000,0,0,0
trace-023,mixed,0,10,no-ancestor-revocation,node-0000,node-0000,0,0,0
trace-023,mixed,0,10,no-alias-obligations,node-0000,node-0004,1,1,1
trace-023,mixed,0,10,top-one,node-0000,,1,1,0
trace-023,mixed,0,10,expiry-skyline,node-0000,node-0016,1,1,0
trace-023,mixed,0,11,direct,node-0016,node-0016,0,0,0
trace-023,mixed,0,11,verified,node-0016,node-0016,0,0,0
trace-023,mixed,0,11,full-compiled,node-0016,node-0016,0,0,0
trace-023,mixed,0,11,timestamp-only,node-0016,node-0016,0,0,0
trace-023,mixed,0,11,no-ancestor-expiry,node-0016,node-0016,0,0,0
trace-023,mixed,0,11,no-ancestor-revocation,node-0016,node-0016,0,0,0
trace-023,mixed,0,11,no-alias-obligations,node-0016,node-0016,0,0,0
trace-023,mixed,0,11,top-one,node-0016,,1,1,0
trace-023,mixed,0,11,expiry-skyline,node-0016,node-0016,0,0,0
trace-023,mixed,1,0,direct,node-0062,node-0062,0,0,0
trace-023,mixed,1,0,verified,node-0062,node-0062,0,0,0
trace-023,mixed,1,0,full-compiled,node-0062,node-0062,0,0,0
trace-023,mixed,1,0,timestamp-only,node-0062,node-0062,0,0,0
trace-023,mixed,1,0,no-ancestor-expiry,node-0062,node-0062,0,0,0
trace-023,mixed,1,0,no-ancestor-revocation,node-0062,node-0062,0,0,0
trace-023,mixed,1,0,no-alias-obligations,node-0062,node-0062,0,0,0
trace-023,mixed,1,0,top-one,node-0062,node-0062,0,0,0
trace-023,mixed,1,0,expiry-skyline,node-0062,node-0062,0,0,0
trace-023,mixed,1,1,direct,node-0062,node-0062,0,0,0
trace-023,mixed,1,1,verified,node-0062,node-0062,0,0,0
trace-023,mixed,1,1,full-compiled,node-0062,node-0062,0,0,0
trace-023,mixed,1,1,timestamp-only,node-0062,node-0062,0,0,0
trace-023,mixed,1,1,no-ancestor-expiry,node-0062,node-0062,0,0,0
trace-023,mixed,1,1,no-ancestor-revocation,node-0062,node-0062,0,0,0
trace-023,mixed,1,1,no-alias-obligations,node-0062,node-0062,0,0,0
trace-023,mixed,1,1,top-one,node-0062,node-0062,0,0,0
trace-023,mixed,1,1,expiry-skyline,node-0062,node-0062,0,0,0
trace-023,mixed,1,2,direct,node-0063,node-0063,0,0,0
trace-023,mixed,1,2,verified,node-0063,node-0063,0,0,0
trace-023,mixed,1,2,full-compiled,node-0063,node-0063,0,0,0
trace-023,mixed,1,2,timestamp-only,node-0063,node-0061,1,1,1
trace-023,mixed,1,2,no-ancestor-expiry,node-0063,node-0063,0,0,0
trace-023,mixed,1,2,no-ancestor-revocation,node-0063,node-0063,0,0,0
trace-023,mixed,1,2,no-alias-obligations,node-0063,node-0061,1,1,1
trace-023,mixed,1,2,top-one,node-0063,,1,1,0
trace-023,mixed,1,2,expiry-skyline,node-0063,node-0063,0,0,0
trace-023,mixed,1,3,direct,node-0062,node-0062,0,0,0
trace-023,mixed,1,3,verified,node-0062,node-0062,0,0,0
trace-023,mixed,1,3,full-compiled,node-0062,node-0062,0,0,0
trace-023,mixed,1,3,timestamp-only,node-0062,node-0062,0,0,0
trace-023,mixed,1,3,no-ancestor-expiry,node-0062,node-0062,0,0,0
trace-023,mixed,1,3,no-ancestor-revocation,node-0062,node-0062,0,0,0
trace-023,mixed,1,3,no-alias-obligations,node-0062,node-0062,0,0,0
trace-023,mixed,1,3,top-one,node-0062,node-0062,0,0,0
trace-023,mixed,1,3,expiry-skyline,node-0062,node-0062,0,0,0
trace-023,mixed,1,4,direct,node-0062,node-0062,0,0,0
trace-023,mixed,1,4,verified,node-0062,node-0062,0,0,0
trace-023,mixed,1,4,full-compiled,node-0062,node-0062,0,0,0
trace-023,mixed,1,4,timestamp-only,node-0062,node-0062,0,0,0
trace-023,mixed,1,4,no-ancestor-expiry,node-0062,node-0062,0,0,0
trace-023,mixed,1,4,no-ancestor-revocation,node-0062,node-0062,0,0,0
trace-023,mixed,1,4,no-alias-obligations,node-0062,node-0062,0,0,0
trace-023,mixed,1,4,top-one,node-0062,node-0062,0,0,0
trace-023,mixed,1,4,expiry-skyline,node-0062,node-0062,0,0,0
trace-023,mixed,1,5,direct,node-0062,node-0062,0,0,0
trace-023,mixed,1,5,verified,node-0062,node-0062,0,0,0
trace-023,mixed,1,5,full-compiled,node-0062,node-0062,0,0,0
trace-023,mixed,1,5,timestamp-only,node-0062,node-0062,0,0,0
trace-023,mixed,1,5,no-ancestor-expiry,node-0062,node-0062,0,0,0
trace-023,mixed,1,5,no-ancestor-revocation,node-0062,node-0062,0,0,0
trace-023,mixed,1,5,no-alias-obligations,node-0062,node-0062,0,0,0
trace-023,mixed,1,5,top-one,node-0062,node-0062,0,0,0
trace-023,mixed,1,5,expiry-skyline,node-0062,node-0062,0,0,0
trace-023,mixed,1,6,direct,node-0063,node-0063,0,0,0
trace-023,mixed,1,6,verified,node-0063,node-0063,0,0,0
trace-023,mixed,1,6,full-compiled,node-0063,node-0063,0,0,0
trace-023,mixed,1,6,timestamp-only,node-0063,node-0062,1,0,1
trace-023,mixed,1,6,no-ancestor-expiry,node-0063,node-0063,0,0,0
trace-023,mixed,1,6,no-ancestor-revocation,node-0063,node-0063,0,0,0
trace-023,mixed,1,6,no-alias-obligations,node-0063,node-0062,1,0,1
trace-023,mixed,1,6,top-one,node-0063,,1,1,0
trace-023,mixed,1,6,expiry-skyline,node-0063,node-0063,0,0,0
trace-023,mixed,1,7,direct,,,0,0,0
trace-023,mixed,1,7,verified,,,0,0,0
trace-023,mixed,1,7,full-compiled,,,0,0,0
trace-023,mixed,1,7,timestamp-only,,,0,0,0
trace-023,mixed,1,7,no-ancestor-expiry,,,0,0,0
trace-023,mixed,1,7,no-ancestor-revocation,,,0,0,0
trace-023,mixed,1,7,no-alias-obligations,,,0,0,0
trace-023,mixed,1,7,top-one,,,0,0,0
trace-023,mixed,1,7,expiry-skyline,,,0,0,0
trace-023,mixed,1,8,direct,node-0062,node-0062,0,0,0
trace-023,mixed,1,8,verified,node-0062,node-0062,0,0,0
trace-023,mixed,1,8,full-compiled,node-0062,node-0062,0,0,0
trace-023,mixed,1,8,timestamp-only,node-0062,node-0062,0,0,0
trace-023,mixed,1,8,no-ancestor-expiry,node-0062,node-0062,0,0,0
trace-023,mixed,1,8,no-ancestor-revocation,node-0062,node-0062,0,0,0
trace-023,mixed,1,8,no-alias-obligations,node-0062,node-0062,0,0,0
trace-023,mixed,1,8,top-one,node-0062,node-0062,0,0,0
trace-023,mixed,1,8,expiry-skyline,node-0062,node-0062,0,0,0
trace-023,mixed,1,9,direct,node-0062,node-0062,0,0,0
trace-023,mixed,1,9,verified,node-0062,node-0062,0,0,0
trace-023,mixed,1,9,full-compiled,node-0062,node-0062,0,0,0
trace-023,mixed,1,9,timestamp-only,node-0062,node-0062,0,0,0
trace-023,mixed,1,9,no-ancestor-expiry,node-0062,node-0062,0,0,0
trace-023,mixed,1,9,no-ancestor-revocation,node-0062,node-0062,0,0,0
trace-023,mixed,1,9,no-alias-obligations,node-0062,node-0062,0,0,0
trace-023,mixed,1,9,top-one,node-0062,node-0062,0,0,0
trace-023,mixed,1,9,expiry-skyline,node-0062,node-0062,0,0,0
trace-023,mixed,1,10,direct,node-0063,node-0063,0,0,0
trace-023,mixed,1,10,verified,node-0063,node-0063,0,0,0
trace-023,mixed,1,10,full-compiled,node-0063,node-0063,0,0,0
trace-023,mixed,1,10,timestamp-only,node-0063,node-0061,1,1,1
trace-023,mixed,1,10,no-ancestor-expiry,node-0063,node-0063,0,0,0
trace-023,mixed,1,10,no-ancestor-revocation,node-0063,node-0063,0,0,0
trace-023,mixed,1,10,no-alias-obligations,node-0063,node-0061,1,1,1
trace-023,mixed,1,10,top-one,node-0063,,1,1,0
trace-023,mixed,1,10,expiry-skyline,node-0063,node-0063,0,0,0
trace-023,mixed,1,11,direct,node-0063,node-0063,0,0,0
trace-023,mixed,1,11,verified,node-0063,node-0063,0,0,0
trace-023,mixed,1,11,full-compiled,node-0063,node-0063,0,0,0
trace-023,mixed,1,11,timestamp-only,node-0063,node-0014,1,1,1
trace-023,mixed,1,11,no-ancestor-expiry,node-0063,node-0063,0,0,0
trace-023,mixed,1,11,no-ancestor-revocation,node-0063,node-0063,0,0,0
trace-023,mixed,1,11,no-alias-obligations,node-0063,node-0014,1,1,1
trace-023,mixed,1,11,top-one,node-0063,,1,1,0
trace-023,mixed,1,11,expiry-skyline,node-0063,node-0063,0,0,0
trace-024,mixed,0,0,direct,node-0036,node-0036,0,0,0
trace-024,mixed,0,0,verified,node-0036,node-0036,0,0,0
trace-024,mixed,0,0,full-compiled,node-0036,node-0036,0,0,0
trace-024,mixed,0,0,timestamp-only,node-0036,node-0036,0,0,0
trace-024,mixed,0,0,no-ancestor-expiry,node-0036,node-0036,0,0,0
trace-024,mixed,0,0,no-ancestor-revocation,node-0036,node-0036,0,0,0
trace-024,mixed,0,0,no-alias-obligations,node-0036,node-0036,0,0,0
trace-024,mixed,0,0,top-one,node-0036,node-0036,0,0,0
trace-024,mixed,0,0,expiry-skyline,node-0036,node-0036,0,0,0
trace-024,mixed,0,1,direct,node-0036,node-0036,0,0,0
trace-024,mixed,0,1,verified,node-0036,node-0036,0,0,0
trace-024,mixed,0,1,full-compiled,node-0036,node-0036,0,0,0
trace-024,mixed,0,1,timestamp-only,node-0036,node-0036,0,0,0
trace-024,mixed,0,1,no-ancestor-expiry,node-0036,node-0036,0,0,0
trace-024,mixed,0,1,no-ancestor-revocation,node-0036,node-0036,0,0,0
trace-024,mixed,0,1,no-alias-obligations,node-0036,node-0036,0,0,0
trace-024,mixed,0,1,top-one,node-0036,node-0036,0,0,0
trace-024,mixed,0,1,expiry-skyline,node-0036,node-0036,0,0,0
trace-024,mixed,0,2,direct,node-0032,node-0032,0,0,0
trace-024,mixed,0,2,verified,node-0032,node-0032,0,0,0
trace-024,mixed,0,2,full-compiled,node-0032,node-0032,0,0,0
trace-024,mixed,0,2,timestamp-only,node-0032,node-0039,1,1,1
trace-024,mixed,0,2,no-ancestor-expiry,node-0032,node-0032,0,0,0
trace-024,mixed,0,2,no-ancestor-revocation,node-0032,node-0032,0,0,0
trace-024,mixed,0,2,no-alias-obligations,node-0032,node-0032,0,0,0
trace-024,mixed,0,2,top-one,node-0032,,1,1,0
trace-024,mixed,0,2,expiry-skyline,node-0032,,1,1,0
trace-024,mixed,0,3,direct,node-0036,node-0036,0,0,0
trace-024,mixed,0,3,verified,node-0036,node-0036,0,0,0
trace-024,mixed,0,3,full-compiled,node-0036,node-0036,0,0,0
trace-024,mixed,0,3,timestamp-only,node-0036,node-0036,0,0,0
trace-024,mixed,0,3,no-ancestor-expiry,node-0036,node-0036,0,0,0
trace-024,mixed,0,3,no-ancestor-revocation,node-0036,node-0036,0,0,0
trace-024,mixed,0,3,no-alias-obligations,node-0036,node-0036,0,0,0
trace-024,mixed,0,3,top-one,node-0036,node-0036,0,0,0
trace-024,mixed,0,3,expiry-skyline,node-0036,node-0036,0,0,0
trace-024,mixed,0,4,direct,node-0036,node-0036,0,0,0
trace-024,mixed,0,4,verified,node-0036,node-0036,0,0,0
trace-024,mixed,0,4,full-compiled,node-0036,node-0036,0,0,0
trace-024,mixed,0,4,timestamp-only,node-0036,node-0036,0,0,0
trace-024,mixed,0,4,no-ancestor-expiry,node-0036,node-0036,0,0,0
trace-024,mixed,0,4,no-ancestor-revocation,node-0036,node-0036,0,0,0
trace-024,mixed,0,4,no-alias-obligations,node-0036,node-0036,0,0,0
trace-024,mixed,0,4,top-one,node-0036,node-0036,0,0,0
trace-024,mixed,0,4,expiry-skyline,node-0036,node-0036,0,0,0
trace-024,mixed,0,5,direct,node-0036,node-0036,0,0,0
trace-024,mixed,0,5,verified,node-0036,node-0036,0,0,0
trace-024,mixed,0,5,full-compiled,node-0036,node-0036,0,0,0
trace-024,mixed,0,5,timestamp-only,node-0036,node-0036,0,0,0
trace-024,mixed,0,5,no-ancestor-expiry,node-0036,node-0036,0,0,0
trace-024,mixed,0,5,no-ancestor-revocation,node-0036,node-0036,0,0,0
trace-024,mixed,0,5,no-alias-obligations,node-0036,node-0036,0,0,0
trace-024,mixed,0,5,top-one,node-0036,node-0036,0,0,0
trace-024,mixed,0,5,expiry-skyline,node-0036,node-0036,0,0,0
trace-024,mixed,0,6,direct,node-0036,node-0036,0,0,0
trace-024,mixed,0,6,verified,node-0036,node-0036,0,0,0
trace-024,mixed,0,6,full-compiled,node-0036,node-0036,0,0,0
trace-024,mixed,0,6,timestamp-only,node-0036,node-0036,0,0,0
trace-024,mixed,0,6,no-ancestor-expiry,node-0036,node-0036,0,0,0
trace-024,mixed,0,6,no-ancestor-revocation,node-0036,node-0036,0,0,0
trace-024,mixed,0,6,no-alias-obligations,node-0036,node-0036,0,0,0
trace-024,mixed,0,6,top-one,node-0036,node-0036,0,0,0
trace-024,mixed,0,6,expiry-skyline,node-0036,node-0036,0,0,0
trace-024,mixed,0,7,direct,,,0,0,0
trace-024,mixed,0,7,verified,,,0,0,0
trace-024,mixed,0,7,full-compiled,,,0,0,0
trace-024,mixed,0,7,timestamp-only,,,0,0,0
trace-024,mixed,0,7,no-ancestor-expiry,,,0,0,0
trace-024,mixed,0,7,no-ancestor-revocation,,,0,0,0
trace-024,mixed,0,7,no-alias-obligations,,,0,0,0
trace-024,mixed,0,7,top-one,,,0,0,0
trace-024,mixed,0,7,expiry-skyline,,,0,0,0
trace-024,mixed,0,8,direct,node-0036,node-0036,0,0,0
trace-024,mixed,0,8,verified,node-0036,node-0036,0,0,0
trace-024,mixed,0,8,full-compiled,node-0036,node-0036,0,0,0
trace-024,mixed,0,8,timestamp-only,node-0036,node-0036,0,0,0
trace-024,mixed,0,8,no-ancestor-expiry,node-0036,node-0036,0,0,0
trace-024,mixed,0,8,no-ancestor-revocation,node-0036,node-0036,0,0,0
trace-024,mixed,0,8,no-alias-obligations,node-0036,node-0036,0,0,0
trace-024,mixed,0,8,top-one,node-0036,node-0036,0,0,0
trace-024,mixed,0,8,expiry-skyline,node-0036,node-0036,0,0,0
trace-024,mixed,0,9,direct,node-0036,node-0036,0,0,0
trace-024,mixed,0,9,verified,node-0036,node-0036,0,0,0
trace-024,mixed,0,9,full-compiled,node-0036,node-0036,0,0,0
trace-024,mixed,0,9,timestamp-only,node-0036,node-0036,0,0,0
trace-024,mixed,0,9,no-ancestor-expiry,node-0036,node-0036,0,0,0
trace-024,mixed,0,9,no-ancestor-revocation,node-0036,node-0036,0,0,0
trace-024,mixed,0,9,no-alias-obligations,node-0036,node-0036,0,0,0
trace-024,mixed,0,9,top-one,node-0036,node-0036,0,0,0
trace-024,mixed,0,9,expiry-skyline,node-0036,node-0036,0,0,0
trace-024,mixed,0,10,direct,node-0036,node-0036,0,0,0
trace-024,mixed,0,10,verified,node-0036,node-0036,0,0,0
trace-024,mixed,0,10,full-compiled,node-0036,node-0036,0,0,0
trace-024,mixed,0,10,timestamp-only,node-0036,node-0036,0,0,0
trace-024,mixed,0,10,no-ancestor-expiry,node-0036,node-0036,0,0,0
trace-024,mixed,0,10,no-ancestor-revocation,node-0036,node-0036,0,0,0
trace-024,mixed,0,10,no-alias-obligations,node-0036,node-0036,0,0,0
trace-024,mixed,0,10,top-one,node-0036,node-0036,0,0,0
trace-024,mixed,0,10,expiry-skyline,node-0036,node-0036,0,0,0
trace-024,mixed,0,11,direct,,,0,0,0
trace-024,mixed,0,11,verified,,,0,0,0
trace-024,mixed,0,11,full-compiled,,,0,0,0
trace-024,mixed,0,11,timestamp-only,,node-0038,1,1,1
trace-024,mixed,0,11,no-ancestor-expiry,,,0,0,0
trace-024,mixed,0,11,no-ancestor-revocation,,,0,0,0
trace-024,mixed,0,11,no-alias-obligations,,node-0054,1,1,1
trace-024,mixed,0,11,top-one,,,0,0,0
trace-024,mixed,0,11,expiry-skyline,,,0,0,0
trace-024,mixed,1,0,direct,node-0009,node-0009,0,0,0
trace-024,mixed,1,0,verified,node-0009,node-0009,0,0,0
trace-024,mixed,1,0,full-compiled,node-0009,node-0009,0,0,0
trace-024,mixed,1,0,timestamp-only,node-0009,node-0009,0,0,0
trace-024,mixed,1,0,no-ancestor-expiry,node-0009,node-0009,0,0,0
trace-024,mixed,1,0,no-ancestor-revocation,node-0009,node-0009,0,0,0
trace-024,mixed,1,0,no-alias-obligations,node-0009,node-0009,0,0,0
trace-024,mixed,1,0,top-one,node-0009,node-0009,0,0,0
trace-024,mixed,1,0,expiry-skyline,node-0009,node-0009,0,0,0
trace-024,mixed,1,1,direct,node-0009,node-0009,0,0,0
trace-024,mixed,1,1,verified,node-0009,node-0009,0,0,0
trace-024,mixed,1,1,full-compiled,node-0009,node-0009,0,0,0
trace-024,mixed,1,1,timestamp-only,node-0009,node-0009,0,0,0
trace-024,mixed,1,1,no-ancestor-expiry,node-0009,node-0009,0,0,0
trace-024,mixed,1,1,no-ancestor-revocation,node-0009,node-0009,0,0,0
trace-024,mixed,1,1,no-alias-obligations,node-0009,node-0009,0,0,0
trace-024,mixed,1,1,top-one,node-0009,node-0009,0,0,0
trace-024,mixed,1,1,expiry-skyline,node-0009,node-0009,0,0,0
trace-024,mixed,1,2,direct,node-0047,node-0047,0,0,0
trace-024,mixed,1,2,verified,node-0047,node-0047,0,0,0
trace-024,mixed,1,2,full-compiled,node-0047,node-0047,0,0,0
trace-024,mixed,1,2,timestamp-only,node-0047,node-0047,0,0,0
trace-024,mixed,1,2,no-ancestor-expiry,node-0047,node-0047,0,0,0
trace-024,mixed,1,2,no-ancestor-revocation,node-0047,node-0047,0,0,0
trace-024,mixed,1,2,no-alias-obligations,node-0047,node-0047,0,0,0
trace-024,mixed,1,2,top-one,node-0047,,1,1,0
trace-024,mixed,1,2,expiry-skyline,node-0047,node-0047,0,0,0
trace-024,mixed,1,3,direct,node-0009,node-0009,0,0,0
trace-024,mixed,1,3,verified,node-0009,node-0009,0,0,0
trace-024,mixed,1,3,full-compiled,node-0009,node-0009,0,0,0
trace-024,mixed,1,3,timestamp-only,node-0009,node-0009,0,0,0
trace-024,mixed,1,3,no-ancestor-expiry,node-0009,node-0009,0,0,0
trace-024,mixed,1,3,no-ancestor-revocation,node-0009,node-0009,0,0,0
trace-024,mixed,1,3,no-alias-obligations,node-0009,node-0009,0,0,0
trace-024,mixed,1,3,top-one,node-0009,node-0009,0,0,0
trace-024,mixed,1,3,expiry-skyline,node-0009,node-0009,0,0,0
trace-024,mixed,1,4,direct,node-0009,node-0009,0,0,0
trace-024,mixed,1,4,verified,node-0009,node-0009,0,0,0
trace-024,mixed,1,4,full-compiled,node-0009,node-0009,0,0,0
trace-024,mixed,1,4,timestamp-only,node-0009,node-0009,0,0,0
trace-024,mixed,1,4,no-ancestor-expiry,node-0009,node-0009,0,0,0
trace-024,mixed,1,4,no-ancestor-revocation,node-0009,node-0009,0,0,0
trace-024,mixed,1,4,no-alias-obligations,node-0009,node-0009,0,0,0
trace-024,mixed,1,4,top-one,node-0009,node-0009,0,0,0
trace-024,mixed,1,4,expiry-skyline,node-0009,node-0009,0,0,0
trace-024,mixed,1,5,direct,node-0009,node-0009,0,0,0
trace-024,mixed,1,5,verified,node-0009,node-0009,0,0,0
trace-024,mixed,1,5,full-compiled,node-0009,node-0009,0,0,0
trace-024,mixed,1,5,timestamp-only,node-0009,node-0009,0,0,0
trace-024,mixed,1,5,no-ancestor-expiry,node-0009,node-0009,0,0,0
trace-024,mixed,1,5,no-ancestor-revocation,node-0009,node-0009,0,0,0
trace-024,mixed,1,5,no-alias-obligations,node-0009,node-0009,0,0,0
trace-024,mixed,1,5,top-one,node-0009,node-0009,0,0,0
trace-024,mixed,1,5,expiry-skyline,node-0009,node-0009,0,0,0
trace-024,mixed,1,6,direct,node-0047,node-0047,0,0,0
trace-024,mixed,1,6,verified,node-0047,node-0047,0,0,0
trace-024,mixed,1,6,full-compiled,node-0047,node-0047,0,0,0
trace-024,mixed,1,6,timestamp-only,node-0047,node-0047,0,0,0
trace-024,mixed,1,6,no-ancestor-expiry,node-0047,node-0047,0,0,0
trace-024,mixed,1,6,no-ancestor-revocation,node-0047,node-0047,0,0,0
trace-024,mixed,1,6,no-alias-obligations,node-0047,node-0047,0,0,0
trace-024,mixed,1,6,top-one,node-0047,,1,1,0
trace-024,mixed,1,6,expiry-skyline,node-0047,node-0047,0,0,0
trace-024,mixed,1,7,direct,,,0,0,0
trace-024,mixed,1,7,verified,,,0,0,0
trace-024,mixed,1,7,full-compiled,,,0,0,0
trace-024,mixed,1,7,timestamp-only,,,0,0,0
trace-024,mixed,1,7,no-ancestor-expiry,,,0,0,0
trace-024,mixed,1,7,no-ancestor-revocation,,,0,0,0
trace-024,mixed,1,7,no-alias-obligations,,,0,0,0
trace-024,mixed,1,7,top-one,,,0,0,0
trace-024,mixed,1,7,expiry-skyline,,,0,0,0
trace-024,mixed,1,8,direct,node-0009,node-0009,0,0,0
trace-024,mixed,1,8,verified,node-0009,node-0009,0,0,0
trace-024,mixed,1,8,full-compiled,node-0009,node-0009,0,0,0
trace-024,mixed,1,8,timestamp-only,node-0009,node-0009,0,0,0
trace-024,mixed,1,8,no-ancestor-expiry,node-0009,node-0009,0,0,0
trace-024,mixed,1,8,no-ancestor-revocation,node-0009,node-0009,0,0,0
trace-024,mixed,1,8,no-alias-obligations,node-0009,node-0009,0,0,0
trace-024,mixed,1,8,top-one,node-0009,node-0009,0,0,0
trace-024,mixed,1,8,expiry-skyline,node-0009,node-0009,0,0,0
trace-024,mixed,1,9,direct,node-0009,node-0009,0,0,0
trace-024,mixed,1,9,verified,node-0009,node-0009,0,0,0
trace-024,mixed,1,9,full-compiled,node-0009,node-0009,0,0,0
trace-024,mixed,1,9,timestamp-only,node-0009,node-0009,0,0,0
trace-024,mixed,1,9,no-ancestor-expiry,node-0009,node-0009,0,0,0
trace-024,mixed,1,9,no-ancestor-revocation,node-0009,node-0009,0,0,0
trace-024,mixed,1,9,no-alias-obligations,node-0009,node-0009,0,0,0
trace-024,mixed,1,9,top-one,node-0009,node-0009,0,0,0
trace-024,mixed,1,9,expiry-skyline,node-0009,node-0009,0,0,0
trace-024,mixed,1,10,direct,node-0009,node-0009,0,0,0
trace-024,mixed,1,10,verified,node-0009,node-0009,0,0,0
trace-024,mixed,1,10,full-compiled,node-0009,node-0009,0,0,0
trace-024,mixed,1,10,timestamp-only,node-0009,node-0009,0,0,0
trace-024,mixed,1,10,no-ancestor-expiry,node-0009,node-0009,0,0,0
trace-024,mixed,1,10,no-ancestor-revocation,node-0009,node-0009,0,0,0
trace-024,mixed,1,10,no-alias-obligations,node-0009,node-0009,0,0,0
trace-024,mixed,1,10,top-one,node-0009,node-0009,0,0,0
trace-024,mixed,1,10,expiry-skyline,node-0009,node-0009,0,0,0
trace-024,mixed,1,11,direct,node-0047,node-0047,0,0,0
trace-024,mixed,1,11,verified,node-0047,node-0047,0,0,0
trace-024,mixed,1,11,full-compiled,node-0047,node-0047,0,0,0
trace-024,mixed,1,11,timestamp-only,node-0047,node-0047,0,0,0
trace-024,mixed,1,11,no-ancestor-expiry,node-0047,node-0047,0,0,0
trace-024,mixed,1,11,no-ancestor-revocation,node-0047,node-0047,0,0,0
trace-024,mixed,1,11,no-alias-obligations,node-0047,node-0047,0,0,0
trace-024,mixed,1,11,top-one,node-0047,,1,1,0
trace-024,mixed,1,11,expiry-skyline,node-0047,node-0047,0,0,0
trace-025,mixed,0,0,direct,node-0035,node-0035,0,0,0
trace-025,mixed,0,0,verified,node-0035,node-0035,0,0,0
trace-025,mixed,0,0,full-compiled,node-0035,node-0035,0,0,0
trace-025,mixed,0,0,timestamp-only,node-0035,node-0035,0,0,0
trace-025,mixed,0,0,no-ancestor-expiry,node-0035,node-0035,0,0,0
trace-025,mixed,0,0,no-ancestor-revocation,node-0035,node-0035,0,0,0
trace-025,mixed,0,0,no-alias-obligations,node-0035,node-0035,0,0,0
trace-025,mixed,0,0,top-one,node-0035,node-0035,0,0,0
trace-025,mixed,0,0,expiry-skyline,node-0035,node-0035,0,0,0
trace-025,mixed,0,1,direct,node-0005,node-0005,0,0,0
trace-025,mixed,0,1,verified,node-0005,node-0005,0,0,0
trace-025,mixed,0,1,full-compiled,node-0005,node-0005,0,0,0
trace-025,mixed,0,1,timestamp-only,node-0005,node-0035,1,0,1
trace-025,mixed,0,1,no-ancestor-expiry,node-0005,node-0005,0,0,0
trace-025,mixed,0,1,no-ancestor-revocation,node-0005,node-0035,1,0,1
trace-025,mixed,0,1,no-alias-obligations,node-0005,node-0005,0,0,0
trace-025,mixed,0,1,top-one,node-0005,,1,1,0
trace-025,mixed,0,1,expiry-skyline,node-0005,node-0001,1,1,0
trace-025,mixed,0,2,direct,node-0000,node-0000,0,0,0
trace-025,mixed,0,2,verified,node-0000,node-0000,0,0,0
trace-025,mixed,0,2,full-compiled,node-0000,node-0000,0,0,0
trace-025,mixed,0,2,timestamp-only,node-0000,node-0023,1,1,1
trace-025,mixed,0,2,no-ancestor-expiry,node-0000,node-0000,0,0,0
trace-025,mixed,0,2,no-ancestor-revocation,node-0000,node-0000,0,0,0
trace-025,mixed,0,2,no-alias-obligations,node-0000,node-0023,1,1,1
trace-025,mixed,0,2,top-one,node-0000,,1,1,0
trace-025,mixed,0,2,expiry-skyline,node-0000,node-0000,0,0,0
trace-025,mixed,0,3,direct,node-0005,node-0005,0,0,0
trace-025,mixed,0,3,verified,node-0005,node-0005,0,0,0
trace-025,mixed,0,3,full-compiled,node-0005,node-0005,0,0,0
trace-025,mixed,0,3,timestamp-only,node-0005,node-0035,1,0,1
trace-025,mixed,0,3,no-ancestor-expiry,node-0005,node-0005,0,0,0
trace-025,mixed,0,3,no-ancestor-revocation,node-0005,node-0035,1,0,1
trace-025,mixed,0,3,no-alias-obligations,node-0005,node-0005,0,0,0
trace-025,mixed,0,3,top-one,node-0005,,1,1,0
trace-025,mixed,0,3,expiry-skyline,node-0005,node-0001,1,1,0
trace-025,mixed,0,4,direct,node-0035,node-0035,0,0,0
trace-025,mixed,0,4,verified,node-0035,node-0035,0,0,0
trace-025,mixed,0,4,full-compiled,node-0035,node-0035,0,0,0
trace-025,mixed,0,4,timestamp-only,node-0035,node-0035,0,0,0
trace-025,mixed,0,4,no-ancestor-expiry,node-0035,node-0035,0,0,0
trace-025,mixed,0,4,no-ancestor-revocation,node-0035,node-0035,0,0,0
trace-025,mixed,0,4,no-alias-obligations,node-0035,node-0035,0,0,0
trace-025,mixed,0,4,top-one,node-0035,node-0035,0,0,0
trace-025,mixed,0,4,expiry-skyline,node-0035,node-0035,0,0,0
trace-025,mixed,0,5,direct,node-0035,node-0035,0,0,0
trace-025,mixed,0,5,verified,node-0035,node-0035,0,0,0
trace-025,mixed,0,5,full-compiled,node-0035,node-0035,0,0,0
trace-025,mixed,0,5,timestamp-only,node-0035,node-0035,0,0,0
trace-025,mixed,0,5,no-ancestor-expiry,node-0035,node-0035,0,0,0
trace-025,mixed,0,5,no-ancestor-revocation,node-0035,node-0035,0,0,0
trace-025,mixed,0,5,no-alias-obligations,node-0035,node-0035,0,0,0
trace-025,mixed,0,5,top-one,node-0035,node-0035,0,0,0
trace-025,mixed,0,5,expiry-skyline,node-0035,node-0035,0,0,0
trace-025,mixed,0,6,direct,node-0000,node-0000,0,0,0
trace-025,mixed,0,6,verified,node-0000,node-0000,0,0,0
trace-025,mixed,0,6,full-compiled,node-0000,node-0000,0,0,0
trace-025,mixed,0,6,timestamp-only,node-0000,node-0000,0,0,0
trace-025,mixed,0,6,no-ancestor-expiry,node-0000,node-0000,0,0,0
trace-025,mixed,0,6,no-ancestor-revocation,node-0000,node-0000,0,0,0
trace-025,mixed,0,6,no-alias-obligations,node-0000,node-0000,0,0,0
trace-025,mixed,0,6,top-one,node-0000,,1,1,0
trace-025,mixed,0,6,expiry-skyline,node-0000,node-0000,0,0,0
trace-025,mixed,0,7,direct,,,0,0,0
trace-025,mixed,0,7,verified,,,0,0,0
trace-025,mixed,0,7,full-compiled,,,0,0,0
trace-025,mixed,0,7,timestamp-only,,,0,0,0
trace-025,mixed,0,7,no-ancestor-expiry,,,0,0,0
trace-025,mixed,0,7,no-ancestor-revocation,,,0,0,0
trace-025,mixed,0,7,no-alias-obligations,,,0,0,0
trace-025,mixed,0,7,top-one,,,0,0,0
trace-025,mixed,0,7,expiry-skyline,,,0,0,0
trace-025,mixed,0,8,direct,node-0005,node-0005,0,0,0
trace-025,mixed,0,8,verified,node-0005,node-0005,0,0,0
trace-025,mixed,0,8,full-compiled,node-0005,node-0005,0,0,0
trace-025,mixed,0,8,timestamp-only,node-0005,node-0035,1,0,1
trace-025,mixed,0,8,no-ancestor-expiry,node-0005,node-0005,0,0,0
trace-025,mixed,0,8,no-ancestor-revocation,node-0005,node-0035,1,0,1
trace-025,mixed,0,8,no-alias-obligations,node-0005,node-0005,0,0,0
trace-025,mixed,0,8,top-one,node-0005,,1,1,0
trace-025,mixed,0,8,expiry-skyline,node-0005,node-0001,1,1,0
trace-025,mixed,0,9,direct,node-0000,node-0000,0,0,0
trace-025,mixed,0,9,verified,node-0000,node-0000,0,0,0
trace-025,mixed,0,9,full-compiled,node-0000,node-0000,0,0,0
trace-025,mixed,0,9,timestamp-only,node-0000,node-0023,1,1,1
trace-025,mixed,0,9,no-ancestor-expiry,node-0000,node-0000,0,0,0
trace-025,mixed,0,9,no-ancestor-revocation,node-0000,node-0000,0,0,0
trace-025,mixed,0,9,no-alias-obligations,node-0000,node-0023,1,1,1
trace-025,mixed,0,9,top-one,node-0000,,1,1,0
trace-025,mixed,0,9,expiry-skyline,node-0000,node-0000,0,0,0
trace-025,mixed,0,10,direct,node-0000,node-0000,0,0,0
trace-025,mixed,0,10,verified,node-0000,node-0000,0,0,0
trace-025,mixed,0,10,full-compiled,node-0000,node-0000,0,0,0
trace-025,mixed,0,10,timestamp-only,node-0000,node-0023,1,1,1
trace-025,mixed,0,10,no-ancestor-expiry,node-0000,node-0000,0,0,0
trace-025,mixed,0,10,no-ancestor-revocation,node-0000,node-0000,0,0,0
trace-025,mixed,0,10,no-alias-obligations,node-0000,node-0023,1,1,1
trace-025,mixed,0,10,top-one,node-0000,,1,1,0
trace-025,mixed,0,10,expiry-skyline,node-0000,node-0000,0,0,0
trace-025,mixed,0,11,direct,,,0,0,0
trace-025,mixed,0,11,verified,,,0,0,0
trace-025,mixed,0,11,full-compiled,,,0,0,0
trace-025,mixed,0,11,timestamp-only,,node-0037,1,1,1
trace-025,mixed,0,11,no-ancestor-expiry,,,0,0,0
trace-025,mixed,0,11,no-ancestor-revocation,,,0,0,0
trace-025,mixed,0,11,no-alias-obligations,,node-0037,1,1,1
trace-025,mixed,0,11,top-one,,,0,0,0
trace-025,mixed,0,11,expiry-skyline,,,0,0,0
trace-025,mixed,1,0,direct,node-0060,node-0060,0,0,0
trace-025,mixed,1,0,verified,node-0060,node-0060,0,0,0
trace-025,mixed,1,0,full-compiled,node-0060,node-0060,0,0,0
trace-025,mixed,1,0,timestamp-only,node-0060,node-0060,0,0,0
trace-025,mixed,1,0,no-ancestor-expiry,node-0060,node-0060,0,0,0
trace-025,mixed,1,0,no-ancestor-revocation,node-0060,node-0060,0,0,0
trace-025,mixed,1,0,no-alias-obligations,node-0060,node-0060,0,0,0
trace-025,mixed,1,0,top-one,node-0060,node-0060,0,0,0
trace-025,mixed,1,0,expiry-skyline,node-0060,node-0060,0,0,0
trace-025,mixed,1,1,direct,node-0060,node-0060,0,0,0
trace-025,mixed,1,1,verified,node-0060,node-0060,0,0,0
trace-025,mixed,1,1,full-compiled,node-0060,node-0060,0,0,0
trace-025,mixed,1,1,timestamp-only,node-0060,node-0060,0,0,0
trace-025,mixed,1,1,no-ancestor-expiry,node-0060,node-0060,0,0,0
trace-025,mixed,1,1,no-ancestor-revocation,node-0060,node-0060,0,0,0
trace-025,mixed,1,1,no-alias-obligations,node-0060,node-0060,0,0,0
trace-025,mixed,1,1,top-one,node-0060,node-0060,0,0,0
trace-025,mixed,1,1,expiry-skyline,node-0060,node-0060,0,0,0
trace-025,mixed,1,2,direct,node-0047,node-0047,0,0,0
trace-025,mixed,1,2,verified,node-0047,node-0047,0,0,0
trace-025,mixed,1,2,full-compiled,node-0047,node-0047,0,0,0
trace-025,mixed,1,2,timestamp-only,node-0047,node-0046,1,1,1
trace-025,mixed,1,2,no-ancestor-expiry,node-0047,node-0047,0,0,0
trace-025,mixed,1,2,no-ancestor-revocation,node-0047,node-0047,0,0,0
trace-025,mixed,1,2,no-alias-obligations,node-0047,node-0046,1,1,1
trace-025,mixed,1,2,top-one,node-0047,,1,1,0
trace-025,mixed,1,2,expiry-skyline,node-0047,,1,1,0
trace-025,mixed,1,3,direct,node-0043,node-0043,0,0,0
trace-025,mixed,1,3,verified,node-0043,node-0043,0,0,0
trace-025,mixed,1,3,full-compiled,node-0043,node-0043,0,0,0
trace-025,mixed,1,3,timestamp-only,node-0043,node-0043,0,0,0
trace-025,mixed,1,3,no-ancestor-expiry,node-0043,node-0043,0,0,0
trace-025,mixed,1,3,no-ancestor-revocation,node-0043,node-0043,0,0,0
trace-025,mixed,1,3,no-alias-obligations,node-0043,node-0043,0,0,0
trace-025,mixed,1,3,top-one,node-0043,,1,1,0
trace-025,mixed,1,3,expiry-skyline,node-0043,node-0043,0,0,0
trace-025,mixed,1,4,direct,node-0045,node-0045,0,0,0
trace-025,mixed,1,4,verified,node-0045,node-0045,0,0,0
trace-025,mixed,1,4,full-compiled,node-0045,node-0045,0,0,0
trace-025,mixed,1,4,timestamp-only,node-0045,node-0045,0,0,0
trace-025,mixed,1,4,no-ancestor-expiry,node-0045,node-0045,0,0,0
trace-025,mixed,1,4,no-ancestor-revocation,node-0045,node-0045,0,0,0
trace-025,mixed,1,4,no-alias-obligations,node-0045,node-0045,0,0,0
trace-025,mixed,1,4,top-one,node-0045,,1,1,0
trace-025,mixed,1,4,expiry-skyline,node-0045,node-0045,0,0,0
trace-025,mixed,1,5,direct,node-0011,node-0011,0,0,0
trace-025,mixed,1,5,verified,node-0011,node-0011,0,0,0
trace-025,mixed,1,5,full-compiled,node-0011,node-0011,0,0,0
trace-025,mixed,1,5,timestamp-only,node-0011,node-0011,0,0,0
trace-025,mixed,1,5,no-ancestor-expiry,node-0011,node-0011,0,0,0
trace-025,mixed,1,5,no-ancestor-revocation,node-0011,node-0011,0,0,0
trace-025,mixed,1,5,no-alias-obligations,node-0011,node-0011,0,0,0
trace-025,mixed,1,5,top-one,node-0011,,1,1,0
trace-025,mixed,1,5,expiry-skyline,node-0011,node-0011,0,0,0
trace-025,mixed,1,6,direct,node-0013,node-0013,0,0,0
trace-025,mixed,1,6,verified,node-0013,node-0013,0,0,0
trace-025,mixed,1,6,full-compiled,node-0013,node-0013,0,0,0
trace-025,mixed,1,6,timestamp-only,node-0013,node-0013,0,0,0
trace-025,mixed,1,6,no-ancestor-expiry,node-0013,node-0013,0,0,0
trace-025,mixed,1,6,no-ancestor-revocation,node-0013,node-0013,0,0,0
trace-025,mixed,1,6,no-alias-obligations,node-0013,node-0013,0,0,0
trace-025,mixed,1,6,top-one,node-0013,,1,1,0
trace-025,mixed,1,6,expiry-skyline,node-0013,node-0013,0,0,0
trace-025,mixed,1,7,direct,,,0,0,0
trace-025,mixed,1,7,verified,,,0,0,0
trace-025,mixed,1,7,full-compiled,,,0,0,0
trace-025,mixed,1,7,timestamp-only,,,0,0,0
trace-025,mixed,1,7,no-ancestor-expiry,,,0,0,0
trace-025,mixed,1,7,no-ancestor-revocation,,,0,0,0
trace-025,mixed,1,7,no-alias-obligations,,,0,0,0
trace-025,mixed,1,7,top-one,,,0,0,0
trace-025,mixed,1,7,expiry-skyline,,,0,0,0
trace-025,mixed,1,8,direct,node-0060,node-0060,0,0,0
trace-025,mixed,1,8,verified,node-0060,node-0060,0,0,0
trace-025,mixed,1,8,full-compiled,node-0060,node-0060,0,0,0
trace-025,mixed,1,8,timestamp-only,node-0060,node-0060,0,0,0
trace-025,mixed,1,8,no-ancestor-expiry,node-0060,node-0060,0,0,0
trace-025,mixed,1,8,no-ancestor-revocation,node-0060,node-0060,0,0,0
trace-025,mixed,1,8,no-alias-obligations,node-0060,node-0060,0,0,0
trace-025,mixed,1,8,top-one,node-0060,node-0060,0,0,0
trace-025,mixed,1,8,expiry-skyline,node-0060,node-0060,0,0,0
trace-025,mixed,1,9,direct,node-0063,node-0063,0,0,0
trace-025,mixed,1,9,verified,node-0063,node-0063,0,0,0
trace-025,mixed,1,9,full-compiled,node-0063,node-0063,0,0,0
trace-025,mixed,1,9,timestamp-only,node-0063,node-0046,1,1,1
trace-025,mixed,1,9,no-ancestor-expiry,node-0063,node-0063,0,0,0
trace-025,mixed,1,9,no-ancestor-revocation,node-0063,node-0063,0,0,0
trace-025,mixed,1,9,no-alias-obligations,node-0063,node-0046,1,1,1
trace-025,mixed,1,9,top-one,node-0063,,1,1,0
trace-025,mixed,1,9,expiry-skyline,node-0063,,1,1,0
trace-025,mixed,1,10,direct,node-0063,node-0063,0,0,0
trace-025,mixed,1,10,verified,node-0063,node-0063,0,0,0
trace-025,mixed,1,10,full-compiled,node-0063,node-0063,0,0,0
trace-025,mixed,1,10,timestamp-only,node-0063,node-0011,1,1,1
trace-025,mixed,1,10,no-ancestor-expiry,node-0063,node-0063,0,0,0
trace-025,mixed,1,10,no-ancestor-revocation,node-0063,node-0063,0,0,0
trace-025,mixed,1,10,no-alias-obligations,node-0063,node-0011,1,1,1
trace-025,mixed,1,10,top-one,node-0063,,1,1,0
trace-025,mixed,1,10,expiry-skyline,node-0063,,1,1,0
trace-025,mixed,1,11,direct,node-0063,node-0063,0,0,0
trace-025,mixed,1,11,verified,node-0063,node-0063,0,0,0
trace-025,mixed,1,11,full-compiled,node-0063,node-0063,0,0,0
trace-025,mixed,1,11,timestamp-only,node-0063,node-0013,1,0,1
trace-025,mixed,1,11,no-ancestor-expiry,node-0063,node-0063,0,0,0
trace-025,mixed,1,11,no-ancestor-revocation,node-0063,node-0063,0,0,0
trace-025,mixed,1,11,no-alias-obligations,node-0063,node-0013,1,0,1
trace-025,mixed,1,11,top-one,node-0063,,1,1,0
trace-025,mixed,1,11,expiry-skyline,node-0063,,1,1,0
trace-026,mixed,0,0,direct,node-0038,node-0038,0,0,0
trace-026,mixed,0,0,verified,node-0038,node-0038,0,0,0
trace-026,mixed,0,0,full-compiled,node-0038,node-0038,0,0,0
trace-026,mixed,0,0,timestamp-only,node-0038,node-0038,0,0,0
trace-026,mixed,0,0,no-ancestor-expiry,node-0038,node-0038,0,0,0
trace-026,mixed,0,0,no-ancestor-revocation,node-0038,node-0038,0,0,0
trace-026,mixed,0,0,no-alias-obligations,node-0038,node-0038,0,0,0
trace-026,mixed,0,0,top-one,node-0038,node-0038,0,0,0
trace-026,mixed,0,0,expiry-skyline,node-0038,node-0038,0,0,0
trace-026,mixed,0,1,direct,node-0038,node-0038,0,0,0
trace-026,mixed,0,1,verified,node-0038,node-0038,0,0,0
trace-026,mixed,0,1,full-compiled,node-0038,node-0038,0,0,0
trace-026,mixed,0,1,timestamp-only,node-0038,node-0038,0,0,0
trace-026,mixed,0,1,no-ancestor-expiry,node-0038,node-0038,0,0,0
trace-026,mixed,0,1,no-ancestor-revocation,node-0038,node-0038,0,0,0
trace-026,mixed,0,1,no-alias-obligations,node-0038,node-0038,0,0,0
trace-026,mixed,0,1,top-one,node-0038,node-0038,0,0,0
trace-026,mixed,0,1,expiry-skyline,node-0038,node-0038,0,0,0
trace-026,mixed,0,2,direct,node-0016,node-0016,0,0,0
trace-026,mixed,0,2,verified,node-0016,node-0016,0,0,0
trace-026,mixed,0,2,full-compiled,node-0016,node-0016,0,0,0
trace-026,mixed,0,2,timestamp-only,node-0016,node-0034,1,1,1
trace-026,mixed,0,2,no-ancestor-expiry,node-0016,node-0016,0,0,0
trace-026,mixed,0,2,no-ancestor-revocation,node-0016,node-0016,0,0,0
trace-026,mixed,0,2,no-alias-obligations,node-0016,node-0034,1,1,1
trace-026,mixed,0,2,top-one,node-0016,,1,1,0
trace-026,mixed,0,2,expiry-skyline,node-0016,node-0016,0,0,0
trace-026,mixed,0,3,direct,node-0038,node-0038,0,0,0
trace-026,mixed,0,3,verified,node-0038,node-0038,0,0,0
trace-026,mixed,0,3,full-compiled,node-0038,node-0038,0,0,0
trace-026,mixed,0,3,timestamp-only,node-0038,node-0038,0,0,0
trace-026,mixed,0,3,no-ancestor-expiry,node-0038,node-0038,0,0,0
trace-026,mixed,0,3,no-ancestor-revocation,node-0038,node-0038,0,0,0
trace-026,mixed,0,3,no-alias-obligations,node-0038,node-0038,0,0,0
trace-026,mixed,0,3,top-one,node-0038,node-0038,0,0,0
trace-026,mixed,0,3,expiry-skyline,node-0038,node-0038,0,0,0
trace-026,mixed,0,4,direct,node-0038,node-0038,0,0,0
trace-026,mixed,0,4,verified,node-0038,node-0038,0,0,0
trace-026,mixed,0,4,full-compiled,node-0038,node-0038,0,0,0
trace-026,mixed,0,4,timestamp-only,node-0038,node-0038,0,0,0
trace-026,mixed,0,4,no-ancestor-expiry,node-0038,node-0038,0,0,0
trace-026,mixed,0,4,no-ancestor-revocation,node-0038,node-0038,0,0,0
trace-026,mixed,0,4,no-alias-obligations,node-0038,node-0038,0,0,0
trace-026,mixed,0,4,top-one,node-0038,node-0038,0,0,0
trace-026,mixed,0,4,expiry-skyline,node-0038,node-0038,0,0,0
trace-026,mixed,0,5,direct,node-0038,node-0038,0,0,0
trace-026,mixed,0,5,verified,node-0038,node-0038,0,0,0
trace-026,mixed,0,5,full-compiled,node-0038,node-0038,0,0,0
trace-026,mixed,0,5,timestamp-only,node-0038,node-0038,0,0,0
trace-026,mixed,0,5,no-ancestor-expiry,node-0038,node-0038,0,0,0
trace-026,mixed,0,5,no-ancestor-revocation,node-0038,node-0038,0,0,0
trace-026,mixed,0,5,no-alias-obligations,node-0038,node-0038,0,0,0
trace-026,mixed,0,5,top-one,node-0038,node-0038,0,0,0
trace-026,mixed,0,5,expiry-skyline,node-0038,node-0038,0,0,0
trace-026,mixed,0,6,direct,,,0,0,0
trace-026,mixed,0,6,verified,,,0,0,0
trace-026,mixed,0,6,full-compiled,,,0,0,0
trace-026,mixed,0,6,timestamp-only,,node-0007,1,1,1
trace-026,mixed,0,6,no-ancestor-expiry,,,0,0,0
trace-026,mixed,0,6,no-ancestor-revocation,,,0,0,0
trace-026,mixed,0,6,no-alias-obligations,,node-0007,1,1,1
trace-026,mixed,0,6,top-one,,,0,0,0
trace-026,mixed,0,6,expiry-skyline,,,0,0,0
trace-026,mixed,0,7,direct,,,0,0,0
trace-026,mixed,0,7,verified,,,0,0,0
trace-026,mixed,0,7,full-compiled,,,0,0,0
trace-026,mixed,0,7,timestamp-only,,,0,0,0
trace-026,mixed,0,7,no-ancestor-expiry,,,0,0,0
trace-026,mixed,0,7,no-ancestor-revocation,,,0,0,0
trace-026,mixed,0,7,no-alias-obligations,,,0,0,0
trace-026,mixed,0,7,top-one,,,0,0,0
trace-026,mixed,0,7,expiry-skyline,,,0,0,0
trace-026,mixed,0,8,direct,node-0016,node-0016,0,0,0
trace-026,mixed,0,8,verified,node-0016,node-0016,0,0,0
trace-026,mixed,0,8,full-compiled,node-0016,node-0016,0,0,0
trace-026,mixed,0,8,timestamp-only,node-0016,node-0034,1,1,1
trace-026,mixed,0,8,no-ancestor-expiry,node-0016,node-0016,0,0,0
trace-026,mixed,0,8,no-ancestor-revocation,node-0016,node-0016,0,0,0
trace-026,mixed,0,8,no-alias-obligations,node-0016,node-0034,1,1,1
trace-026,mixed,0,8,top-one,node-0016,,1,1,0
trace-026,mixed,0,8,expiry-skyline,node-0016,node-0016,0,0,0
trace-026,mixed,0,9,direct,node-0038,node-0038,0,0,0
trace-026,mixed,0,9,verified,node-0038,node-0038,0,0,0
trace-026,mixed,0,9,full-compiled,node-0038,node-0038,0,0,0
trace-026,mixed,0,9,timestamp-only,node-0038,node-0038,0,0,0
trace-026,mixed,0,9,no-ancestor-expiry,node-0038,node-0038,0,0,0
trace-026,mixed,0,9,no-ancestor-revocation,node-0038,node-0038,0,0,0
trace-026,mixed,0,9,no-alias-obligations,node-0038,node-0038,0,0,0
trace-026,mixed,0,9,top-one,node-0038,node-0038,0,0,0
trace-026,mixed,0,9,expiry-skyline,node-0038,node-0038,0,0,0
trace-026,mixed,0,10,direct,node-0016,node-0016,0,0,0
trace-026,mixed,0,10,verified,node-0016,node-0016,0,0,0
trace-026,mixed,0,10,full-compiled,node-0016,node-0016,0,0,0
trace-026,mixed,0,10,timestamp-only,node-0016,node-0034,1,1,1
trace-026,mixed,0,10,no-ancestor-expiry,node-0016,node-0016,0,0,0
trace-026,mixed,0,10,no-ancestor-revocation,node-0016,node-0016,0,0,0
trace-026,mixed,0,10,no-alias-obligations,node-0016,node-0034,1,1,1
trace-026,mixed,0,10,top-one,node-0016,,1,1,0
trace-026,mixed,0,10,expiry-skyline,node-0016,node-0016,0,0,0
trace-026,mixed,0,11,direct,node-0016,node-0016,0,0,0
trace-026,mixed,0,11,verified,node-0016,node-0016,0,0,0
trace-026,mixed,0,11,full-compiled,node-0016,node-0016,0,0,0
trace-026,mixed,0,11,timestamp-only,node-0016,node-0034,1,1,1
trace-026,mixed,0,11,no-ancestor-expiry,node-0016,node-0016,0,0,0
trace-026,mixed,0,11,no-ancestor-revocation,node-0016,node-0016,0,0,0
trace-026,mixed,0,11,no-alias-obligations,node-0016,node-0034,1,1,1
trace-026,mixed,0,11,top-one,node-0016,,1,1,0
trace-026,mixed,0,11,expiry-skyline,node-0016,node-0016,0,0,0
trace-026,mixed,1,0,direct,node-0026,node-0026,0,0,0
trace-026,mixed,1,0,verified,node-0026,node-0026,0,0,0
trace-026,mixed,1,0,full-compiled,node-0026,node-0026,0,0,0
trace-026,mixed,1,0,timestamp-only,node-0026,node-0026,0,0,0
trace-026,mixed,1,0,no-ancestor-expiry,node-0026,node-0026,0,0,0
trace-026,mixed,1,0,no-ancestor-revocation,node-0026,node-0026,0,0,0
trace-026,mixed,1,0,no-alias-obligations,node-0026,node-0026,0,0,0
trace-026,mixed,1,0,top-one,node-0026,node-0026,0,0,0
trace-026,mixed,1,0,expiry-skyline,node-0026,node-0026,0,0,0
trace-026,mixed,1,1,direct,node-0026,node-0026,0,0,0
trace-026,mixed,1,1,verified,node-0026,node-0026,0,0,0
trace-026,mixed,1,1,full-compiled,node-0026,node-0026,0,0,0
trace-026,mixed,1,1,timestamp-only,node-0026,node-0026,0,0,0
trace-026,mixed,1,1,no-ancestor-expiry,node-0026,node-0026,0,0,0
trace-026,mixed,1,1,no-ancestor-revocation,node-0026,node-0026,0,0,0
trace-026,mixed,1,1,no-alias-obligations,node-0026,node-0026,0,0,0
trace-026,mixed,1,1,top-one,node-0026,node-0026,0,0,0
trace-026,mixed,1,1,expiry-skyline,node-0026,node-0026,0,0,0
trace-026,mixed,1,2,direct,node-0063,node-0063,0,0,0
trace-026,mixed,1,2,verified,node-0063,node-0063,0,0,0
trace-026,mixed,1,2,full-compiled,node-0063,node-0063,0,0,0
trace-026,mixed,1,2,timestamp-only,node-0063,node-0025,1,1,1
trace-026,mixed,1,2,no-ancestor-expiry,node-0063,node-0063,0,0,0
trace-026,mixed,1,2,no-ancestor-revocation,node-0063,node-0047,1,1,1
trace-026,mixed,1,2,no-alias-obligations,node-0063,node-0025,1,1,1
trace-026,mixed,1,2,top-one,node-0063,,1,1,0
trace-026,mixed,1,2,expiry-skyline,node-0063,node-0063,0,0,0
trace-026,mixed,1,3,direct,node-0026,node-0026,0,0,0
trace-026,mixed,1,3,verified,node-0026,node-0026,0,0,0
trace-026,mixed,1,3,full-compiled,node-0026,node-0026,0,0,0
trace-026,mixed,1,3,timestamp-only,node-0026,node-0026,0,0,0
trace-026,mixed,1,3,no-ancestor-expiry,node-0026,node-0026,0,0,0
trace-026,mixed,1,3,no-ancestor-revocation,node-0026,node-0026,0,0,0
trace-026,mixed,1,3,no-alias-obligations,node-0026,node-0026,0,0,0
trace-026,mixed,1,3,top-one,node-0026,node-0026,0,0,0
trace-026,mixed,1,3,expiry-skyline,node-0026,node-0026,0,0,0
trace-026,mixed,1,4,direct,node-0026,node-0026,0,0,0
trace-026,mixed,1,4,verified,node-0026,node-0026,0,0,0
trace-026,mixed,1,4,full-compiled,node-0026,node-0026,0,0,0
trace-026,mixed,1,4,timestamp-only,node-0026,node-0026,0,0,0
trace-026,mixed,1,4,no-ancestor-expiry,node-0026,node-0026,0,0,0
trace-026,mixed,1,4,no-ancestor-revocation,node-0026,node-0026,0,0,0
trace-026,mixed,1,4,no-alias-obligations,node-0026,node-0026,0,0,0
trace-026,mixed,1,4,top-one,node-0026,node-0026,0,0,0
trace-026,mixed,1,4,expiry-skyline,node-0026,node-0026,0,0,0
trace-026,mixed,1,5,direct,node-0026,node-0026,0,0,0
trace-026,mixed,1,5,verified,node-0026,node-0026,0,0,0
trace-026,mixed,1,5,full-compiled,node-0026,node-0026,0,0,0
trace-026,mixed,1,5,timestamp-only,node-0026,node-0026,0,0,0
trace-026,mixed,1,5,no-ancestor-expiry,node-0026,node-0026,0,0,0
trace-026,mixed,1,5,no-ancestor-revocation,node-0026,node-0026,0,0,0
trace-026,mixed,1,5,no-alias-obligations,node-0026,node-0026,0,0,0
trace-026,mixed,1,5,top-one,node-0026,node-0026,0,0,0
trace-026,mixed,1,5,expiry-skyline,node-0026,node-0026,0,0,0
trace-026,mixed,1,6,direct,,,0,0,0
trace-026,mixed,1,6,verified,,,0,0,0
trace-026,mixed,1,6,full-compiled,,,0,0,0
trace-026,mixed,1,6,timestamp-only,,node-0029,1,1,1
trace-026,mixed,1,6,no-ancestor-expiry,,,0,0,0
trace-026,mixed,1,6,no-ancestor-revocation,,,0,0,0
trace-026,mixed,1,6,no-alias-obligations,,,0,0,0
trace-026,mixed,1,6,top-one,,,0,0,0
trace-026,mixed,1,6,expiry-skyline,,,0,0,0
trace-026,mixed,1,7,direct,,,0,0,0
trace-026,mixed,1,7,verified,,,0,0,0
trace-026,mixed,1,7,full-compiled,,,0,0,0
trace-026,mixed,1,7,timestamp-only,,,0,0,0
trace-026,mixed,1,7,no-ancestor-expiry,,,0,0,0
trace-026,mixed,1,7,no-ancestor-revocation,,,0,0,0
trace-026,mixed,1,7,no-alias-obligations,,,0,0,0
trace-026,mixed,1,7,top-one,,,0,0,0
trace-026,mixed,1,7,expiry-skyline,,,0,0,0
trace-026,mixed,1,8,direct,node-0063,node-0063,0,0,0
trace-026,mixed,1,8,verified,node-0063,node-0063,0,0,0
trace-026,mixed,1,8,full-compiled,node-0063,node-0063,0,0,0
trace-026,mixed,1,8,timestamp-only,node-0063,node-0025,1,1,1
trace-026,mixed,1,8,no-ancestor-expiry,node-0063,node-0063,0,0,0
trace-026,mixed,1,8,no-ancestor-revocation,node-0063,node-0047,1,1,1
trace-026,mixed,1,8,no-alias-obligations,node-0063,node-0025,1,1,1
trace-026,mixed,1,8,top-one,node-0063,,1,1,0
trace-026,mixed,1,8,expiry-skyline,node-0063,node-0063,0,0,0
trace-026,mixed,1,9,direct,node-0026,node-0026,0,0,0
trace-026,mixed,1,9,verified,node-0026,node-0026,0,0,0
trace-026,mixed,1,9,full-compiled,node-0026,node-0026,0,0,0
trace-026,mixed,1,9,timestamp-only,node-0026,node-0026,0,0,0
trace-026,mixed,1,9,no-ancestor-expiry,node-0026,node-0026,0,0,0
trace-026,mixed,1,9,no-ancestor-revocation,node-0026,node-0026,0,0,0
trace-026,mixed,1,9,no-alias-obligations,node-0026,node-0026,0,0,0
trace-026,mixed,1,9,top-one,node-0026,node-0026,0,0,0
trace-026,mixed,1,9,expiry-skyline,node-0026,node-0026,0,0,0
trace-026,mixed,1,10,direct,node-0063,node-0063,0,0,0
trace-026,mixed,1,10,verified,node-0063,node-0063,0,0,0
trace-026,mixed,1,10,full-compiled,node-0063,node-0063,0,0,0
trace-026,mixed,1,10,timestamp-only,node-0063,node-0025,1,1,1
trace-026,mixed,1,10,no-ancestor-expiry,node-0063,node-0063,0,0,0
trace-026,mixed,1,10,no-ancestor-revocation,node-0063,node-0063,0,0,0
trace-026,mixed,1,10,no-alias-obligations,node-0063,node-0025,1,1,1
trace-026,mixed,1,10,top-one,node-0063,,1,1,0
trace-026,mixed,1,10,expiry-skyline,node-0063,node-0063,0,0,0
trace-026,mixed,1,11,direct,node-0063,node-0063,0,0,0
trace-026,mixed,1,11,verified,node-0063,node-0063,0,0,0
trace-026,mixed,1,11,full-compiled,node-0063,node-0063,0,0,0
trace-026,mixed,1,11,timestamp-only,node-0063,node-0025,1,1,1
trace-026,mixed,1,11,no-ancestor-expiry,node-0063,node-0063,0,0,0
trace-026,mixed,1,11,no-ancestor-revocation,node-0063,node-0063,0,0,0
trace-026,mixed,1,11,no-alias-obligations,node-0063,node-0025,1,1,1
trace-026,mixed,1,11,top-one,node-0063,,1,1,0
trace-026,mixed,1,11,expiry-skyline,node-0063,node-0063,0,0,0
trace-027,mixed,0,0,direct,node-0033,node-0033,0,0,0
trace-027,mixed,0,0,verified,node-0033,node-0033,0,0,0
trace-027,mixed,0,0,full-compiled,node-0033,node-0033,0,0,0
trace-027,mixed,0,0,timestamp-only,node-0033,node-0033,0,0,0
trace-027,mixed,0,0,no-ancestor-expiry,node-0033,node-0033,0,0,0
trace-027,mixed,0,0,no-ancestor-revocation,node-0033,node-0033,0,0,0
trace-027,mixed,0,0,no-alias-obligations,node-0033,node-0033,0,0,0
trace-027,mixed,0,0,top-one,node-0033,node-0033,0,0,0
trace-027,mixed,0,0,expiry-skyline,node-0033,node-0033,0,0,0
trace-027,mixed,0,1,direct,node-0033,node-0033,0,0,0
trace-027,mixed,0,1,verified,node-0033,node-0033,0,0,0
trace-027,mixed,0,1,full-compiled,node-0033,node-0033,0,0,0
trace-027,mixed,0,1,timestamp-only,node-0033,node-0033,0,0,0
trace-027,mixed,0,1,no-ancestor-expiry,node-0033,node-0033,0,0,0
trace-027,mixed,0,1,no-ancestor-revocation,node-0033,node-0033,0,0,0
trace-027,mixed,0,1,no-alias-obligations,node-0033,node-0033,0,0,0
trace-027,mixed,0,1,top-one,node-0033,node-0033,0,0,0
trace-027,mixed,0,1,expiry-skyline,node-0033,node-0033,0,0,0
trace-027,mixed,0,2,direct,node-0048,node-0048,0,0,0
trace-027,mixed,0,2,verified,node-0048,node-0048,0,0,0
trace-027,mixed,0,2,full-compiled,node-0048,node-0048,0,0,0
trace-027,mixed,0,2,timestamp-only,node-0048,node-0055,1,1,1
trace-027,mixed,0,2,no-ancestor-expiry,node-0048,node-0048,0,0,0
trace-027,mixed,0,2,no-ancestor-revocation,node-0048,node-0048,0,0,0
trace-027,mixed,0,2,no-alias-obligations,node-0048,node-0055,1,1,1
trace-027,mixed,0,2,top-one,node-0048,,1,1,0
trace-027,mixed,0,2,expiry-skyline,node-0048,,1,1,0
trace-027,mixed,0,3,direct,node-0033,node-0033,0,0,0
trace-027,mixed,0,3,verified,node-0033,node-0033,0,0,0
trace-027,mixed,0,3,full-compiled,node-0033,node-0033,0,0,0
trace-027,mixed,0,3,timestamp-only,node-0033,node-0033,0,0,0
trace-027,mixed,0,3,no-ancestor-expiry,node-0033,node-0033,0,0,0
trace-027,mixed,0,3,no-ancestor-revocation,node-0033,node-0033,0,0,0
trace-027,mixed,0,3,no-alias-obligations,node-0033,node-0033,0,0,0
trace-027,mixed,0,3,top-one,node-0033,node-0033,0,0,0
trace-027,mixed,0,3,expiry-skyline,node-0033,node-0033,0,0,0
trace-027,mixed,0,4,direct,node-0033,node-0033,0,0,0
trace-027,mixed,0,4,verified,node-0033,node-0033,0,0,0
trace-027,mixed,0,4,full-compiled,node-0033,node-0033,0,0,0
trace-027,mixed,0,4,timestamp-only,node-0033,node-0033,0,0,0
trace-027,mixed,0,4,no-ancestor-expiry,node-0033,node-0033,0,0,0
trace-027,mixed,0,4,no-ancestor-revocation,node-0033,node-0033,0,0,0
trace-027,mixed,0,4,no-alias-obligations,node-0033,node-0033,0,0,0
trace-027,mixed,0,4,top-one,node-0033,node-0033,0,0,0
trace-027,mixed,0,4,expiry-skyline,node-0033,node-0033,0,0,0
trace-027,mixed,0,5,direct,node-0033,node-0033,0,0,0
trace-027,mixed,0,5,verified,node-0033,node-0033,0,0,0
trace-027,mixed,0,5,full-compiled,node-0033,node-0033,0,0,0
trace-027,mixed,0,5,timestamp-only,node-0033,node-0033,0,0,0
trace-027,mixed,0,5,no-ancestor-expiry,node-0033,node-0033,0,0,0
trace-027,mixed,0,5,no-ancestor-revocation,node-0033,node-0033,0,0,0
trace-027,mixed,0,5,no-alias-obligations,node-0033,node-0033,0,0,0
trace-027,mixed,0,5,top-one,node-0033,node-0033,0,0,0
trace-027,mixed,0,5,expiry-skyline,node-0033,node-0033,0,0,0
trace-027,mixed,0,6,direct,,,0,0,0
trace-027,mixed,0,6,verified,,,0,0,0
trace-027,mixed,0,6,full-compiled,,,0,0,0
trace-027,mixed,0,6,timestamp-only,,node-0033,1,1,1
trace-027,mixed,0,6,no-ancestor-expiry,,,0,0,0
trace-027,mixed,0,6,no-ancestor-revocation,,,0,0,0
trace-027,mixed,0,6,no-alias-obligations,,node-0033,1,1,1
trace-027,mixed,0,6,top-one,,,0,0,0
trace-027,mixed,0,6,expiry-skyline,,,0,0,0
trace-027,mixed,0,7,direct,,,0,0,0
trace-027,mixed,0,7,verified,,,0,0,0
trace-027,mixed,0,7,full-compiled,,,0,0,0
trace-027,mixed,0,7,timestamp-only,,,0,0,0
trace-027,mixed,0,7,no-ancestor-expiry,,,0,0,0
trace-027,mixed,0,7,no-ancestor-revocation,,,0,0,0
trace-027,mixed,0,7,no-alias-obligations,,,0,0,0
trace-027,mixed,0,7,top-one,,,0,0,0
trace-027,mixed,0,7,expiry-skyline,,,0,0,0
trace-027,mixed,0,8,direct,node-0033,node-0033,0,0,0
trace-027,mixed,0,8,verified,node-0033,node-0033,0,0,0
trace-027,mixed,0,8,full-compiled,node-0033,node-0033,0,0,0
trace-027,mixed,0,8,timestamp-only,node-0033,node-0033,0,0,0
trace-027,mixed,0,8,no-ancestor-expiry,node-0033,node-0033,0,0,0
trace-027,mixed,0,8,no-ancestor-revocation,node-0033,node-0033,0,0,0
trace-027,mixed,0,8,no-alias-obligations,node-0033,node-0033,0,0,0
trace-027,mixed,0,8,top-one,node-0033,node-0033,0,0,0
trace-027,mixed,0,8,expiry-skyline,node-0033,node-0033,0,0,0
trace-027,mixed,0,9,direct,node-0033,node-0033,0,0,0
trace-027,mixed,0,9,verified,node-0033,node-0033,0,0,0
trace-027,mixed,0,9,full-compiled,node-0033,node-0033,0,0,0
trace-027,mixed,0,9,timestamp-only,node-0033,node-0033,0,0,0
trace-027,mixed,0,9,no-ancestor-expiry,node-0033,node-0033,0,0,0
trace-027,mixed,0,9,no-ancestor-revocation,node-0033,node-0033,0,0,0
trace-027,mixed,0,9,no-alias-obligations,node-0033,node-0033,0,0,0
trace-027,mixed,0,9,top-one,node-0033,node-0033,0,0,0
trace-027,mixed,0,9,expiry-skyline,node-0033,node-0033,0,0,0
trace-027,mixed,0,10,direct,node-0033,node-0033,0,0,0
trace-027,mixed,0,10,verified,node-0033,node-0033,0,0,0
trace-027,mixed,0,10,full-compiled,node-0033,node-0033,0,0,0
trace-027,mixed,0,10,timestamp-only,node-0033,node-0033,0,0,0
trace-027,mixed,0,10,no-ancestor-expiry,node-0033,node-0033,0,0,0
trace-027,mixed,0,10,no-ancestor-revocation,node-0033,node-0033,0,0,0
trace-027,mixed,0,10,no-alias-obligations,node-0033,node-0033,0,0,0
trace-027,mixed,0,10,top-one,node-0033,node-0033,0,0,0
trace-027,mixed,0,10,expiry-skyline,node-0033,node-0033,0,0,0
trace-027,mixed,0,11,direct,,,0,0,0
trace-027,mixed,0,11,verified,,,0,0,0
trace-027,mixed,0,11,full-compiled,,,0,0,0
trace-027,mixed,0,11,timestamp-only,,node-0052,1,1,1
trace-027,mixed,0,11,no-ancestor-expiry,,,0,0,0
trace-027,mixed,0,11,no-ancestor-revocation,,,0,0,0
trace-027,mixed,0,11,no-alias-obligations,,node-0052,1,1,1
trace-027,mixed,0,11,top-one,,,0,0,0
trace-027,mixed,0,11,expiry-skyline,,,0,0,0
trace-027,mixed,1,0,direct,node-0063,node-0063,0,0,0
trace-027,mixed,1,0,verified,node-0063,node-0063,0,0,0
trace-027,mixed,1,0,full-compiled,node-0063,node-0063,0,0,0
trace-027,mixed,1,0,timestamp-only,node-0063,node-0063,0,0,0
trace-027,mixed,1,0,no-ancestor-expiry,node-0063,node-0063,0,0,0
trace-027,mixed,1,0,no-ancestor-revocation,node-0063,node-0063,0,0,0
trace-027,mixed,1,0,no-alias-obligations,node-0063,node-0063,0,0,0
trace-027,mixed,1,0,top-one,node-0063,node-0063,0,0,0
trace-027,mixed,1,0,expiry-skyline,node-0063,node-0063,0,0,0
trace-027,mixed,1,1,direct,node-0063,node-0063,0,0,0
trace-027,mixed,1,1,verified,node-0063,node-0063,0,0,0
trace-027,mixed,1,1,full-compiled,node-0063,node-0063,0,0,0
trace-027,mixed,1,1,timestamp-only,node-0063,node-0063,0,0,0
trace-027,mixed,1,1,no-ancestor-expiry,node-0063,node-0063,0,0,0
trace-027,mixed,1,1,no-ancestor-revocation,node-0063,node-0063,0,0,0
trace-027,mixed,1,1,no-alias-obligations,node-0063,node-0063,0,0,0
trace-027,mixed,1,1,top-one,node-0063,node-0063,0,0,0
trace-027,mixed,1,1,expiry-skyline,node-0063,node-0063,0,0,0
trace-027,mixed,1,2,direct,node-0015,node-0015,0,0,0
trace-027,mixed,1,2,verified,node-0015,node-0015,0,0,0
trace-027,mixed,1,2,full-compiled,node-0015,node-0015,0,0,0
trace-027,mixed,1,2,timestamp-only,node-0015,node-0009,1,1,1
trace-027,mixed,1,2,no-ancestor-expiry,node-0015,node-0015,0,0,0
trace-027,mixed,1,2,no-ancestor-revocation,node-0015,node-0015,0,0,0
trace-027,mixed,1,2,no-alias-obligations,node-0015,node-0009,1,1,1
trace-027,mixed,1,2,top-one,node-0015,,1,1,0
trace-027,mixed,1,2,expiry-skyline,node-0015,,1,1,0
trace-027,mixed,1,3,direct,node-0063,node-0063,0,0,0
trace-027,mixed,1,3,verified,node-0063,node-0063,0,0,0
trace-027,mixed,1,3,full-compiled,node-0063,node-0063,0,0,0
trace-027,mixed,1,3,timestamp-only,node-0063,node-0063,0,0,0
trace-027,mixed,1,3,no-ancestor-expiry,node-0063,node-0063,0,0,0
trace-027,mixed,1,3,no-ancestor-revocation,node-0063,node-0063,0,0,0
trace-027,mixed,1,3,no-alias-obligations,node-0063,node-0063,0,0,0
trace-027,mixed,1,3,top-one,node-0063,node-0063,0,0,0
trace-027,mixed,1,3,expiry-skyline,node-0063,node-0063,0,0,0
trace-027,mixed,1,4,direct,node-0058,node-0058,0,0,0
trace-027,mixed,1,4,verified,node-0058,node-0058,0,0,0
trace-027,mixed,1,4,full-compiled,node-0058,node-0058,0,0,0
trace-027,mixed,1,4,timestamp-only,node-0058,node-0058,0,0,0
trace-027,mixed,1,4,no-ancestor-expiry,node-0058,node-0058,0,0,0
trace-027,mixed,1,4,no-ancestor-revocation,node-0058,node-0058,0,0,0
trace-027,mixed,1,4,no-alias-obligations,node-0058,node-0058,0,0,0
trace-027,mixed,1,4,top-one,node-0058,,1,1,0
trace-027,mixed,1,4,expiry-skyline,node-0058,node-0058,0,0,0
trace-027,mixed,1,5,direct,node-0058,node-0058,0,0,0
trace-027,mixed,1,5,verified,node-0058,node-0058,0,0,0
trace-027,mixed,1,5,full-compiled,node-0058,node-0058,0,0,0
trace-027,mixed,1,5,timestamp-only,node-0058,node-0058,0,0,0
trace-027,mixed,1,5,no-ancestor-expiry,node-0058,node-0058,0,0,0
trace-027,mixed,1,5,no-ancestor-revocation,node-0058,node-0058,0,0,0
trace-027,mixed,1,5,no-alias-obligations,node-0058,node-0058,0,0,0
trace-027,mixed,1,5,top-one,node-0058,,1,1,0
trace-027,mixed,1,5,expiry-skyline,node-0058,node-0058,0,0,0
trace-027,mixed,1,6,direct,,,0,0,0
trace-027,mixed,1,6,verified,,,0,0,0
trace-027,mixed,1,6,full-compiled,,,0,0,0
trace-027,mixed,1,6,timestamp-only,,node-0044,1,1,1
trace-027,mixed,1,6,no-ancestor-expiry,,,0,0,0
trace-027,mixed,1,6,no-ancestor-revocation,,,0,0,0
trace-027,mixed,1,6,no-alias-obligations,,node-0044,1,1,1
trace-027,mixed,1,6,top-one,,,0,0,0
trace-027,mixed,1,6,expiry-skyline,,,0,0,0
trace-027,mixed,1,7,direct,,,0,0,0
trace-027,mixed,1,7,verified,,,0,0,0
trace-027,mixed,1,7,full-compiled,,,0,0,0
trace-027,mixed,1,7,timestamp-only,,,0,0,0
trace-027,mixed,1,7,no-ancestor-expiry,,,0,0,0
trace-027,mixed,1,7,no-ancestor-revocation,,,0,0,0
trace-027,mixed,1,7,no-alias-obligations,,,0,0,0
trace-027,mixed,1,7,top-one,,,0,0,0
trace-027,mixed,1,7,expiry-skyline,,,0,0,0
trace-027,mixed,1,8,direct,node-0063,node-0063,0,0,0
trace-027,mixed,1,8,verified,node-0063,node-0063,0,0,0
trace-027,mixed,1,8,full-compiled,node-0063,node-0063,0,0,0
trace-027,mixed,1,8,timestamp-only,node-0063,node-0063,0,0,0
trace-027,mixed,1,8,no-ancestor-expiry,node-0063,node-0063,0,0,0
trace-027,mixed,1,8,no-ancestor-revocation,node-0063,node-0063,0,0,0
trace-027,mixed,1,8,no-alias-obligations,node-0063,node-0063,0,0,0
trace-027,mixed,1,8,top-one,node-0063,node-0063,0,0,0
trace-027,mixed,1,8,expiry-skyline,node-0063,node-0063,0,0,0
trace-027,mixed,1,9,direct,node-0063,node-0063,0,0,0
trace-027,mixed,1,9,verified,node-0063,node-0063,0,0,0
trace-027,mixed,1,9,full-compiled,node-0063,node-0063,0,0,0
trace-027,mixed,1,9,timestamp-only,node-0063,node-0063,0,0,0
trace-027,mixed,1,9,no-ancestor-expiry,node-0063,node-0063,0,0,0
trace-027,mixed,1,9,no-ancestor-revocation,node-0063,node-0063,0,0,0
trace-027,mixed,1,9,no-alias-obligations,node-0063,node-0063,0,0,0
trace-027,mixed,1,9,top-one,node-0063,node-0063,0,0,0
trace-027,mixed,1,9,expiry-skyline,node-0063,node-0063,0,0,0
trace-027,mixed,1,10,direct,node-0058,node-0058,0,0,0
trace-027,mixed,1,10,verified,node-0058,node-0058,0,0,0
trace-027,mixed,1,10,full-compiled,node-0058,node-0058,0,0,0
trace-027,mixed,1,10,timestamp-only,node-0058,node-0058,0,0,0
trace-027,mixed,1,10,no-ancestor-expiry,node-0058,node-0058,0,0,0
trace-027,mixed,1,10,no-ancestor-revocation,node-0058,node-0058,0,0,0
trace-027,mixed,1,10,no-alias-obligations,node-0058,node-0058,0,0,0
trace-027,mixed,1,10,top-one,node-0058,,1,1,0
trace-027,mixed,1,10,expiry-skyline,node-0058,node-0058,0,0,0
trace-027,mixed,1,11,direct,,,0,0,0
trace-027,mixed,1,11,verified,,,0,0,0
trace-027,mixed,1,11,full-compiled,,,0,0,0
trace-027,mixed,1,11,timestamp-only,,node-0043,1,1,1
trace-027,mixed,1,11,no-ancestor-expiry,,,0,0,0
trace-027,mixed,1,11,no-ancestor-revocation,,,0,0,0
trace-027,mixed,1,11,no-alias-obligations,,node-0012,1,1,1
trace-027,mixed,1,11,top-one,,,0,0,0
trace-027,mixed,1,11,expiry-skyline,,,0,0,0
trace-028,mixed,0,0,direct,node-0022,node-0022,0,0,0
trace-028,mixed,0,0,verified,node-0022,node-0022,0,0,0
trace-028,mixed,0,0,full-compiled,node-0022,node-0022,0,0,0
trace-028,mixed,0,0,timestamp-only,node-0022,node-0022,0,0,0
trace-028,mixed,0,0,no-ancestor-expiry,node-0022,node-0022,0,0,0
trace-028,mixed,0,0,no-ancestor-revocation,node-0022,node-0022,0,0,0
trace-028,mixed,0,0,no-alias-obligations,node-0022,node-0022,0,0,0
trace-028,mixed,0,0,top-one,node-0022,node-0022,0,0,0
trace-028,mixed,0,0,expiry-skyline,node-0022,node-0022,0,0,0
trace-028,mixed,0,1,direct,node-0022,node-0022,0,0,0
trace-028,mixed,0,1,verified,node-0022,node-0022,0,0,0
trace-028,mixed,0,1,full-compiled,node-0022,node-0022,0,0,0
trace-028,mixed,0,1,timestamp-only,node-0022,node-0022,0,0,0
trace-028,mixed,0,1,no-ancestor-expiry,node-0022,node-0022,0,0,0
trace-028,mixed,0,1,no-ancestor-revocation,node-0022,node-0022,0,0,0
trace-028,mixed,0,1,no-alias-obligations,node-0022,node-0022,0,0,0
trace-028,mixed,0,1,top-one,node-0022,node-0022,0,0,0
trace-028,mixed,0,1,expiry-skyline,node-0022,node-0022,0,0,0
trace-028,mixed,0,2,direct,node-0000,node-0000,0,0,0
trace-028,mixed,0,2,verified,node-0000,node-0000,0,0,0
trace-028,mixed,0,2,full-compiled,node-0000,node-0000,0,0,0
trace-028,mixed,0,2,timestamp-only,node-0000,node-0053,1,1,1
trace-028,mixed,0,2,no-ancestor-expiry,node-0000,node-0000,0,0,0
trace-028,mixed,0,2,no-ancestor-revocation,node-0000,node-0000,0,0,0
trace-028,mixed,0,2,no-alias-obligations,node-0000,node-0053,1,1,1
trace-028,mixed,0,2,top-one,node-0000,,1,1,0
trace-028,mixed,0,2,expiry-skyline,node-0000,,1,1,0
trace-028,mixed,0,3,direct,node-0022,node-0022,0,0,0
trace-028,mixed,0,3,verified,node-0022,node-0022,0,0,0
trace-028,mixed,0,3,full-compiled,node-0022,node-0022,0,0,0
trace-028,mixed,0,3,timestamp-only,node-0022,node-0022,0,0,0
trace-028,mixed,0,3,no-ancestor-expiry,node-0022,node-0022,0,0,0
trace-028,mixed,0,3,no-ancestor-revocation,node-0022,node-0022,0,0,0
trace-028,mixed,0,3,no-alias-obligations,node-0022,node-0022,0,0,0
trace-028,mixed,0,3,top-one,node-0022,node-0022,0,0,0
trace-028,mixed,0,3,expiry-skyline,node-0022,node-0022,0,0,0
trace-028,mixed,0,4,direct,node-0022,node-0022,0,0,0
trace-028,mixed,0,4,verified,node-0022,node-0022,0,0,0
trace-028,mixed,0,4,full-compiled,node-0022,node-0022,0,0,0
trace-028,mixed,0,4,timestamp-only,node-0022,node-0022,0,0,0
trace-028,mixed,0,4,no-ancestor-expiry,node-0022,node-0022,0,0,0
trace-028,mixed,0,4,no-ancestor-revocation,node-0022,node-0022,0,0,0
trace-028,mixed,0,4,no-alias-obligations,node-0022,node-0022,0,0,0
trace-028,mixed,0,4,top-one,node-0022,node-0022,0,0,0
trace-028,mixed,0,4,expiry-skyline,node-0022,node-0022,0,0,0
trace-028,mixed,0,5,direct,node-0022,node-0022,0,0,0
trace-028,mixed,0,5,verified,node-0022,node-0022,0,0,0
trace-028,mixed,0,5,full-compiled,node-0022,node-0022,0,0,0
trace-028,mixed,0,5,timestamp-only,node-0022,node-0022,0,0,0
trace-028,mixed,0,5,no-ancestor-expiry,node-0022,node-0022,0,0,0
trace-028,mixed,0,5,no-ancestor-revocation,node-0022,node-0022,0,0,0
trace-028,mixed,0,5,no-alias-obligations,node-0022,node-0022,0,0,0
trace-028,mixed,0,5,top-one,node-0022,node-0022,0,0,0
trace-028,mixed,0,5,expiry-skyline,node-0022,node-0022,0,0,0
trace-028,mixed,0,6,direct,node-0023,node-0023,0,0,0
trace-028,mixed,0,6,verified,node-0023,node-0023,0,0,0
trace-028,mixed,0,6,full-compiled,node-0023,node-0023,0,0,0
trace-028,mixed,0,6,timestamp-only,node-0023,node-0023,0,0,0
trace-028,mixed,0,6,no-ancestor-expiry,node-0023,node-0023,0,0,0
trace-028,mixed,0,6,no-ancestor-revocation,node-0023,node-0023,0,0,0
trace-028,mixed,0,6,no-alias-obligations,node-0023,node-0023,0,0,0
trace-028,mixed,0,6,top-one,node-0023,,1,1,0
trace-028,mixed,0,6,expiry-skyline,node-0023,node-0023,0,0,0
trace-028,mixed,0,7,direct,,,0,0,0
trace-028,mixed,0,7,verified,,,0,0,0
trace-028,mixed,0,7,full-compiled,,,0,0,0
trace-028,mixed,0,7,timestamp-only,,,0,0,0
trace-028,mixed,0,7,no-ancestor-expiry,,,0,0,0
trace-028,mixed,0,7,no-ancestor-revocation,,,0,0,0
trace-028,mixed,0,7,no-alias-obligations,,,0,0,0
trace-028,mixed,0,7,top-one,,,0,0,0
trace-028,mixed,0,7,expiry-skyline,,,0,0,0
trace-028,mixed,0,8,direct,node-0000,node-0000,0,0,0
trace-028,mixed,0,8,verified,node-0000,node-0000,0,0,0
trace-028,mixed,0,8,full-compiled,node-0000,node-0000,0,0,0
trace-028,mixed,0,8,timestamp-only,node-0000,node-0053,1,1,1
trace-028,mixed,0,8,no-ancestor-expiry,node-0000,node-0000,0,0,0
trace-028,mixed,0,8,no-ancestor-revocation,node-0000,node-0000,0,0,0
trace-028,mixed,0,8,no-alias-obligations,node-0000,node-0053,1,1,1
trace-028,mixed,0,8,top-one,node-0000,,1,1,0
trace-028,mixed,0,8,expiry-skyline,node-0000,,1,1,0
trace-028,mixed,0,9,direct,node-0022,node-0022,0,0,0
trace-028,mixed,0,9,verified,node-0022,node-0022,0,0,0
trace-028,mixed,0,9,full-compiled,node-0022,node-0022,0,0,0
trace-028,mixed,0,9,timestamp-only,node-0022,node-0022,0,0,0
trace-028,mixed,0,9,no-ancestor-expiry,node-0022,node-0022,0,0,0
trace-028,mixed,0,9,no-ancestor-revocation,node-0022,node-0022,0,0,0
trace-028,mixed,0,9,no-alias-obligations,node-0022,node-0022,0,0,0
trace-028,mixed,0,9,top-one,node-0022,node-0022,0,0,0
trace-028,mixed,0,9,expiry-skyline,node-0022,node-0022,0,0,0
trace-028,mixed,0,10,direct,node-0022,node-0022,0,0,0
trace-028,mixed,0,10,verified,node-0022,node-0022,0,0,0
trace-028,mixed,0,10,full-compiled,node-0022,node-0022,0,0,0
trace-028,mixed,0,10,timestamp-only,node-0022,node-0022,0,0,0
trace-028,mixed,0,10,no-ancestor-expiry,node-0022,node-0022,0,0,0
trace-028,mixed,0,10,no-ancestor-revocation,node-0022,node-0022,0,0,0
trace-028,mixed,0,10,no-alias-obligations,node-0022,node-0022,0,0,0
trace-028,mixed,0,10,top-one,node-0022,node-0022,0,0,0
trace-028,mixed,0,10,expiry-skyline,node-0022,node-0022,0,0,0
trace-028,mixed,0,11,direct,,,0,0,0
trace-028,mixed,0,11,verified,,,0,0,0
trace-028,mixed,0,11,full-compiled,,,0,0,0
trace-028,mixed,0,11,timestamp-only,,node-0052,1,1,1
trace-028,mixed,0,11,no-ancestor-expiry,,,0,0,0
trace-028,mixed,0,11,no-ancestor-revocation,,,0,0,0
trace-028,mixed,0,11,no-alias-obligations,,node-0052,1,1,1
trace-028,mixed,0,11,top-one,,,0,0,0
trace-028,mixed,0,11,expiry-skyline,,,0,0,0
trace-028,mixed,1,0,direct,node-0062,node-0062,0,0,0
trace-028,mixed,1,0,verified,node-0062,node-0062,0,0,0
trace-028,mixed,1,0,full-compiled,node-0062,node-0062,0,0,0
trace-028,mixed,1,0,timestamp-only,node-0062,node-0062,0,0,0
trace-028,mixed,1,0,no-ancestor-expiry,node-0062,node-0062,0,0,0
trace-028,mixed,1,0,no-ancestor-revocation,node-0062,node-0062,0,0,0
trace-028,mixed,1,0,no-alias-obligations,node-0062,node-0062,0,0,0
trace-028,mixed,1,0,top-one,node-0062,node-0062,0,0,0
trace-028,mixed,1,0,expiry-skyline,node-0062,node-0062,0,0,0
trace-028,mixed,1,1,direct,node-0062,node-0062,0,0,0
trace-028,mixed,1,1,verified,node-0062,node-0062,0,0,0
trace-028,mixed,1,1,full-compiled,node-0062,node-0062,0,0,0
trace-028,mixed,1,1,timestamp-only,node-0062,node-0062,0,0,0
trace-028,mixed,1,1,no-ancestor-expiry,node-0062,node-0062,0,0,0
trace-028,mixed,1,1,no-ancestor-revocation,node-0062,node-0062,0,0,0
trace-028,mixed,1,1,no-alias-obligations,node-0062,node-0062,0,0,0
trace-028,mixed,1,1,top-one,node-0062,node-0062,0,0,0
trace-028,mixed,1,1,expiry-skyline,node-0062,node-0062,0,0,0
trace-028,mixed,1,2,direct,node-0063,node-0063,0,0,0
trace-028,mixed,1,2,verified,node-0063,node-0063,0,0,0
trace-028,mixed,1,2,full-compiled,node-0063,node-0063,0,0,0
trace-028,mixed,1,2,timestamp-only,node-0063,node-0063,0,0,0
trace-028,mixed,1,2,no-ancestor-expiry,node-0063,node-0063,0,0,0
trace-028,mixed,1,2,no-ancestor-revocation,node-0063,node-0063,0,0,0
trace-028,mixed,1,2,no-alias-obligations,node-0063,node-0063,0,0,0
trace-028,mixed,1,2,top-one,node-0063,,1,1,0
trace-028,mixed,1,2,expiry-skyline,node-0063,,1,1,0
trace-028,mixed,1,3,direct,node-0062,node-0062,0,0,0
trace-028,mixed,1,3,verified,node-0062,node-0062,0,0,0
trace-028,mixed,1,3,full-compiled,node-0062,node-0062,0,0,0
trace-028,mixed,1,3,timestamp-only,node-0062,node-0062,0,0,0
trace-028,mixed,1,3,no-ancestor-expiry,node-0062,node-0062,0,0,0
trace-028,mixed,1,3,no-ancestor-revocation,node-0062,node-0062,0,0,0
trace-028,mixed,1,3,no-alias-obligations,node-0062,node-0062,0,0,0
trace-028,mixed,1,3,top-one,node-0062,node-0062,0,0,0
trace-028,mixed,1,3,expiry-skyline,node-0062,node-0062,0,0,0
trace-028,mixed,1,4,direct,node-0062,node-0062,0,0,0
trace-028,mixed,1,4,verified,node-0062,node-0062,0,0,0
trace-028,mixed,1,4,full-compiled,node-0062,node-0062,0,0,0
trace-028,mixed,1,4,timestamp-only,node-0062,node-0062,0,0,0
trace-028,mixed,1,4,no-ancestor-expiry,node-0062,node-0062,0,0,0
trace-028,mixed,1,4,no-ancestor-revocation,node-0062,node-0062,0,0,0
trace-028,mixed,1,4,no-alias-obligations,node-0062,node-0062,0,0,0
trace-028,mixed,1,4,top-one,node-0062,node-0062,0,0,0
trace-028,mixed,1,4,expiry-skyline,node-0062,node-0062,0,0,0
trace-028,mixed,1,5,direct,node-0062,node-0062,0,0,0
trace-028,mixed,1,5,verified,node-0062,node-0062,0,0,0
trace-028,mixed,1,5,full-compiled,node-0062,node-0062,0,0,0
trace-028,mixed,1,5,timestamp-only,node-0062,node-0062,0,0,0
trace-028,mixed,1,5,no-ancestor-expiry,node-0062,node-0062,0,0,0
trace-028,mixed,1,5,no-ancestor-revocation,node-0062,node-0062,0,0,0
trace-028,mixed,1,5,no-alias-obligations,node-0062,node-0062,0,0,0
trace-028,mixed,1,5,top-one,node-0062,node-0062,0,0,0
trace-028,mixed,1,5,expiry-skyline,node-0062,node-0062,0,0,0
trace-028,mixed,1,6,direct,node-0009,node-0009,0,0,0
trace-028,mixed,1,6,verified,node-0009,node-0009,0,0,0
trace-028,mixed,1,6,full-compiled,node-0009,node-0009,0,0,0
trace-028,mixed,1,6,timestamp-only,node-0009,node-0009,0,0,0
trace-028,mixed,1,6,no-ancestor-expiry,node-0009,node-0009,0,0,0
trace-028,mixed,1,6,no-ancestor-revocation,node-0009,node-0009,0,0,0
trace-028,mixed,1,6,no-alias-obligations,node-0009,node-0009,0,0,0
trace-028,mixed,1,6,top-one,node-0009,,1,1,0
trace-028,mixed,1,6,expiry-skyline,node-0009,node-0009,0,0,0
trace-028,mixed,1,7,direct,,,0,0,0
trace-028,mixed,1,7,verified,,,0,0,0
trace-028,mixed,1,7,full-compiled,,,0,0,0
trace-028,mixed,1,7,timestamp-only,,,0,0,0
trace-028,mixed,1,7,no-ancestor-expiry,,,0,0,0
trace-028,mixed,1,7,no-ancestor-revocation,,,0,0,0
trace-028,mixed,1,7,no-alias-obligations,,,0,0,0
trace-028,mixed,1,7,top-one,,,0,0,0
trace-028,mixed,1,7,expiry-skyline,,,0,0,0
trace-028,mixed,1,8,direct,node-0063,node-0063,0,0,0
trace-028,mixed,1,8,verified,node-0063,node-0063,0,0,0
trace-028,mixed,1,8,full-compiled,node-0063,node-0063,0,0,0
trace-028,mixed,1,8,timestamp-only,node-0063,node-0063,0,0,0
trace-028,mixed,1,8,no-ancestor-expiry,node-0063,node-0063,0,0,0
trace-028,mixed,1,8,no-ancestor-revocation,node-0063,node-0063,0,0,0
trace-028,mixed,1,8,no-alias-obligations,node-0063,node-0063,0,0,0
trace-028,mixed,1,8,top-one,node-0063,,1,1,0
trace-028,mixed,1,8,expiry-skyline,node-0063,,1,1,0
trace-028,mixed,1,9,direct,node-0062,node-0062,0,0,0
trace-028,mixed,1,9,verified,node-0062,node-0062,0,0,0
trace-028,mixed,1,9,full-compiled,node-0062,node-0062,0,0,0
trace-028,mixed,1,9,timestamp-only,node-0062,node-0062,0,0,0
trace-028,mixed,1,9,no-ancestor-expiry,node-0062,node-0062,0,0,0
trace-028,mixed,1,9,no-ancestor-revocation,node-0062,node-0062,0,0,0
trace-028,mixed,1,9,no-alias-obligations,node-0062,node-0062,0,0,0
trace-028,mixed,1,9,top-one,node-0062,node-0062,0,0,0
trace-028,mixed,1,9,expiry-skyline,node-0062,node-0062,0,0,0
trace-028,mixed,1,10,direct,node-0062,node-0062,0,0,0
trace-028,mixed,1,10,verified,node-0062,node-0062,0,0,0
trace-028,mixed,1,10,full-compiled,node-0062,node-0062,0,0,0
trace-028,mixed,1,10,timestamp-only,node-0062,node-0062,0,0,0
trace-028,mixed,1,10,no-ancestor-expiry,node-0062,node-0062,0,0,0
trace-028,mixed,1,10,no-ancestor-revocation,node-0062,node-0062,0,0,0
trace-028,mixed,1,10,no-alias-obligations,node-0062,node-0062,0,0,0
trace-028,mixed,1,10,top-one,node-0062,node-0062,0,0,0
trace-028,mixed,1,10,expiry-skyline,node-0062,node-0062,0,0,0
trace-028,mixed,1,11,direct,,,0,0,0
trace-028,mixed,1,11,verified,,,0,0,0
trace-028,mixed,1,11,full-compiled,,,0,0,0
trace-028,mixed,1,11,timestamp-only,,node-0011,1,1,1
trace-028,mixed,1,11,no-ancestor-expiry,,,0,0,0
trace-028,mixed,1,11,no-ancestor-revocation,,,0,0,0
trace-028,mixed,1,11,no-alias-obligations,,node-0011,1,1,1
trace-028,mixed,1,11,top-one,,,0,0,0
trace-028,mixed,1,11,expiry-skyline,,,0,0,0
trace-029,mixed,0,0,direct,node-0004,node-0004,0,0,0
trace-029,mixed,0,0,verified,node-0004,node-0004,0,0,0
trace-029,mixed,0,0,full-compiled,node-0004,node-0004,0,0,0
trace-029,mixed,0,0,timestamp-only,node-0004,node-0004,0,0,0
trace-029,mixed,0,0,no-ancestor-expiry,node-0004,node-0004,0,0,0
trace-029,mixed,0,0,no-ancestor-revocation,node-0004,node-0004,0,0,0
trace-029,mixed,0,0,no-alias-obligations,node-0004,node-0004,0,0,0
trace-029,mixed,0,0,top-one,node-0004,node-0004,0,0,0
trace-029,mixed,0,0,expiry-skyline,node-0004,node-0004,0,0,0
trace-029,mixed,0,1,direct,node-0004,node-0004,0,0,0
trace-029,mixed,0,1,verified,node-0004,node-0004,0,0,0
trace-029,mixed,0,1,full-compiled,node-0004,node-0004,0,0,0
trace-029,mixed,0,1,timestamp-only,node-0004,node-0004,0,0,0
trace-029,mixed,0,1,no-ancestor-expiry,node-0004,node-0004,0,0,0
trace-029,mixed,0,1,no-ancestor-revocation,node-0004,node-0004,0,0,0
trace-029,mixed,0,1,no-alias-obligations,node-0004,node-0004,0,0,0
trace-029,mixed,0,1,top-one,node-0004,node-0004,0,0,0
trace-029,mixed,0,1,expiry-skyline,node-0004,node-0004,0,0,0
trace-029,mixed,0,2,direct,node-0048,node-0048,0,0,0
trace-029,mixed,0,2,verified,node-0048,node-0048,0,0,0
trace-029,mixed,0,2,full-compiled,node-0048,node-0048,0,0,0
trace-029,mixed,0,2,timestamp-only,node-0048,node-0048,0,0,0
trace-029,mixed,0,2,no-ancestor-expiry,node-0048,node-0048,0,0,0
trace-029,mixed,0,2,no-ancestor-revocation,node-0048,node-0048,0,0,0
trace-029,mixed,0,2,no-alias-obligations,node-0048,node-0048,0,0,0
trace-029,mixed,0,2,top-one,node-0048,,1,1,0
trace-029,mixed,0,2,expiry-skyline,node-0048,node-0048,0,0,0
trace-029,mixed,0,3,direct,node-0004,node-0004,0,0,0
trace-029,mixed,0,3,verified,node-0004,node-0004,0,0,0
trace-029,mixed,0,3,full-compiled,node-0004,node-0004,0,0,0
trace-029,mixed,0,3,timestamp-only,node-0004,node-0004,0,0,0
trace-029,mixed,0,3,no-ancestor-expiry,node-0004,node-0004,0,0,0
trace-029,mixed,0,3,no-ancestor-revocation,node-0004,node-0004,0,0,0
trace-029,mixed,0,3,no-alias-obligations,node-0004,node-0004,0,0,0
trace-029,mixed,0,3,top-one,node-0004,node-0004,0,0,0
trace-029,mixed,0,3,expiry-skyline,node-0004,node-0004,0,0,0
trace-029,mixed,0,4,direct,node-0004,node-0004,0,0,0
trace-029,mixed,0,4,verified,node-0004,node-0004,0,0,0
trace-029,mixed,0,4,full-compiled,node-0004,node-0004,0,0,0
trace-029,mixed,0,4,timestamp-only,node-0004,node-0004,0,0,0
trace-029,mixed,0,4,no-ancestor-expiry,node-0004,node-0004,0,0,0
trace-029,mixed,0,4,no-ancestor-revocation,node-0004,node-0004,0,0,0
trace-029,mixed,0,4,no-alias-obligations,node-0004,node-0004,0,0,0
trace-029,mixed,0,4,top-one,node-0004,node-0004,0,0,0
trace-029,mixed,0,4,expiry-skyline,node-0004,node-0004,0,0,0
trace-029,mixed,0,5,direct,node-0004,node-0004,0,0,0
trace-029,mixed,0,5,verified,node-0004,node-0004,0,0,0
trace-029,mixed,0,5,full-compiled,node-0004,node-0004,0,0,0
trace-029,mixed,0,5,timestamp-only,node-0004,node-0004,0,0,0
trace-029,mixed,0,5,no-ancestor-expiry,node-0004,node-0004,0,0,0
trace-029,mixed,0,5,no-ancestor-revocation,node-0004,node-0004,0,0,0
trace-029,mixed,0,5,no-alias-obligations,node-0004,node-0004,0,0,0
trace-029,mixed,0,5,top-one,node-0004,node-0004,0,0,0
trace-029,mixed,0,5,expiry-skyline,node-0004,node-0004,0,0,0
trace-029,mixed,0,6,direct,node-0048,node-0048,0,0,0
trace-029,mixed,0,6,verified,node-0048,node-0048,0,0,0
trace-029,mixed,0,6,full-compiled,node-0048,node-0048,0,0,0
trace-029,mixed,0,6,timestamp-only,node-0048,node-0048,0,0,0
trace-029,mixed,0,6,no-ancestor-expiry,node-0048,node-0048,0,0,0
trace-029,mixed,0,6,no-ancestor-revocation,node-0048,node-0048,0,0,0
trace-029,mixed,0,6,no-alias-obligations,node-0048,node-0048,0,0,0
trace-029,mixed,0,6,top-one,node-0048,,1,1,0
trace-029,mixed,0,6,expiry-skyline,node-0048,node-0048,0,0,0
trace-029,mixed,0,7,direct,,,0,0,0
trace-029,mixed,0,7,verified,,,0,0,0
trace-029,mixed,0,7,full-compiled,,,0,0,0
trace-029,mixed,0,7,timestamp-only,,,0,0,0
trace-029,mixed,0,7,no-ancestor-expiry,,,0,0,0
trace-029,mixed,0,7,no-ancestor-revocation,,,0,0,0
trace-029,mixed,0,7,no-alias-obligations,,,0,0,0
trace-029,mixed,0,7,top-one,,,0,0,0
trace-029,mixed,0,7,expiry-skyline,,,0,0,0
trace-029,mixed,0,8,direct,node-0004,node-0004,0,0,0
trace-029,mixed,0,8,verified,node-0004,node-0004,0,0,0
trace-029,mixed,0,8,full-compiled,node-0004,node-0004,0,0,0
trace-029,mixed,0,8,timestamp-only,node-0004,node-0004,0,0,0
trace-029,mixed,0,8,no-ancestor-expiry,node-0004,node-0004,0,0,0
trace-029,mixed,0,8,no-ancestor-revocation,node-0004,node-0004,0,0,0
trace-029,mixed,0,8,no-alias-obligations,node-0004,node-0004,0,0,0
trace-029,mixed,0,8,top-one,node-0004,node-0004,0,0,0
trace-029,mixed,0,8,expiry-skyline,node-0004,node-0004,0,0,0
trace-029,mixed,0,9,direct,node-0004,node-0004,0,0,0
trace-029,mixed,0,9,verified,node-0004,node-0004,0,0,0
trace-029,mixed,0,9,full-compiled,node-0004,node-0004,0,0,0
trace-029,mixed,0,9,timestamp-only,node-0004,node-0004,0,0,0
trace-029,mixed,0,9,no-ancestor-expiry,node-0004,node-0004,0,0,0
trace-029,mixed,0,9,no-ancestor-revocation,node-0004,node-0004,0,0,0
trace-029,mixed,0,9,no-alias-obligations,node-0004,node-0004,0,0,0
trace-029,mixed,0,9,top-one,node-0004,node-0004,0,0,0
trace-029,mixed,0,9,expiry-skyline,node-0004,node-0004,0,0,0
trace-029,mixed,0,10,direct,node-0004,node-0004,0,0,0
trace-029,mixed,0,10,verified,node-0004,node-0004,0,0,0
trace-029,mixed,0,10,full-compiled,node-0004,node-0004,0,0,0
trace-029,mixed,0,10,timestamp-only,node-0004,node-0004,0,0,0
trace-029,mixed,0,10,no-ancestor-expiry,node-0004,node-0004,0,0,0
trace-029,mixed,0,10,no-ancestor-revocation,node-0004,node-0004,0,0,0
trace-029,mixed,0,10,no-alias-obligations,node-0004,node-0004,0,0,0
trace-029,mixed,0,10,top-one,node-0004,node-0004,0,0,0
trace-029,mixed,0,10,expiry-skyline,node-0004,node-0004,0,0,0
trace-029,mixed,0,11,direct,,,0,0,0
trace-029,mixed,0,11,verified,,,0,0,0
trace-029,mixed,0,11,full-compiled,,,0,0,0
trace-029,mixed,0,11,timestamp-only,,node-0003,1,1,1
trace-029,mixed,0,11,no-ancestor-expiry,,,0,0,0
trace-029,mixed,0,11,no-ancestor-revocation,,,0,0,0
trace-029,mixed,0,11,no-alias-obligations,,node-0003,1,1,1
trace-029,mixed,0,11,top-one,,,0,0,0
trace-029,mixed,0,11,expiry-skyline,,,0,0,0
trace-029,mixed,1,0,direct,node-0013,node-0013,0,0,0
trace-029,mixed,1,0,verified,node-0013,node-0013,0,0,0
trace-029,mixed,1,0,full-compiled,node-0013,node-0013,0,0,0
trace-029,mixed,1,0,timestamp-only,node-0013,node-0013,0,0,0
trace-029,mixed,1,0,no-ancestor-expiry,node-0013,node-0013,0,0,0
trace-029,mixed,1,0,no-ancestor-revocation,node-0013,node-0013,0,0,0
trace-029,mixed,1,0,no-alias-obligations,node-0013,node-0013,0,0,0
trace-029,mixed,1,0,top-one,node-0013,node-0013,0,0,0
trace-029,mixed,1,0,expiry-skyline,node-0013,node-0013,0,0,0
trace-029,mixed,1,1,direct,node-0013,node-0013,0,0,0
trace-029,mixed,1,1,verified,node-0013,node-0013,0,0,0
trace-029,mixed,1,1,full-compiled,node-0013,node-0013,0,0,0
trace-029,mixed,1,1,timestamp-only,node-0013,node-0013,0,0,0
trace-029,mixed,1,1,no-ancestor-expiry,node-0013,node-0013,0,0,0
trace-029,mixed,1,1,no-ancestor-revocation,node-0013,node-0013,0,0,0
trace-029,mixed,1,1,no-alias-obligations,node-0013,node-0013,0,0,0
trace-029,mixed,1,1,top-one,node-0013,node-0013,0,0,0
trace-029,mixed,1,1,expiry-skyline,node-0013,node-0013,0,0,0
trace-029,mixed,1,2,direct,node-0015,node-0015,0,0,0
trace-029,mixed,1,2,verified,node-0015,node-0015,0,0,0
trace-029,mixed,1,2,full-compiled,node-0015,node-0015,0,0,0
trace-029,mixed,1,2,timestamp-only,node-0015,node-0029,1,1,1
trace-029,mixed,1,2,no-ancestor-expiry,node-0015,node-0015,0,0,0
trace-029,mixed,1,2,no-ancestor-revocation,node-0015,node-0015,0,0,0
trace-029,mixed,1,2,no-alias-obligations,node-0015,node-0029,1,1,1
trace-029,mixed,1,2,top-one,node-0015,,1,1,0
trace-029,mixed,1,2,expiry-skyline,node-0015,node-0031,1,1,0
trace-029,mixed,1,3,direct,node-0013,node-0013,0,0,0
trace-029,mixed,1,3,verified,node-0013,node-0013,0,0,0
trace-029,mixed,1,3,full-compiled,node-0013,node-0013,0,0,0
trace-029,mixed,1,3,timestamp-only,node-0013,node-0013,0,0,0
trace-029,mixed,1,3,no-ancestor-expiry,node-0013,node-0013,0,0,0
trace-029,mixed,1,3,no-ancestor-revocation,node-0013,node-0013,0,0,0
trace-029,mixed,1,3,no-alias-obligations,node-0013,node-0013,0,0,0
trace-029,mixed,1,3,top-one,node-0013,node-0013,0,0,0
trace-029,mixed,1,3,expiry-skyline,node-0013,node-0013,0,0,0
trace-029,mixed,1,4,direct,node-0013,node-0013,0,0,0
trace-029,mixed,1,4,verified,node-0013,node-0013,0,0,0
trace-029,mixed,1,4,full-compiled,node-0013,node-0013,0,0,0
trace-029,mixed,1,4,timestamp-only,node-0013,node-0013,0,0,0
trace-029,mixed,1,4,no-ancestor-expiry,node-0013,node-0013,0,0,0
trace-029,mixed,1,4,no-ancestor-revocation,node-0013,node-0013,0,0,0
trace-029,mixed,1,4,no-alias-obligations,node-0013,node-0013,0,0,0
trace-029,mixed,1,4,top-one,node-0013,node-0013,0,0,0
trace-029,mixed,1,4,expiry-skyline,node-0013,node-0013,0,0,0
trace-029,mixed,1,5,direct,node-0044,node-0044,0,0,0
trace-029,mixed,1,5,verified,node-0044,node-0044,0,0,0
trace-029,mixed,1,5,full-compiled,node-0044,node-0044,0,0,0
trace-029,mixed,1,5,timestamp-only,node-0044,node-0044,0,0,0
trace-029,mixed,1,5,no-ancestor-expiry,node-0044,node-0044,0,0,0
trace-029,mixed,1,5,no-ancestor-revocation,node-0044,node-0044,0,0,0
trace-029,mixed,1,5,no-alias-obligations,node-0044,node-0044,0,0,0
trace-029,mixed,1,5,top-one,node-0044,,1,1,0
trace-029,mixed,1,5,expiry-skyline,node-0044,node-0044,0,0,0
trace-029,mixed,1,6,direct,,,0,0,0
trace-029,mixed,1,6,verified,,,0,0,0
trace-029,mixed,1,6,full-compiled,,,0,0,0
trace-029,mixed,1,6,timestamp-only,,node-0029,1,1,1
trace-029,mixed,1,6,no-ancestor-expiry,,,0,0,0
trace-029,mixed,1,6,no-ancestor-revocation,,,0,0,0
trace-029,mixed,1,6,no-alias-obligations,,node-0029,1,1,1
trace-029,mixed,1,6,top-one,,,0,0,0
trace-029,mixed,1,6,expiry-skyline,,,0,0,0
trace-029,mixed,1,7,direct,,,0,0,0
trace-029,mixed,1,7,verified,,,0,0,0
trace-029,mixed,1,7,full-compiled,,,0,0,0
trace-029,mixed,1,7,timestamp-only,,,0,0,0
trace-029,mixed,1,7,no-ancestor-expiry,,,0,0,0
trace-029,mixed,1,7,no-ancestor-revocation,,,0,0,0
trace-029,mixed,1,7,no-alias-obligations,,,0,0,0
trace-029,mixed,1,7,top-one,,,0,0,0
trace-029,mixed,1,7,expiry-skyline,,,0,0,0
trace-029,mixed,1,8,direct,node-0013,node-0013,0,0,0
trace-029,mixed,1,8,verified,node-0013,node-0013,0,0,0
trace-029,mixed,1,8,full-compiled,node-0013,node-0013,0,0,0
trace-029,mixed,1,8,timestamp-only,node-0013,node-0013,0,0,0
trace-029,mixed,1,8,no-ancestor-expiry,node-0013,node-0013,0,0,0
trace-029,mixed,1,8,no-ancestor-revocation,node-0013,node-0013,0,0,0
trace-029,mixed,1,8,no-alias-obligations,node-0013,node-0013,0,0,0
trace-029,mixed,1,8,top-one,node-0013,node-0013,0,0,0
trace-029,mixed,1,8,expiry-skyline,node-0013,node-0013,0,0,0
trace-029,mixed,1,9,direct,node-0013,node-0013,0,0,0
trace-029,mixed,1,9,verified,node-0013,node-0013,0,0,0
trace-029,mixed,1,9,full-compiled,node-0013,node-0013,0,0,0
trace-029,mixed,1,9,timestamp-only,node-0013,node-0013,0,0,0
trace-029,mixed,1,9,no-ancestor-expiry,node-0013,node-0013,0,0,0
trace-029,mixed,1,9,no-ancestor-revocation,node-0013,node-0013,0,0,0
trace-029,mixed,1,9,no-alias-obligations,node-0013,node-0013,0,0,0
trace-029,mixed,1,9,top-one,node-0013,node-0013,0,0,0
trace-029,mixed,1,9,expiry-skyline,node-0013,node-0013,0,0,0
trace-029,mixed,1,10,direct,node-0014,node-0014,0,0,0
trace-029,mixed,1,10,verified,node-0014,node-0014,0,0,0
trace-029,mixed,1,10,full-compiled,node-0014,node-0014,0,0,0
trace-029,mixed,1,10,timestamp-only,node-0014,node-0014,0,0,0
trace-029,mixed,1,10,no-ancestor-expiry,node-0014,node-0014,0,0,0
trace-029,mixed,1,10,no-ancestor-revocation,node-0014,node-0014,0,0,0
trace-029,mixed,1,10,no-alias-obligations,node-0014,node-0014,0,0,0
trace-029,mixed,1,10,top-one,node-0014,,1,1,0
trace-029,mixed,1,10,expiry-skyline,node-0014,node-0014,0,0,0
trace-029,mixed,1,11,direct,,,0,0,0
trace-029,mixed,1,11,verified,,,0,0,0
trace-029,mixed,1,11,full-compiled,,,0,0,0
trace-029,mixed,1,11,timestamp-only,,node-0058,1,1,1
trace-029,mixed,1,11,no-ancestor-expiry,,,0,0,0
trace-029,mixed,1,11,no-ancestor-revocation,,,0,0,0
trace-029,mixed,1,11,no-alias-obligations,,node-0058,1,1,1
trace-029,mixed,1,11,top-one,,,0,0,0
trace-029,mixed,1,11,expiry-skyline,,,0,0,0
trace-030,mixed,0,0,direct,node-0006,node-0006,0,0,0
trace-030,mixed,0,0,verified,node-0006,node-0006,0,0,0
trace-030,mixed,0,0,full-compiled,node-0006,node-0006,0,0,0
trace-030,mixed,0,0,timestamp-only,node-0006,node-0006,0,0,0
trace-030,mixed,0,0,no-ancestor-expiry,node-0006,node-0006,0,0,0
trace-030,mixed,0,0,no-ancestor-revocation,node-0006,node-0006,0,0,0
trace-030,mixed,0,0,no-alias-obligations,node-0006,node-0006,0,0,0
trace-030,mixed,0,0,top-one,node-0006,node-0006,0,0,0
trace-030,mixed,0,0,expiry-skyline,node-0006,node-0006,0,0,0
trace-030,mixed,0,1,direct,node-0006,node-0006,0,0,0
trace-030,mixed,0,1,verified,node-0006,node-0006,0,0,0
trace-030,mixed,0,1,full-compiled,node-0006,node-0006,0,0,0
trace-030,mixed,0,1,timestamp-only,node-0006,node-0006,0,0,0
trace-030,mixed,0,1,no-ancestor-expiry,node-0006,node-0006,0,0,0
trace-030,mixed,0,1,no-ancestor-revocation,node-0006,node-0006,0,0,0
trace-030,mixed,0,1,no-alias-obligations,node-0006,node-0006,0,0,0
trace-030,mixed,0,1,top-one,node-0006,node-0006,0,0,0
trace-030,mixed,0,1,expiry-skyline,node-0006,node-0006,0,0,0
trace-030,mixed,0,2,direct,node-0048,node-0048,0,0,0
trace-030,mixed,0,2,verified,node-0048,node-0048,0,0,0
trace-030,mixed,0,2,full-compiled,node-0048,node-0048,0,0,0
trace-030,mixed,0,2,timestamp-only,node-0048,node-0023,1,1,1
trace-030,mixed,0,2,no-ancestor-expiry,node-0048,node-0048,0,0,0
trace-030,mixed,0,2,no-ancestor-revocation,node-0048,node-0048,0,0,0
trace-030,mixed,0,2,no-alias-obligations,node-0048,node-0023,1,1,1
trace-030,mixed,0,2,top-one,node-0048,,1,1,0
trace-030,mixed,0,2,expiry-skyline,node-0048,,1,1,0
trace-030,mixed,0,3,direct,node-0006,node-0006,0,0,0
trace-030,mixed,0,3,verified,node-0006,node-0006,0,0,0
trace-030,mixed,0,3,full-compiled,node-0006,node-0006,0,0,0
trace-030,mixed,0,3,timestamp-only,node-0006,node-0006,0,0,0
trace-030,mixed,0,3,no-ancestor-expiry,node-0006,node-0006,0,0,0
trace-030,mixed,0,3,no-ancestor-revocation,node-0006,node-0006,0,0,0
trace-030,mixed,0,3,no-alias-obligations,node-0006,node-0006,0,0,0
trace-030,mixed,0,3,top-one,node-0006,node-0006,0,0,0
trace-030,mixed,0,3,expiry-skyline,node-0006,node-0006,0,0,0
trace-030,mixed,0,4,direct,node-0006,node-0006,0,0,0
trace-030,mixed,0,4,verified,node-0006,node-0006,0,0,0
trace-030,mixed,0,4,full-compiled,node-0006,node-0006,0,0,0
trace-030,mixed,0,4,timestamp-only,node-0006,node-0006,0,0,0
trace-030,mixed,0,4,no-ancestor-expiry,node-0006,node-0006,0,0,0
trace-030,mixed,0,4,no-ancestor-revocation,node-0006,node-0006,0,0,0
trace-030,mixed,0,4,no-alias-obligations,node-0006,node-0006,0,0,0
trace-030,mixed,0,4,top-one,node-0006,node-0006,0,0,0
trace-030,mixed,0,4,expiry-skyline,node-0006,node-0006,0,0,0
trace-030,mixed,0,5,direct,node-0006,node-0006,0,0,0
trace-030,mixed,0,5,verified,node-0006,node-0006,0,0,0
trace-030,mixed,0,5,full-compiled,node-0006,node-0006,0,0,0
trace-030,mixed,0,5,timestamp-only,node-0006,node-0006,0,0,0
trace-030,mixed,0,5,no-ancestor-expiry,node-0006,node-0006,0,0,0
trace-030,mixed,0,5,no-ancestor-revocation,node-0006,node-0006,0,0,0
trace-030,mixed,0,5,no-alias-obligations,node-0006,node-0006,0,0,0
trace-030,mixed,0,5,top-one,node-0006,node-0006,0,0,0
trace-030,mixed,0,5,expiry-skyline,node-0006,node-0006,0,0,0
trace-030,mixed,0,6,direct,node-0032,node-0032,0,0,0
trace-030,mixed,0,6,verified,node-0032,node-0032,0,0,0
trace-030,mixed,0,6,full-compiled,node-0032,node-0032,0,0,0
trace-030,mixed,0,6,timestamp-only,node-0032,node-0032,0,0,0
trace-030,mixed,0,6,no-ancestor-expiry,node-0032,node-0032,0,0,0
trace-030,mixed,0,6,no-ancestor-revocation,node-0032,node-0032,0,0,0
trace-030,mixed,0,6,no-alias-obligations,node-0032,node-0032,0,0,0
trace-030,mixed,0,6,top-one,node-0032,,1,1,0
trace-030,mixed,0,6,expiry-skyline,node-0032,node-0032,0,0,0
trace-030,mixed,0,7,direct,,,0,0,0
trace-030,mixed,0,7,verified,,,0,0,0
trace-030,mixed,0,7,full-compiled,,,0,0,0
trace-030,mixed,0,7,timestamp-only,,,0,0,0
trace-030,mixed,0,7,no-ancestor-expiry,,,0,0,0
trace-030,mixed,0,7,no-ancestor-revocation,,,0,0,0
trace-030,mixed,0,7,no-alias-obligations,,,0,0,0
trace-030,mixed,0,7,top-one,,,0,0,0
trace-030,mixed,0,7,expiry-skyline,,,0,0,0
trace-030,mixed,0,8,direct,node-0006,node-0006,0,0,0
trace-030,mixed,0,8,verified,node-0006,node-0006,0,0,0
trace-030,mixed,0,8,full-compiled,node-0006,node-0006,0,0,0
trace-030,mixed,0,8,timestamp-only,node-0006,node-0006,0,0,0
trace-030,mixed,0,8,no-ancestor-expiry,node-0006,node-0006,0,0,0
trace-030,mixed,0,8,no-ancestor-revocation,node-0006,node-0006,0,0,0
trace-030,mixed,0,8,no-alias-obligations,node-0006,node-0006,0,0,0
trace-030,mixed,0,8,top-one,node-0006,node-0006,0,0,0
trace-030,mixed,0,8,expiry-skyline,node-0006,node-0006,0,0,0
trace-030,mixed,0,9,direct,node-0006,node-0006,0,0,0
trace-030,mixed,0,9,verified,node-0006,node-0006,0,0,0
trace-030,mixed,0,9,full-compiled,node-0006,node-0006,0,0,0
trace-030,mixed,0,9,timestamp-only,node-0006,node-0006,0,0,0
trace-030,mixed,0,9,no-ancestor-expiry,node-0006,node-0006,0,0,0
trace-030,mixed,0,9,no-ancestor-revocation,node-0006,node-0006,0,0,0
trace-030,mixed,0,9,no-alias-obligations,node-0006,node-0006,0,0,0
trace-030,mixed,0,9,top-one,node-0006,node-0006,0,0,0
trace-030,mixed,0,9,expiry-skyline,node-0006,node-0006,0,0,0
trace-030,mixed,0,10,direct,node-0006,node-0006,0,0,0
trace-030,mixed,0,10,verified,node-0006,node-0006,0,0,0
trace-030,mixed,0,10,full-compiled,node-0006,node-0006,0,0,0
trace-030,mixed,0,10,timestamp-only,node-0006,node-0006,0,0,0
trace-030,mixed,0,10,no-ancestor-expiry,node-0006,node-0006,0,0,0
trace-030,mixed,0,10,no-ancestor-revocation,node-0006,node-0006,0,0,0
trace-030,mixed,0,10,no-alias-obligations,node-0006,node-0006,0,0,0
trace-030,mixed,0,10,top-one,node-0006,node-0006,0,0,0
trace-030,mixed,0,10,expiry-skyline,node-0006,node-0006,0,0,0
trace-030,mixed,0,11,direct,,,0,0,0
trace-030,mixed,0,11,verified,,,0,0,0
trace-030,mixed,0,11,full-compiled,,,0,0,0
trace-030,mixed,0,11,timestamp-only,,node-0033,1,1,1
trace-030,mixed,0,11,no-ancestor-expiry,,,0,0,0
trace-030,mixed,0,11,no-ancestor-revocation,,,0,0,0
trace-030,mixed,0,11,no-alias-obligations,,node-0033,1,1,1
trace-030,mixed,0,11,top-one,,,0,0,0
trace-030,mixed,0,11,expiry-skyline,,,0,0,0
trace-030,mixed,1,0,direct,node-0056,node-0056,0,0,0
trace-030,mixed,1,0,verified,node-0056,node-0056,0,0,0
trace-030,mixed,1,0,full-compiled,node-0056,node-0056,0,0,0
trace-030,mixed,1,0,timestamp-only,node-0056,node-0056,0,0,0
trace-030,mixed,1,0,no-ancestor-expiry,node-0056,node-0056,0,0,0
trace-030,mixed,1,0,no-ancestor-revocation,node-0056,node-0056,0,0,0
trace-030,mixed,1,0,no-alias-obligations,node-0056,node-0056,0,0,0
trace-030,mixed,1,0,top-one,node-0056,node-0056,0,0,0
trace-030,mixed,1,0,expiry-skyline,node-0056,node-0056,0,0,0
trace-030,mixed,1,1,direct,node-0044,node-0044,0,0,0
trace-030,mixed,1,1,verified,node-0044,node-0044,0,0,0
trace-030,mixed,1,1,full-compiled,node-0044,node-0044,0,0,0
trace-030,mixed,1,1,timestamp-only,node-0044,node-0056,1,1,1
trace-030,mixed,1,1,no-ancestor-expiry,node-0044,node-0044,0,0,0
trace-030,mixed,1,1,no-ancestor-revocation,node-0044,node-0056,1,1,1
trace-030,mixed,1,1,no-alias-obligations,node-0044,node-0044,0,0,0
trace-030,mixed,1,1,top-one,node-0044,,1,1,0
trace-030,mixed,1,1,expiry-skyline,node-0044,node-0008,1,1,0
trace-030,mixed,1,2,direct,node-0063,node-0063,0,0,0
trace-030,mixed,1,2,verified,node-0063,node-0063,0,0,0
trace-030,mixed,1,2,full-compiled,node-0063,node-0063,0,0,0
trace-030,mixed,1,2,timestamp-only,node-0063,node-0024,1,1,1
trace-030,mixed,1,2,no-ancestor-expiry,node-0063,node-0063,0,0,0
trace-030,mixed,1,2,no-ancestor-revocation,node-0063,node-0063,0,0,0
trace-030,mixed,1,2,no-alias-obligations,node-0063,node-0025,1,1,1
trace-030,mixed,1,2,top-one,node-0063,,1,1,0
trace-030,mixed,1,2,expiry-skyline,node-0063,,1,1,0
trace-030,mixed,1,3,direct,node-0044,node-0044,0,0,0
trace-030,mixed,1,3,verified,node-0044,node-0044,0,0,0
trace-030,mixed,1,3,full-compiled,node-0044,node-0044,0,0,0
trace-030,mixed,1,3,timestamp-only,node-0044,node-0056,1,1,1
trace-030,mixed,1,3,no-ancestor-expiry,node-0044,node-0044,0,0,0
trace-030,mixed,1,3,no-ancestor-revocation,node-0044,node-0056,1,1,1
trace-030,mixed,1,3,no-alias-obligations,node-0044,node-0044,0,0,0
trace-030,mixed,1,3,top-one,node-0044,,1,1,0
trace-030,mixed,1,3,expiry-skyline,node-0044,node-0008,1,1,0
trace-030,mixed,1,4,direct,node-0056,node-0056,0,0,0
trace-030,mixed,1,4,verified,node-0056,node-0056,0,0,0
trace-030,mixed,1,4,full-compiled,node-0056,node-0056,0,0,0
trace-030,mixed,1,4,timestamp-only,node-0056,node-0056,0,0,0
trace-030,mixed,1,4,no-ancestor-expiry,node-0056,node-0056,0,0,0
trace-030,mixed,1,4,no-ancestor-revocation,node-0056,node-0056,0,0,0
trace-030,mixed,1,4,no-alias-obligations,node-0056,node-0056,0,0,0
trace-030,mixed,1,4,top-one,node-0056,node-0056,0,0,0
trace-030,mixed,1,4,expiry-skyline,node-0056,node-0056,0,0,0
trace-030,mixed,1,5,direct,node-0056,node-0056,0,0,0
trace-030,mixed,1,5,verified,node-0056,node-0056,0,0,0
trace-030,mixed,1,5,full-compiled,node-0056,node-0056,0,0,0
trace-030,mixed,1,5,timestamp-only,node-0056,node-0056,0,0,0
trace-030,mixed,1,5,no-ancestor-expiry,node-0056,node-0056,0,0,0
trace-030,mixed,1,5,no-ancestor-revocation,node-0056,node-0056,0,0,0
trace-030,mixed,1,5,no-alias-obligations,node-0056,node-0056,0,0,0
trace-030,mixed,1,5,top-one,node-0056,node-0056,0,0,0
trace-030,mixed,1,5,expiry-skyline,node-0056,node-0056,0,0,0
trace-030,mixed,1,6,direct,,,0,0,0
trace-030,mixed,1,6,verified,,,0,0,0
trace-030,mixed,1,6,full-compiled,,,0,0,0
trace-030,mixed,1,6,timestamp-only,,node-0056,1,1,1
trace-030,mixed,1,6,no-ancestor-expiry,,node-0056,1,1,1
trace-030,mixed,1,6,no-ancestor-revocation,,,0,0,0
trace-030,mixed,1,6,no-alias-obligations,,,0,0,0
trace-030,mixed,1,6,top-one,,,0,0,0
trace-030,mixed,1,6,expiry-skyline,,,0,0,0
trace-030,mixed,1,7,direct,,,0,0,0
trace-030,mixed,1,7,verified,,,0,0,0
trace-030,mixed,1,7,full-compiled,,,0,0,0
trace-030,mixed,1,7,timestamp-only,,,0,0,0
trace-030,mixed,1,7,no-ancestor-expiry,,,0,0,0
trace-030,mixed,1,7,no-ancestor-revocation,,,0,0,0
trace-030,mixed,1,7,no-alias-obligations,,,0,0,0
trace-030,mixed,1,7,top-one,,,0,0,0
trace-030,mixed,1,7,expiry-skyline,,,0,0,0
trace-030,mixed,1,8,direct,node-0056,node-0056,0,0,0
trace-030,mixed,1,8,verified,node-0056,node-0056,0,0,0
trace-030,mixed,1,8,full-compiled,node-0056,node-0056,0,0,0
trace-030,mixed,1,8,timestamp-only,node-0056,node-0056,0,0,0
trace-030,mixed,1,8,no-ancestor-expiry,node-0056,node-0056,0,0,0
trace-030,mixed,1,8,no-ancestor-revocation,node-0056,node-0056,0,0,0
trace-030,mixed,1,8,no-alias-obligations,node-0056,node-0056,0,0,0
trace-030,mixed,1,8,top-one,node-0056,node-0056,0,0,0
trace-030,mixed,1,8,expiry-skyline,node-0056,node-0056,0,0,0
trace-030,mixed,1,9,direct,node-0044,node-0044,0,0,0
trace-030,mixed,1,9,verified,node-0044,node-0044,0,0,0
trace-030,mixed,1,9,full-compiled,node-0044,node-0044,0,0,0
trace-030,mixed,1,9,timestamp-only,node-0044,node-0056,1,1,1
trace-030,mixed,1,9,no-ancestor-expiry,node-0044,node-0044,0,0,0
trace-030,mixed,1,9,no-ancestor-revocation,node-0044,node-0056,1,1,1
trace-030,mixed,1,9,no-alias-obligations,node-0044,node-0044,0,0,0
trace-030,mixed,1,9,top-one,node-0044,,1,1,0
trace-030,mixed,1,9,expiry-skyline,node-0044,node-0008,1,1,0
trace-030,mixed,1,10,direct,node-0056,node-0056,0,0,0
trace-030,mixed,1,10,verified,node-0056,node-0056,0,0,0
trace-030,mixed,1,10,full-compiled,node-0056,node-0056,0,0,0
trace-030,mixed,1,10,timestamp-only,node-0056,node-0056,0,0,0
trace-030,mixed,1,10,no-ancestor-expiry,node-0056,node-0056,0,0,0
trace-030,mixed,1,10,no-ancestor-revocation,node-0056,node-0056,0,0,0
trace-030,mixed,1,10,no-alias-obligations,node-0056,node-0056,0,0,0
trace-030,mixed,1,10,top-one,node-0056,node-0056,0,0,0
trace-030,mixed,1,10,expiry-skyline,node-0056,node-0056,0,0,0
trace-030,mixed,1,11,direct,,,0,0,0
trace-030,mixed,1,11,verified,,,0,0,0
trace-030,mixed,1,11,full-compiled,,,0,0,0
trace-030,mixed,1,11,timestamp-only,,node-0059,1,1,1
trace-030,mixed,1,11,no-ancestor-expiry,,,0,0,0
trace-030,mixed,1,11,no-ancestor-revocation,,,0,0,0
trace-030,mixed,1,11,no-alias-obligations,,node-0059,1,1,1
trace-030,mixed,1,11,top-one,,,0,0,0
trace-030,mixed,1,11,expiry-skyline,,,0,0,0
trace-031,mixed,0,0,direct,node-0049,node-0049,0,0,0
trace-031,mixed,0,0,verified,node-0049,node-0049,0,0,0
trace-031,mixed,0,0,full-compiled,node-0049,node-0049,0,0,0
trace-031,mixed,0,0,timestamp-only,node-0049,node-0049,0,0,0
trace-031,mixed,0,0,no-ancestor-expiry,node-0049,node-0049,0,0,0
trace-031,mixed,0,0,no-ancestor-revocation,node-0049,node-0049,0,0,0
trace-031,mixed,0,0,no-alias-obligations,node-0049,node-0049,0,0,0
trace-031,mixed,0,0,top-one,node-0049,node-0049,0,0,0
trace-031,mixed,0,0,expiry-skyline,node-0049,node-0049,0,0,0
trace-031,mixed,0,1,direct,node-0049,node-0049,0,0,0
trace-031,mixed,0,1,verified,node-0049,node-0049,0,0,0
trace-031,mixed,0,1,full-compiled,node-0049,node-0049,0,0,0
trace-031,mixed,0,1,timestamp-only,node-0049,node-0049,0,0,0
trace-031,mixed,0,1,no-ancestor-expiry,node-0049,node-0049,0,0,0
trace-031,mixed,0,1,no-ancestor-revocation,node-0049,node-0049,0,0,0
trace-031,mixed,0,1,no-alias-obligations,node-0049,node-0049,0,0,0
trace-031,mixed,0,1,top-one,node-0049,node-0049,0,0,0
trace-031,mixed,0,1,expiry-skyline,node-0049,node-0049,0,0,0
trace-031,mixed,0,2,direct,node-0000,node-0000,0,0,0
trace-031,mixed,0,2,verified,node-0000,node-0000,0,0,0
trace-031,mixed,0,2,full-compiled,node-0000,node-0000,0,0,0
trace-031,mixed,0,2,timestamp-only,node-0000,node-0003,1,1,1
trace-031,mixed,0,2,no-ancestor-expiry,node-0000,node-0000,0,0,0
trace-031,mixed,0,2,no-ancestor-revocation,node-0000,node-0000,0,0,0
trace-031,mixed,0,2,no-alias-obligations,node-0000,node-0003,1,1,1
trace-031,mixed,0,2,top-one,node-0000,,1,1,0
trace-031,mixed,0,2,expiry-skyline,node-0000,,1,1,0
trace-031,mixed,0,3,direct,node-0049,node-0049,0,0,0
trace-031,mixed,0,3,verified,node-0049,node-0049,0,0,0
trace-031,mixed,0,3,full-compiled,node-0049,node-0049,0,0,0
trace-031,mixed,0,3,timestamp-only,node-0049,node-0049,0,0,0
trace-031,mixed,0,3,no-ancestor-expiry,node-0049,node-0049,0,0,0
trace-031,mixed,0,3,no-ancestor-revocation,node-0049,node-0049,0,0,0
trace-031,mixed,0,3,no-alias-obligations,node-0049,node-0049,0,0,0
trace-031,mixed,0,3,top-one,node-0049,node-0049,0,0,0
trace-031,mixed,0,3,expiry-skyline,node-0049,node-0049,0,0,0
trace-031,mixed,0,4,direct,node-0049,node-0049,0,0,0
trace-031,mixed,0,4,verified,node-0049,node-0049,0,0,0
trace-031,mixed,0,4,full-compiled,node-0049,node-0049,0,0,0
trace-031,mixed,0,4,timestamp-only,node-0049,node-0049,0,0,0
trace-031,mixed,0,4,no-ancestor-expiry,node-0049,node-0049,0,0,0
trace-031,mixed,0,4,no-ancestor-revocation,node-0049,node-0049,0,0,0
trace-031,mixed,0,4,no-alias-obligations,node-0049,node-0049,0,0,0
trace-031,mixed,0,4,top-one,node-0049,node-0049,0,0,0
trace-031,mixed,0,4,expiry-skyline,node-0049,node-0049,0,0,0
trace-031,mixed,0,5,direct,node-0049,node-0049,0,0,0
trace-031,mixed,0,5,verified,node-0049,node-0049,0,0,0
trace-031,mixed,0,5,full-compiled,node-0049,node-0049,0,0,0
trace-031,mixed,0,5,timestamp-only,node-0049,node-0049,0,0,0
trace-031,mixed,0,5,no-ancestor-expiry,node-0049,node-0049,0,0,0
trace-031,mixed,0,5,no-ancestor-revocation,node-0049,node-0049,0,0,0
trace-031,mixed,0,5,no-alias-obligations,node-0049,node-0049,0,0,0
trace-031,mixed,0,5,top-one,node-0049,node-0049,0,0,0
trace-031,mixed,0,5,expiry-skyline,node-0049,node-0049,0,0,0
trace-031,mixed,0,6,direct,node-0004,node-0004,0,0,0
trace-031,mixed,0,6,verified,node-0004,node-0004,0,0,0
trace-031,mixed,0,6,full-compiled,node-0004,node-0004,0,0,0
trace-031,mixed,0,6,timestamp-only,node-0004,node-0049,1,1,1
trace-031,mixed,0,6,no-ancestor-expiry,node-0004,node-0052,1,1,1
trace-031,mixed,0,6,no-ancestor-revocation,node-0004,node-0004,0,0,0
trace-031,mixed,0,6,no-alias-obligations,node-0004,node-0049,1,1,1
trace-031,mixed,0,6,top-one,node-0004,,1,1,0
trace-031,mixed,0,6,expiry-skyline,node-0004,node-0004,0,0,0
trace-031,mixed,0,7,direct,,,0,0,0
trace-031,mixed,0,7,verified,,,0,0,0
trace-031,mixed,0,7,full-compiled,,,0,0,0
trace-031,mixed,0,7,timestamp-only,,,0,0,0
trace-031,mixed,0,7,no-ancestor-expiry,,,0,0,0
trace-031,mixed,0,7,no-ancestor-revocation,,,0,0,0
trace-031,mixed,0,7,no-alias-obligations,,,0,0,0
trace-031,mixed,0,7,top-one,,,0,0,0
trace-031,mixed,0,7,expiry-skyline,,,0,0,0
trace-031,mixed,0,8,direct,node-0049,node-0049,0,0,0
trace-031,mixed,0,8,verified,node-0049,node-0049,0,0,0
trace-031,mixed,0,8,full-compiled,node-0049,node-0049,0,0,0
trace-031,mixed,0,8,timestamp-only,node-0049,node-0049,0,0,0
trace-031,mixed,0,8,no-ancestor-expiry,node-0049,node-0049,0,0,0
trace-031,mixed,0,8,no-ancestor-revocation,node-0049,node-0049,0,0,0
trace-031,mixed,0,8,no-alias-obligations,node-0049,node-0049,0,0,0
trace-031,mixed,0,8,top-one,node-0049,node-0049,0,0,0
trace-031,mixed,0,8,expiry-skyline,node-0049,node-0049,0,0,0
trace-031,mixed,0,9,direct,node-0000,node-0000,0,0,0
trace-031,mixed,0,9,verified,node-0000,node-0000,0,0,0
trace-031,mixed,0,9,full-compiled,node-0000,node-0000,0,0,0
trace-031,mixed,0,9,timestamp-only,node-0000,node-0001,1,1,1
trace-031,mixed,0,9,no-ancestor-expiry,node-0000,node-0000,0,0,0
trace-031,mixed,0,9,no-ancestor-revocation,node-0000,node-0000,0,0,0
trace-031,mixed,0,9,no-alias-obligations,node-0000,node-0001,1,1,1
trace-031,mixed,0,9,top-one,node-0000,,1,1,0
trace-031,mixed,0,9,expiry-skyline,node-0000,,1,1,0
trace-031,mixed,0,10,direct,node-0049,node-0049,0,0,0
trace-031,mixed,0,10,verified,node-0049,node-0049,0,0,0
trace-031,mixed,0,10,full-compiled,node-0049,node-0049,0,0,0
trace-031,mixed,0,10,timestamp-only,node-0049,node-0049,0,0,0
trace-031,mixed,0,10,no-ancestor-expiry,node-0049,node-0049,0,0,0
trace-031,mixed,0,10,no-ancestor-revocation,node-0049,node-0049,0,0,0
trace-031,mixed,0,10,no-alias-obligations,node-0049,node-0049,0,0,0
trace-031,mixed,0,10,top-one,node-0049,node-0049,0,0,0
trace-031,mixed,0,10,expiry-skyline,node-0049,node-0049,0,0,0
trace-031,mixed,0,11,direct,node-0000,node-0000,0,0,0
trace-031,mixed,0,11,verified,node-0000,node-0000,0,0,0
trace-031,mixed,0,11,full-compiled,node-0000,node-0000,0,0,0
trace-031,mixed,0,11,timestamp-only,node-0000,node-0001,1,1,1
trace-031,mixed,0,11,no-ancestor-expiry,node-0000,node-0000,0,0,0
trace-031,mixed,0,11,no-ancestor-revocation,node-0000,node-0000,0,0,0
trace-031,mixed,0,11,no-alias-obligations,node-0000,node-0001,1,1,1
trace-031,mixed,0,11,top-one,node-0000,,1,1,0
trace-031,mixed,0,11,expiry-skyline,node-0000,,1,1,0
trace-031,mixed,1,0,direct,node-0060,node-0060,0,0,0
trace-031,mixed,1,0,verified,node-0060,node-0060,0,0,0
trace-031,mixed,1,0,full-compiled,node-0060,node-0060,0,0,0
trace-031,mixed,1,0,timestamp-only,node-0060,node-0060,0,0,0
trace-031,mixed,1,0,no-ancestor-expiry,node-0060,node-0060,0,0,0
trace-031,mixed,1,0,no-ancestor-revocation,node-0060,node-0060,0,0,0
trace-031,mixed,1,0,no-alias-obligations,node-0060,node-0060,0,0,0
trace-031,mixed,1,0,top-one,node-0060,node-0060,0,0,0
trace-031,mixed,1,0,expiry-skyline,node-0060,node-0060,0,0,0
trace-031,mixed,1,1,direct,node-0009,node-0009,0,0,0
trace-031,mixed,1,1,verified,node-0009,node-0009,0,0,0
trace-031,mixed,1,1,full-compiled,node-0009,node-0009,0,0,0
trace-031,mixed,1,1,timestamp-only,node-0009,node-0060,1,1,1
trace-031,mixed,1,1,no-ancestor-expiry,node-0009,node-0009,0,0,0
trace-031,mixed,1,1,no-ancestor-revocation,node-0009,node-0060,1,1,1
trace-031,mixed,1,1,no-alias-obligations,node-0009,node-0009,0,0,0
trace-031,mixed,1,1,top-one,node-0009,,1,1,0
trace-031,mixed,1,1,expiry-skyline,node-0009,node-0009,0,0,0
trace-031,mixed,1,2,direct,node-0063,node-0063,0,0,0
trace-031,mixed,1,2,verified,node-0063,node-0063,0,0,0
trace-031,mixed,1,2,full-compiled,node-0063,node-0063,0,0,0
trace-031,mixed,1,2,timestamp-only,node-0063,node-0058,1,1,1
trace-031,mixed,1,2,no-ancestor-expiry,node-0063,node-0063,0,0,0
trace-031,mixed,1,2,no-ancestor-revocation,node-0063,node-0063,0,0,0
trace-031,mixed,1,2,no-alias-obligations,node-0063,node-0058,1,1,1
trace-031,mixed,1,2,top-one,node-0063,,1,1,0
trace-031,mixed,1,2,expiry-skyline,node-0063,,1,1,0
trace-031,mixed,1,3,direct,node-0009,node-0009,0,0,0
trace-031,mixed,1,3,verified,node-0009,node-0009,0,0,0
trace-031,mixed,1,3,full-compiled,node-0009,node-0009,0,0,0
trace-031,mixed,1,3,timestamp-only,node-0009,node-0060,1,1,1
trace-031,mixed,1,3,no-ancestor-expiry,node-0009,node-0009,0,0,0
trace-031,mixed,1,3,no-ancestor-revocation,node-0009,node-0060,1,1,1
trace-031,mixed,1,3,no-alias-obligations,node-0009,node-0009,0,0,0
trace-031,mixed,1,3,top-one,node-0009,,1,1,0
trace-031,mixed,1,3,expiry-skyline,node-0009,node-0009,0,0,0
trace-031,mixed,1,4,direct,node-0060,node-0060,0,0,0
trace-031,mixed,1,4,verified,node-0060,node-0060,0,0,0
trace-031,mixed,1,4,full-compiled,node-0060,node-0060,0,0,0
trace-031,mixed,1,4,timestamp-only,node-0060,node-0060,0,0,0
trace-031,mixed,1,4,no-ancestor-expiry,node-0060,node-0060,0,0,0
trace-031,mixed,1,4,no-ancestor-revocation,node-0060,node-0060,0,0,0
trace-031,mixed,1,4,no-alias-obligations,node-0060,node-0060,0,0,0
trace-031,mixed,1,4,top-one,node-0060,node-0060,0,0,0
trace-031,mixed,1,4,expiry-skyline,node-0060,node-0060,0,0,0
trace-031,mixed,1,5,direct,node-0009,node-0009,0,0,0
trace-031,mixed,1,5,verified,node-0009,node-0009,0,0,0
trace-031,mixed,1,5,full-compiled,node-0009,node-0009,0,0,0
trace-031,mixed,1,5,timestamp-only,node-0009,node-0009,0,0,0
trace-031,mixed,1,5,no-ancestor-expiry,node-0009,node-0009,0,0,0
trace-031,mixed,1,5,no-ancestor-revocation,node-0009,node-0009,0,0,0
trace-031,mixed,1,5,no-alias-obligations,node-0009,node-0009,0,0,0
trace-031,mixed,1,5,top-one,node-0009,,1,1,0
trace-031,mixed,1,5,expiry-skyline,node-0009,node-0009,0,0,0
trace-031,mixed,1,6,direct,,,0,0,0
trace-031,mixed,1,6,verified,,,0,0,0
trace-031,mixed,1,6,full-compiled,,,0,0,0
trace-031,mixed,1,6,timestamp-only,,node-0026,1,1,1
trace-031,mixed,1,6,no-ancestor-expiry,,,0,0,0
trace-031,mixed,1,6,no-ancestor-revocation,,,0,0,0
trace-031,mixed,1,6,no-alias-obligations,,node-0026,1,1,1
trace-031,mixed,1,6,top-one,,,0,0,0
trace-031,mixed,1,6,expiry-skyline,,,0,0,0
trace-031,mixed,1,7,direct,,,0,0,0
trace-031,mixed,1,7,verified,,,0,0,0
trace-031,mixed,1,7,full-compiled,,,0,0,0
trace-031,mixed,1,7,timestamp-only,,,0,0,0
trace-031,mixed,1,7,no-ancestor-expiry,,,0,0,0
trace-031,mixed,1,7,no-ancestor-revocation,,,0,0,0
trace-031,mixed,1,7,no-alias-obligations,,,0,0,0
trace-031,mixed,1,7,top-one,,,0,0,0
trace-031,mixed,1,7,expiry-skyline,,,0,0,0
trace-031,mixed,1,8,direct,node-0009,node-0009,0,0,0
trace-031,mixed,1,8,verified,node-0009,node-0009,0,0,0
trace-031,mixed,1,8,full-compiled,node-0009,node-0009,0,0,0
trace-031,mixed,1,8,timestamp-only,node-0009,node-0060,1,1,1
trace-031,mixed,1,8,no-ancestor-expiry,node-0009,node-0009,0,0,0
trace-031,mixed,1,8,no-ancestor-revocation,node-0009,node-0060,1,1,1
trace-031,mixed,1,8,no-alias-obligations,node-0009,node-0009,0,0,0
trace-031,mixed,1,8,top-one,node-0009,,1,1,0
trace-031,mixed,1,8,expiry-skyline,node-0009,node-0009,0,0,0
trace-031,mixed,1,9,direct,node-0031,node-0031,0,0,0
trace-031,mixed,1,9,verified,node-0031,node-0031,0,0,0
trace-031,mixed,1,9,full-compiled,node-0031,node-0031,0,0,0
trace-031,mixed,1,9,timestamp-only,node-0031,node-0056,1,0,1
trace-031,mixed,1,9,no-ancestor-expiry,node-0031,node-0031,0,0,0
trace-031,mixed,1,9,no-ancestor-revocation,node-0031,node-0031,0,0,0
trace-031,mixed,1,9,no-alias-obligations,node-0031,node-0056,1,0,1
trace-031,mixed,1,9,top-one,node-0031,,1,1,0
trace-031,mixed,1,9,expiry-skyline,node-0031,,1,1,0
trace-031,mixed,1,10,direct,node-0009,node-0009,0,0,0
trace-031,mixed,1,10,verified,node-0009,node-0009,0,0,0
trace-031,mixed,1,10,full-compiled,node-0009,node-0009,0,0,0
trace-031,mixed,1,10,timestamp-only,node-0009,node-0009,0,0,0
trace-031,mixed,1,10,no-ancestor-expiry,node-0009,node-0009,0,0,0
trace-031,mixed,1,10,no-ancestor-revocation,node-0009,node-0009,0,0,0
trace-031,mixed,1,10,no-alias-obligations,node-0009,node-0009,0,0,0
trace-031,mixed,1,10,top-one,node-0009,,1,1,0
trace-031,mixed,1,10,expiry-skyline,node-0009,node-0009,0,0,0
trace-031,mixed,1,11,direct,,,0,0,0
trace-031,mixed,1,11,verified,,,0,0,0
trace-031,mixed,1,11,full-compiled,,,0,0,0
trace-031,mixed,1,11,timestamp-only,,node-0026,1,1,1
trace-031,mixed,1,11,no-ancestor-expiry,,,0,0,0
trace-031,mixed,1,11,no-ancestor-revocation,,,0,0,0
trace-031,mixed,1,11,no-alias-obligations,,node-0026,1,1,1
trace-031,mixed,1,11,top-one,,,0,0,0
trace-031,mixed,1,11,expiry-skyline,,,0,0,0
